{
  "type": "FeatureCollection",
  "features": [
    {
      "type": "Feature",
      "geometry": {
        "type": "Point",
        "coordinates": [
          -3.4602605,
          48.7274303
        ]
      },
      "properties": {
        "operateur": "SNCF Gares & Connexions",
        "name": "Lannion",
        "official_name": "Lannion",
        "type": "ter"
      }
    },
    {
      "type": "Feature",
      "geometry": {
        "type": "Point",
        "coordinates": [
          -2.5112218,
          48.4658798
        ]
      },
      "properties": {
        "operateur": "",
        "name": "Lamballe",
        "official_name": "Lamballe",
        "type": "ter"
      }
    },
    {
      "type": "Feature",
      "geometry": {
        "type": "Point",
        "coordinates": [
          3.8925667,
          45.042729
        ]
      },
      "properties": {
        "operateur": "SNCF Gares & Connexions",
        "name": "Le Puy-en-Velay",
        "official_name": "Le Puy-en-Velay",
        "type": "ter"
      }
    },
    {
      "type": "Feature",
      "geometry": {
        "type": "Point",
        "coordinates": [
          8.8603704,
          42.6083787
        ]
      },
      "properties": {
        "operateur": "SEM des Chemins de Fer de la Corse",
        "name": "Algajola",
        "type": "ter"
      }
    },
    {
      "type": "Feature",
      "geometry": {
        "type": "Point",
        "coordinates": [
          2.4257459,
          48.9308009
        ]
      },
      "properties": {
        "operateur": "SNCF Gares & Connexions",
        "name": "Le Bourget",
        "official_name": "Le Bourget",
        "type": "ter"
      }
    },
    {
      "type": "Feature",
      "geometry": {
        "type": "Point",
        "coordinates": [
          4.0102954,
          44.2286296
        ]
      },
      "properties": {
        "operateur": "SNCF Gares & Connexions",
        "name": "La Levade",
        "official_name": "La Levade",
        "type": "ter"
      }
    },
    {
      "type": "Feature",
      "geometry": {
        "type": "Point",
        "coordinates": [
          4.7540906,
          45.7774415
        ]
      },
      "properties": {
        "operateur": "SNCF Gares & Connexions",
        "name": "Les Flachères",
        "official_name": "Les Flachères",
        "type": "ter"
      }
    },
    {
      "type": "Feature",
      "geometry": {
        "type": "Point",
        "coordinates": [
          2.3740447,
          48.8441177
        ]
      },
      "properties": {
        "operateur": "SNCF Gares & Connexions",
        "name": "Gare de Lyon",
        "official_name": "Paris Gare de Lyon Hall 1 & 2",
        "type": "ter"
      }
    },
    {
      "type": "Feature",
      "geometry": {
        "type": "Point",
        "coordinates": [
          4.8610355,
          47.3351225
        ]
      },
      "properties": {
        "operateur": "SNCF",
        "name": "Lantenay",
        "official_name": "Lantenay",
        "type": "ter"
      }
    },
    {
      "type": "Feature",
      "geometry": {
        "type": "Point",
        "coordinates": [
          5.659147,
          47.1500962
        ]
      },
      "properties": {
        "operateur": "SNCF Gares & Connexions",
        "name": "Orchamps",
        "official_name": "Orchamps",
        "type": "ter"
      }
    },
    {
      "type": "Feature",
      "geometry": {
        "type": "Point",
        "coordinates": [
          5.7246631,
          47.1525066
        ]
      },
      "properties": {
        "operateur": "SNCF Gares & Connexions",
        "name": "Ranchot",
        "official_name": "Ranchot",
        "type": "ter"
      }
    },
    {
      "type": "Feature",
      "geometry": {
        "type": "Point",
        "coordinates": [
          2.2834758,
          48.905901
        ]
      },
      "properties": {
        "operateur": "SNCF Gares & Connexions",
        "name": "Asnières-sur-Seine",
        "official_name": "Asnières-sur-Seine",
        "type": "ter"
      }
    },
    {
      "type": "Feature",
      "geometry": {
        "type": "Point",
        "coordinates": [
          2.2973511,
          48.8975882
        ]
      },
      "properties": {
        "operateur": "SNCF Gares & Connexions",
        "name": "Clichy-Levallois",
        "official_name": "Clichy - Levallois",
        "type": "ter"
      }
    },
    {
      "type": "Feature",
      "geometry": {
        "type": "Point",
        "coordinates": [
          7.1114061,
          43.5710151
        ]
      },
      "properties": {
        "operateur": "SNCF Gares & Connexions",
        "name": "Juan-les-Pins",
        "official_name": "Juan les Pins",
        "type": "ter"
      }
    },
    {
      "type": "Feature",
      "geometry": {
        "type": "Point",
        "coordinates": [
          7.2106118,
          43.6684958
        ]
      },
      "properties": {
        "operateur": "SNCF Gares & Connexions",
        "name": "Nice Saint-Augustin",
        "official_name": "Nice Saint-Augustin",
        "type": "ter"
      }
    },
    {
      "type": "Feature",
      "geometry": {
        "type": "Point",
        "coordinates": [
          2.8734872,
          48.9573337
        ]
      },
      "properties": {
        "operateur": "SNCF Gares & Connexions",
        "name": "Meaux",
        "official_name": "Meaux",
        "type": "ter"
      }
    },
    {
      "type": "Feature",
      "geometry": {
        "type": "Point",
        "coordinates": [
          5.7912761,
          48.679265
        ]
      },
      "properties": {
        "operateur": "SNCF Gares & Connexions",
        "name": "Foug",
        "official_name": "Foug",
        "type": "ter"
      }
    },
    {
      "type": "Feature",
      "geometry": {
        "type": "Point",
        "coordinates": [
          6.9414938,
          43.5241835
        ]
      },
      "properties": {
        "operateur": "SNCF Gares & Connexions",
        "name": "Mandelieu-la-Napoule",
        "official_name": "Mandelieu-la-Napoule",
        "type": "ter"
      }
    },
    {
      "type": "Feature",
      "geometry": {
        "type": "Point",
        "coordinates": [
          6.7329012,
          43.4319194
        ]
      },
      "properties": {
        "operateur": "SNCF Gares & Connexions",
        "name": "Fréjus",
        "official_name": "Fréjus",
        "type": "ter"
      }
    },
    {
      "type": "Feature",
      "geometry": {
        "type": "Point",
        "coordinates": [
          -0.6022962,
          44.8157558
        ]
      },
      "properties": {
        "operateur": "SNCF",
        "name": "Talence-Médoquine",
        "official_name": "Talence Médoquine",
        "type": "ter"
      }
    },
    {
      "type": "Feature",
      "geometry": {
        "type": "Point",
        "coordinates": [
          6.974252,
          43.6204545
        ]
      },
      "properties": {
        "operateur": "SNCF Gares & Connexions",
        "name": "Mouans-Sartoux",
        "official_name": "Mouans-Sartoux",
        "type": "ter"
      }
    },
    {
      "type": "Feature",
      "geometry": {
        "type": "Point",
        "coordinates": [
          7.3943381,
          43.7205284
        ]
      },
      "properties": {
        "operateur": "SNCF Gares & Connexions",
        "name": "Cap d'Ail",
        "official_name": "Cap-d'Ail",
        "type": "ter"
      }
    },
    {
      "type": "Feature",
      "geometry": {
        "type": "Point",
        "coordinates": [
          7.3568809,
          43.7222004
        ]
      },
      "properties": {
        "operateur": "SNCF",
        "name": "Èze-sur-Mer",
        "official_name": "Èze",
        "type": "ter"
      }
    },
    {
      "type": "Feature",
      "geometry": {
        "type": "Point",
        "coordinates": [
          7.3141855,
          43.7069401
        ]
      },
      "properties": {
        "operateur": "SNCF Gares & Connexions",
        "name": "Villefranche-sur-Mer",
        "official_name": "Villefranche-sur-Mer",
        "type": "ter"
      }
    },
    {
      "type": "Feature",
      "geometry": {
        "type": "Point",
        "coordinates": [
          7.2615981,
          43.7047452
        ]
      },
      "properties": {
        "operateur": "SNCF Gares & Connexions",
        "name": "Nice-Ville",
        "official_name": "Nice",
        "type": "ter"
      }
    },
    {
      "type": "Feature",
      "geometry": {
        "type": "Point",
        "coordinates": [
          2.1369154,
          42.5009057
        ]
      },
      "properties": {
        "operateur": "SNCF Gares & Connexions",
        "name": "Planès",
        "official_name": "Planès",
        "type": "ter"
      }
    },
    {
      "type": "Feature",
      "geometry": {
        "type": "Point",
        "coordinates": [
          7.3115013,
          43.7427699
        ]
      },
      "properties": {
        "operateur": "SNCF Gares & Connexions",
        "name": "La Trinité-Victor",
        "official_name": "La Trinité Victor",
        "type": "ter"
      }
    },
    {
      "type": "Feature",
      "geometry": {
        "type": "Point",
        "coordinates": [
          7.3388726,
          43.7642195
        ]
      },
      "properties": {
        "operateur": "SNCF Gares & Connexions",
        "name": "Halte de Fontanil - Lycée de Drap",
        "type": "ter"
      }
    },
    {
      "type": "Feature",
      "geometry": {
        "type": "Point",
        "coordinates": [
          1.1409256,
          47.8672803
        ]
      },
      "properties": {
        "operateur": "SNCF Gares & Connexions",
        "name": "Pezou",
        "official_name": "Pezou",
        "type": "ter"
      }
    },
    {
      "type": "Feature",
      "geometry": {
        "type": "Point",
        "coordinates": [
          1.067735,
          47.8020516
        ]
      },
      "properties": {
        "operateur": "SNCF Gares & Connexions",
        "name": "Vendôme",
        "official_name": "Vendôme",
        "type": "ter"
      }
    },
    {
      "type": "Feature",
      "geometry": {
        "type": "Point",
        "coordinates": [
          1.3995941,
          43.4791935
        ]
      },
      "properties": {
        "operateur": "SNCF Gares & Connexions",
        "name": "Pins-Justaret",
        "official_name": "Pins-Justaret",
        "type": "ter"
      }
    },
    {
      "type": "Feature",
      "geometry": {
        "type": "Point",
        "coordinates": [
          1.4258905,
          43.4333417
        ]
      },
      "properties": {
        "operateur": "SNCF Gares & Connexions",
        "name": "Venerque-Le-Vernet",
        "official_name": "Venerque - Vernet",
        "type": "ter"
      }
    },
    {
      "type": "Feature",
      "geometry": {
        "type": "Point",
        "coordinates": [
          1.6079819,
          43.0127616
        ]
      },
      "properties": {
        "operateur": "SNCF Gares & Connexions",
        "name": "Saint-Jean-de-Verges",
        "official_name": "Saint-Jean-de-Verges",
        "type": "ter"
      }
    },
    {
      "type": "Feature",
      "geometry": {
        "type": "Point",
        "coordinates": [
          1.7530942,
          42.7644232
        ]
      },
      "properties": {
        "operateur": "SNCF Gares & Connexions",
        "name": "Luzenac-Garanou",
        "official_name": "Luzenac - Garanou",
        "type": "ter"
      }
    },
    {
      "type": "Feature",
      "geometry": {
        "type": "Point",
        "coordinates": [
          2.3191085,
          48.8400624
        ]
      },
      "properties": {
        "operateur": "SNCF Gares & Connexions",
        "name": "Gare Montparnasse",
        "official_name": "Paris Montparnasse Hall 1 & 2",
        "type": "ter"
      }
    },
    {
      "type": "Feature",
      "geometry": {
        "type": "Point",
        "coordinates": [
          5.0549152,
          47.3227839
        ]
      },
      "properties": {
        "operateur": "SNCF Gares & Connexions",
        "name": "Gare Dijon Porte Neuve",
        "official_name": "Dijon Porte Neuve",
        "type": "ter"
      }
    },
    {
      "type": "Feature",
      "geometry": {
        "type": "Point",
        "coordinates": [
          2.3075935,
          48.9336452
        ]
      },
      "properties": {
        "operateur": "SNCF;RATP",
        "name": "Gennevilliers",
        "official_name": "Gennevilliers",
        "type": "ter"
      }
    },
    {
      "type": "Feature",
      "geometry": {
        "type": "Point",
        "coordinates": [
          2.2595198,
          48.9962878
        ]
      },
      "properties": {
        "operateur": "SNCF Gares & Connexions",
        "name": "Gros Noyer - Saint-Prix",
        "official_name": "Gros Noyer - Saint-Prix",
        "type": "ter"
      }
    },
    {
      "type": "Feature",
      "geometry": {
        "type": "Point",
        "coordinates": [
          2.257864,
          48.9469407
        ]
      },
      "properties": {
        "operateur": "SNCF Gares & Connexions",
        "name": "Argenteuil",
        "official_name": "Argenteuil",
        "type": "ter"
      }
    },
    {
      "type": "Feature",
      "geometry": {
        "type": "Point",
        "coordinates": [
          2.1880637,
          48.8123397
        ]
      },
      "properties": {
        "operateur": "SNCF Gares & Connexions",
        "name": "Chaville Rive Droite",
        "official_name": "Chaville Rive Droite",
        "type": "ter"
      }
    },
    {
      "type": "Feature",
      "geometry": {
        "type": "Point",
        "coordinates": [
          2.3280777,
          48.7986105
        ]
      },
      "properties": {
        "operateur": "RATP Transilien SNCF Ile de France Mobilités",
        "name": "Arcueil - Cachan",
        "type": "ter"
      }
    },
    {
      "type": "Feature",
      "geometry": {
        "type": "Point",
        "coordinates": [
          2.7993021,
          48.4066756
        ]
      },
      "properties": {
        "operateur": "SNCF Gares & Connexions",
        "name": "Champagne-sur-Seine",
        "official_name": "Champagne-sur-Seine",
        "type": "ter"
      }
    },
    {
      "type": "Feature",
      "geometry": {
        "type": "Point",
        "coordinates": [
          1.9436491,
          48.7553401
        ]
      },
      "properties": {
        "operateur": "SNCF Gares & Connexions",
        "name": "La Verrière",
        "official_name": "La Verrière",
        "type": "ter"
      }
    },
    {
      "type": "Feature",
      "geometry": {
        "type": "Point",
        "coordinates": [
          3.7589379,
          43.4449302
        ]
      },
      "properties": {
        "operateur": "SNCF Gares & Connexions",
        "name": "Frontignan",
        "official_name": "Frontignan",
        "type": "ter"
      }
    },
    {
      "type": "Feature",
      "geometry": {
        "type": "Point",
        "coordinates": [
          6.9720331,
          43.5580974
        ]
      },
      "properties": {
        "operateur": "SNCF Gares & Connexions",
        "name": "La Frayère",
        "official_name": "La Frayère",
        "type": "ter"
      }
    },
    {
      "type": "Feature",
      "geometry": {
        "type": "Point",
        "coordinates": [
          2.1910268,
          49.0577058
        ]
      },
      "properties": {
        "operateur": "SNCF Gares & Connexions",
        "name": "Méry-sur-Oise",
        "official_name": "Méry-sur-Oise",
        "type": "ter"
      }
    },
    {
      "type": "Feature",
      "geometry": {
        "type": "Point",
        "coordinates": [
          6.7742729,
          45.6141808
        ]
      },
      "properties": {
        "operateur": "Paradiski",
        "name": "Funiculaire 1 - Bourg-Saint-Maurice",
        "type": "ter"
      }
    },
    {
      "type": "Feature",
      "geometry": {
        "type": "Point",
        "coordinates": [
          2.3138373,
          48.8628261
        ]
      },
      "properties": {
        "operateur": "SNCF Gares & Connexions",
        "name": "Invalides",
        "official_name": "Invalides",
        "type": "ter"
      }
    },
    {
      "type": "Feature",
      "geometry": {
        "type": "Point",
        "coordinates": [
          7.1262561,
          43.6108843
        ]
      },
      "properties": {
        "operateur": "SNCF Gares & Connexions",
        "name": "Biot",
        "official_name": "Biot",
        "type": "ter"
      }
    },
    {
      "type": "Feature",
      "geometry": {
        "type": "Point",
        "coordinates": [
          2.7512004,
          48.4871784
        ]
      },
      "properties": {
        "operateur": "SNCF Gares & Connexions",
        "name": "Fontaine-le-Port",
        "official_name": "Fontaine-le-Port",
        "type": "ter"
      }
    },
    {
      "type": "Feature",
      "geometry": {
        "type": "Point",
        "coordinates": [
          2.7607709,
          48.4427392
        ]
      },
      "properties": {
        "operateur": "SNCF Gares & Connexions",
        "name": "Héricy",
        "official_name": "Héricy",
        "type": "ter"
      }
    },
    {
      "type": "Feature",
      "geometry": {
        "type": "Point",
        "coordinates": [
          2.7266285,
          48.4163144
        ]
      },
      "properties": {
        "operateur": "SNCF Gares & Connexions",
        "name": "Fontainebleau - Avon",
        "official_name": "Fontainebleau - Avon",
        "type": "ter"
      }
    },
    {
      "type": "Feature",
      "geometry": {
        "type": "Point",
        "coordinates": [
          2.1223837,
          49.0547101
        ]
      },
      "properties": {
        "operateur": "SNCF Gares & Connexions",
        "name": "Épluches",
        "official_name": "Épluches",
        "type": "ter"
      }
    },
    {
      "type": "Feature",
      "geometry": {
        "type": "Point",
        "coordinates": [
          2.1422346,
          49.0694368
        ]
      },
      "properties": {
        "operateur": "SNCF Gares & Connexions",
        "name": "Chaponval",
        "official_name": "Chaponval",
        "type": "ter"
      }
    },
    {
      "type": "Feature",
      "geometry": {
        "type": "Point",
        "coordinates": [
          2.1753597,
          49.0704674
        ]
      },
      "properties": {
        "operateur": "SNCF Gares & Connexions",
        "name": "Auvers-sur-Oise",
        "official_name": "Auvers-sur-Oise",
        "type": "ter"
      }
    },
    {
      "type": "Feature",
      "geometry": {
        "type": "Point",
        "coordinates": [
          2.542318,
          50.7250661
        ]
      },
      "properties": {
        "operateur": "SNCF Gares & Connexions",
        "name": "Hazebrouck",
        "official_name": "Hazebrouck",
        "type": "ter"
      }
    },
    {
      "type": "Feature",
      "geometry": {
        "type": "Point",
        "coordinates": [
          2.3943023,
          47.0943276
        ]
      },
      "properties": {
        "operateur": "SNCF Gares & Connexions",
        "name": "Bourges",
        "official_name": "Bourges",
        "type": "ter"
      }
    },
    {
      "type": "Feature",
      "geometry": {
        "type": "Point",
        "coordinates": [
          1.619491,
          43.116213
        ]
      },
      "properties": {
        "operateur": "SNCF Gares & Connexions",
        "name": "Pamiers",
        "official_name": "Pamiers",
        "type": "ter"
      }
    },
    {
      "type": "Feature",
      "geometry": {
        "type": "Point",
        "coordinates": [
          2.5809845,
          48.8429791
        ]
      },
      "properties": {
        "operateur": "",
        "name": "Noisy-Champs",
        "type": "ter"
      }
    },
    {
      "type": "Feature",
      "geometry": {
        "type": "Point",
        "coordinates": [
          2.897142,
          48.3787856
        ]
      },
      "properties": {
        "operateur": "SNCF Gares & Connexions",
        "name": "La Grande-Paroisse",
        "official_name": "La Grande-Paroisse",
        "type": "ter"
      }
    },
    {
      "type": "Feature",
      "geometry": {
        "type": "Point",
        "coordinates": [
          2.4768414,
          49.0324994
        ]
      },
      "properties": {
        "operateur": "SNCF Gares & Connexions",
        "name": "Les Noues",
        "official_name": "Les Noues",
        "type": "ter"
      }
    },
    {
      "type": "Feature",
      "geometry": {
        "type": "Point",
        "coordinates": [
          -0.2202121,
          47.3623239
        ]
      },
      "properties": {
        "operateur": "SNCF Gares & Connexions",
        "name": "Les Rosiers-sur-Loire",
        "official_name": "Les Rosiers-sur-Loire",
        "type": "ter"
      }
    },
    {
      "type": "Feature",
      "geometry": {
        "type": "Point",
        "coordinates": [
          0.0853888,
          47.9304235
        ]
      },
      "properties": {
        "operateur": "SNCF",
        "name": "Voivres",
        "official_name": "Voivres",
        "type": "ter"
      }
    },
    {
      "type": "Feature",
      "geometry": {
        "type": "Point",
        "coordinates": [
          6.9264185,
          43.6538584
        ]
      },
      "properties": {
        "operateur": "SNCF Gares & Connexions",
        "name": "Grasse",
        "official_name": "Grasse",
        "type": "ter"
      }
    },
    {
      "type": "Feature",
      "geometry": {
        "type": "Point",
        "coordinates": [
          2.0406809,
          48.8072915
        ]
      },
      "properties": {
        "operateur": "SNCF Gares & Connexions",
        "name": "Fontenay-le-Fleury",
        "official_name": "Fontenay-le-Fleury",
        "type": "ter"
      }
    },
    {
      "type": "Feature",
      "geometry": {
        "type": "Point",
        "coordinates": [
          1.9927044,
          48.8237835
        ]
      },
      "properties": {
        "operateur": "SNCF Gares & Connexions",
        "name": "Villepreux - Les Clayes",
        "official_name": "Villepreux - Les Clayes",
        "type": "ter"
      }
    },
    {
      "type": "Feature",
      "geometry": {
        "type": "Point",
        "coordinates": [
          1.9434777,
          48.8319663
        ]
      },
      "properties": {
        "operateur": "SNCF Gares & Connexions",
        "name": "Plaisir - Grignon",
        "official_name": "Plaisir - Grignon",
        "type": "ter"
      }
    },
    {
      "type": "Feature",
      "geometry": {
        "type": "Point",
        "coordinates": [
          -1.4359725,
          46.6721477
        ]
      },
      "properties": {
        "operateur": "SNCF",
        "name": "La Roche-sur-Yon",
        "official_name": "La Roche-sur-Yon",
        "type": "ter"
      }
    },
    {
      "type": "Feature",
      "geometry": {
        "type": "Point",
        "coordinates": [
          2.6184604,
          48.8060951
        ]
      },
      "properties": {
        "operateur": "SNCF Gares & Connexions",
        "name": "Émerainville Pontault-Combault",
        "official_name": "Émerainville - Pontault-Combault",
        "type": "ter"
      }
    },
    {
      "type": "Feature",
      "geometry": {
        "type": "Point",
        "coordinates": [
          2.5797902,
          48.8231656
        ]
      },
      "properties": {
        "operateur": "SNCF Gares & Connexions",
        "name": "Les Yvris Noisy-le-Grand",
        "official_name": "Les Yvris Noisy-le-Grand",
        "type": "ter"
      }
    },
    {
      "type": "Feature",
      "geometry": {
        "type": "Point",
        "coordinates": [
          2.5118815,
          48.8248403
        ]
      },
      "properties": {
        "operateur": "SNCF Gares & Connexions",
        "name": "Les Boullereaux - Champigny",
        "official_name": "Les Boullereaux Champigny",
        "type": "ter"
      }
    },
    {
      "type": "Feature",
      "geometry": {
        "type": "Point",
        "coordinates": [
          2.7821727,
          48.8699134
        ]
      },
      "properties": {
        "operateur": "RATP",
        "name": "Marne-la-Vallée - Chessy",
        "type": "ter"
      }
    },
    {
      "type": "Feature",
      "geometry": {
        "type": "Point",
        "coordinates": [
          2.4811886,
          48.8825591
        ]
      },
      "properties": {
        "operateur": "SNCF Gares & Connexions",
        "name": "Rosny Bois Perrier",
        "official_name": "Rosny Bois Perrier",
        "type": "ter"
      }
    },
    {
      "type": "Feature",
      "geometry": {
        "type": "Point",
        "coordinates": [
          -1.6307908,
          48.09234
        ]
      },
      "properties": {
        "operateur": "SNCF",
        "name": "Rennes-La Poterie",
        "official_name": "La Poterie",
        "type": "ter"
      }
    },
    {
      "type": "Feature",
      "geometry": {
        "type": "Point",
        "coordinates": [
          6.8589907,
          45.9166373
        ]
      },
      "properties": {
        "operateur": "SNCF Gares & Connexions",
        "name": "Les Moussoux",
        "official_name": "Les Moussoux",
        "type": "ter"
      }
    },
    {
      "type": "Feature",
      "geometry": {
        "type": "Point",
        "coordinates": [
          3.0871996,
          47.0189725
        ]
      },
      "properties": {
        "operateur": "SNCF Gares & Connexions",
        "name": "Fourchambault",
        "official_name": "Fourchambault",
        "type": "ter"
      }
    },
    {
      "type": "Feature",
      "geometry": {
        "type": "Point",
        "coordinates": [
          2.4736052,
          48.6140021
        ]
      },
      "properties": {
        "operateur": "SNCF Gares & Connexions",
        "name": "Corbeil-Essonnes",
        "official_name": "Corbeil-Essonnes",
        "type": "ter"
      }
    },
    {
      "type": "Feature",
      "geometry": {
        "type": "Point",
        "coordinates": [
          2.3934472,
          48.3936741
        ]
      },
      "properties": {
        "operateur": "SNCF Gares & Connexions",
        "name": "Maisse",
        "official_name": "Maisse",
        "type": "ter"
      }
    },
    {
      "type": "Feature",
      "geometry": {
        "type": "Point",
        "coordinates": [
          2.3870667,
          48.3707399
        ]
      },
      "properties": {
        "operateur": "SNCF Gares & Connexions",
        "name": "Buno - Gironville",
        "official_name": "Buno - Gironville",
        "type": "ter"
      }
    },
    {
      "type": "Feature",
      "geometry": {
        "type": "Point",
        "coordinates": [
          2.3711049,
          48.5321637
        ]
      },
      "properties": {
        "operateur": "SNCF Gares & Connexions",
        "name": "Ballancourt",
        "official_name": "Ballancourt",
        "type": "ter"
      }
    },
    {
      "type": "Feature",
      "geometry": {
        "type": "Point",
        "coordinates": [
          2.4734909,
          48.5863595
        ]
      },
      "properties": {
        "operateur": "SNCF Gares & Connexions",
        "name": "Moulin Galant",
        "official_name": "Moulin Galant",
        "type": "ter"
      }
    },
    {
      "type": "Feature",
      "geometry": {
        "type": "Point",
        "coordinates": [
          2.4626322,
          48.6056231
        ]
      },
      "properties": {
        "operateur": "SNCF Gares & Connexions",
        "name": "Essonnes Robinson",
        "official_name": "Essonnes Robinson",
        "type": "ter"
      }
    },
    {
      "type": "Feature",
      "geometry": {
        "type": "Point",
        "coordinates": [
          2.5448933,
          48.535017
        ]
      },
      "properties": {
        "operateur": "SNCF Gares & Connexions",
        "name": "Ponthierry Pringy",
        "official_name": "Ponthierry - Pringy",
        "type": "ter"
      }
    },
    {
      "type": "Feature",
      "geometry": {
        "type": "Point",
        "coordinates": [
          2.6551924,
          48.5274833
        ]
      },
      "properties": {
        "operateur": "SNCF Gares & Connexions",
        "name": "Melun",
        "official_name": "Melun",
        "type": "ter"
      }
    },
    {
      "type": "Feature",
      "geometry": {
        "type": "Point",
        "coordinates": [
          6.1864,
          43.2974731
        ]
      },
      "properties": {
        "operateur": "SNCF Gares & Connexions",
        "name": "Carnoules",
        "official_name": "Carnoules",
        "type": "ter"
      }
    },
    {
      "type": "Feature",
      "geometry": {
        "type": "Point",
        "coordinates": [
          0.4412383,
          46.7288137
        ]
      },
      "properties": {
        "operateur": "SNCF Gares & Connexions",
        "name": "La Tricherie",
        "official_name": "La Tricherie",
        "type": "ter"
      }
    },
    {
      "type": "Feature",
      "geometry": {
        "type": "Point",
        "coordinates": [
          0.2179597,
          46.1469773
        ]
      },
      "properties": {
        "operateur": "SNCF Gares & Connexions",
        "name": "Saint-Saviol",
        "official_name": "Saint-Saviol",
        "type": "ter"
      }
    },
    {
      "type": "Feature",
      "geometry": {
        "type": "Point",
        "coordinates": [
          7.3800656,
          43.7919948
        ]
      },
      "properties": {
        "operateur": "SNCF Gares & Connexions",
        "name": "Peille",
        "official_name": "Peille",
        "type": "ter"
      }
    },
    {
      "type": "Feature",
      "geometry": {
        "type": "Point",
        "coordinates": [
          6.8667247,
          45.9199256
        ]
      },
      "properties": {
        "operateur": "SNCF Voyageurs",
        "name": "Chamonix - Aiguille du Midi",
        "official_name": "Chamonix Aiguille du Midi",
        "type": "ter"
      }
    },
    {
      "type": "Feature",
      "geometry": {
        "type": "Point",
        "coordinates": [
          3.0073018,
          48.998106
        ]
      },
      "properties": {
        "operateur": "SNCF Gares & Connexions",
        "name": "Isles - Armentières - Congis",
        "official_name": "Isles - Armentières - Congis",
        "type": "ter"
      }
    },
    {
      "type": "Feature",
      "geometry": {
        "type": "Point",
        "coordinates": [
          2.6855644,
          48.2678408
        ]
      },
      "properties": {
        "operateur": "SNCF Gares & Connexions",
        "name": "Nemours - Saint-Pierre",
        "official_name": "Nemours - Saint-Pierre",
        "type": "ter"
      }
    },
    {
      "type": "Feature",
      "geometry": {
        "type": "Point",
        "coordinates": [
          5.0272536,
          47.3230453
        ]
      },
      "properties": {
        "operateur": "SNCF Gares & Connexions",
        "name": "Dijon-Ville",
        "official_name": "Dijon",
        "type": "ter"
      }
    },
    {
      "type": "Feature",
      "geometry": {
        "type": "Point",
        "coordinates": [
          -3.1324467,
          47.5755984
        ]
      },
      "properties": {
        "operateur": "SNCF",
        "name": "Les Sables-Blancs",
        "official_name": "Les Sables Blancs",
        "type": "ter"
      }
    },
    {
      "type": "Feature",
      "geometry": {
        "type": "Point",
        "coordinates": [
          1.5925337,
          48.5855671
        ]
      },
      "properties": {
        "operateur": "SNCF Gares & Connexions",
        "name": "Maintenon",
        "official_name": "Maintenon",
        "type": "ter"
      }
    },
    {
      "type": "Feature",
      "geometry": {
        "type": "Point",
        "coordinates": [
          2.7432191,
          48.0069479
        ]
      },
      "properties": {
        "operateur": "SNCF Gares & Connexions",
        "name": "Montargis",
        "official_name": "Montargis",
        "type": "ter"
      }
    },
    {
      "type": "Feature",
      "geometry": {
        "type": "Point",
        "coordinates": [
          1.1097247,
          49.6770293
        ]
      },
      "properties": {
        "operateur": "SNCF Gares & Connexions",
        "name": "Saint-Victor l'Abbaye",
        "official_name": "Saint-Victor",
        "type": "ter"
      }
    },
    {
      "type": "Feature",
      "geometry": {
        "type": "Point",
        "coordinates": [
          1.1095372,
          49.3771726
        ]
      },
      "properties": {
        "operateur": "SNCF Gares & Connexions",
        "name": "Saint-Étienne-du-Rouvray",
        "official_name": "Saint-Étienne-du-Rouvray",
        "type": "ter"
      }
    },
    {
      "type": "Feature",
      "geometry": {
        "type": "Point",
        "coordinates": [
          4.8757671,
          44.0053826
        ]
      },
      "properties": {
        "operateur": "SNCF Gares & Connexions",
        "name": "Sorgues - Châteauneuf-du-Pape",
        "official_name": "Sorgues - Châteauneuf-du-Pape",
        "type": "ter"
      }
    },
    {
      "type": "Feature",
      "geometry": {
        "type": "Point",
        "coordinates": [
          2.977515,
          50.6671632
        ]
      },
      "properties": {
        "operateur": "SNCF Gares & Connexions",
        "name": "Pérenchies",
        "official_name": "Pérenchies",
        "type": "ter"
      }
    },
    {
      "type": "Feature",
      "geometry": {
        "type": "Point",
        "coordinates": [
          4.2354229,
          43.6834214
        ]
      },
      "properties": {
        "operateur": "SNCF",
        "name": "Le Cailar",
        "official_name": "Le Cailar",
        "type": "ter"
      }
    },
    {
      "type": "Feature",
      "geometry": {
        "type": "Point",
        "coordinates": [
          4.1930703,
          43.6392883
        ]
      },
      "properties": {
        "operateur": "SNCF",
        "name": "Saint-Laurent-d'Aigouze",
        "official_name": "Saint-Laurent-d'Aigouze",
        "type": "ter"
      }
    },
    {
      "type": "Feature",
      "geometry": {
        "type": "Point",
        "coordinates": [
          1.7223491,
          44.7735103
        ]
      },
      "properties": {
        "operateur": "SNCF Gares & Connexions",
        "name": "Gramat",
        "official_name": "Gramat",
        "type": "ter"
      }
    },
    {
      "type": "Feature",
      "geometry": {
        "type": "Point",
        "coordinates": [
          1.6571848,
          44.8183148
        ]
      },
      "properties": {
        "operateur": "SNCF Gares & Connexions",
        "name": "Rocamadour - Padirac",
        "official_name": "Rocamadour - Padirac",
        "type": "ter"
      }
    },
    {
      "type": "Feature",
      "geometry": {
        "type": "Point",
        "coordinates": [
          1.6661916,
          44.94597
        ]
      },
      "properties": {
        "operateur": "SNCF Gares & Connexions",
        "name": "Saint-Denis-près-Martel",
        "official_name": "Saint-Denis-lès-Martel",
        "type": "ter"
      }
    },
    {
      "type": "Feature",
      "geometry": {
        "type": "Point",
        "coordinates": [
          2.7721388,
          48.8701941
        ]
      },
      "properties": {
        "operateur": "Disneyland",
        "name": "Disneyland Railroad Frontierland Depot",
        "type": "ter"
      }
    },
    {
      "type": "Feature",
      "geometry": {
        "type": "Point",
        "coordinates": [
          2.3518356,
          48.8465303
        ]
      },
      "properties": {
        "operateur": "",
        "name": "Cardinal Lemoine",
        "type": "ter"
      }
    },
    {
      "type": "Feature",
      "geometry": {
        "type": "Point",
        "coordinates": [
          2.3685836,
          46.8015871
        ]
      },
      "properties": {
        "operateur": "SNCF Gares & Connexions",
        "name": "Bigny",
        "official_name": "Bigny",
        "type": "ter"
      }
    },
    {
      "type": "Feature",
      "geometry": {
        "type": "Point",
        "coordinates": [
          2.3229865,
          48.8586551
        ]
      },
      "properties": {
        "operateur": "RATP",
        "name": "Solférino",
        "type": "ter"
      }
    },
    {
      "type": "Feature",
      "geometry": {
        "type": "Point",
        "coordinates": [
          0.3276981,
          48.475695599999995
        ]
      },
      "properties": {
        "operateur": "",
        "name": "Rennes",
        "type": "ter"
      }
    },
    {
      "type": "Feature",
      "geometry": {
        "type": "Point",
        "coordinates": [
          2.3288039,
          48.8446836
        ]
      },
      "properties": {
        "operateur": "",
        "name": "Notre-Dame des Champs",
        "type": "ter"
      }
    },
    {
      "type": "Feature",
      "geometry": {
        "type": "Point",
        "coordinates": [
          1.3862894,
          48.1862821
        ]
      },
      "properties": {
        "operateur": "SNCF Gares & Connexions",
        "name": "Bonneval",
        "official_name": "Bonneval",
        "type": "ter"
      }
    },
    {
      "type": "Feature",
      "geometry": {
        "type": "Point",
        "coordinates": [
          5.9074815,
          47.1847414
        ]
      },
      "properties": {
        "operateur": "SNCF Gares & Connexions",
        "name": "Montferrand - Thoraise",
        "official_name": "Montferrand - Thoraise",
        "type": "ter"
      }
    },
    {
      "type": "Feature",
      "geometry": {
        "type": "Point",
        "coordinates": [
          7.3317117,
          43.7066449
        ]
      },
      "properties": {
        "operateur": "SNCF Gares & Connexions",
        "name": "Beaulieu-sur-Mer",
        "official_name": "Beaulieu-sur-Mer",
        "type": "ter"
      }
    },
    {
      "type": "Feature",
      "geometry": {
        "type": "Point",
        "coordinates": [
          7.1945888,
          43.6623911
        ]
      },
      "properties": {
        "operateur": "SNCF Gares & Connexions",
        "name": "Saint-Laurent-du-Var",
        "official_name": "Saint-Laurent-du-Var",
        "type": "ter"
      }
    },
    {
      "type": "Feature",
      "geometry": {
        "type": "Point",
        "coordinates": [
          2.7828344,
          48.8704008
        ]
      },
      "properties": {
        "operateur": "SNCF Gares & Connexions",
        "name": "Marne-la-Vallée Chessy",
        "official_name": "Marne-la-Vallée Chessy",
        "type": "ter"
      }
    },
    {
      "type": "Feature",
      "geometry": {
        "type": "Point",
        "coordinates": [
          0.2689994,
          47.8244661
        ]
      },
      "properties": {
        "operateur": "SNCF Voyageurs",
        "name": "Écommoy",
        "official_name": "Écommoy",
        "type": "ter"
      }
    },
    {
      "type": "Feature",
      "geometry": {
        "type": "Point",
        "coordinates": [
          9.1337639,
          42.1285849
        ]
      },
      "properties": {
        "operateur": "SEM des Chemins de Fer de la Corse",
        "name": "Vizzavona",
        "type": "ter"
      }
    },
    {
      "type": "Feature",
      "geometry": {
        "type": "Point",
        "coordinates": [
          9.1526124,
          42.152686
        ]
      },
      "properties": {
        "operateur": "SEM des Chemins de Fer de la Corse",
        "name": "Tattone",
        "type": "ter"
      }
    },
    {
      "type": "Feature",
      "geometry": {
        "type": "Point",
        "coordinates": [
          9.1680957,
          42.1773823
        ]
      },
      "properties": {
        "operateur": "SEM des Chemins de Fer de la Corse",
        "name": "Vivario",
        "type": "ter"
      }
    },
    {
      "type": "Feature",
      "geometry": {
        "type": "Point",
        "coordinates": [
          9.1750967,
          42.2332049
        ]
      },
      "properties": {
        "operateur": "SEM des Chemins de Fer de la Corse",
        "name": "Venaco",
        "type": "ter"
      }
    },
    {
      "type": "Feature",
      "geometry": {
        "type": "Point",
        "coordinates": [
          9.1583704,
          42.3038349
        ]
      },
      "properties": {
        "operateur": "SEM des Chemins de Fer de la Corse",
        "name": "Corte",
        "type": "ter"
      }
    },
    {
      "type": "Feature",
      "geometry": {
        "type": "Point",
        "coordinates": [
          6.8887396,
          45.9394603
        ]
      },
      "properties": {
        "operateur": "SNCF Gares & Connexions",
        "name": "Les Praz-de-Chamonix",
        "official_name": "Les Praz de Chamonix",
        "type": "ter"
      }
    },
    {
      "type": "Feature",
      "geometry": {
        "type": "Point",
        "coordinates": [
          2.5805973,
          44.3627525
        ]
      },
      "properties": {
        "operateur": "SNCF Gares & Connexions",
        "name": "Rodez",
        "official_name": "Rodez",
        "type": "ter"
      }
    },
    {
      "type": "Feature",
      "geometry": {
        "type": "Point",
        "coordinates": [
          7.1881859,
          43.8208014
        ]
      },
      "properties": {
        "operateur": "Régie Régionale des Transports",
        "name": "Saint-Martin du Var",
        "type": "ter"
      }
    },
    {
      "type": "Feature",
      "geometry": {
        "type": "Point",
        "coordinates": [
          2.8276245,
          42.5248776
        ]
      },
      "properties": {
        "operateur": "SNCF Gares & Connexions",
        "name": "Le Boulou-Le Perthus",
        "type": "ter"
      }
    },
    {
      "type": "Feature",
      "geometry": {
        "type": "Point",
        "coordinates": [
          2.3725574,
          42.8106973
        ]
      },
      "properties": {
        "operateur": "SA TPCF",
        "name": "Caudiès-de-Fenouillèdes",
        "type": "ter"
      }
    },
    {
      "type": "Feature",
      "geometry": {
        "type": "Point",
        "coordinates": [
          2.0179071,
          42.4632434
        ]
      },
      "properties": {
        "operateur": "SNCF Gares & Connexions",
        "name": "Estavar",
        "official_name": "Estavar",
        "type": "ter"
      }
    },
    {
      "type": "Feature",
      "geometry": {
        "type": "Point",
        "coordinates": [
          2.390265,
          48.976527
        ]
      },
      "properties": {
        "operateur": "SNCF Gares & Connexions",
        "name": "Garges - Sarcelles",
        "official_name": "Garges - Sarcelles",
        "type": "ter"
      }
    },
    {
      "type": "Feature",
      "geometry": {
        "type": "Point",
        "coordinates": [
          -1.7394461,
          48.0431944
        ]
      },
      "properties": {
        "operateur": "SNCF Gares & Connexions",
        "name": "Ker Lann",
        "official_name": "Ker Lann",
        "type": "ter"
      }
    },
    {
      "type": "Feature",
      "geometry": {
        "type": "Point",
        "coordinates": [
          6.9174169,
          45.9317275
        ]
      },
      "properties": {
        "operateur": "Compagnie du Mont-Blanc",
        "name": "Montenvers - Mer de Glace",
        "type": "ter"
      }
    },
    {
      "type": "Feature",
      "geometry": {
        "type": "Point",
        "coordinates": [
          5.6302641,
          46.2387565
        ]
      },
      "properties": {
        "operateur": "SNCF Gares & Connexions",
        "name": "Bellignat",
        "official_name": "Bellignat",
        "type": "ter"
      }
    },
    {
      "type": "Feature",
      "geometry": {
        "type": "Point",
        "coordinates": [
          2.121941,
          48.8982337
        ]
      },
      "properties": {
        "operateur": "",
        "name": "Le Vésinet - Le Pecq",
        "type": "ter"
      }
    },
    {
      "type": "Feature",
      "geometry": {
        "type": "Point",
        "coordinates": [
          2.0066596,
          48.7748343
        ]
      },
      "properties": {
        "operateur": "SNCF Gares & Connexions",
        "name": "Trappes",
        "official_name": "Trappes",
        "type": "ter"
      }
    },
    {
      "type": "Feature",
      "geometry": {
        "type": "Point",
        "coordinates": [
          2.4504028,
          48.6232786
        ]
      },
      "properties": {
        "operateur": "SNCF Gares & Connexions",
        "name": "Le Bras de Fer",
        "official_name": "Le Bras de Fer",
        "type": "ter"
      }
    },
    {
      "type": "Feature",
      "geometry": {
        "type": "Point",
        "coordinates": [
          2.428907,
          48.625989
        ]
      },
      "properties": {
        "operateur": "SNCF Gares & Connexions",
        "name": "Évry - Courcouronnes",
        "official_name": "Évry-Courcouronnes",
        "type": "ter"
      }
    },
    {
      "type": "Feature",
      "geometry": {
        "type": "Point",
        "coordinates": [
          2.6106846,
          46.5363578
        ]
      },
      "properties": {
        "operateur": "SNCF Gares & Connexions",
        "name": "Vallon-en-Sully",
        "official_name": "Vallon-en-Sully",
        "type": "ter"
      }
    },
    {
      "type": "Feature",
      "geometry": {
        "type": "Point",
        "coordinates": [
          8.8336248,
          41.979265
        ]
      },
      "properties": {
        "operateur": "SEM des Chemins de Fer de la Corse",
        "name": "Mezzana",
        "type": "ter"
      }
    },
    {
      "type": "Feature",
      "geometry": {
        "type": "Point",
        "coordinates": [
          2.3517701,
          48.4847616
        ]
      },
      "properties": {
        "operateur": "SNCF Gares & Connexions",
        "name": "La Ferté-Alais",
        "official_name": "La Ferté-Alais",
        "type": "ter"
      }
    },
    {
      "type": "Feature",
      "geometry": {
        "type": "Point",
        "coordinates": [
          7.6421212,
          48.7557289
        ]
      },
      "properties": {
        "operateur": "SNCF Gares & Connexions",
        "name": "Mommenheim",
        "official_name": "Mommenheim",
        "type": "ter"
      }
    },
    {
      "type": "Feature",
      "geometry": {
        "type": "Point",
        "coordinates": [
          2.188511,
          42.5138022
        ]
      },
      "properties": {
        "operateur": "SNCF Gares & Connexions",
        "name": "Fontpédrouse Saint-Thomas les Bains",
        "official_name": "Fontpédrouse Saint-Thomas les Bains",
        "type": "ter"
      }
    },
    {
      "type": "Feature",
      "geometry": {
        "type": "Point",
        "coordinates": [
          2.3229796,
          42.5669934
        ]
      },
      "properties": {
        "operateur": "SNCF Gares & Connexions",
        "name": "Serdinya",
        "official_name": "Serdinya",
        "type": "ter"
      }
    },
    {
      "type": "Feature",
      "geometry": {
        "type": "Point",
        "coordinates": [
          3.1887405,
          45.7238955
        ]
      },
      "properties": {
        "operateur": "SNCF Gares & Connexions",
        "name": "Le Cendre - Orcet",
        "official_name": "Le Cendre - Orcet",
        "type": "ter"
      }
    },
    {
      "type": "Feature",
      "geometry": {
        "type": "Point",
        "coordinates": [
          4.4927921,
          45.871468
        ]
      },
      "properties": {
        "operateur": "SNCF Gares & Connexions",
        "name": "Pontcharra - Saint-Forgeux",
        "official_name": "Pontcharra - Saint-Forgeux",
        "type": "ter"
      }
    },
    {
      "type": "Feature",
      "geometry": {
        "type": "Point",
        "coordinates": [
          3.3605136,
          46.4436154
        ]
      },
      "properties": {
        "operateur": "SNCF Gares & Connexions",
        "name": "Bessay-sur-Allier",
        "official_name": "Bessay",
        "type": "ter"
      }
    },
    {
      "type": "Feature",
      "geometry": {
        "type": "Point",
        "coordinates": [
          1.8497067,
          50.9407608
        ]
      },
      "properties": {
        "operateur": "SNCF Gares & Connexions",
        "name": "Les Fontinettes",
        "official_name": "Les Fontinettes",
        "type": "ter"
      }
    },
    {
      "type": "Feature",
      "geometry": {
        "type": "Point",
        "coordinates": [
          2.6163935,
          48.8434831
        ]
      },
      "properties": {
        "operateur": "SNCF Réseau",
        "name": "Noisiel",
        "type": "ter"
      }
    },
    {
      "type": "Feature",
      "geometry": {
        "type": "Point",
        "coordinates": [
          2.6919165,
          48.4755914
        ]
      },
      "properties": {
        "operateur": "SNCF Gares & Connexions",
        "name": "Bois-le-Roi",
        "official_name": "Bois-le-Roi",
        "type": "ter"
      }
    },
    {
      "type": "Feature",
      "geometry": {
        "type": "Point",
        "coordinates": [
          3.4308218,
          46.1269027
        ]
      },
      "properties": {
        "operateur": "SNCF Gares & Connexions",
        "name": "Vichy",
        "official_name": "Vichy",
        "type": "ter"
      }
    },
    {
      "type": "Feature",
      "geometry": {
        "type": "Point",
        "coordinates": [
          3.2166738,
          45.614286
        ]
      },
      "properties": {
        "operateur": "SNCF Gares & Connexions",
        "name": "Parent - Coudes - Champeix",
        "official_name": "Parent - Coudes - Champeix",
        "type": "ter"
      }
    },
    {
      "type": "Feature",
      "geometry": {
        "type": "Point",
        "coordinates": [
          2.4137829,
          48.8215612
        ]
      },
      "properties": {
        "operateur": "",
        "name": "Charenton-Écoles",
        "type": "ter"
      }
    },
    {
      "type": "Feature",
      "geometry": {
        "type": "Point",
        "coordinates": [
          3.0630331,
          50.6356918
        ]
      },
      "properties": {
        "operateur": "Keolis Lille Métropole",
        "name": "Rihour",
        "type": "ter"
      }
    },
    {
      "type": "Feature",
      "geometry": {
        "type": "Point",
        "coordinates": [
          7.4504066,
          48.3638034
        ]
      },
      "properties": {
        "operateur": "SNCF Gares & Connexions",
        "name": "Epfig",
        "official_name": "Epfig",
        "type": "ter"
      }
    },
    {
      "type": "Feature",
      "geometry": {
        "type": "Point",
        "coordinates": [
          7.4430567,
          48.2602269
        ]
      },
      "properties": {
        "operateur": "SNCF Gares & Connexions",
        "name": "Sélestat",
        "official_name": "Sélestat",
        "type": "ter"
      }
    },
    {
      "type": "Feature",
      "geometry": {
        "type": "Point",
        "coordinates": [
          9.2039301,
          42.4654468
        ]
      },
      "properties": {
        "operateur": "SEM des Chemins de Fer de la Corse",
        "name": "Ponte Leccia",
        "type": "ter"
      }
    },
    {
      "type": "Feature",
      "geometry": {
        "type": "Point",
        "coordinates": [
          -3.9872929,
          48.6768486
        ]
      },
      "properties": {
        "operateur": "SNCF Gares & Connexions",
        "name": "Saint-Pol de Léon",
        "official_name": "Saint-Pol-de-Léon",
        "type": "ter"
      }
    },
    {
      "type": "Feature",
      "geometry": {
        "type": "Point",
        "coordinates": [
          2.3685474,
          51.0304157
        ]
      },
      "properties": {
        "operateur": "SNCF Gares & Connexions",
        "name": "Dunkerque",
        "official_name": "Dunkerque",
        "type": "ter"
      }
    },
    {
      "type": "Feature",
      "geometry": {
        "type": "Point",
        "coordinates": [
          4.5423629,
          45.861616
        ]
      },
      "properties": {
        "operateur": "SNCF Gares & Connexions",
        "name": "Saint-Romain-de-Popey",
        "official_name": "Saint-Romain-de-Popey",
        "type": "ter"
      }
    },
    {
      "type": "Feature",
      "geometry": {
        "type": "Point",
        "coordinates": [
          4.4390198,
          45.8897456
        ]
      },
      "properties": {
        "operateur": "SNCF Gares & Connexions",
        "name": "Tarare",
        "official_name": "Tarare",
        "type": "ter"
      }
    },
    {
      "type": "Feature",
      "geometry": {
        "type": "Point",
        "coordinates": [
          2.8290064,
          50.6966837
        ]
      },
      "properties": {
        "operateur": "SNCF Gares & Connexions",
        "name": "Nieppe",
        "official_name": "Nieppe",
        "type": "ter"
      }
    },
    {
      "type": "Feature",
      "geometry": {
        "type": "Point",
        "coordinates": [
          5.10131395,
          49.22277215
        ]
      },
      "properties": {
        "operateur": "SNCF Gares & Connexions",
        "name": "Saint-André",
        "official_name": "Saint-André (Nord)",
        "type": "ter"
      }
    },
    {
      "type": "Feature",
      "geometry": {
        "type": "Point",
        "coordinates": [
          2.1889107,
          48.8048138
        ]
      },
      "properties": {
        "operateur": "SNCF Gares & Connexions",
        "name": "Chaville Rive Gauche",
        "official_name": "Chaville Rive Gauche",
        "type": "ter"
      }
    },
    {
      "type": "Feature",
      "geometry": {
        "type": "Point",
        "coordinates": [
          2.6991012,
          49.0321161
        ]
      },
      "properties": {
        "operateur": "SNCF Gares & Connexions",
        "name": "Dammartin - Juilly - Saint-Mard",
        "official_name": "Dammartin - Juilly - Saint-Mard",
        "type": "ter"
      }
    },
    {
      "type": "Feature",
      "geometry": {
        "type": "Point",
        "coordinates": [
          2.7446739,
          49.0959723
        ]
      },
      "properties": {
        "operateur": "SNCF Gares & Connexions",
        "name": "Le Plessis-Belleville",
        "official_name": "Le Plessis-Belleville",
        "type": "ter"
      }
    },
    {
      "type": "Feature",
      "geometry": {
        "type": "Point",
        "coordinates": [
          2.9885685,
          49.2339406
        ]
      },
      "properties": {
        "operateur": "SNCF Gares & Connexions",
        "name": "Vaumoise",
        "official_name": "Vaumoise",
        "type": "ter"
      }
    },
    {
      "type": "Feature",
      "geometry": {
        "type": "Point",
        "coordinates": [
          -0.6854735,
          45.0358496
        ]
      },
      "properties": {
        "operateur": "",
        "name": "Margaux",
        "official_name": "Margaux",
        "type": "ter"
      }
    },
    {
      "type": "Feature",
      "geometry": {
        "type": "Point",
        "coordinates": [
          -0.619345,
          44.9447027
        ]
      },
      "properties": {
        "operateur": "SNCF Réseau",
        "name": "Parempuyre",
        "official_name": "Parempuyre",
        "type": "ter"
      }
    },
    {
      "type": "Feature",
      "geometry": {
        "type": "Point",
        "coordinates": [
          1.2810969,
          48.3343717
        ]
      },
      "properties": {
        "operateur": "SNCF Gares & Connexions",
        "name": "Magny - Blandainville",
        "official_name": "Magny - Blandainville",
        "type": "ter"
      }
    },
    {
      "type": "Feature",
      "geometry": {
        "type": "Point",
        "coordinates": [
          2.4942678,
          48.8386135
        ]
      },
      "properties": {
        "operateur": "SNCF Gares & Connexions",
        "name": "Nogent - Le Perreux",
        "official_name": "Nogent - Le Perreux",
        "type": "ter"
      }
    },
    {
      "type": "Feature",
      "geometry": {
        "type": "Point",
        "coordinates": [
          2.3963774,
          48.6542441
        ]
      },
      "properties": {
        "operateur": "SNCF Gares & Connexions",
        "name": "Grigny-Centre",
        "official_name": "Grigny Centre",
        "type": "ter"
      }
    },
    {
      "type": "Feature",
      "geometry": {
        "type": "Point",
        "coordinates": [
          -0.963706,
          45.947269
        ]
      },
      "properties": {
        "operateur": "SNCF Gares & Connexions",
        "name": "Rochefort",
        "official_name": "Rochefort",
        "type": "ter"
      }
    },
    {
      "type": "Feature",
      "geometry": {
        "type": "Point",
        "coordinates": [
          2.7723071,
          48.0965112
        ]
      },
      "properties": {
        "operateur": "SNCF Gares & Connexions",
        "name": "Ferrières - Fontenay",
        "official_name": "Ferrières - Fontenay",
        "type": "ter"
      }
    },
    {
      "type": "Feature",
      "geometry": {
        "type": "Point",
        "coordinates": [
          1.2249121,
          49.2755117
        ]
      },
      "properties": {
        "operateur": "SNCF Gares & Connexions",
        "name": "Val de Reuil",
        "official_name": "Val-de-Reuil",
        "type": "ter"
      }
    },
    {
      "type": "Feature",
      "geometry": {
        "type": "Point",
        "coordinates": [
          2.384957,
          48.9240954
        ]
      },
      "properties": {
        "operateur": "SNCF Gares & Connexions",
        "name": "La Courneuve - Aubervilliers",
        "official_name": "La Courneuve - Aubervilliers",
        "type": "ter"
      }
    },
    {
      "type": "Feature",
      "geometry": {
        "type": "Point",
        "coordinates": [
          2.3587094,
          48.8808038
        ]
      },
      "properties": {
        "operateur": "SNCF Gares & Connexions",
        "name": "Magenta",
        "official_name": "Magenta",
        "type": "ter"
      }
    },
    {
      "type": "Feature",
      "geometry": {
        "type": "Point",
        "coordinates": [
          2.4004902,
          48.8979517
        ]
      },
      "properties": {
        "operateur": "SNCF Gares & Connexions",
        "name": "Pantin",
        "official_name": "Pantin",
        "type": "ter"
      }
    },
    {
      "type": "Feature",
      "geometry": {
        "type": "Point",
        "coordinates": [
          2.4544348,
          48.932705
        ]
      },
      "properties": {
        "operateur": "SNCF Gares & Connexions",
        "name": "Drancy",
        "official_name": "Drancy",
        "type": "ter"
      }
    },
    {
      "type": "Feature",
      "geometry": {
        "type": "Point",
        "coordinates": [
          2.5255352,
          49.0995779
        ]
      },
      "properties": {
        "operateur": "SNCF Gares & Connexions",
        "name": "Survilliers - Fosses",
        "official_name": "Survilliers - Fosses",
        "type": "ter"
      }
    },
    {
      "type": "Feature",
      "geometry": {
        "type": "Point",
        "coordinates": [
          2.4595267,
          49.1872381
        ]
      },
      "properties": {
        "operateur": "SNCF Gares & Connexions",
        "name": "Chantilly – Gouvieux",
        "official_name": "Chantilly - Gouvieux",
        "type": "ter"
      }
    },
    {
      "type": "Feature",
      "geometry": {
        "type": "Point",
        "coordinates": [
          2.4899686,
          49.1385074
        ]
      },
      "properties": {
        "operateur": "SNCF Gares & Connexions",
        "name": "Orry-la-Ville - Coye-la-Forêt",
        "official_name": "Orry-la-Ville - Coye",
        "type": "ter"
      }
    },
    {
      "type": "Feature",
      "geometry": {
        "type": "Point",
        "coordinates": [
          2.5060723,
          49.1268059
        ]
      },
      "properties": {
        "operateur": "SNCF Gares & Connexions",
        "name": "La Borne Blanche",
        "official_name": "La Borne Blanche",
        "type": "ter"
      }
    },
    {
      "type": "Feature",
      "geometry": {
        "type": "Point",
        "coordinates": [
          2.727358,
          48.7462814
        ]
      },
      "properties": {
        "operateur": "SNCF Gares & Connexions",
        "name": "Gretz-Armainvilliers",
        "official_name": "Gretz-Armainvilliers",
        "type": "ter"
      }
    },
    {
      "type": "Feature",
      "geometry": {
        "type": "Point",
        "coordinates": [
          2.4768975,
          48.9322896
        ]
      },
      "properties": {
        "operateur": "SNCF Gares & Connexions",
        "name": "Le Blanc-Mesnil",
        "official_name": "Le Blanc-Mesnil",
        "type": "ter"
      }
    },
    {
      "type": "Feature",
      "geometry": {
        "type": "Point",
        "coordinates": [
          4.3604059,
          45.4040862
        ]
      },
      "properties": {
        "operateur": "SNCF Gares & Connexions",
        "name": "La Ricamarie",
        "official_name": "La Ricamarie",
        "type": "ter"
      }
    },
    {
      "type": "Feature",
      "geometry": {
        "type": "Point",
        "coordinates": [
          -1.5943591,
          47.1971055
        ]
      },
      "properties": {
        "operateur": "SNCF Gares & Connexions",
        "name": "Chantenay",
        "official_name": "Chantenay",
        "type": "ter"
      }
    },
    {
      "type": "Feature",
      "geometry": {
        "type": "Point",
        "coordinates": [
          2.2834356,
          49.8932209
        ]
      },
      "properties": {
        "operateur": "SNCF Gares & Connexions",
        "name": "Gare Saint-Roch",
        "official_name": "Saint-Roch",
        "type": "ter"
      }
    },
    {
      "type": "Feature",
      "geometry": {
        "type": "Point",
        "coordinates": [
          1.1505979,
          43.6366881
        ]
      },
      "properties": {
        "operateur": "SNCF Gares & Connexions",
        "name": "Mérenvielle",
        "official_name": "Mérenvielle",
        "type": "ter"
      }
    },
    {
      "type": "Feature",
      "geometry": {
        "type": "Point",
        "coordinates": [
          9.4475649,
          42.7020235
        ]
      },
      "properties": {
        "operateur": "CFC",
        "name": "Bastia",
        "type": "ter"
      }
    },
    {
      "type": "Feature",
      "geometry": {
        "type": "Point",
        "coordinates": [
          2.3761952,
          48.4348794
        ]
      },
      "properties": {
        "operateur": "SNCF Gares & Connexions",
        "name": "Boutigny",
        "official_name": "Boutigny",
        "type": "ter"
      }
    },
    {
      "type": "Feature",
      "geometry": {
        "type": "Point",
        "coordinates": [
          2.0289973,
          42.4427829
        ]
      },
      "properties": {
        "operateur": "SNCF Gares & Connexions",
        "name": "Err",
        "official_name": "Err",
        "type": "ter"
      }
    },
    {
      "type": "Feature",
      "geometry": {
        "type": "Point",
        "coordinates": [
          1.940466,
          42.457477
        ]
      },
      "properties": {
        "operateur": "SNCF Gares & Connexions",
        "name": "Ur-les-Escaldes",
        "official_name": "Ur - Les Escaldes",
        "type": "ter"
      }
    },
    {
      "type": "Feature",
      "geometry": {
        "type": "Point",
        "coordinates": [
          2.6805673,
          49.0085125
        ]
      },
      "properties": {
        "operateur": "SNCF Gares & Connexions",
        "name": "Thieux - Nantouillet",
        "official_name": "Thieux - Nantouillet",
        "type": "ter"
      }
    },
    {
      "type": "Feature",
      "geometry": {
        "type": "Point",
        "coordinates": [
          2.0103261,
          42.4410823
        ]
      },
      "properties": {
        "operateur": "SNCF Gares & Connexions",
        "name": "Sainte-Léocadie",
        "official_name": "Sainte-Léocadie",
        "type": "ter"
      }
    },
    {
      "type": "Feature",
      "geometry": {
        "type": "Point",
        "coordinates": [
          1.9486329,
          42.4324943
        ]
      },
      "properties": {
        "operateur": "SNCF Gares & Connexions",
        "name": "Bourg-Madame",
        "official_name": "Bourg-Madame",
        "type": "ter"
      }
    },
    {
      "type": "Feature",
      "geometry": {
        "type": "Point",
        "coordinates": [
          1.9771166,
          42.4199665
        ]
      },
      "properties": {
        "operateur": "SNCF Gares & Connexions",
        "name": "Osséja",
        "official_name": "Osséja",
        "type": "ter"
      }
    },
    {
      "type": "Feature",
      "geometry": {
        "type": "Point",
        "coordinates": [
          2.9673586,
          44.0139911
        ]
      },
      "properties": {
        "operateur": "SNCF Gares & Connexions",
        "name": "Saint-Rome-de-Cernon",
        "official_name": "Saint-Rome-de-Cernon",
        "type": "ter"
      }
    },
    {
      "type": "Feature",
      "geometry": {
        "type": "Point",
        "coordinates": [
          2.3111196,
          42.5615482
        ]
      },
      "properties": {
        "operateur": "SNCF Gares & Connexions",
        "name": "Joncet",
        "official_name": "Joncet",
        "type": "ter"
      }
    },
    {
      "type": "Feature",
      "geometry": {
        "type": "Point",
        "coordinates": [
          2.0875189,
          42.4978754
        ]
      },
      "properties": {
        "operateur": "SNCF Gares & Connexions",
        "name": "Bolquère-Eyne",
        "official_name": "Bolquère - Eyne",
        "type": "ter"
      }
    },
    {
      "type": "Feature",
      "geometry": {
        "type": "Point",
        "coordinates": [
          0.7891189,
          43.6500139
        ]
      },
      "properties": {
        "operateur": "SNCF",
        "name": "Aubiet",
        "official_name": "Aubiet",
        "type": "ter"
      }
    },
    {
      "type": "Feature",
      "geometry": {
        "type": "Point",
        "coordinates": [
          6.969116,
          43.5693406
        ]
      },
      "properties": {
        "operateur": "SNCF Gares & Connexions",
        "name": "Ranguin",
        "official_name": "Ranguin",
        "type": "ter"
      }
    },
    {
      "type": "Feature",
      "geometry": {
        "type": "Point",
        "coordinates": [
          -0.4559828,
          43.1481668
        ]
      },
      "properties": {
        "operateur": "SNCF",
        "name": "Buzy-en-Béarn",
        "official_name": "Buzy en Béarn",
        "type": "ter"
      }
    },
    {
      "type": "Feature",
      "geometry": {
        "type": "Point",
        "coordinates": [
          1.4357363,
          49.6294857
        ]
      },
      "properties": {
        "operateur": "SNCF Gares & Connexions",
        "name": "Sommery",
        "official_name": "Sommery",
        "type": "ter"
      }
    },
    {
      "type": "Feature",
      "geometry": {
        "type": "Point",
        "coordinates": [
          3.1308475,
          50.6191121
        ]
      },
      "properties": {
        "operateur": "Keolis Lille Métropole",
        "name": "Villeneuve d'Ascq – Hôtel de Ville",
        "type": "ter"
      }
    },
    {
      "type": "Feature",
      "geometry": {
        "type": "Point",
        "coordinates": [
          1.3761266,
          50.0628408
        ]
      },
      "properties": {
        "operateur": "SNCF Gares & Connexions",
        "name": "Le Tréport – Mers-les-Bains",
        "type": "ter"
      }
    },
    {
      "type": "Feature",
      "geometry": {
        "type": "Point",
        "coordinates": [
          3.2810964,
          44.5446591
        ]
      },
      "properties": {
        "operateur": "SNCF Gares & Connexions",
        "name": "Marvejols",
        "official_name": "Marvejols",
        "type": "ter"
      }
    },
    {
      "type": "Feature",
      "geometry": {
        "type": "Point",
        "coordinates": [
          -0.7676454,
          43.4842154
        ]
      },
      "properties": {
        "operateur": "SNCF Gares & Connexions",
        "name": "Orthez",
        "official_name": "Orthez",
        "type": "ter"
      }
    },
    {
      "type": "Feature",
      "geometry": {
        "type": "Point",
        "coordinates": [
          2.2350311,
          48.9934276
        ]
      },
      "properties": {
        "operateur": "SNCF Gares & Connexions",
        "name": "Franconville – Le Plessis-Bouchard",
        "official_name": "Franconville - Le Plessis-Bouchard",
        "type": "ter"
      }
    },
    {
      "type": "Feature",
      "geometry": {
        "type": "Point",
        "coordinates": [
          -0.5701076,
          43.3931954
        ]
      },
      "properties": {
        "operateur": "SNCF Gares & Connexions",
        "name": "Artix",
        "official_name": "Artix",
        "type": "ter"
      }
    },
    {
      "type": "Feature",
      "geometry": {
        "type": "Point",
        "coordinates": [
          4.8101508,
          47.3270036
        ]
      },
      "properties": {
        "operateur": "SNCF Gares & Connexions",
        "name": "Mâlain",
        "official_name": "Mâlain",
        "type": "ter"
      }
    },
    {
      "type": "Feature",
      "geometry": {
        "type": "Point",
        "coordinates": [
          1.3318523,
          48.4476356
        ]
      },
      "properties": {
        "operateur": "SNCF",
        "name": "Saint-Aubin - Saint-Luperce",
        "official_name": "Saint-Aubin - Saint-Luperce",
        "type": "ter"
      }
    },
    {
      "type": "Feature",
      "geometry": {
        "type": "Point",
        "coordinates": [
          2.0895267,
          43.623986
        ]
      },
      "properties": {
        "operateur": "SNCF Gares & Connexions",
        "name": "Vielmur-sur-Agoût",
        "official_name": "Vielmur-sur-Agout",
        "type": "ter"
      }
    },
    {
      "type": "Feature",
      "geometry": {
        "type": "Point",
        "coordinates": [
          1.4330956,
          44.4492246
        ]
      },
      "properties": {
        "operateur": "SNCF Gares & Connexions",
        "name": "Cahors",
        "official_name": "Cahors",
        "type": "ter"
      }
    },
    {
      "type": "Feature",
      "geometry": {
        "type": "Point",
        "coordinates": [
          4.998954,
          47.2275387
        ]
      },
      "properties": {
        "operateur": "SNCF Gares & Connexions",
        "name": "Gevrey-Chambertin",
        "official_name": "Gevrey-Chambertin",
        "type": "ter"
      }
    },
    {
      "type": "Feature",
      "geometry": {
        "type": "Point",
        "coordinates": [
          3.0502403,
          50.6184377
        ]
      },
      "properties": {
        "operateur": "Keolis Lille Métropole",
        "name": "Porte des Postes",
        "type": "ter"
      }
    },
    {
      "type": "Feature",
      "geometry": {
        "type": "Point",
        "coordinates": [
          1.9854698,
          46.9486016
        ]
      },
      "properties": {
        "operateur": "SNCF Gares & Connexions",
        "name": "Issoudun",
        "official_name": "Issoudun",
        "type": "ter"
      }
    },
    {
      "type": "Feature",
      "geometry": {
        "type": "Point",
        "coordinates": [
          3.1160925,
          50.6251611
        ]
      },
      "properties": {
        "operateur": "Keolis Lille Métropole",
        "name": "Square Flandres",
        "type": "ter"
      }
    },
    {
      "type": "Feature",
      "geometry": {
        "type": "Point",
        "coordinates": [
          3.1090497,
          50.6270651
        ]
      },
      "properties": {
        "operateur": "Keolis Lille Métropole",
        "name": "Mairie d'Hellemmes",
        "type": "ter"
      }
    },
    {
      "type": "Feature",
      "geometry": {
        "type": "Point",
        "coordinates": [
          3.0979179,
          50.6301273
        ]
      },
      "properties": {
        "operateur": "Keolis Lille Métropole",
        "name": "Marbrerie",
        "type": "ter"
      }
    },
    {
      "type": "Feature",
      "geometry": {
        "type": "Point",
        "coordinates": [
          2.0906339,
          49.0180904
        ]
      },
      "properties": {
        "operateur": "SNCF Gares & Connexions",
        "name": "Éragny - Neuville",
        "official_name": "Éragny - Neuville",
        "type": "ter"
      }
    },
    {
      "type": "Feature",
      "geometry": {
        "type": "Point",
        "coordinates": [
          7.3465192,
          48.0726525
        ]
      },
      "properties": {
        "operateur": "SNCF Gares & Connexions",
        "name": "Colmar",
        "official_name": "Colmar",
        "type": "ter"
      }
    },
    {
      "type": "Feature",
      "geometry": {
        "type": "Point",
        "coordinates": [
          8.9786003,
          42.0511985
        ]
      },
      "properties": {
        "operateur": "",
        "name": "Ucciani",
        "type": "ter"
      }
    },
    {
      "type": "Feature",
      "geometry": {
        "type": "Point",
        "coordinates": [
          9.0528805,
          42.0799736
        ]
      },
      "properties": {
        "operateur": "SEM des Chemins de Fer de la Corse",
        "name": "Bocognano",
        "type": "ter"
      }
    },
    {
      "type": "Feature",
      "geometry": {
        "type": "Point",
        "coordinates": [
          3.169732,
          50.6869122
        ]
      },
      "properties": {
        "operateur": "Keolis Lille Métropole",
        "name": "Roubaix - Charles de Gaulle",
        "type": "ter"
      }
    },
    {
      "type": "Feature",
      "geometry": {
        "type": "Point",
        "coordinates": [
          3.0868524,
          50.636684
        ]
      },
      "properties": {
        "operateur": "Keolis Lille Métropole",
        "name": "Madeleine Caulier",
        "type": "ter"
      }
    },
    {
      "type": "Feature",
      "geometry": {
        "type": "Point",
        "coordinates": [
          2.4330895,
          48.5710587
        ]
      },
      "properties": {
        "operateur": "SNCF Gares & Connexions",
        "name": "Mennecy",
        "official_name": "Mennecy",
        "type": "ter"
      }
    },
    {
      "type": "Feature",
      "geometry": {
        "type": "Point",
        "coordinates": [
          3.1748195,
          50.6918302
        ]
      },
      "properties": {
        "operateur": "Keolis Lille Métropole",
        "name": "Roubaix - Grand Place",
        "type": "ter"
      }
    },
    {
      "type": "Feature",
      "geometry": {
        "type": "Point",
        "coordinates": [
          3.1640001,
          50.695397
        ]
      },
      "properties": {
        "operateur": "Keolis Lille Métropole",
        "name": "Gare Jean Lebas Roubaix",
        "type": "ter"
      }
    },
    {
      "type": "Feature",
      "geometry": {
        "type": "Point",
        "coordinates": [
          1.80823,
          43.85639
        ]
      },
      "properties": {
        "operateur": "SNCF Gares & Connexions",
        "name": "Lisle-sur-Tarn",
        "official_name": "Lisle-sur-Tarn",
        "type": "ter"
      }
    },
    {
      "type": "Feature",
      "geometry": {
        "type": "Point",
        "coordinates": [
          2.1524193,
          48.8367417
        ]
      },
      "properties": {
        "operateur": "SNCF Gares & Connexions",
        "name": "Vaucresson",
        "official_name": "Vaucresson",
        "type": "ter"
      }
    },
    {
      "type": "Feature",
      "geometry": {
        "type": "Point",
        "coordinates": [
          2.1871303,
          48.8382992
        ]
      },
      "properties": {
        "operateur": "SNCF Gares & Connexions",
        "name": "Garches - Marnes-la-Coquette",
        "official_name": "Garches - Marnes-la-Coquette",
        "type": "ter"
      }
    },
    {
      "type": "Feature",
      "geometry": {
        "type": "Point",
        "coordinates": [
          2.3260147,
          49.1552109
        ]
      },
      "properties": {
        "operateur": "SNCF Gares & Connexions",
        "name": "Bruyères-sur-Oise",
        "official_name": "Bruyères-sur-Oise",
        "type": "ter"
      }
    },
    {
      "type": "Feature",
      "geometry": {
        "type": "Point",
        "coordinates": [
          2.3624978,
          49.167065
        ]
      },
      "properties": {
        "operateur": "SNCF Gares & Connexions",
        "name": "Boran-sur-Oise",
        "official_name": "Boran-sur-Oise",
        "type": "ter"
      }
    },
    {
      "type": "Feature",
      "geometry": {
        "type": "Point",
        "coordinates": [
          2.2805055,
          49.132581
        ]
      },
      "properties": {
        "operateur": "SNCF Gares & Connexions",
        "name": "Nointel - Mours",
        "official_name": "Nointel - Mours",
        "type": "ter"
      }
    },
    {
      "type": "Feature",
      "geometry": {
        "type": "Point",
        "coordinates": [
          2.2634012,
          48.9899263
        ]
      },
      "properties": {
        "operateur": "SNCF Gares & Connexions",
        "name": "Ermont Halte",
        "official_name": "Ermont Halte",
        "type": "ter"
      }
    },
    {
      "type": "Feature",
      "geometry": {
        "type": "Point",
        "coordinates": [
          2.2423972,
          49.0155565
        ]
      },
      "properties": {
        "operateur": "SNCF Gares & Connexions",
        "name": "Saint-Leu-la-Forêt",
        "official_name": "Saint-Leu-la-Forêt",
        "type": "ter"
      }
    },
    {
      "type": "Feature",
      "geometry": {
        "type": "Point",
        "coordinates": [
          2.2054547,
          49.0777145
        ]
      },
      "properties": {
        "operateur": "SNCF Gares & Connexions",
        "name": "Mériel",
        "official_name": "Mériel",
        "type": "ter"
      }
    },
    {
      "type": "Feature",
      "geometry": {
        "type": "Point",
        "coordinates": [
          2.1306588,
          49.0603806
        ]
      },
      "properties": {
        "operateur": "SNCF Gares & Connexions",
        "name": "Pont Petit",
        "official_name": "Pont Petit",
        "type": "ter"
      }
    },
    {
      "type": "Feature",
      "geometry": {
        "type": "Point",
        "coordinates": [
          2.1037387,
          49.0396846
        ]
      },
      "properties": {
        "operateur": "SNCF Gares & Connexions",
        "name": "Saint-Ouen-l'Aumône Quartier de l'Église",
        "official_name": "Saint-Ouen-l'Aumône Église",
        "type": "ter"
      }
    },
    {
      "type": "Feature",
      "geometry": {
        "type": "Point",
        "coordinates": [
          4.2087671,
          43.6787186
        ]
      },
      "properties": {
        "operateur": "SNCF",
        "name": "Aimargues",
        "official_name": "Aimargues",
        "type": "ter"
      }
    },
    {
      "type": "Feature",
      "geometry": {
        "type": "Point",
        "coordinates": [
          4.321315,
          43.7245641
        ]
      },
      "properties": {
        "operateur": "SNCF",
        "name": "Beauvoisin",
        "official_name": "Beauvoisin",
        "type": "ter"
      }
    },
    {
      "type": "Feature",
      "geometry": {
        "type": "Point",
        "coordinates": [
          4.3434045,
          43.7324117
        ]
      },
      "properties": {
        "operateur": "SNCF",
        "name": "Générac",
        "official_name": "Générac",
        "type": "ter"
      }
    },
    {
      "type": "Feature",
      "geometry": {
        "type": "Point",
        "coordinates": [
          3.1507219,
          46.987297
        ]
      },
      "properties": {
        "operateur": "SNCF Gares & Connexions",
        "name": "Nevers",
        "official_name": "Nevers",
        "type": "ter"
      }
    },
    {
      "type": "Feature",
      "geometry": {
        "type": "Point",
        "coordinates": [
          5.2173787,
          46.6308674
        ]
      },
      "properties": {
        "operateur": "SNCF Gares & Connexions",
        "name": "Louhans",
        "official_name": "Louhans",
        "type": "ter"
      }
    },
    {
      "type": "Feature",
      "geometry": {
        "type": "Point",
        "coordinates": [
          -0.5099568,
          45.9407558
        ]
      },
      "properties": {
        "operateur": "SNCF Gares & Connexions",
        "name": "Saint-Jean-d'Angély",
        "official_name": "Saint-Jean-d'Angély",
        "type": "ter"
      }
    },
    {
      "type": "Feature",
      "geometry": {
        "type": "Point",
        "coordinates": [
          -0.9453635,
          45.3036181
        ]
      },
      "properties": {
        "operateur": "SNCF Gares & Connexions",
        "name": "Lesparre",
        "official_name": "Lesparre",
        "type": "ter"
      }
    },
    {
      "type": "Feature",
      "geometry": {
        "type": "Point",
        "coordinates": [
          3.9791831,
          44.3002491
        ]
      },
      "properties": {
        "operateur": "SNCF Gares & Connexions",
        "name": "Chamborigaud",
        "official_name": "Chamborigaud",
        "type": "ter"
      }
    },
    {
      "type": "Feature",
      "geometry": {
        "type": "Point",
        "coordinates": [
          3.129924,
          50.6639367
        ]
      },
      "properties": {
        "operateur": "Keolis Lille Métropole",
        "name": "Wasquehal - Pavé de Lille",
        "type": "ter"
      }
    },
    {
      "type": "Feature",
      "geometry": {
        "type": "Point",
        "coordinates": [
          3.1347091,
          50.6585103
        ]
      },
      "properties": {
        "operateur": "Keolis Lille Métropole",
        "name": "Jean Jaurès",
        "type": "ter"
      }
    },
    {
      "type": "Feature",
      "geometry": {
        "type": "Point",
        "coordinates": [
          3.1264673,
          50.6501348
        ]
      },
      "properties": {
        "operateur": "Keolis Lille Métropole",
        "name": "Les Prés – Edgard Pisani",
        "type": "ter"
      }
    },
    {
      "type": "Feature",
      "geometry": {
        "type": "Point",
        "coordinates": [
          2.5545173,
          44.2914332
        ]
      },
      "properties": {
        "operateur": "SNCF Gares & Connexions",
        "name": "La Primaube",
        "official_name": "Luc-la-Primaube",
        "type": "ter"
      }
    },
    {
      "type": "Feature",
      "geometry": {
        "type": "Point",
        "coordinates": [
          2.4274454,
          44.2704824
        ]
      },
      "properties": {
        "operateur": "SNCF Gares & Connexions",
        "name": "Baraqueville-Carcenac-Peyralès",
        "official_name": "Baraqueville Carcenac Peyralès",
        "type": "ter"
      }
    },
    {
      "type": "Feature",
      "geometry": {
        "type": "Point",
        "coordinates": [
          2.2719869,
          44.52282
        ]
      },
      "properties": {
        "operateur": "SNCF Gares & Connexions",
        "name": "Cransac",
        "official_name": "Cransac",
        "type": "ter"
      }
    },
    {
      "type": "Feature",
      "geometry": {
        "type": "Point",
        "coordinates": [
          2.2393228,
          44.527294
        ]
      },
      "properties": {
        "operateur": "SNCF Gares & Connexions",
        "name": "Aubin",
        "official_name": "Aubin",
        "type": "ter"
      }
    },
    {
      "type": "Feature",
      "geometry": {
        "type": "Point",
        "coordinates": [
          2.8457965,
          45.8210006
        ]
      },
      "properties": {
        "operateur": "SNCF Gares & Connexions",
        "name": "Pontgibaud",
        "official_name": "Pontgibaud",
        "type": "ter"
      }
    },
    {
      "type": "Feature",
      "geometry": {
        "type": "Point",
        "coordinates": [
          2.8157792,
          48.3822686
        ]
      },
      "properties": {
        "operateur": "SNCF Gares & Connexions",
        "name": "Saint-Mammès",
        "official_name": "Saint-Mammès",
        "type": "ter"
      }
    },
    {
      "type": "Feature",
      "geometry": {
        "type": "Point",
        "coordinates": [
          3.0357396,
          50.6299287
        ]
      },
      "properties": {
        "operateur": "Keolis Lille Métropole",
        "name": "Port de Lille",
        "type": "ter"
      }
    },
    {
      "type": "Feature",
      "geometry": {
        "type": "Point",
        "coordinates": [
          1.877503,
          48.815329
        ]
      },
      "properties": {
        "operateur": "SNCF Gares & Connexions",
        "name": "Villiers - Neauphle - Pontchartrain",
        "official_name": "Villiers - Neauphle - Pontchartrain",
        "type": "ter"
      }
    },
    {
      "type": "Feature",
      "geometry": {
        "type": "Point",
        "coordinates": [
          -1.6596414,
          46.6069551
        ]
      },
      "properties": {
        "operateur": "SNCF Gares & Connexions",
        "name": "La Mothe Achard",
        "official_name": "La Mothe-Achard",
        "type": "ter"
      }
    },
    {
      "type": "Feature",
      "geometry": {
        "type": "Point",
        "coordinates": [
          3.1690801,
          43.6912698
        ]
      },
      "properties": {
        "operateur": "SNCF Gares & Connexions",
        "name": "Le Bousquet d'Orb",
        "official_name": "Le Bousquet-d'Orb",
        "type": "ter"
      }
    },
    {
      "type": "Feature",
      "geometry": {
        "type": "Point",
        "coordinates": [
          3.1948986,
          43.7095814
        ]
      },
      "properties": {
        "operateur": "SNCF",
        "name": "Lunas",
        "official_name": "Lunas",
        "type": "ter"
      }
    },
    {
      "type": "Feature",
      "geometry": {
        "type": "Point",
        "coordinates": [
          3.1860488,
          43.7800026
        ]
      },
      "properties": {
        "operateur": "SNCF",
        "name": "Les Cabrils",
        "official_name": "Les Cabrils",
        "type": "ter"
      }
    },
    {
      "type": "Feature",
      "geometry": {
        "type": "Point",
        "coordinates": [
          3.1551959,
          43.8123578
        ]
      },
      "properties": {
        "operateur": "SNCF",
        "name": "Ceilhes - Roqueredonde",
        "official_name": "Ceilhes - Roqueredonde",
        "type": "ter"
      }
    },
    {
      "type": "Feature",
      "geometry": {
        "type": "Point",
        "coordinates": [
          2.8796929,
          42.6962438
        ]
      },
      "properties": {
        "operateur": "SNCF Gares & Connexions",
        "name": "Perpignan",
        "official_name": "Perpignan",
        "type": "ter"
      }
    },
    {
      "type": "Feature",
      "geometry": {
        "type": "Point",
        "coordinates": [
          3.9124463,
          47.4957553
        ]
      },
      "properties": {
        "operateur": "SNCF Gares & Connexions",
        "name": "Avallon",
        "official_name": "Avallon",
        "type": "ter"
      }
    },
    {
      "type": "Feature",
      "geometry": {
        "type": "Point",
        "coordinates": [
          -1.6677895,
          48.2743648
        ]
      },
      "properties": {
        "operateur": "SNCF Gares & Connexions",
        "name": "Saint-Médard-sur-Ille",
        "official_name": "Saint-Médard-sur-Ille",
        "type": "ter"
      }
    },
    {
      "type": "Feature",
      "geometry": {
        "type": "Point",
        "coordinates": [
          -1.4346432,
          46.7883109
        ]
      },
      "properties": {
        "operateur": "SNCF Gares & Connexions",
        "name": "Belleville-sur-Vie",
        "official_name": "Bellevigny",
        "type": "ter"
      }
    },
    {
      "type": "Feature",
      "geometry": {
        "type": "Point",
        "coordinates": [
          3.2236216,
          49.6111175
        ]
      },
      "properties": {
        "operateur": "SNCF Gares & Connexions",
        "name": "Chauny",
        "official_name": "Chauny",
        "type": "ter"
      }
    },
    {
      "type": "Feature",
      "geometry": {
        "type": "Point",
        "coordinates": [
          7.91025,
          48.7276696
        ]
      },
      "properties": {
        "operateur": "SNCF Gares & Connexions",
        "name": "Herrlisheim (Bas-Rhin)",
        "official_name": "Herrlisheim (Bas-Rhin)",
        "type": "ter"
      }
    },
    {
      "type": "Feature",
      "geometry": {
        "type": "Point",
        "coordinates": [
          3.0126543,
          48.5614718
        ]
      },
      "properties": {
        "operateur": "SNCF Gares & Connexions",
        "name": "Nangis",
        "official_name": "Nangis",
        "type": "ter"
      }
    },
    {
      "type": "Feature",
      "geometry": {
        "type": "Point",
        "coordinates": [
          7.1340564,
          43.6292436
        ]
      },
      "properties": {
        "operateur": "SNCF Gares & Connexions",
        "name": "Villeneuve-Loubet",
        "official_name": "Villeneuve-Loubet",
        "type": "ter"
      }
    },
    {
      "type": "Feature",
      "geometry": {
        "type": "Point",
        "coordinates": [
          -1.1429337,
          44.6369726
        ]
      },
      "properties": {
        "operateur": "SNCF Gares & Connexions",
        "name": "La Teste",
        "official_name": "La Teste",
        "type": "ter"
      }
    },
    {
      "type": "Feature",
      "geometry": {
        "type": "Point",
        "coordinates": [
          -1.1518694,
          46.167556
        ]
      },
      "properties": {
        "operateur": "SNCF Gares & Connexions",
        "name": "La Rochelle - Porte Dauphine",
        "official_name": "La Rochelle Porte Dauphine",
        "type": "ter"
      }
    },
    {
      "type": "Feature",
      "geometry": {
        "type": "Point",
        "coordinates": [
          3.0527508,
          50.6269418
        ]
      },
      "properties": {
        "operateur": "Keolis Lille Métropole",
        "name": "Gambetta",
        "type": "ter"
      }
    },
    {
      "type": "Feature",
      "geometry": {
        "type": "Point",
        "coordinates": [
          2.0490816,
          48.9748202
        ]
      },
      "properties": {
        "operateur": "SNCF Gares & Connexions",
        "name": "Andrésy",
        "official_name": "Andrésy",
        "type": "ter"
      }
    },
    {
      "type": "Feature",
      "geometry": {
        "type": "Point",
        "coordinates": [
          2.3103822,
          46.856812
        ]
      },
      "properties": {
        "operateur": "SNCF Gares & Connexions",
        "name": "Châteauneuf-sur-Cher",
        "official_name": "Châteauneuf-sur-Cher",
        "type": "ter"
      }
    },
    {
      "type": "Feature",
      "geometry": {
        "type": "Point",
        "coordinates": [
          3.2521133,
          44.508993
        ]
      },
      "properties": {
        "operateur": "SNCF Gares & Connexions",
        "name": "Le Monastier",
        "official_name": "Le Monastier",
        "type": "ter"
      }
    },
    {
      "type": "Feature",
      "geometry": {
        "type": "Point",
        "coordinates": [
          -1.8226619,
          46.9906287
        ]
      },
      "properties": {
        "operateur": "SNCF Gares & Connexions",
        "name": "Machecoul",
        "official_name": "Machecoul",
        "type": "ter"
      }
    },
    {
      "type": "Feature",
      "geometry": {
        "type": "Point",
        "coordinates": [
          5.15230535,
          47.18460845
        ]
      },
      "properties": {
        "operateur": "Régie Régionale des Transports",
        "name": "La Madeleine",
        "type": "ter"
      }
    },
    {
      "type": "Feature",
      "geometry": {
        "type": "Point",
        "coordinates": [
          4.9064149,
          46.5666633
        ]
      },
      "properties": {
        "operateur": "SNCF Gares & Connexions",
        "name": "Tournus",
        "official_name": "Tournus",
        "type": "ter"
      }
    },
    {
      "type": "Feature",
      "geometry": {
        "type": "Point",
        "coordinates": [
          2.7047921,
          48.8821143
        ]
      },
      "properties": {
        "operateur": "SNCF Gares & Connexions",
        "name": "Lagny - Thorigny",
        "official_name": "Lagny - Thorigny",
        "type": "ter"
      }
    },
    {
      "type": "Feature",
      "geometry": {
        "type": "Point",
        "coordinates": [
          2.9542722,
          49.5340617
        ]
      },
      "properties": {
        "operateur": "SNCF Gares & Connexions",
        "name": "Ourscamps",
        "official_name": "Ourscamps",
        "type": "ter"
      }
    },
    {
      "type": "Feature",
      "geometry": {
        "type": "Point",
        "coordinates": [
          2.5329514,
          48.6809364
        ]
      },
      "properties": {
        "operateur": "SNCF Gares & Connexions",
        "name": "Boussy Saint-Antoine",
        "official_name": "Boussy-Saint-Antoine",
        "type": "ter"
      }
    },
    {
      "type": "Feature",
      "geometry": {
        "type": "Point",
        "coordinates": [
          2.5478186,
          48.6675776
        ]
      },
      "properties": {
        "operateur": "SNCF Gares & Connexions",
        "name": "Combs-la-Ville - Quincy",
        "official_name": "Combs-la-Ville - Quincy",
        "type": "ter"
      }
    },
    {
      "type": "Feature",
      "geometry": {
        "type": "Point",
        "coordinates": [
          2.4143034,
          48.7083523
        ]
      },
      "properties": {
        "operateur": "SNCF Gares & Connexions",
        "name": "Vigneux-sur-Seine",
        "official_name": "Vigneux-sur-Seine",
        "type": "ter"
      }
    },
    {
      "type": "Feature",
      "geometry": {
        "type": "Point",
        "coordinates": [
          2.4615848,
          48.592772
        ]
      },
      "properties": {
        "operateur": "SNCF Gares & Connexions",
        "name": "Villabé",
        "official_name": "Villabé",
        "type": "ter"
      }
    },
    {
      "type": "Feature",
      "geometry": {
        "type": "Point",
        "coordinates": [
          3.2835587,
          44.7182521
        ]
      },
      "properties": {
        "operateur": "SNCF Gares & Connexions",
        "name": "Aumont-Aubrac",
        "official_name": "Aumont-Aubrac",
        "type": "ter"
      }
    },
    {
      "type": "Feature",
      "geometry": {
        "type": "Point",
        "coordinates": [
          3.9666314,
          50.2728857
        ]
      },
      "properties": {
        "operateur": "SNCF Gares & Connexions",
        "name": "Maubeuge",
        "official_name": "Maubeuge",
        "type": "ter"
      }
    },
    {
      "type": "Feature",
      "geometry": {
        "type": "Point",
        "coordinates": [
          3.9534722,
          50.2684622
        ]
      },
      "properties": {
        "operateur": "SNCF Gares & Connexions",
        "name": "Louvroil",
        "official_name": "Louvroil",
        "type": "ter"
      }
    },
    {
      "type": "Feature",
      "geometry": {
        "type": "Point",
        "coordinates": [
          3.0749689,
          50.6296148
        ]
      },
      "properties": {
        "operateur": "Keolis Lille Métropole",
        "name": "Lille Grand Palais",
        "type": "ter"
      }
    },
    {
      "type": "Feature",
      "geometry": {
        "type": "Point",
        "coordinates": [
          3.9395067,
          50.265687
        ]
      },
      "properties": {
        "operateur": "SNCF Gares & Connexions",
        "name": "Sous le Bois",
        "official_name": "Sous le Bois",
        "type": "ter"
      }
    },
    {
      "type": "Feature",
      "geometry": {
        "type": "Point",
        "coordinates": [
          2.0371094,
          44.6032632
        ]
      },
      "properties": {
        "operateur": "SNCF Gares & Connexions",
        "name": "Figeac",
        "official_name": "Figeac",
        "type": "ter"
      }
    },
    {
      "type": "Feature",
      "geometry": {
        "type": "Point",
        "coordinates": [
          3.9152726,
          50.2539587
        ]
      },
      "properties": {
        "operateur": "SNCF Gares & Connexions",
        "name": "Hautmont",
        "official_name": "Hautmont",
        "type": "ter"
      }
    },
    {
      "type": "Feature",
      "geometry": {
        "type": "Point",
        "coordinates": [
          3.6821385,
          50.1283796
        ]
      },
      "properties": {
        "operateur": "SNCF Gares & Connexions",
        "name": "Landrecies",
        "official_name": "Landrecies",
        "type": "ter"
      }
    },
    {
      "type": "Feature",
      "geometry": {
        "type": "Point",
        "coordinates": [
          3.4561997,
          44.4820184
        ]
      },
      "properties": {
        "operateur": "SNCF Gares & Connexions",
        "name": "Balsièges Bourg",
        "official_name": "Balsièges",
        "type": "ter"
      }
    },
    {
      "type": "Feature",
      "geometry": {
        "type": "Point",
        "coordinates": [
          -1.5279912,
          48.1187664
        ]
      },
      "properties": {
        "operateur": "SNCF",
        "name": "Noyal - Acigné",
        "official_name": "Noyal - Acigné",
        "type": "ter"
      }
    },
    {
      "type": "Feature",
      "geometry": {
        "type": "Point",
        "coordinates": [
          1.581569,
          49.0387689
        ]
      },
      "properties": {
        "operateur": "SNCF Gares & Connexions",
        "name": "Bonnières",
        "official_name": "Bonnières",
        "type": "ter"
      }
    },
    {
      "type": "Feature",
      "geometry": {
        "type": "Point",
        "coordinates": [
          3.1614339,
          45.7920501
        ]
      },
      "properties": {
        "operateur": "SNCF Gares & Connexions",
        "name": "Aulnat Aéroport",
        "official_name": "Aulnat Aéroport",
        "type": "ter"
      }
    },
    {
      "type": "Feature",
      "geometry": {
        "type": "Point",
        "coordinates": [
          3.2802762,
          44.4832464
        ]
      },
      "properties": {
        "operateur": "SNCF Gares & Connexions",
        "name": "Les Salelles",
        "official_name": "Les Salelles",
        "type": "ter"
      }
    },
    {
      "type": "Feature",
      "geometry": {
        "type": "Point",
        "coordinates": [
          -0.4332238,
          44.9223901
        ]
      },
      "properties": {
        "operateur": "SNCF",
        "name": "Saint-Loubès",
        "official_name": "Saint-Loubès",
        "type": "ter"
      }
    },
    {
      "type": "Feature",
      "geometry": {
        "type": "Point",
        "coordinates": [
          3.2295143,
          43.4675801
        ]
      },
      "properties": {
        "operateur": "SNCF Gares & Connexions",
        "name": "Magalas",
        "official_name": "Magalas",
        "type": "ter"
      }
    },
    {
      "type": "Feature",
      "geometry": {
        "type": "Point",
        "coordinates": [
          2.9426727,
          48.3794243
        ]
      },
      "properties": {
        "operateur": "SNCF Gares & Connexions",
        "name": "Montereau",
        "official_name": "Montereau",
        "type": "ter"
      }
    },
    {
      "type": "Feature",
      "geometry": {
        "type": "Point",
        "coordinates": [
          1.9490103,
          49.1241696
        ]
      },
      "properties": {
        "operateur": "SNCF Gares & Connexions",
        "name": "Santeuil - Le Perchay",
        "official_name": "Santeuil - Le Perchay",
        "type": "ter"
      }
    },
    {
      "type": "Feature",
      "geometry": {
        "type": "Point",
        "coordinates": [
          2.2687814,
          48.9055566
        ]
      },
      "properties": {
        "operateur": "SNCF Gares & Connexions",
        "name": "Bécon-les-Bruyères",
        "official_name": "Bécon les Bruyères",
        "type": "ter"
      }
    },
    {
      "type": "Feature",
      "geometry": {
        "type": "Point",
        "coordinates": [
          3.6351706,
          47.5377899
        ]
      },
      "properties": {
        "operateur": "SNCF Gares & Connexions",
        "name": "Châtel-Censoir",
        "official_name": "Châtel-Censoir",
        "type": "ter"
      }
    },
    {
      "type": "Feature",
      "geometry": {
        "type": "Point",
        "coordinates": [
          -1.0257303,
          44.6323839
        ]
      },
      "properties": {
        "operateur": "SNCF Gares & Connexions",
        "name": "Le Teich",
        "official_name": "Le Teich",
        "type": "ter"
      }
    },
    {
      "type": "Feature",
      "geometry": {
        "type": "Point",
        "coordinates": [
          6.056548,
          43.4058621
        ]
      },
      "properties": {
        "operateur": "ATTCV",
        "name": "Brignoles",
        "type": "ter"
      }
    },
    {
      "type": "Feature",
      "geometry": {
        "type": "Point",
        "coordinates": [
          1.8457308,
          48.9922338
        ]
      },
      "properties": {
        "operateur": "SNCF Gares & Connexions",
        "name": "Juziers",
        "official_name": "Juziers",
        "type": "ter"
      }
    },
    {
      "type": "Feature",
      "geometry": {
        "type": "Point",
        "coordinates": [
          2.5066339,
          48.6992635
        ]
      },
      "properties": {
        "operateur": "SNCF Gares & Connexions",
        "name": "Brunoy",
        "official_name": "Brunoy",
        "type": "ter"
      }
    },
    {
      "type": "Feature",
      "geometry": {
        "type": "Point",
        "coordinates": [
          1.8090361,
          48.9829928
        ]
      },
      "properties": {
        "operateur": "SNCF Gares & Connexions",
        "name": "Gargenville",
        "official_name": "Gargenville",
        "type": "ter"
      }
    },
    {
      "type": "Feature",
      "geometry": {
        "type": "Point",
        "coordinates": [
          2.3283996,
          48.9581476
        ]
      },
      "properties": {
        "operateur": "SNCF Gares & Connexions",
        "name": "Épinay - Villetaneuse",
        "official_name": "Épinay - Villetaneuse",
        "type": "ter"
      }
    },
    {
      "type": "Feature",
      "geometry": {
        "type": "Point",
        "coordinates": [
          2.2100326,
          49.1147858
        ]
      },
      "properties": {
        "operateur": "SNCF Gares & Connexions",
        "name": "L'Isle-Adam - Parmain",
        "official_name": "L'Isle-Adam - Parmain",
        "type": "ter"
      }
    },
    {
      "type": "Feature",
      "geometry": {
        "type": "Point",
        "coordinates": [
          3.0352337,
          50.5482944
        ]
      },
      "properties": {
        "operateur": "SNCF Gares & Connexions",
        "name": "Seclin",
        "official_name": "Seclin",
        "type": "ter"
      }
    },
    {
      "type": "Feature",
      "geometry": {
        "type": "Point",
        "coordinates": [
          2.4177697,
          49.2140793
        ]
      },
      "properties": {
        "operateur": "SNCF Gares & Connexions",
        "name": "Saint-Leu-d'Esserent",
        "official_name": "Saint-Leu-d'Esserent",
        "type": "ter"
      }
    },
    {
      "type": "Feature",
      "geometry": {
        "type": "Point",
        "coordinates": [
          2.602833,
          46.4641214
        ]
      },
      "properties": {
        "operateur": "SNCF Gares & Connexions",
        "name": "Magnette",
        "official_name": "Magnette",
        "type": "ter"
      }
    },
    {
      "type": "Feature",
      "geometry": {
        "type": "Point",
        "coordinates": [
          2.6001018,
          46.4147461
        ]
      },
      "properties": {
        "operateur": "SNCF Gares & Connexions",
        "name": "Les Trillers",
        "official_name": "Les Trillers",
        "type": "ter"
      }
    },
    {
      "type": "Feature",
      "geometry": {
        "type": "Point",
        "coordinates": [
          2.5866674,
          46.6295472
        ]
      },
      "properties": {
        "operateur": "SNCF Gares & Connexions",
        "name": "Urçay",
        "official_name": "Urçay",
        "type": "ter"
      }
    },
    {
      "type": "Feature",
      "geometry": {
        "type": "Point",
        "coordinates": [
          -0.6117509,
          44.9744791
        ]
      },
      "properties": {
        "operateur": "SNCF Réseau",
        "name": "Ludon",
        "official_name": "Ludon",
        "type": "ter"
      }
    },
    {
      "type": "Feature",
      "geometry": {
        "type": "Point",
        "coordinates": [
          4.3853825,
          45.4469009
        ]
      },
      "properties": {
        "operateur": "SNCF Gares & Connexions",
        "name": "Saint-Étienne Carnot",
        "official_name": "Saint-Étienne Carnot",
        "type": "ter"
      }
    },
    {
      "type": "Feature",
      "geometry": {
        "type": "Point",
        "coordinates": [
          3.2621539,
          45.4671163
        ]
      },
      "properties": {
        "operateur": "SNCF Gares & Connexions",
        "name": "Le Breuil-sur-Couze",
        "official_name": "Le Breuil-sur-Couze",
        "type": "ter"
      }
    },
    {
      "type": "Feature",
      "geometry": {
        "type": "Point",
        "coordinates": [
          2.9640693,
          47.2827852
        ]
      },
      "properties": {
        "operateur": "SNCF Gares & Connexions",
        "name": "Pouilly-sur-Loire",
        "official_name": "Pouilly-sur-Loire",
        "type": "ter"
      }
    },
    {
      "type": "Feature",
      "geometry": {
        "type": "Point",
        "coordinates": [
          3.0064183,
          47.2420176
        ]
      },
      "properties": {
        "operateur": "SNCF Gares & Connexions",
        "name": "Mesves - Bulcy",
        "official_name": "Mesves - Bulcy",
        "type": "ter"
      }
    },
    {
      "type": "Feature",
      "geometry": {
        "type": "Point",
        "coordinates": [
          2.7376005,
          47.8527775
        ]
      },
      "properties": {
        "operateur": "SNCF Gares & Connexions",
        "name": "Nogent-sur-Vernisson",
        "official_name": "Nogent-sur-Vernisson",
        "type": "ter"
      }
    },
    {
      "type": "Feature",
      "geometry": {
        "type": "Point",
        "coordinates": [
          3.31079835,
          47.11818955
        ]
      },
      "properties": {
        "operateur": "SNCF Gares & Connexions",
        "name": "Bellevue",
        "official_name": "Saint-Étienne Bellevue",
        "type": "ter"
      }
    },
    {
      "type": "Feature",
      "geometry": {
        "type": "Point",
        "coordinates": [
          1.8129098,
          43.7036776
        ]
      },
      "properties": {
        "operateur": "SNCF Gares & Connexions",
        "name": "Lavaur",
        "official_name": "Lavaur",
        "type": "ter"
      }
    },
    {
      "type": "Feature",
      "geometry": {
        "type": "Point",
        "coordinates": [
          0.1036584,
          44.8520145
        ]
      },
      "properties": {
        "operateur": "SNCF Gares & Connexions",
        "name": "Vélines",
        "official_name": "Vélines",
        "type": "ter"
      }
    },
    {
      "type": "Feature",
      "geometry": {
        "type": "Point",
        "coordinates": [
          7.4931157,
          43.774703
        ]
      },
      "properties": {
        "operateur": "SNCF Gares & Connexions",
        "name": "Menton",
        "official_name": "Menton",
        "type": "ter"
      }
    },
    {
      "type": "Feature",
      "geometry": {
        "type": "Point",
        "coordinates": [
          7.457349,
          43.7606052
        ]
      },
      "properties": {
        "operateur": "SNCF Gares & Connexions",
        "name": "Roquebrune-Cap-Martin",
        "official_name": "Roquebrune-Cap-Martin",
        "type": "ter"
      }
    },
    {
      "type": "Feature",
      "geometry": {
        "type": "Point",
        "coordinates": [
          7.4815261,
          43.7619604
        ]
      },
      "properties": {
        "operateur": "SNCF Gares & Connexions",
        "name": "Carnolès",
        "official_name": "Carnolès",
        "type": "ter"
      }
    },
    {
      "type": "Feature",
      "geometry": {
        "type": "Point",
        "coordinates": [
          2.161899,
          48.9902943
        ]
      },
      "properties": {
        "operateur": "SNCF Gares & Connexions",
        "name": "Herblay-sur-Seine",
        "official_name": "Herblay",
        "type": "ter"
      }
    },
    {
      "type": "Feature",
      "geometry": {
        "type": "Point",
        "coordinates": [
          -0.6200812,
          45.0041853
        ]
      },
      "properties": {
        "operateur": "SNCF Gares & Connexions",
        "name": "Macau",
        "official_name": "Macau",
        "type": "ter"
      }
    },
    {
      "type": "Feature",
      "geometry": {
        "type": "Point",
        "coordinates": [
          -0.6261731,
          44.8267789
        ]
      },
      "properties": {
        "operateur": "SNCF Gares & Connexions",
        "name": "Mérignac Arlac",
        "official_name": "Mérignac Arlac",
        "type": "ter"
      }
    },
    {
      "type": "Feature",
      "geometry": {
        "type": "Point",
        "coordinates": [
          2.7034925,
          48.2303892
        ]
      },
      "properties": {
        "operateur": "SNCF Gares & Connexions",
        "name": "Bagneaux-sur-Loing",
        "official_name": "Bagneaux-sur-Loing",
        "type": "ter"
      }
    },
    {
      "type": "Feature",
      "geometry": {
        "type": "Point",
        "coordinates": [
          2.2630373,
          42.541669
        ]
      },
      "properties": {
        "operateur": "SNCF Gares & Connexions",
        "name": "Nyer",
        "official_name": "Nyer",
        "type": "ter"
      }
    },
    {
      "type": "Feature",
      "geometry": {
        "type": "Point",
        "coordinates": [
          2.4048424,
          49.2566188
        ]
      },
      "properties": {
        "operateur": "SNCF Gares & Connexions",
        "name": "Cramoisy",
        "official_name": "Cramoisy",
        "type": "ter"
      }
    },
    {
      "type": "Feature",
      "geometry": {
        "type": "Point",
        "coordinates": [
          2.3601736,
          49.271703
        ]
      },
      "properties": {
        "operateur": "SNCF Gares & Connexions",
        "name": "Cires-lès-Mello",
        "official_name": "Cires-lès-Mello",
        "type": "ter"
      }
    },
    {
      "type": "Feature",
      "geometry": {
        "type": "Point",
        "coordinates": [
          2.3440459,
          49.2942243
        ]
      },
      "properties": {
        "operateur": "SNCF Gares & Connexions",
        "name": "Balagny - Saint-Épin",
        "official_name": "Balagny - Saint-Épin",
        "type": "ter"
      }
    },
    {
      "type": "Feature",
      "geometry": {
        "type": "Point",
        "coordinates": [
          3.1604268,
          50.7048363
        ]
      },
      "properties": {
        "operateur": "Keolis Lille Métropole",
        "name": "Mercure",
        "type": "ter"
      }
    },
    {
      "type": "Feature",
      "geometry": {
        "type": "Point",
        "coordinates": [
          4.0864011,
          50.2960978
        ]
      },
      "properties": {
        "operateur": "SNCF Gares & Connexions",
        "name": "Jeumont",
        "official_name": "Jeumont",
        "type": "ter"
      }
    },
    {
      "type": "Feature",
      "geometry": {
        "type": "Point",
        "coordinates": [
          -3.1331433,
          47.5580337
        ]
      },
      "properties": {
        "operateur": "SNCF Gares & Connexions",
        "name": "Penthièvre",
        "official_name": "Penthièvre",
        "type": "ter"
      }
    },
    {
      "type": "Feature",
      "geometry": {
        "type": "Point",
        "coordinates": [
          5.9374973,
          47.2274639
        ]
      },
      "properties": {
        "operateur": "SNCF Gares & Connexions",
        "name": "Franois",
        "official_name": "Franois",
        "type": "ter"
      }
    },
    {
      "type": "Feature",
      "geometry": {
        "type": "Point",
        "coordinates": [
          2.4787797,
          50.5616212
        ]
      },
      "properties": {
        "operateur": "SNCF Gares & Connexions",
        "name": "Lillers",
        "official_name": "Lillers",
        "type": "ter"
      }
    },
    {
      "type": "Feature",
      "geometry": {
        "type": "Point",
        "coordinates": [
          3.1601304,
          50.7109567
        ]
      },
      "properties": {
        "operateur": "Keolis Lille Métropole",
        "name": "Carliers",
        "type": "ter"
      }
    },
    {
      "type": "Feature",
      "geometry": {
        "type": "Point",
        "coordinates": [
          3.1628193,
          50.7170555
        ]
      },
      "properties": {
        "operateur": "Keolis Lille Métropole",
        "name": "Gare de Tourcoing",
        "type": "ter"
      }
    },
    {
      "type": "Feature",
      "geometry": {
        "type": "Point",
        "coordinates": [
          4.0109187,
          50.2799949
        ]
      },
      "properties": {
        "operateur": "SNCF Gares & Connexions",
        "name": "Les Bons Pères",
        "official_name": "Les Bons Pères",
        "type": "ter"
      }
    },
    {
      "type": "Feature",
      "geometry": {
        "type": "Point",
        "coordinates": [
          4.0444705,
          50.2842556
        ]
      },
      "properties": {
        "operateur": "SNCF Gares & Connexions",
        "name": "Recquignies",
        "official_name": "Recquignies",
        "type": "ter"
      }
    },
    {
      "type": "Feature",
      "geometry": {
        "type": "Point",
        "coordinates": [
          2.4630207,
          50.6140074
        ]
      },
      "properties": {
        "operateur": "SNCF Gares & Connexions",
        "name": "Berguette - Isbergues",
        "official_name": "Berguette - Isbergues",
        "type": "ter"
      }
    },
    {
      "type": "Feature",
      "geometry": {
        "type": "Point",
        "coordinates": [
          2.6403114,
          50.5213283
        ]
      },
      "properties": {
        "operateur": "SNCF Gares & Connexions",
        "name": "Béthune",
        "official_name": "Béthune",
        "type": "ter"
      }
    },
    {
      "type": "Feature",
      "geometry": {
        "type": "Point",
        "coordinates": [
          0.6077937,
          46.9724181
        ]
      },
      "properties": {
        "operateur": "SNCF Gares & Connexions",
        "name": "Les Ormes",
        "official_name": "Les Ormes",
        "type": "ter"
      }
    },
    {
      "type": "Feature",
      "geometry": {
        "type": "Point",
        "coordinates": [
          2.7943715,
          49.1428104
        ]
      },
      "properties": {
        "operateur": "SNCF Gares & Connexions",
        "name": "Nanteuil-le-Haudouin",
        "official_name": "Nanteuil-le-Haudouin",
        "type": "ter"
      }
    },
    {
      "type": "Feature",
      "geometry": {
        "type": "Point",
        "coordinates": [
          6.8921311,
          43.9545835
        ]
      },
      "properties": {
        "operateur": "Régie Régionale des Transports",
        "name": "Puget-Théniers",
        "type": "ter"
      }
    },
    {
      "type": "Feature",
      "geometry": {
        "type": "Point",
        "coordinates": [
          4.1252578,
          45.8857181
        ]
      },
      "properties": {
        "operateur": "SNCF Gares & Connexions",
        "name": "Saint-Jodard",
        "official_name": "Saint-Jodard",
        "type": "ter"
      }
    },
    {
      "type": "Feature",
      "geometry": {
        "type": "Point",
        "coordinates": [
          -3.0721919,
          47.652466
        ]
      },
      "properties": {
        "operateur": "SNCF Gares & Connexions",
        "name": "Belz - Ploemel",
        "official_name": "Belz - Ploemel",
        "type": "ter"
      }
    },
    {
      "type": "Feature",
      "geometry": {
        "type": "Point",
        "coordinates": [
          1.6301463,
          48.9974027
        ]
      },
      "properties": {
        "operateur": "SNCF Gares & Connexions",
        "name": "Rosny-sur-Seine",
        "official_name": "Rosny-sur-Seine",
        "type": "ter"
      }
    },
    {
      "type": "Feature",
      "geometry": {
        "type": "Point",
        "coordinates": [
          -0.4590937,
          44.9729725
        ]
      },
      "properties": {
        "operateur": "SNCF Gares & Connexions",
        "name": "Cubzac-les-Ponts",
        "official_name": "Cubzac-les-Ponts",
        "type": "ter"
      }
    },
    {
      "type": "Feature",
      "geometry": {
        "type": "Point",
        "coordinates": [
          0.2832062,
          48.7024952
        ]
      },
      "properties": {
        "operateur": "SNCF",
        "name": "Le Merlerault",
        "official_name": "Le Merlerault",
        "type": "ter"
      }
    },
    {
      "type": "Feature",
      "geometry": {
        "type": "Point",
        "coordinates": [
          7.0048045,
          43.9464583
        ]
      },
      "properties": {
        "operateur": "Régie Régionale des Transports",
        "name": "Touët-sur-Var",
        "type": "ter"
      }
    },
    {
      "type": "Feature",
      "geometry": {
        "type": "Point",
        "coordinates": [
          7.0867002,
          43.9361736
        ]
      },
      "properties": {
        "operateur": "Régie Régionale des Transports",
        "name": "Villars-sur-Var",
        "type": "ter"
      }
    },
    {
      "type": "Feature",
      "geometry": {
        "type": "Point",
        "coordinates": [
          0.2652407,
          46.4267867
        ]
      },
      "properties": {
        "operateur": "SNCF Gares & Connexions",
        "name": "Vivonne",
        "official_name": "Vivonne",
        "type": "ter"
      }
    },
    {
      "type": "Feature",
      "geometry": {
        "type": "Point",
        "coordinates": [
          1.5513081,
          45.7890284
        ]
      },
      "properties": {
        "operateur": "SNCF",
        "name": "Saint-Denis-des-Murs",
        "official_name": "Saint-Denis-des-Murs",
        "type": "ter"
      }
    },
    {
      "type": "Feature",
      "geometry": {
        "type": "Point",
        "coordinates": [
          4.0539186,
          50.0154133
        ]
      },
      "properties": {
        "operateur": "SNCF Gares & Connexions",
        "name": "Fourmies",
        "official_name": "Fourmies",
        "type": "ter"
      }
    },
    {
      "type": "Feature",
      "geometry": {
        "type": "Point",
        "coordinates": [
          7.1875063,
          48.4251089
        ]
      },
      "properties": {
        "operateur": "SNCF Gares & Connexions",
        "name": "Fouday",
        "official_name": "Fouday",
        "type": "ter"
      }
    },
    {
      "type": "Feature",
      "geometry": {
        "type": "Point",
        "coordinates": [
          3.4738973,
          45.9576682
        ]
      },
      "properties": {
        "operateur": "SNCF Gares & Connexions",
        "name": "Puy-Guillaume",
        "type": "ter"
      }
    },
    {
      "type": "Feature",
      "geometry": {
        "type": "Point",
        "coordinates": [
          -0.6094758,
          44.8869972
        ]
      },
      "properties": {
        "operateur": "SNCF",
        "name": "Bruges",
        "official_name": "Bruges (Gironde)",
        "type": "ter"
      }
    },
    {
      "type": "Feature",
      "geometry": {
        "type": "Point",
        "coordinates": [
          3.2776895,
          50.3554739
        ]
      },
      "properties": {
        "operateur": "SNCF Gares & Connexions",
        "name": "Somain",
        "official_name": "Somain",
        "type": "ter"
      }
    },
    {
      "type": "Feature",
      "geometry": {
        "type": "Point",
        "coordinates": [
          8.9352622,
          42.6370782
        ]
      },
      "properties": {
        "operateur": "SEM des Chemins de Fer de la Corse",
        "name": "Ile-Rousse",
        "type": "ter"
      }
    },
    {
      "type": "Feature",
      "geometry": {
        "type": "Point",
        "coordinates": [
          3.392959,
          47.9736157
        ]
      },
      "properties": {
        "operateur": "SNCF Gares & Connexions",
        "name": "Joigny",
        "official_name": "Joigny",
        "type": "ter"
      }
    },
    {
      "type": "Feature",
      "geometry": {
        "type": "Point",
        "coordinates": [
          0.0355368,
          49.3314601
        ]
      },
      "properties": {
        "operateur": "",
        "name": "Blonville-sur-Mer - Benerville",
        "official_name": "Blonville-sur-Mer - Benerville",
        "type": "ter"
      }
    },
    {
      "type": "Feature",
      "geometry": {
        "type": "Point",
        "coordinates": [
          1.9740142,
          43.6563923
        ]
      },
      "properties": {
        "operateur": "SNCF",
        "name": "Damiatte - Saint-Paul",
        "official_name": "Damiatte - Saint-Paul",
        "type": "ter"
      }
    },
    {
      "type": "Feature",
      "geometry": {
        "type": "Point",
        "coordinates": [
          1.7546857,
          43.7339939
        ]
      },
      "properties": {
        "operateur": "SNCF",
        "name": "Les Cauquillous",
        "official_name": "Les Cauquillous",
        "type": "ter"
      }
    },
    {
      "type": "Feature",
      "geometry": {
        "type": "Point",
        "coordinates": [
          5.0465821,
          46.2350248
        ]
      },
      "properties": {
        "operateur": "SNCF Gares & Connexions",
        "name": "Mézériat",
        "official_name": "Mézériat",
        "type": "ter"
      }
    },
    {
      "type": "Feature",
      "geometry": {
        "type": "Point",
        "coordinates": [
          2.2284582,
          42.8034405
        ]
      },
      "properties": {
        "operateur": "SA TPCF",
        "name": "Axat",
        "type": "ter"
      }
    },
    {
      "type": "Feature",
      "geometry": {
        "type": "Point",
        "coordinates": [
          0.9013997,
          47.2179257
        ]
      },
      "properties": {
        "operateur": "SNCF Gares et Connexions",
        "name": "Reignac",
        "official_name": "Reignac",
        "type": "ter"
      }
    },
    {
      "type": "Feature",
      "geometry": {
        "type": "Point",
        "coordinates": [
          3.2637499,
          44.5244688
        ]
      },
      "properties": {
        "operateur": "SNCF Gares & Connexions",
        "name": "Chirac",
        "official_name": "Chirac",
        "type": "ter"
      }
    },
    {
      "type": "Feature",
      "geometry": {
        "type": "Point",
        "coordinates": [
          6.7850442,
          45.8971231
        ]
      },
      "properties": {
        "operateur": "SNCF Gares & Connexions",
        "name": "Viaduc Sainte-Marie",
        "official_name": "Viaduc Sainte-Marie",
        "type": "ter"
      }
    },
    {
      "type": "Feature",
      "geometry": {
        "type": "Point",
        "coordinates": [
          6.8258742,
          45.8992116
        ]
      },
      "properties": {
        "operateur": "SNCF Gares & Connexions",
        "name": "Taconnaz",
        "official_name": "Taconnaz",
        "type": "ter"
      }
    },
    {
      "type": "Feature",
      "geometry": {
        "type": "Point",
        "coordinates": [
          2.738544,
          48.336466
        ]
      },
      "properties": {
        "operateur": "SNCF Gares & Connexions",
        "name": "Montigny-sur-Loing",
        "official_name": "Montigny-sur-Loing",
        "type": "ter"
      }
    },
    {
      "type": "Feature",
      "geometry": {
        "type": "Point",
        "coordinates": [
          -1.2400756,
          44.6566928
        ]
      },
      "properties": {
        "operateur": "Transports Ferroviaires du Cap-Ferret",
        "name": "Bélisaire",
        "type": "ter"
      }
    },
    {
      "type": "Feature",
      "geometry": {
        "type": "Point",
        "coordinates": [
          2.4011985,
          48.2934162
        ]
      },
      "properties": {
        "operateur": "SNCF Gares & Connexions",
        "name": "Malesherbes",
        "official_name": "Malesherbes",
        "type": "ter"
      }
    },
    {
      "type": "Feature",
      "geometry": {
        "type": "Point",
        "coordinates": [
          2.6365032,
          47.6991595
        ]
      },
      "properties": {
        "operateur": "SNCF Gares & Connexions",
        "name": "Gien",
        "official_name": "Gien",
        "type": "ter"
      }
    },
    {
      "type": "Feature",
      "geometry": {
        "type": "Point",
        "coordinates": [
          4.5755632,
          45.9065156
        ]
      },
      "properties": {
        "operateur": "SNCF Gares & Connexions",
        "name": "Bois-d'Oingt-Légny",
        "official_name": "Bois-d'Oingt - Légny",
        "type": "ter"
      }
    },
    {
      "type": "Feature",
      "geometry": {
        "type": "Point",
        "coordinates": [
          -3.1285063,
          48.7276078
        ]
      },
      "properties": {
        "operateur": "SNCF",
        "name": "Frynaudour",
        "official_name": "Frynaudour",
        "type": "ter"
      }
    },
    {
      "type": "Feature",
      "geometry": {
        "type": "Point",
        "coordinates": [
          -3.1668191,
          48.5609981
        ]
      },
      "properties": {
        "operateur": "SNCF",
        "name": "Gourland",
        "official_name": "Gourland",
        "type": "ter"
      }
    },
    {
      "type": "Feature",
      "geometry": {
        "type": "Point",
        "coordinates": [
          -3.1965542,
          48.6695517
        ]
      },
      "properties": {
        "operateur": "",
        "name": "Brélidy - Plouëc",
        "official_name": "Brélidy - Plouëc",
        "type": "ter"
      }
    },
    {
      "type": "Feature",
      "geometry": {
        "type": "Point",
        "coordinates": [
          -3.1742819,
          48.6245901
        ]
      },
      "properties": {
        "operateur": "SNCF Gares & Connexions",
        "name": "Trégonneau-Squiffiec",
        "official_name": "Trégonneau - Squiffiec",
        "type": "ter"
      }
    },
    {
      "type": "Feature",
      "geometry": {
        "type": "Point",
        "coordinates": [
          -3.0460788,
          48.7769097
        ]
      },
      "properties": {
        "operateur": "",
        "name": "Paimpol",
        "official_name": "Paimpol",
        "type": "ter"
      }
    },
    {
      "type": "Feature",
      "geometry": {
        "type": "Point",
        "coordinates": [
          6.7702261,
          43.4227841
        ]
      },
      "properties": {
        "operateur": "SNCF Gares & Connexions",
        "name": "Saint-Raphaël-Valescure",
        "official_name": "Saint-Raphaël Valescure",
        "type": "ter"
      }
    },
    {
      "type": "Feature",
      "geometry": {
        "type": "Point",
        "coordinates": [
          2.2133626,
          48.9010513
        ]
      },
      "properties": {
        "operateur": "SNCF;RATP",
        "name": "Nanterre - Université",
        "official_name": "Nanterre Université",
        "type": "ter"
      }
    },
    {
      "type": "Feature",
      "geometry": {
        "type": "Point",
        "coordinates": [
          6.8565322,
          43.4313633
        ]
      },
      "properties": {
        "operateur": "SNCF Gares & Connexions",
        "name": "Agay",
        "official_name": "Agay",
        "type": "ter"
      }
    },
    {
      "type": "Feature",
      "geometry": {
        "type": "Point",
        "coordinates": [
          6.8082767,
          43.4163393
        ]
      },
      "properties": {
        "operateur": "SNCF Gares & Connexions",
        "name": "Boulouris sur Mer",
        "official_name": "Boulouris sur Mer",
        "type": "ter"
      }
    },
    {
      "type": "Feature",
      "geometry": {
        "type": "Point",
        "coordinates": [
          6.9243397,
          43.47466
        ]
      },
      "properties": {
        "operateur": "SNCF Gares & Connexions",
        "name": "Le Trayas",
        "official_name": "Le Trayas",
        "type": "ter"
      }
    },
    {
      "type": "Feature",
      "geometry": {
        "type": "Point",
        "coordinates": [
          6.8442115,
          43.4178109
        ]
      },
      "properties": {
        "operateur": "SNCF Gares & Connexions",
        "name": "Le Dramont",
        "official_name": "Le Dramont",
        "type": "ter"
      }
    },
    {
      "type": "Feature",
      "geometry": {
        "type": "Point",
        "coordinates": [
          1.9580833,
          47.3835723
        ]
      },
      "properties": {
        "operateur": "SNCF Gares & Connexions",
        "name": "La Ferté-Imbault",
        "official_name": "La Ferté-Imbault",
        "type": "ter"
      }
    },
    {
      "type": "Feature",
      "geometry": {
        "type": "Point",
        "coordinates": [
          -1.7600481,
          47.9350808
        ]
      },
      "properties": {
        "operateur": "SNCF Gares & Connexions",
        "name": "Guichen - Bourg-des-Comptes",
        "official_name": "Guichen - Bourg-des-Comptes",
        "type": "ter"
      }
    },
    {
      "type": "Feature",
      "geometry": {
        "type": "Point",
        "coordinates": [
          2.5918055,
          46.34977
        ]
      },
      "properties": {
        "operateur": "SNCF",
        "name": "La Ville-Gozet",
        "official_name": "La Ville Gozet",
        "type": "ter"
      }
    },
    {
      "type": "Feature",
      "geometry": {
        "type": "Point",
        "coordinates": [
          1.0120828,
          47.6930846
        ]
      },
      "properties": {
        "operateur": "SNCF Gares & Connexions",
        "name": "Saint-Amand de Vendôme",
        "official_name": "Saint-Amand de Vendôme",
        "type": "ter"
      }
    },
    {
      "type": "Feature",
      "geometry": {
        "type": "Point",
        "coordinates": [
          2.642246,
          49.4381989
        ]
      },
      "properties": {
        "operateur": "SNCF Gares & Connexions",
        "name": "Estrées-Saint-Denis",
        "official_name": "Estrées-Saint-Denis",
        "type": "ter"
      }
    },
    {
      "type": "Feature",
      "geometry": {
        "type": "Point",
        "coordinates": [
          -1.9495624,
          46.716647
        ]
      },
      "properties": {
        "operateur": "SNCF Gares & Connexions",
        "name": "Saint-Hilaire-de-Riez",
        "official_name": "Saint-Hilaire-de-Riez",
        "type": "ter"
      }
    },
    {
      "type": "Feature",
      "geometry": {
        "type": "Point",
        "coordinates": [
          0.1250681,
          49.4925773
        ]
      },
      "properties": {
        "operateur": "SNCF Gares & Connexions",
        "name": "Le Havre",
        "official_name": "Le Havre",
        "type": "ter"
      }
    },
    {
      "type": "Feature",
      "geometry": {
        "type": "Point",
        "coordinates": [
          4.1910259,
          43.5709165
        ]
      },
      "properties": {
        "operateur": "SNCF Gares & Connexions",
        "name": "Aigues-Mortes",
        "official_name": "Aigues-Mortes",
        "type": "ter"
      }
    },
    {
      "type": "Feature",
      "geometry": {
        "type": "Point",
        "coordinates": [
          -1.2380368,
          43.1679044
        ]
      },
      "properties": {
        "operateur": "SNCF Gares & Connexions",
        "name": "Saint-Jean-Pied-de-Port",
        "official_name": "Saint-Jean-Pied-de-Port",
        "type": "ter"
      }
    },
    {
      "type": "Feature",
      "geometry": {
        "type": "Point",
        "coordinates": [
          -0.2921181,
          48.1339943
        ]
      },
      "properties": {
        "operateur": "SNCF",
        "name": "Voutré",
        "official_name": "Voutré",
        "type": "ter"
      }
    },
    {
      "type": "Feature",
      "geometry": {
        "type": "Point",
        "coordinates": [
          3.1430663,
          45.8333523
        ]
      },
      "properties": {
        "operateur": "SNCF Gares & Connexions",
        "name": "Gerzat",
        "official_name": "Gerzat",
        "type": "ter"
      }
    },
    {
      "type": "Feature",
      "geometry": {
        "type": "Point",
        "coordinates": [
          -1.6611208,
          43.3858011
        ]
      },
      "properties": {
        "operateur": "SNCF Gares & Connexions",
        "name": "Saint-Jean-de-Luz - Ciboure",
        "official_name": "Saint-Jean-de-Luz - Ciboure",
        "type": "ter"
      }
    },
    {
      "type": "Feature",
      "geometry": {
        "type": "Point",
        "coordinates": [
          4.4739742,
          49.5238349
        ]
      },
      "properties": {
        "operateur": "SNCF Gares & Connexions",
        "name": "Amagne - Lucquy",
        "official_name": "Amagne - Lucquy",
        "type": "ter"
      }
    },
    {
      "type": "Feature",
      "geometry": {
        "type": "Point",
        "coordinates": [
          4.7405236,
          47.3740103
        ]
      },
      "properties": {
        "operateur": "SNCF Gares & Connexions",
        "name": "Blaisy-Bas",
        "official_name": "Blaisy-Bas",
        "type": "ter"
      }
    },
    {
      "type": "Feature",
      "geometry": {
        "type": "Point",
        "coordinates": [
          2.5646243,
          50.5382345
        ]
      },
      "properties": {
        "operateur": "SNCF Gares & Connexions",
        "name": "Chocques",
        "official_name": "Chocques",
        "type": "ter"
      }
    },
    {
      "type": "Feature",
      "geometry": {
        "type": "Point",
        "coordinates": [
          3.3937454,
          50.384611
        ]
      },
      "properties": {
        "operateur": "SNCF Gares & Connexions",
        "name": "Wallers",
        "official_name": "Wallers",
        "type": "ter"
      }
    },
    {
      "type": "Feature",
      "geometry": {
        "type": "Point",
        "coordinates": [
          3.9041384,
          44.5935024
        ]
      },
      "properties": {
        "operateur": "SNCF Gares & Connexions",
        "name": "La Bastide - Saint-Laurent-les-Bains",
        "official_name": "La Bastide - Saint-Laurent-les-Bains",
        "type": "ter"
      }
    },
    {
      "type": "Feature",
      "geometry": {
        "type": "Point",
        "coordinates": [
          2.4310965,
          50.480315
        ]
      },
      "properties": {
        "operateur": "SNCF Gares & Connexions",
        "name": "Pernes - Camblain",
        "official_name": "Pernes - Camblain",
        "type": "ter"
      }
    },
    {
      "type": "Feature",
      "geometry": {
        "type": "Point",
        "coordinates": [
          3.4464057,
          50.0396289
        ]
      },
      "properties": {
        "operateur": "SNCF Gares & Connexions",
        "name": "Busigny",
        "official_name": "Busigny",
        "type": "ter"
      }
    },
    {
      "type": "Feature",
      "geometry": {
        "type": "Point",
        "coordinates": [
          3.4098365,
          50.1112957
        ]
      },
      "properties": {
        "operateur": "SNCF Gares & Connexions",
        "name": "Caudry",
        "official_name": "Caudry",
        "type": "ter"
      }
    },
    {
      "type": "Feature",
      "geometry": {
        "type": "Point",
        "coordinates": [
          3.4325744,
          49.9502897
        ]
      },
      "properties": {
        "operateur": "SNCF Gares & Connexions",
        "name": "Fresnoy-le-Grand",
        "official_name": "Fresnoy-le-Grand",
        "type": "ter"
      }
    },
    {
      "type": "Feature",
      "geometry": {
        "type": "Point",
        "coordinates": [
          2.8934129,
          50.4977184
        ]
      },
      "properties": {
        "operateur": "SNCF Gares & Connexions",
        "name": "Meurchin",
        "official_name": "Meurchin",
        "type": "ter"
      }
    },
    {
      "type": "Feature",
      "geometry": {
        "type": "Point",
        "coordinates": [
          2.859252,
          50.4403353
        ]
      },
      "properties": {
        "operateur": "SNCF Gares & Connexions",
        "name": "Loison-sous-Lens",
        "official_name": "Loison-sous-Lens",
        "type": "ter"
      }
    },
    {
      "type": "Feature",
      "geometry": {
        "type": "Point",
        "coordinates": [
          2.8752081,
          50.4714065
        ]
      },
      "properties": {
        "operateur": "SNCF Gares & Connexions",
        "name": "Pont-à-Vendin",
        "official_name": "Pont-à-Vendin",
        "type": "ter"
      }
    },
    {
      "type": "Feature",
      "geometry": {
        "type": "Point",
        "coordinates": [
          2.8803393,
          47.3374149
        ]
      },
      "properties": {
        "operateur": "SNCF Gares & Connexions",
        "name": "Tracy - Sancerre",
        "official_name": "Tracy - Sancerre",
        "type": "ter"
      }
    },
    {
      "type": "Feature",
      "geometry": {
        "type": "Point",
        "coordinates": [
          3.4187801,
          50.4432034
        ]
      },
      "properties": {
        "operateur": "SNCF Gares & Connexions",
        "name": "Saint-Amand-les-Eaux",
        "official_name": "Saint-Amand-les-Eaux",
        "type": "ter"
      }
    },
    {
      "type": "Feature",
      "geometry": {
        "type": "Point",
        "coordinates": [
          1.5392934,
          49.6315873
        ]
      },
      "properties": {
        "operateur": "SNCF Gares & Connexions",
        "name": "Serqueux",
        "official_name": "Serqueux",
        "type": "ter"
      }
    },
    {
      "type": "Feature",
      "geometry": {
        "type": "Point",
        "coordinates": [
          4.2934004,
          45.5658975
        ]
      },
      "properties": {
        "operateur": "SNCF Gares & Connexions",
        "name": "Veauche-Saint-Galmier",
        "official_name": "Veauche - Saint-Galmier",
        "type": "ter"
      }
    },
    {
      "type": "Feature",
      "geometry": {
        "type": "Point",
        "coordinates": [
          4.2069898,
          46.9085776
        ]
      },
      "properties": {
        "operateur": "SNCF Gares & Connexions",
        "name": "Brion-Laizy",
        "official_name": "Brion - Laizy",
        "type": "ter"
      }
    },
    {
      "type": "Feature",
      "geometry": {
        "type": "Point",
        "coordinates": [
          2.1361341,
          49.2885664
        ]
      },
      "properties": {
        "operateur": "SNCF Gares & Connexions",
        "name": "Laboissière – Le Déluge",
        "official_name": "Laboissière - Le Déluge",
        "type": "ter"
      }
    },
    {
      "type": "Feature",
      "geometry": {
        "type": "Point",
        "coordinates": [
          2.2227279,
          42.5229486
        ]
      },
      "properties": {
        "operateur": "SNCF Gares & Connexions",
        "name": "Thuès-Carança",
        "official_name": "Thuès Carença",
        "type": "ter"
      }
    },
    {
      "type": "Feature",
      "geometry": {
        "type": "Point",
        "coordinates": [
          2.1600389,
          42.5063705
        ]
      },
      "properties": {
        "operateur": "SNCF Gares & Connexions",
        "name": "Sauto",
        "official_name": "Sauto",
        "type": "ter"
      }
    },
    {
      "type": "Feature",
      "geometry": {
        "type": "Point",
        "coordinates": [
          2.2490886,
          42.5287969
        ]
      },
      "properties": {
        "operateur": "SNCF Gares & Connexions",
        "name": "Thuès-les-Bains",
        "official_name": "Thuès les Bains",
        "type": "ter"
      }
    },
    {
      "type": "Feature",
      "geometry": {
        "type": "Point",
        "coordinates": [
          2.3979981,
          49.8461857
        ]
      },
      "properties": {
        "operateur": "SNCF Gares & Connexions",
        "name": "Boves",
        "official_name": "Boves",
        "type": "ter"
      }
    },
    {
      "type": "Feature",
      "geometry": {
        "type": "Point",
        "coordinates": [
          2.5072017,
          42.8119312
        ]
      },
      "properties": {
        "operateur": "",
        "name": "Saint-Paul-de-Fenouillet",
        "type": "ter"
      }
    },
    {
      "type": "Feature",
      "geometry": {
        "type": "Point",
        "coordinates": [
          0.8382268,
          49.3176304
        ]
      },
      "properties": {
        "operateur": "SNCF Gares & Connexions",
        "name": "Bourgtheroulde - Thuit-Hébert",
        "official_name": "Bourgtheroulde - Thuit-Hébert",
        "type": "ter"
      }
    },
    {
      "type": "Feature",
      "geometry": {
        "type": "Point",
        "coordinates": [
          2.3158319,
          48.8383847
        ]
      },
      "properties": {
        "operateur": "SNCF Gares & Connexions",
        "name": "Paris Montparnasse 3 - Vaugirard",
        "official_name": "Paris Montparnasse Vaugirard",
        "type": "ter"
      }
    },
    {
      "type": "Feature",
      "geometry": {
        "type": "Point",
        "coordinates": [
          2.0788943,
          44.4751636
        ]
      },
      "properties": {
        "operateur": "SNCF Gares & Connexions",
        "name": "Salles-Courbatiès",
        "official_name": "Salles-Courbatiès",
        "type": "ter"
      }
    },
    {
      "type": "Feature",
      "geometry": {
        "type": "Point",
        "coordinates": [
          3.120881,
          49.179674
        ]
      },
      "properties": {
        "operateur": "SNCF Gares & Connexions",
        "name": "La Ferté-Milon",
        "official_name": "La Ferté-Milon",
        "type": "ter"
      }
    },
    {
      "type": "Feature",
      "geometry": {
        "type": "Point",
        "coordinates": [
          -1.630781,
          48.2089312
        ]
      },
      "properties": {
        "operateur": "SNCF Gares & Connexions",
        "name": "Chevaigné",
        "official_name": "Chevaigné",
        "type": "ter"
      }
    },
    {
      "type": "Feature",
      "geometry": {
        "type": "Point",
        "coordinates": [
          0.5965689,
          42.7973402
        ]
      },
      "properties": {
        "operateur": "Région Occitanie",
        "name": "Luchon",
        "type": "ter"
      }
    },
    {
      "type": "Feature",
      "geometry": {
        "type": "Point",
        "coordinates": [
          3.1062173,
          45.0350199
        ]
      },
      "properties": {
        "operateur": "SNCF Gares & Connexions",
        "name": "Saint-Flour - Chaudes-Aigues",
        "official_name": "Saint-Flour - Chaudes-Aigues",
        "type": "ter"
      }
    },
    {
      "type": "Feature",
      "geometry": {
        "type": "Point",
        "coordinates": [
          1.8833705,
          48.0808761
        ]
      },
      "properties": {
        "operateur": "SNCF Gares & Connexions",
        "name": "Artenay",
        "official_name": "Artenay",
        "type": "ter"
      }
    },
    {
      "type": "Feature",
      "geometry": {
        "type": "Point",
        "coordinates": [
          2.2883141,
          43.1121416
        ]
      },
      "properties": {
        "operateur": "SNCF Gares & Connexions",
        "name": "Pomas",
        "official_name": "Pomas",
        "type": "ter"
      }
    },
    {
      "type": "Feature",
      "geometry": {
        "type": "Point",
        "coordinates": [
          2.3214202,
          43.1304846
        ]
      },
      "properties": {
        "operateur": "SNCF Gares & Connexions",
        "name": "Verzeille",
        "official_name": "Verzeille",
        "type": "ter"
      }
    },
    {
      "type": "Feature",
      "geometry": {
        "type": "Point",
        "coordinates": [
          0.942795,
          44.9056892
        ]
      },
      "properties": {
        "operateur": "SNCF Gares & Connexions",
        "name": "Le Bugue",
        "official_name": "Le Bugue",
        "type": "ter"
      }
    },
    {
      "type": "Feature",
      "geometry": {
        "type": "Point",
        "coordinates": [
          3.6457346,
          50.2503881
        ]
      },
      "properties": {
        "operateur": "SNCF Gares & Connexions",
        "name": "Le Quesnoy",
        "official_name": "Le Quesnoy",
        "type": "ter"
      }
    },
    {
      "type": "Feature",
      "geometry": {
        "type": "Point",
        "coordinates": [
          3.9758007,
          44.254973
        ]
      },
      "properties": {
        "operateur": "SNCF",
        "name": "Sainte-Cécile-d'Andorge",
        "official_name": "Sainte-Cécile-d'Andorge",
        "type": "ter"
      }
    },
    {
      "type": "Feature",
      "geometry": {
        "type": "Point",
        "coordinates": [
          3.7519027,
          44.561814
        ]
      },
      "properties": {
        "operateur": "SNCF Gares & Connexions",
        "name": "Belvezet",
        "official_name": "Belvezet",
        "type": "ter"
      }
    },
    {
      "type": "Feature",
      "geometry": {
        "type": "Point",
        "coordinates": [
          3.8399414,
          44.5540393
        ]
      },
      "properties": {
        "operateur": "SNCF Gares & Connexions",
        "name": "Chasseradès",
        "official_name": "Chasseradès",
        "type": "ter"
      }
    },
    {
      "type": "Feature",
      "geometry": {
        "type": "Point",
        "coordinates": [
          1.8988411,
          50.047247
        ]
      },
      "properties": {
        "operateur": "SNCF Gares & Connexions",
        "name": "Pont-Remy",
        "official_name": "Pont-Remy",
        "type": "ter"
      }
    },
    {
      "type": "Feature",
      "geometry": {
        "type": "Point",
        "coordinates": [
          7.3169148,
          43.7599931
        ]
      },
      "properties": {
        "operateur": "SNCF Gares & Connexions",
        "name": "Drap - Cantaron",
        "official_name": "Drap - Cantaron",
        "type": "ter"
      }
    },
    {
      "type": "Feature",
      "geometry": {
        "type": "Point",
        "coordinates": [
          2.002654,
          50.0116
        ]
      },
      "properties": {
        "operateur": "SNCF Gares & Connexions",
        "name": "Longpré-les-Corps-Saints",
        "official_name": "Longpré-les-Corps-Saints",
        "type": "ter"
      }
    },
    {
      "type": "Feature",
      "geometry": {
        "type": "Point",
        "coordinates": [
          2.2518969,
          42.9973798
        ]
      },
      "properties": {
        "operateur": "SNCF Gares & Connexions",
        "name": "Alet-les-Bains",
        "official_name": "Alet-les-Bains",
        "type": "ter"
      }
    },
    {
      "type": "Feature",
      "geometry": {
        "type": "Point",
        "coordinates": [
          7.6056235,
          44.0625669
        ]
      },
      "properties": {
        "operateur": "SNCF Gares & Connexions",
        "name": "La Brigue",
        "official_name": "La Brigue",
        "type": "ter"
      }
    },
    {
      "type": "Feature",
      "geometry": {
        "type": "Point",
        "coordinates": [
          5.8089139,
          47.1835265
        ]
      },
      "properties": {
        "operateur": "SNCF Gares & Connexions",
        "name": "Saint-Vit",
        "official_name": "Saint-Vit",
        "type": "ter"
      }
    },
    {
      "type": "Feature",
      "geometry": {
        "type": "Point",
        "coordinates": [
          1.6136415,
          50.7643813
        ]
      },
      "properties": {
        "operateur": "SNCF Gares & Connexions",
        "name": "Wimille – Wimereux",
        "official_name": "Wimille - Wimereux",
        "type": "ter"
      }
    },
    {
      "type": "Feature",
      "geometry": {
        "type": "Point",
        "coordinates": [
          3.0663959,
          44.4219997
        ]
      },
      "properties": {
        "operateur": "SNCF Gares & Connexions",
        "name": "Campagnac - Saint-Geniez",
        "official_name": "Campagnac - Saint-Geniez",
        "type": "ter"
      }
    },
    {
      "type": "Feature",
      "geometry": {
        "type": "Point",
        "coordinates": [
          2.7533211,
          45.0906651
        ]
      },
      "properties": {
        "operateur": "SNCF Gares & Connexions",
        "name": "Le Lioran",
        "official_name": "Le Lioran",
        "type": "ter"
      }
    },
    {
      "type": "Feature",
      "geometry": {
        "type": "Point",
        "coordinates": [
          2.6315974,
          44.9759667
        ]
      },
      "properties": {
        "operateur": "SNCF Gares & Connexions",
        "name": "Vic-sur-Cère",
        "official_name": "Vic-sur-Cère",
        "type": "ter"
      }
    },
    {
      "type": "Feature",
      "geometry": {
        "type": "Point",
        "coordinates": [
          2.2493874,
          44.7856855
        ]
      },
      "properties": {
        "operateur": "SNCF Gares & Connexions",
        "name": "Boisset",
        "official_name": "Boisset (Cantal)",
        "type": "ter"
      }
    },
    {
      "type": "Feature",
      "geometry": {
        "type": "Point",
        "coordinates": [
          7.5940819,
          44.0900006
        ]
      },
      "properties": {
        "operateur": "SNCF",
        "name": "Tende",
        "official_name": "Tende",
        "type": "ter"
      }
    },
    {
      "type": "Feature",
      "geometry": {
        "type": "Point",
        "coordinates": [
          7.5516056,
          43.996705
        ]
      },
      "properties": {
        "operateur": "SNCF Gares & Connexions",
        "name": "Fontan - Saorge",
        "official_name": "Fontan - Saorge",
        "type": "ter"
      }
    },
    {
      "type": "Feature",
      "geometry": {
        "type": "Point",
        "coordinates": [
          2.2812102,
          48.7800971
        ]
      },
      "properties": {
        "operateur": "",
        "name": "Robinson",
        "type": "ter"
      }
    },
    {
      "type": "Feature",
      "geometry": {
        "type": "Point",
        "coordinates": [
          2.312232,
          48.7802471
        ]
      },
      "properties": {
        "operateur": "RATP Transilien SNCF Ile de France Mobilités",
        "name": "Bourg-la-Reine",
        "type": "ter"
      }
    },
    {
      "type": "Feature",
      "geometry": {
        "type": "Point",
        "coordinates": [
          3.7667946,
          47.6008774
        ]
      },
      "properties": {
        "operateur": "SNCF Gares & Connexions",
        "name": "Arcy sur Cure",
        "type": "ter"
      }
    },
    {
      "type": "Feature",
      "geometry": {
        "type": "Point",
        "coordinates": [
          2.5726113,
          49.9556879
        ]
      },
      "properties": {
        "operateur": "SNCF Gares & Connexions",
        "name": "Méricourt - Ribemont",
        "official_name": "Méricourt - Ribemont",
        "type": "ter"
      }
    },
    {
      "type": "Feature",
      "geometry": {
        "type": "Point",
        "coordinates": [
          1.7298697,
          50.8056296
        ]
      },
      "properties": {
        "operateur": "SNCF Gares & Connexions",
        "name": "Marquise - Rinxent",
        "official_name": "Marquise - Rinxent",
        "type": "ter"
      }
    },
    {
      "type": "Feature",
      "geometry": {
        "type": "Point",
        "coordinates": [
          -0.1850595,
          47.0485363
        ]
      },
      "properties": {
        "operateur": "SNCF",
        "name": "Brion-près-Thouet",
        "type": "ter"
      }
    },
    {
      "type": "Feature",
      "geometry": {
        "type": "Point",
        "coordinates": [
          1.9686785,
          44.1455602
        ]
      },
      "properties": {
        "operateur": "SNCF Gares & Connexions",
        "name": "Laguépie",
        "official_name": "Laguépie",
        "type": "ter"
      }
    },
    {
      "type": "Feature",
      "geometry": {
        "type": "Point",
        "coordinates": [
          9.4466801,
          42.5627188
        ]
      },
      "properties": {
        "operateur": "SEM des Chemins de Fer de la Corse",
        "name": "Borgo",
        "type": "ter"
      }
    },
    {
      "type": "Feature",
      "geometry": {
        "type": "Point",
        "coordinates": [
          9.4411962,
          42.6515267
        ]
      },
      "properties": {
        "operateur": "",
        "name": "Furiani",
        "type": "ter"
      }
    },
    {
      "type": "Feature",
      "geometry": {
        "type": "Point",
        "coordinates": [
          9.4376789,
          42.6149413
        ]
      },
      "properties": {
        "operateur": "SEM des Chemins de Fer de la Corse",
        "name": "Biguglia",
        "type": "ter"
      }
    },
    {
      "type": "Feature",
      "geometry": {
        "type": "Point",
        "coordinates": [
          9.4410912,
          42.5218272
        ]
      },
      "properties": {
        "operateur": "SEM des Chemins de Fer de la Corse",
        "name": "Casamozza",
        "type": "ter"
      }
    },
    {
      "type": "Feature",
      "geometry": {
        "type": "Point",
        "coordinates": [
          9.3678965,
          42.5071448
        ]
      },
      "properties": {
        "operateur": "SEM des Chemins de Fer de la Corse",
        "name": "Barchetta",
        "type": "ter"
      }
    },
    {
      "type": "Feature",
      "geometry": {
        "type": "Point",
        "coordinates": [
          0.8029791,
          44.3799331
        ]
      },
      "properties": {
        "operateur": "SNCF Gares & Connexions",
        "name": "Penne",
        "official_name": "Penne (Lot-et-Garonne)",
        "type": "ter"
      }
    },
    {
      "type": "Feature",
      "geometry": {
        "type": "Point",
        "coordinates": [
          1.0081317,
          44.9412099
        ]
      },
      "properties": {
        "operateur": "SNCF Gares & Connexions",
        "name": "Les Eyzies",
        "official_name": "Les Eyzies",
        "type": "ter"
      }
    },
    {
      "type": "Feature",
      "geometry": {
        "type": "Point",
        "coordinates": [
          -1.2086128,
          45.8378948
        ]
      },
      "properties": {
        "operateur": "",
        "name": "Saint-Trojan",
        "type": "ter"
      }
    },
    {
      "type": "Feature",
      "geometry": {
        "type": "Point",
        "coordinates": [
          5.3676147,
          43.3132341
        ]
      },
      "properties": {
        "operateur": "SNCF Gares & Connexions",
        "name": "Arenc-Euroméditerranée",
        "official_name": "Arenc Euroméditerranée",
        "type": "ter"
      }
    },
    {
      "type": "Feature",
      "geometry": {
        "type": "Point",
        "coordinates": [
          -3.1180189,
          47.6045616
        ]
      },
      "properties": {
        "operateur": "SNCF Gares & Connexions",
        "name": "Plouharnel - Carnac",
        "official_name": "Plouharnel - Carnac",
        "type": "ter"
      }
    },
    {
      "type": "Feature",
      "geometry": {
        "type": "Point",
        "coordinates": [
          5.1238308,
          46.2446319
        ]
      },
      "properties": {
        "operateur": "SNCF Gares & Connexions",
        "name": "Polliat",
        "official_name": "Polliat",
        "type": "ter"
      }
    },
    {
      "type": "Feature",
      "geometry": {
        "type": "Point",
        "coordinates": [
          1.8308556,
          49.6544338
        ]
      },
      "properties": {
        "operateur": "SNCF Gares & Connexions",
        "name": "Feuquières - Broquiers",
        "official_name": "Feuquières - Broquiers",
        "type": "ter"
      }
    },
    {
      "type": "Feature",
      "geometry": {
        "type": "Point",
        "coordinates": [
          2.3632867,
          44.1854865
        ]
      },
      "properties": {
        "operateur": "SNCF Gares & Connexions",
        "name": "Naucelle",
        "official_name": "Naucelle",
        "type": "ter"
      }
    },
    {
      "type": "Feature",
      "geometry": {
        "type": "Point",
        "coordinates": [
          1.7305226,
          43.8196484
        ]
      },
      "properties": {
        "operateur": "SNCF Gares & Connexions",
        "name": "Rabastens-Coufouleux",
        "official_name": "Rabastens - Coufouleux",
        "type": "ter"
      }
    },
    {
      "type": "Feature",
      "geometry": {
        "type": "Point",
        "coordinates": [
          2.0268912,
          43.9151576
        ]
      },
      "properties": {
        "operateur": "SNCF Gares & Connexions",
        "name": "Marssac-sur-Tarn",
        "official_name": "Marssac-sur-Tarn",
        "type": "ter"
      }
    },
    {
      "type": "Feature",
      "geometry": {
        "type": "Point",
        "coordinates": [
          2.4177472,
          49.3854939
        ]
      },
      "properties": {
        "operateur": "SNCF Gares & Connexions",
        "name": "Clermont de l'Oise",
        "official_name": "Clermont de l'Oise",
        "type": "ter"
      }
    },
    {
      "type": "Feature",
      "geometry": {
        "type": "Point",
        "coordinates": [
          2.2549931,
          50.4469471
        ]
      },
      "properties": {
        "operateur": "SNCF Gares & Connexions",
        "name": "Anvin",
        "official_name": "Anvin",
        "type": "ter"
      }
    },
    {
      "type": "Feature",
      "geometry": {
        "type": "Point",
        "coordinates": [
          1.1106277,
          49.7914762
        ]
      },
      "properties": {
        "operateur": "SNCF Gares & Connexions",
        "name": "Longueville-sur-Scie",
        "official_name": "Longueville-sur-Scie",
        "type": "ter"
      }
    },
    {
      "type": "Feature",
      "geometry": {
        "type": "Point",
        "coordinates": [
          2.7717988,
          50.4341328
        ]
      },
      "properties": {
        "operateur": "SNCF",
        "name": "Liévin",
        "official_name": "Liévin",
        "type": "ter"
      }
    },
    {
      "type": "Feature",
      "geometry": {
        "type": "Point",
        "coordinates": [
          3.4892562,
          50.3317559
        ]
      },
      "properties": {
        "operateur": "SNCF Gares & Connexions",
        "name": "Trith-Saint-Léger",
        "official_name": "Trith-Saint-Léger",
        "type": "ter"
      }
    },
    {
      "type": "Feature",
      "geometry": {
        "type": "Point",
        "coordinates": [
          2.1323991,
          49.2320541
        ]
      },
      "properties": {
        "operateur": "SNCF Gares & Connexions",
        "name": "Méru",
        "official_name": "Méru",
        "type": "ter"
      }
    },
    {
      "type": "Feature",
      "geometry": {
        "type": "Point",
        "coordinates": [
          0.9412874,
          44.4865311
        ]
      },
      "properties": {
        "operateur": "SNCF Gares & Connexions",
        "name": "Monsempron-Libos",
        "official_name": "Monsempron-Libos",
        "type": "ter"
      }
    },
    {
      "type": "Feature",
      "geometry": {
        "type": "Point",
        "coordinates": [
          3.0169146,
          50.6127855
        ]
      },
      "properties": {
        "operateur": "SNCF Gares & Connexions",
        "name": "Loos-lez-Lille",
        "official_name": "Loos lez Lille",
        "type": "ter"
      }
    },
    {
      "type": "Feature",
      "geometry": {
        "type": "Point",
        "coordinates": [
          -1.7654125,
          48.4764049
        ]
      },
      "properties": {
        "operateur": "SNCF Gares & Connexions",
        "name": "Bonnemain",
        "official_name": "Bonnemain",
        "type": "ter"
      }
    },
    {
      "type": "Feature",
      "geometry": {
        "type": "Point",
        "coordinates": [
          2.197024,
          49.0461831
        ]
      },
      "properties": {
        "operateur": "SNCF Gares & Connexions",
        "name": "Frépillon",
        "official_name": "Frépillon",
        "type": "ter"
      }
    },
    {
      "type": "Feature",
      "geometry": {
        "type": "Point",
        "coordinates": [
          -0.1482834,
          47.1254181
        ]
      },
      "properties": {
        "operateur": "SNCF Gares & Connexions",
        "name": "Montreuil-Bellay",
        "official_name": "Montreuil-Bellay",
        "type": "ter"
      }
    },
    {
      "type": "Feature",
      "geometry": {
        "type": "Point",
        "coordinates": [
          0.2658076,
          47.6869531
        ]
      },
      "properties": {
        "operateur": "SNCF Gares & Connexions",
        "name": "Aubigné-Racan",
        "official_name": "Aubigné-Racan",
        "type": "ter"
      }
    },
    {
      "type": "Feature",
      "geometry": {
        "type": "Point",
        "coordinates": [
          1.900229,
          44.067189
        ]
      },
      "properties": {
        "operateur": "SNCF Gares & Connexions",
        "name": "Cordes-Vindrac",
        "official_name": "Cordes - Vindrac",
        "type": "ter"
      }
    },
    {
      "type": "Feature",
      "geometry": {
        "type": "Point",
        "coordinates": [
          1.8850826,
          44.1422453
        ]
      },
      "properties": {
        "operateur": "SNCF Gares & Connexions",
        "name": "Lexos",
        "official_name": "Lexos",
        "type": "ter"
      }
    },
    {
      "type": "Feature",
      "geometry": {
        "type": "Point",
        "coordinates": [
          -1.8505895,
          48.5314637
        ]
      },
      "properties": {
        "operateur": "SNCF Gares & Connexions",
        "name": "Plerguer",
        "official_name": "Plerguer",
        "type": "ter"
      }
    },
    {
      "type": "Feature",
      "geometry": {
        "type": "Point",
        "coordinates": [
          3.0423421,
          48.8139949
        ]
      },
      "properties": {
        "operateur": "SNCF Gares & Connexions",
        "name": "Mouroux",
        "official_name": "Mouroux",
        "type": "ter"
      }
    },
    {
      "type": "Feature",
      "geometry": {
        "type": "Point",
        "coordinates": [
          3.8830017,
          44.1018837
        ]
      },
      "properties": {
        "operateur": "",
        "name": "Train des Cevennes - Saint Jean du Gard",
        "type": "ter"
      }
    },
    {
      "type": "Feature",
      "geometry": {
        "type": "Point",
        "coordinates": [
          4.2863836,
          45.3917975
        ]
      },
      "properties": {
        "operateur": "SNCF Gares & Connexions",
        "name": "Firminy",
        "official_name": "Firminy",
        "type": "ter"
      }
    },
    {
      "type": "Feature",
      "geometry": {
        "type": "Point",
        "coordinates": [
          -1.1655698,
          44.6589663
        ]
      },
      "properties": {
        "operateur": "SNCF Gares & Connexions",
        "name": "Arcachon",
        "official_name": "Arcachon",
        "type": "ter"
      }
    },
    {
      "type": "Feature",
      "geometry": {
        "type": "Point",
        "coordinates": [
          3.425362,
          43.3157582
        ]
      },
      "properties": {
        "operateur": "SNCF Gares & Connexions",
        "name": "Vias",
        "official_name": "Vias",
        "type": "ter"
      }
    },
    {
      "type": "Feature",
      "geometry": {
        "type": "Point",
        "coordinates": [
          3.1206561,
          50.2863379
        ]
      },
      "properties": {
        "operateur": "SNCF Gares & Connexions",
        "name": "Arleux",
        "official_name": "Arleux",
        "type": "ter"
      }
    },
    {
      "type": "Feature",
      "geometry": {
        "type": "Point",
        "coordinates": [
          3.157943,
          50.7324904
        ]
      },
      "properties": {
        "operateur": "Keolis Lille Métropole",
        "name": "Phalempins",
        "type": "ter"
      }
    },
    {
      "type": "Feature",
      "geometry": {
        "type": "Point",
        "coordinates": [
          3.1708606,
          50.7368418
        ]
      },
      "properties": {
        "operateur": "Keolis Lille Métropole",
        "name": "Pont de Neuville",
        "type": "ter"
      }
    },
    {
      "type": "Feature",
      "geometry": {
        "type": "Point",
        "coordinates": [
          1.9385901,
          49.6592695
        ]
      },
      "properties": {
        "operateur": "SNCF Gares & Connexions",
        "name": "Grandvilliers",
        "official_name": "Grandvilliers",
        "type": "ter"
      }
    },
    {
      "type": "Feature",
      "geometry": {
        "type": "Point",
        "coordinates": [
          2.2352803,
          44.8565077
        ]
      },
      "properties": {
        "operateur": "SNCF Gares & Connexions",
        "name": "Le Rouget",
        "official_name": "Le Rouget",
        "type": "ter"
      }
    },
    {
      "type": "Feature",
      "geometry": {
        "type": "Point",
        "coordinates": [
          2.2403488,
          44.8870166
        ]
      },
      "properties": {
        "operateur": "SNCF Gares & Connexions",
        "name": "Pers",
        "official_name": "Pers",
        "type": "ter"
      }
    },
    {
      "type": "Feature",
      "geometry": {
        "type": "Point",
        "coordinates": [
          0.0215683,
          44.8537384
        ]
      },
      "properties": {
        "operateur": "SNCF Gares & Connexions",
        "name": "Lamothe-Montravel",
        "official_name": "Lamothe-Montravel",
        "type": "ter"
      }
    },
    {
      "type": "Feature",
      "geometry": {
        "type": "Point",
        "coordinates": [
          2.9808234,
          50.3272719
        ]
      },
      "properties": {
        "operateur": "SNCF Gares & Connexions",
        "name": "Vitry-en-Artois",
        "official_name": "Vitry-en-Artois",
        "type": "ter"
      }
    },
    {
      "type": "Feature",
      "geometry": {
        "type": "Point",
        "coordinates": [
          -0.7437987,
          47.3430197
        ]
      },
      "properties": {
        "operateur": "SNCF Gares & Connexions",
        "name": "Chalonnes",
        "official_name": "Chalonnes",
        "type": "ter"
      }
    },
    {
      "type": "Feature",
      "geometry": {
        "type": "Point",
        "coordinates": [
          -1.232071,
          46.6653256
        ]
      },
      "properties": {
        "operateur": "SNCF Gares & Connexions",
        "name": "Fougeré",
        "official_name": "Fougeré",
        "type": "ter"
      }
    },
    {
      "type": "Feature",
      "geometry": {
        "type": "Point",
        "coordinates": [
          -1.283311,
          46.6768821
        ]
      },
      "properties": {
        "operateur": "SNCF Gares & Connexions",
        "name": "La Chaize-le-Vicomte",
        "official_name": "La Chaize-le-Vicomte",
        "type": "ter"
      }
    },
    {
      "type": "Feature",
      "geometry": {
        "type": "Point",
        "coordinates": [
          2.8542331,
          48.8826904
        ]
      },
      "properties": {
        "operateur": "SNCF Gares & Connexions",
        "name": "Couilly - Saint-Germain - Quincy",
        "official_name": "Couilly - Saint-Germain - Quincy",
        "type": "ter"
      }
    },
    {
      "type": "Feature",
      "geometry": {
        "type": "Point",
        "coordinates": [
          3.0221185,
          42.5437752
        ]
      },
      "properties": {
        "operateur": "SNCF Gares & Connexions",
        "name": "Argelès-sur-Mer",
        "official_name": "Argelès-sur-Mer",
        "type": "ter"
      }
    },
    {
      "type": "Feature",
      "geometry": {
        "type": "Point",
        "coordinates": [
          -0.4606967,
          47.6567457
        ]
      },
      "properties": {
        "operateur": "SNCF Gares & Connexions",
        "name": "Étriché - Châteauneuf",
        "official_name": "Étriché - Châteauneuf",
        "type": "ter"
      }
    },
    {
      "type": "Feature",
      "geometry": {
        "type": "Point",
        "coordinates": [
          1.6459907,
          47.2550746
        ]
      },
      "properties": {
        "operateur": "SNCF Gares & Connexions",
        "name": "Chabris",
        "official_name": "Chabris",
        "type": "ter"
      }
    },
    {
      "type": "Feature",
      "geometry": {
        "type": "Point",
        "coordinates": [
          7.1192691,
          43.5857692
        ]
      },
      "properties": {
        "operateur": "SNCF Gares & Connexions",
        "name": "Antibes",
        "official_name": "Antibes",
        "type": "ter"
      }
    },
    {
      "type": "Feature",
      "geometry": {
        "type": "Point",
        "coordinates": [
          -0.09206,
          44.583123
        ]
      },
      "properties": {
        "operateur": "SNCF Gares & Connexions",
        "name": "Gironde sur Dropt",
        "official_name": "Gironde",
        "type": "ter"
      }
    },
    {
      "type": "Feature",
      "geometry": {
        "type": "Point",
        "coordinates": [
          7.8513733,
          48.7655674
        ]
      },
      "properties": {
        "operateur": "SNCF Gares & Connexions",
        "name": "Bischwiller",
        "official_name": "Bischwiller",
        "type": "ter"
      }
    },
    {
      "type": "Feature",
      "geometry": {
        "type": "Point",
        "coordinates": [
          7.1965165,
          43.8574069
        ]
      },
      "properties": {
        "operateur": "Régie Régionale des Transports",
        "name": "Plan-du-Var",
        "type": "ter"
      }
    },
    {
      "type": "Feature",
      "geometry": {
        "type": "Point",
        "coordinates": [
          3.3787407,
          45.3007046
        ]
      },
      "properties": {
        "operateur": "SNCF Gares & Connexions",
        "name": "Brioude",
        "official_name": "Brioude",
        "type": "ter"
      }
    },
    {
      "type": "Feature",
      "geometry": {
        "type": "Point",
        "coordinates": [
          6.910179,
          45.9657075
        ]
      },
      "properties": {
        "operateur": "SNCF Gares & Connexions",
        "name": "La Joux",
        "official_name": "La Joux",
        "type": "ter"
      }
    },
    {
      "type": "Feature",
      "geometry": {
        "type": "Point",
        "coordinates": [
          6.7726673,
          45.9088517
        ]
      },
      "properties": {
        "operateur": "SNCF Gares & Connexions",
        "name": "Vaudagne",
        "official_name": "Vaudagne",
        "type": "ter"
      }
    },
    {
      "type": "Feature",
      "geometry": {
        "type": "Point",
        "coordinates": [
          3.0758507,
          50.6119159
        ]
      },
      "properties": {
        "operateur": "SNCF Gares & Connexions",
        "name": "Lille – Porte de Douai",
        "official_name": "Lille Porte de Douai",
        "type": "ter"
      }
    },
    {
      "type": "Feature",
      "geometry": {
        "type": "Point",
        "coordinates": [
          7.5628813,
          44.1125214
        ]
      },
      "properties": {
        "operateur": "SNCF Gares & Connexions",
        "name": "Vievola",
        "official_name": "Viévola",
        "type": "ter"
      }
    },
    {
      "type": "Feature",
      "geometry": {
        "type": "Point",
        "coordinates": [
          7.5163192,
          43.9440529
        ]
      },
      "properties": {
        "operateur": "SNCF",
        "name": "Breil sur Roya",
        "official_name": "Breil-sur-Roya",
        "type": "ter"
      }
    },
    {
      "type": "Feature",
      "geometry": {
        "type": "Point",
        "coordinates": [
          4.5170182,
          45.4723695
        ]
      },
      "properties": {
        "operateur": "SNCF Gares & Connexions",
        "name": "Saint-Chamond",
        "official_name": "Saint-Chamond",
        "type": "ter"
      }
    },
    {
      "type": "Feature",
      "geometry": {
        "type": "Point",
        "coordinates": [
          4.8930249,
          46.2678972
        ]
      },
      "properties": {
        "operateur": "SNCF Gares & Connexions",
        "name": "Pont-de-Veyle",
        "official_name": "Pont-de-Veyle",
        "type": "ter"
      }
    },
    {
      "type": "Feature",
      "geometry": {
        "type": "Point",
        "coordinates": [
          3.6749309,
          46.5263166
        ]
      },
      "properties": {
        "operateur": "SNCF Gares & Connexions",
        "name": "Dompierre-Sept-Fons",
        "official_name": "Dompierre - Sept Fons",
        "type": "ter"
      }
    },
    {
      "type": "Feature",
      "geometry": {
        "type": "Point",
        "coordinates": [
          -3.1348799,
          48.7485926
        ]
      },
      "properties": {
        "operateur": "SNCF",
        "name": "Traou Nez",
        "official_name": "Traou Nez",
        "type": "ter"
      }
    },
    {
      "type": "Feature",
      "geometry": {
        "type": "Point",
        "coordinates": [
          -3.1181396,
          48.761873
        ]
      },
      "properties": {
        "operateur": "SNCF Gares & Connexions",
        "name": "Lancerf",
        "official_name": "Lancerf",
        "type": "ter"
      }
    },
    {
      "type": "Feature",
      "geometry": {
        "type": "Point",
        "coordinates": [
          1.5062556,
          47.7059746
        ]
      },
      "properties": {
        "operateur": "SNCF Gares & Connexions",
        "name": "Mer",
        "official_name": "Mer (Loir-et-Cher)",
        "type": "ter"
      }
    },
    {
      "type": "Feature",
      "geometry": {
        "type": "Point",
        "coordinates": [
          -0.7551762,
          45.203816
        ]
      },
      "properties": {
        "operateur": "SNCF Gares & Connexions",
        "name": "Pauillac",
        "official_name": "Pauillac",
        "type": "ter"
      }
    },
    {
      "type": "Feature",
      "geometry": {
        "type": "Point",
        "coordinates": [
          0.543837,
          47.360606
        ]
      },
      "properties": {
        "operateur": "SNCF Gares & Connexions",
        "name": "Savonnières",
        "official_name": "Savonnières",
        "type": "ter"
      }
    },
    {
      "type": "Feature",
      "geometry": {
        "type": "Point",
        "coordinates": [
          1.954753,
          49.5709476
        ]
      },
      "properties": {
        "operateur": "SNCF Gares & Connexions",
        "name": "Marseille-en-Beauvaisis",
        "official_name": "Marseille-en-Beauvaisis",
        "type": "ter"
      }
    },
    {
      "type": "Feature",
      "geometry": {
        "type": "Point",
        "coordinates": [
          -1.6810992,
          47.1381112
        ]
      },
      "properties": {
        "operateur": "SNCF Gares & Connexions",
        "name": "Bouaye",
        "official_name": "Bouaye",
        "type": "ter"
      }
    },
    {
      "type": "Feature",
      "geometry": {
        "type": "Point",
        "coordinates": [
          -0.098194,
          47.8744584
        ]
      },
      "properties": {
        "operateur": "SNCF Gares & Connexions",
        "name": "Noyen",
        "official_name": "Noyen",
        "type": "ter"
      }
    },
    {
      "type": "Feature",
      "geometry": {
        "type": "Point",
        "coordinates": [
          3.3393685,
          46.5615946
        ]
      },
      "properties": {
        "operateur": "SNCF Gares & Connexions",
        "name": "Moulins-sur-Allier",
        "official_name": "Moulins sur Allier",
        "type": "ter"
      }
    },
    {
      "type": "Feature",
      "geometry": {
        "type": "Point",
        "coordinates": [
          2.7399419,
          46.2951664
        ]
      },
      "properties": {
        "operateur": "SNCF Gares & Connexions",
        "name": "Commentry",
        "official_name": "Commentry",
        "type": "ter"
      }
    },
    {
      "type": "Feature",
      "geometry": {
        "type": "Point",
        "coordinates": [
          3.0239241,
          47.1799594
        ]
      },
      "properties": {
        "operateur": "SNCF Gares & Connexions",
        "name": "La Charité-sur-Loire",
        "official_name": "La Charité-sur-Loire",
        "type": "ter"
      }
    },
    {
      "type": "Feature",
      "geometry": {
        "type": "Point",
        "coordinates": [
          1.2515123,
          45.838411
        ]
      },
      "properties": {
        "operateur": "SNCF Gares & Connexions",
        "name": "Limoges-Montjovis",
        "official_name": "Limoges Montjovis",
        "type": "ter"
      }
    },
    {
      "type": "Feature",
      "geometry": {
        "type": "Point",
        "coordinates": [
          1.1497044,
          49.0184156
        ]
      },
      "properties": {
        "operateur": "SNCF Gares & Connexions",
        "name": "Évreux - Normandie",
        "official_name": "Évreux Normandie",
        "type": "ter"
      }
    },
    {
      "type": "Feature",
      "geometry": {
        "type": "Point",
        "coordinates": [
          -0.1988453,
          44.9776426
        ]
      },
      "properties": {
        "operateur": "SNCF Gares & Connexions",
        "name": "Saint-Denis de Pile",
        "official_name": "Saint-Sulpice - Izon",
        "type": "ter"
      }
    },
    {
      "type": "Feature",
      "geometry": {
        "type": "Point",
        "coordinates": [
          3.0819816,
          48.8077066
        ]
      },
      "properties": {
        "operateur": "SNCF Gares & Connexions",
        "name": "Coulommiers",
        "type": "ter"
      }
    },
    {
      "type": "Feature",
      "geometry": {
        "type": "Point",
        "coordinates": [
          5.110133,
          47.3897991
        ]
      },
      "properties": {
        "operateur": "SNCF Gares & Connexions",
        "name": "Bretigny - Norges",
        "official_name": "Bretigny - Norges",
        "type": "ter"
      }
    },
    {
      "type": "Feature",
      "geometry": {
        "type": "Point",
        "coordinates": [
          5.0793587,
          47.3705979
        ]
      },
      "properties": {
        "operateur": "SNCF",
        "name": "Ruffey",
        "official_name": "Ruffey",
        "type": "ter"
      }
    },
    {
      "type": "Feature",
      "geometry": {
        "type": "Point",
        "coordinates": [
          5.1281617,
          47.406029
        ]
      },
      "properties": {
        "operateur": "SNCF Gares & Connexions",
        "name": "Saint-Julien - Clénay",
        "official_name": "Saint-Julien - Clénay",
        "type": "ter"
      }
    },
    {
      "type": "Feature",
      "geometry": {
        "type": "Point",
        "coordinates": [
          5.1292743,
          47.4785424
        ]
      },
      "properties": {
        "operateur": "SNCF Gares & Connexions",
        "name": "Gemeaux",
        "official_name": "Gemeaux",
        "type": "ter"
      }
    },
    {
      "type": "Feature",
      "geometry": {
        "type": "Point",
        "coordinates": [
          2.1059281,
          49.0452786
        ]
      },
      "properties": {
        "operateur": "SNCF Gares & Connexions",
        "name": "Saint-Ouen-l'Aumône",
        "official_name": "Saint-Ouen-l'Aumône",
        "type": "ter"
      }
    },
    {
      "type": "Feature",
      "geometry": {
        "type": "Point",
        "coordinates": [
          1.9897767,
          49.7778561
        ]
      },
      "properties": {
        "operateur": "SNCF",
        "name": "Poix-de-Picardie",
        "official_name": "Poix-de-Picardie",
        "type": "ter"
      }
    },
    {
      "type": "Feature",
      "geometry": {
        "type": "Point",
        "coordinates": [
          1.734429,
          44.9424285
        ]
      },
      "properties": {
        "operateur": "SNCF Gares & Connexions",
        "name": "Bétaille",
        "official_name": "Bétaille",
        "type": "ter"
      }
    },
    {
      "type": "Feature",
      "geometry": {
        "type": "Point",
        "coordinates": [
          -1.6541804,
          48.2394802
        ]
      },
      "properties": {
        "operateur": "SNCF Gares & Connexions",
        "name": "Saint-Germain-sur-Ille",
        "official_name": "Saint-Germain-sur-Ille",
        "type": "ter"
      }
    },
    {
      "type": "Feature",
      "geometry": {
        "type": "Point",
        "coordinates": [
          4.729008,
          46.1119468
        ]
      },
      "properties": {
        "operateur": "SNCF Gares & Connexions",
        "name": "Belleville-sur-Saône",
        "official_name": "Belleville sur Saône",
        "type": "ter"
      }
    },
    {
      "type": "Feature",
      "geometry": {
        "type": "Point",
        "coordinates": [
          -0.8092962,
          44.0070015
        ]
      },
      "properties": {
        "operateur": "SNCF",
        "name": "Arengosse",
        "official_name": "Arengosse",
        "type": "ter"
      }
    },
    {
      "type": "Feature",
      "geometry": {
        "type": "Point",
        "coordinates": [
          1.7846207,
          49.2851686
        ]
      },
      "properties": {
        "operateur": "SNCF Gares & Connexions",
        "name": "Gisors",
        "official_name": "Gisors",
        "type": "ter"
      }
    },
    {
      "type": "Feature",
      "geometry": {
        "type": "Point",
        "coordinates": [
          2.8631508,
          49.4671008
        ]
      },
      "properties": {
        "operateur": "SNCF Gares & Connexions",
        "name": "Longueil-Annel",
        "official_name": "Longueil-Annel",
        "type": "ter"
      }
    },
    {
      "type": "Feature",
      "geometry": {
        "type": "Point",
        "coordinates": [
          2.8819826,
          49.475441
        ]
      },
      "properties": {
        "operateur": "SNCF Gares & Connexions",
        "name": "Thourotte",
        "official_name": "Thourotte",
        "type": "ter"
      }
    },
    {
      "type": "Feature",
      "geometry": {
        "type": "Point",
        "coordinates": [
          3.2502486,
          49.6275466
        ]
      },
      "properties": {
        "operateur": "SNCF Gares & Connexions",
        "name": "Viry-Noureuil",
        "official_name": "Viry-Noureuil",
        "type": "ter"
      }
    },
    {
      "type": "Feature",
      "geometry": {
        "type": "Point",
        "coordinates": [
          3.1208655,
          49.5808365
        ]
      },
      "properties": {
        "operateur": "SNCF Gares & Connexions",
        "name": "Appilly",
        "official_name": "Appilly",
        "type": "ter"
      }
    },
    {
      "type": "Feature",
      "geometry": {
        "type": "Point",
        "coordinates": [
          1.7560425,
          49.7650371
        ]
      },
      "properties": {
        "operateur": "SNCF Gares & Connexions",
        "name": "Aumale",
        "official_name": "Aumale",
        "type": "ter"
      }
    },
    {
      "type": "Feature",
      "geometry": {
        "type": "Point",
        "coordinates": [
          1.011891,
          44.7773586
        ]
      },
      "properties": {
        "operateur": "SNCF Gares & Connexions",
        "name": "Belvès",
        "official_name": "Belvès",
        "type": "ter"
      }
    },
    {
      "type": "Feature",
      "geometry": {
        "type": "Point",
        "coordinates": [
          -0.159334,
          44.8811708
        ]
      },
      "properties": {
        "operateur": "SNCF Gares & Connexions",
        "name": "Saint-Émilion",
        "type": "ter"
      }
    },
    {
      "type": "Feature",
      "geometry": {
        "type": "Point",
        "coordinates": [
          2.4112139,
          48.7643737
        ]
      },
      "properties": {
        "operateur": "SNCF Gares & Connexions",
        "name": "Choisy-le-Roi",
        "official_name": "Choisy-le-Roi",
        "type": "ter"
      }
    },
    {
      "type": "Feature",
      "geometry": {
        "type": "Point",
        "coordinates": [
          0.9080844,
          44.8470665
        ]
      },
      "properties": {
        "operateur": "SNCF Gares & Connexions",
        "name": "Le Buisson",
        "official_name": "Le Buisson",
        "type": "ter"
      }
    },
    {
      "type": "Feature",
      "geometry": {
        "type": "Point",
        "coordinates": [
          2.4847012,
          47.0963826
        ]
      },
      "properties": {
        "operateur": "SNCF Gares & Connexions",
        "name": "Saint-Germain-du-Puy",
        "official_name": "Saint-Germain-du-Puy",
        "type": "ter"
      }
    },
    {
      "type": "Feature",
      "geometry": {
        "type": "Point",
        "coordinates": [
          3.2377829,
          45.7885543
        ]
      },
      "properties": {
        "operateur": "SNCF",
        "name": "Pont du Château",
        "official_name": "Pont-du-Château",
        "type": "ter"
      }
    },
    {
      "type": "Feature",
      "geometry": {
        "type": "Point",
        "coordinates": [
          5.7501474,
          43.140372
        ]
      },
      "properties": {
        "operateur": "SNCF Gares & Connexions",
        "name": "Bandol",
        "official_name": "Bandol",
        "type": "ter"
      }
    },
    {
      "type": "Feature",
      "geometry": {
        "type": "Point",
        "coordinates": [
          0.3319427,
          44.8347538
        ]
      },
      "properties": {
        "operateur": "SNCF Gares & Connexions",
        "name": "Gardonne",
        "official_name": "Gardonne",
        "type": "ter"
      }
    },
    {
      "type": "Feature",
      "geometry": {
        "type": "Point",
        "coordinates": [
          0.4451308,
          45.0998896
        ]
      },
      "properties": {
        "operateur": "SNCF Gares & Connexions",
        "name": "Neuvic",
        "type": "ter"
      }
    },
    {
      "type": "Feature",
      "geometry": {
        "type": "Point",
        "coordinates": [
          1.2569659,
          48.7586124
        ]
      },
      "properties": {
        "operateur": "SNCF Gares & Connexions",
        "name": "Saint-Germain - Saint-Rémy",
        "official_name": "Saint-Germain - Saint-Rémy",
        "type": "ter"
      }
    },
    {
      "type": "Feature",
      "geometry": {
        "type": "Point",
        "coordinates": [
          3.1182106,
          50.5905212
        ]
      },
      "properties": {
        "operateur": "SNCF Gares & Connexions",
        "name": "Lesquin",
        "official_name": "Lesquin",
        "type": "ter"
      }
    },
    {
      "type": "Feature",
      "geometry": {
        "type": "Point",
        "coordinates": [
          3.2904041,
          50.4687239
        ]
      },
      "properties": {
        "operateur": "SNCF Gares & Connexions",
        "name": "Landas",
        "official_name": "Landas",
        "type": "ter"
      }
    },
    {
      "type": "Feature",
      "geometry": {
        "type": "Point",
        "coordinates": [
          2.7866913,
          50.7130199
        ]
      },
      "properties": {
        "operateur": "SNCF Gares & Connexions",
        "name": "Steenwerck",
        "official_name": "Steenwerck",
        "type": "ter"
      }
    },
    {
      "type": "Feature",
      "geometry": {
        "type": "Point",
        "coordinates": [
          3.179284,
          50.6908804
        ]
      },
      "properties": {
        "operateur": "Keolis Lille Métropole",
        "name": "Eurotéléport",
        "type": "ter"
      }
    },
    {
      "type": "Feature",
      "geometry": {
        "type": "Point",
        "coordinates": [
          3.5166979,
          50.3634638
        ]
      },
      "properties": {
        "operateur": "SNCF Gares & Connexions",
        "name": "Valenciennes",
        "official_name": "Valenciennes",
        "type": "ter"
      }
    },
    {
      "type": "Feature",
      "geometry": {
        "type": "Point",
        "coordinates": [
          1.6803708,
          43.775284
        ]
      },
      "properties": {
        "operateur": "SNCF Gares & Connexions",
        "name": "Saint-Sulpice",
        "official_name": "Saint-Sulpice (Tarn)",
        "type": "ter"
      }
    },
    {
      "type": "Feature",
      "geometry": {
        "type": "Point",
        "coordinates": [
          -0.5223144,
          44.9012933
        ]
      },
      "properties": {
        "operateur": "SNCF Gares & Connexions",
        "name": "Bassens Ville",
        "official_name": "Bassens",
        "type": "ter"
      }
    },
    {
      "type": "Feature",
      "geometry": {
        "type": "Point",
        "coordinates": [
          -0.4769076,
          44.9356617
        ]
      },
      "properties": {
        "operateur": "SNCF Gares & Connexions",
        "name": "La Grave-d'Ambarès",
        "official_name": "La Grave d'Ambarès",
        "type": "ter"
      }
    },
    {
      "type": "Feature",
      "geometry": {
        "type": "Point",
        "coordinates": [
          -0.3921324,
          44.9142839
        ]
      },
      "properties": {
        "operateur": "SNCF",
        "name": "Saint-Sulpice - Izon",
        "official_name": "Saint-Sulpice - Izon",
        "type": "ter"
      }
    },
    {
      "type": "Feature",
      "geometry": {
        "type": "Point",
        "coordinates": [
          7.1671312,
          43.6605589
        ]
      },
      "properties": {
        "operateur": "SNCF Gares & Connexions",
        "name": "Le Cros-de-Cagnes",
        "official_name": "Cros de Cagnes",
        "type": "ter"
      }
    },
    {
      "type": "Feature",
      "geometry": {
        "type": "Point",
        "coordinates": [
          9.1930748,
          42.4040942
        ]
      },
      "properties": {
        "operateur": "SEM des Chemins de Fer de la Corse",
        "name": "Francardo",
        "type": "ter"
      }
    },
    {
      "type": "Feature",
      "geometry": {
        "type": "Point",
        "coordinates": [
          4.0862542,
          46.0239426
        ]
      },
      "properties": {
        "operateur": "SNCF Gares & Connexions",
        "name": "Le Coteau",
        "official_name": "Le Coteau",
        "type": "ter"
      }
    },
    {
      "type": "Feature",
      "geometry": {
        "type": "Point",
        "coordinates": [
          2.3081986,
          49.8905599
        ]
      },
      "properties": {
        "operateur": "SNCF Gares & Connexions",
        "name": "Amiens",
        "official_name": "Amiens",
        "type": "ter"
      }
    },
    {
      "type": "Feature",
      "geometry": {
        "type": "Point",
        "coordinates": [
          3.1963372,
          45.2537642
        ]
      },
      "properties": {
        "operateur": "SNCF Gares & Connexions",
        "name": "Massiac - Blesle",
        "official_name": "Massiac - Blesle",
        "type": "ter"
      }
    },
    {
      "type": "Feature",
      "geometry": {
        "type": "Point",
        "coordinates": [
          1.5336541,
          44.1622668
        ]
      },
      "properties": {
        "operateur": "SNCF Gares & Connexions",
        "name": "Caussade",
        "official_name": "Caussade (Tarn-et-Garonne)",
        "type": "ter"
      }
    },
    {
      "type": "Feature",
      "geometry": {
        "type": "Point",
        "coordinates": [
          -0.4197605,
          45.0152913
        ]
      },
      "properties": {
        "operateur": "SNCF Gares & Connexions",
        "name": "Aubie - Saint-Antoine",
        "official_name": "Aubie - Saint-Antoine",
        "type": "ter"
      }
    },
    {
      "type": "Feature",
      "geometry": {
        "type": "Point",
        "coordinates": [
          7.517236,
          43.7852801
        ]
      },
      "properties": {
        "operateur": "SNCF Gares & Connexions",
        "name": "Menton - Garavan",
        "official_name": "Menton Garavan",
        "type": "ter"
      }
    },
    {
      "type": "Feature",
      "geometry": {
        "type": "Point",
        "coordinates": [
          1.3735025,
          48.4077399
        ]
      },
      "properties": {
        "operateur": "SNCF Gares & Connexions",
        "name": "La Taye",
        "official_name": "La Taye",
        "type": "ter"
      }
    },
    {
      "type": "Feature",
      "geometry": {
        "type": "Point",
        "coordinates": [
          3.3223268,
          48.9687351
        ]
      },
      "properties": {
        "operateur": "SNCF Gares & Connexions",
        "name": "Nogent-l'Artaud - Charly",
        "official_name": "Nogent-l'Artaud - Charly",
        "type": "ter"
      }
    },
    {
      "type": "Feature",
      "geometry": {
        "type": "Point",
        "coordinates": [
          -0.0113484,
          48.127269
        ]
      },
      "properties": {
        "operateur": "SNCF Gares & Connexions",
        "name": "Conlie",
        "official_name": "Conlie",
        "type": "ter"
      }
    },
    {
      "type": "Feature",
      "geometry": {
        "type": "Point",
        "coordinates": [
          3.8803219,
          43.6042456
        ]
      },
      "properties": {
        "operateur": "SNCF Gares & Connexions",
        "name": "Montpellier Saint-Roch",
        "official_name": "Montpellier Saint-Roch",
        "type": "ter"
      }
    },
    {
      "type": "Feature",
      "geometry": {
        "type": "Point",
        "coordinates": [
          1.703099,
          48.9893972
        ]
      },
      "properties": {
        "operateur": "SNCF Gares & Connexions",
        "name": "Mantes-la-Jolie",
        "official_name": "Mantes-la-Jolie",
        "type": "ter"
      }
    },
    {
      "type": "Feature",
      "geometry": {
        "type": "Point",
        "coordinates": [
          3.4096253,
          49.4741627
        ]
      },
      "properties": {
        "operateur": "SNCF Gares & Connexions",
        "name": "Vauxaillon",
        "official_name": "Vauxaillon",
        "type": "ter"
      }
    },
    {
      "type": "Feature",
      "geometry": {
        "type": "Point",
        "coordinates": [
          3.7320158,
          47.6605871
        ]
      },
      "properties": {
        "operateur": "SNCF Gares & Connexions",
        "name": "Vermenton",
        "official_name": "Vermenton",
        "type": "ter"
      }
    },
    {
      "type": "Feature",
      "geometry": {
        "type": "Point",
        "coordinates": [
          3.6751472,
          47.6041692
        ]
      },
      "properties": {
        "operateur": "SNCF Gares & Connexions",
        "name": "Mailly-la-Ville",
        "official_name": "Mailly-la-Ville",
        "type": "ter"
      }
    },
    {
      "type": "Feature",
      "geometry": {
        "type": "Point",
        "coordinates": [
          3.6149926,
          47.3630583
        ]
      },
      "properties": {
        "operateur": "SNCF Gares & Connexions",
        "name": "Flez Cuzy Tannay",
        "official_name": "Flez-Cuzy - Tannay",
        "type": "ter"
      }
    },
    {
      "type": "Feature",
      "geometry": {
        "type": "Point",
        "coordinates": [
          2.8374339,
          49.2001907
        ]
      },
      "properties": {
        "operateur": "SNCF Gares & Connexions",
        "name": "Ormoy-Villers",
        "official_name": "Ormoy-Villers",
        "type": "ter"
      }
    },
    {
      "type": "Feature",
      "geometry": {
        "type": "Point",
        "coordinates": [
          2.4359525,
          49.8117217
        ]
      },
      "properties": {
        "operateur": "SNCF Gares & Connexions",
        "name": "Thézy-Glimont",
        "official_name": "Thézy-Glimont",
        "type": "ter"
      }
    },
    {
      "type": "Feature",
      "geometry": {
        "type": "Point",
        "coordinates": [
          2.4094509,
          48.7829984
        ]
      },
      "properties": {
        "operateur": "SNCF Gares & Connexions",
        "name": "Les Ardoines",
        "official_name": "Les Ardoines",
        "type": "ter"
      }
    },
    {
      "type": "Feature",
      "geometry": {
        "type": "Point",
        "coordinates": [
          0.8303278,
          44.8625105
        ]
      },
      "properties": {
        "operateur": "SNCF Gares & Connexions",
        "name": "Trémolat",
        "official_name": "Trémolat",
        "type": "ter"
      }
    },
    {
      "type": "Feature",
      "geometry": {
        "type": "Point",
        "coordinates": [
          5.4880293,
          47.0962085
        ]
      },
      "properties": {
        "operateur": "SNCF",
        "name": "Dole",
        "official_name": "Dole",
        "type": "ter"
      }
    },
    {
      "type": "Feature",
      "geometry": {
        "type": "Point",
        "coordinates": [
          2.382849,
          48.8391964
        ]
      },
      "properties": {
        "operateur": "SNCF Gares & Connexions",
        "name": "Paris-Bercy - Bourgogne-Pays d'Auvergne",
        "official_name": "Paris Bercy Bourgogne Pays d'Auvergne",
        "type": "ter"
      }
    },
    {
      "type": "Feature",
      "geometry": {
        "type": "Point",
        "coordinates": [
          1.5151205,
          45.3828902
        ]
      },
      "properties": {
        "operateur": "SNCF Gares & Connexions",
        "name": "Vigeois",
        "official_name": "Vigeois",
        "type": "ter"
      }
    },
    {
      "type": "Feature",
      "geometry": {
        "type": "Point",
        "coordinates": [
          2.3644654,
          44.9106782
        ]
      },
      "properties": {
        "operateur": "SNCF Gares & Connexions",
        "name": "Ytrac",
        "official_name": "Ytrac",
        "type": "ter"
      }
    },
    {
      "type": "Feature",
      "geometry": {
        "type": "Point",
        "coordinates": [
          2.7469355,
          50.5220192
        ]
      },
      "properties": {
        "operateur": "SNCF Gares & Connexions",
        "name": "Cuinchy",
        "official_name": "Cuinchy",
        "type": "ter"
      }
    },
    {
      "type": "Feature",
      "geometry": {
        "type": "Point",
        "coordinates": [
          2.1997854,
          44.7060004
        ]
      },
      "properties": {
        "operateur": "SNCF Gares & Connexions",
        "name": "Maurs",
        "official_name": "Maurs",
        "type": "ter"
      }
    },
    {
      "type": "Feature",
      "geometry": {
        "type": "Point",
        "coordinates": [
          4.3300578,
          46.6421069
        ]
      },
      "properties": {
        "operateur": "SNCF Gares & Connexions",
        "name": "Galuzot",
        "official_name": "Galuzot",
        "type": "ter"
      }
    },
    {
      "type": "Feature",
      "geometry": {
        "type": "Point",
        "coordinates": [
          2.909522,
          49.7639875
        ]
      },
      "properties": {
        "operateur": "SNCF Gares & Connexions",
        "name": "Nesle (Somme)",
        "official_name": "Nesle (Somme)",
        "type": "ter"
      }
    },
    {
      "type": "Feature",
      "geometry": {
        "type": "Point",
        "coordinates": [
          3.1306751,
          48.3239148
        ]
      },
      "properties": {
        "operateur": "SNCF Gares & Connexions",
        "name": "Champigny-sur-Yonne",
        "official_name": "Champigny sur Yonne",
        "type": "ter"
      }
    },
    {
      "type": "Feature",
      "geometry": {
        "type": "Point",
        "coordinates": [
          3.0718801,
          48.342563
        ]
      },
      "properties": {
        "operateur": "SNCF Gares & Connexions",
        "name": "Villeneuve-la-Guyard",
        "official_name": "Villeneuve-la-Guyard",
        "type": "ter"
      }
    },
    {
      "type": "Feature",
      "geometry": {
        "type": "Point",
        "coordinates": [
          2.5827737,
          48.8742022
        ]
      },
      "properties": {
        "operateur": "SNCF Gares & Connexions",
        "name": "Chelles Gournay",
        "official_name": "Chelles - Gournay",
        "type": "ter"
      }
    },
    {
      "type": "Feature",
      "geometry": {
        "type": "Point",
        "coordinates": [
          3.2866333,
          48.0851042
        ]
      },
      "properties": {
        "operateur": "SNCF Gares & Connexions",
        "name": "Villeneuve-sur-Yonne",
        "official_name": "Villeneuve-sur-Yonne",
        "type": "ter"
      }
    },
    {
      "type": "Feature",
      "geometry": {
        "type": "Point",
        "coordinates": [
          7.4485727,
          43.7545718
        ]
      },
      "properties": {
        "operateur": "SNCF",
        "name": "Monte-Carlo Country Club",
        "official_name": "Monte-Carlo Country Club",
        "type": "ter"
      }
    },
    {
      "type": "Feature",
      "geometry": {
        "type": "Point",
        "coordinates": [
          4.9301687,
          49.6948705
        ]
      },
      "properties": {
        "operateur": "SNCF Gares & Connexions",
        "name": "Sedan",
        "official_name": "Sedan",
        "type": "ter"
      }
    },
    {
      "type": "Feature",
      "geometry": {
        "type": "Point",
        "coordinates": [
          1.5230874,
          48.4827059
        ]
      },
      "properties": {
        "operateur": "SNCF Gares & Connexions",
        "name": "La Villette - Saint-Prest",
        "official_name": "La Villette Saint-Prest",
        "type": "ter"
      }
    },
    {
      "type": "Feature",
      "geometry": {
        "type": "Point",
        "coordinates": [
          4.3913494,
          46.6940868
        ]
      },
      "properties": {
        "operateur": "SNCF Gares & Connexions",
        "name": "Blanzy",
        "official_name": "Blanzy",
        "type": "ter"
      }
    },
    {
      "type": "Feature",
      "geometry": {
        "type": "Point",
        "coordinates": [
          2.793058,
          50.4378819
        ]
      },
      "properties": {
        "operateur": "SNCF Gares & Connexions",
        "name": "Loos-en-Gohelle",
        "official_name": "Loos-en-Gohelle",
        "type": "ter"
      }
    },
    {
      "type": "Feature",
      "geometry": {
        "type": "Point",
        "coordinates": [
          3.094009,
          47.0767912
        ]
      },
      "properties": {
        "operateur": "SNCF Gares & Connexions",
        "name": "Pougues-les-Eaux",
        "official_name": "Pougues-les-Eaux",
        "type": "ter"
      }
    },
    {
      "type": "Feature",
      "geometry": {
        "type": "Point",
        "coordinates": [
          3.7419145,
          44.8379819
        ]
      },
      "properties": {
        "operateur": "SNCF Gares & Connexions",
        "name": "Chapeauroux",
        "official_name": "Chapeauroux",
        "type": "ter"
      }
    },
    {
      "type": "Feature",
      "geometry": {
        "type": "Point",
        "coordinates": [
          2.2714017,
          48.980694
        ]
      },
      "properties": {
        "operateur": "SNCF Gares & Connexions",
        "name": "Ermont - Eaubonne",
        "official_name": "Ermont - Eaubonne",
        "type": "ter"
      }
    },
    {
      "type": "Feature",
      "geometry": {
        "type": "Point",
        "coordinates": [
          1.7045854,
          50.1874318
        ]
      },
      "properties": {
        "operateur": "SNCF;Chemin de Fer de la Baie de Somme",
        "name": "Noyelles-sur-Mer",
        "official_name": "Noyelles-sur-Mer",
        "type": "ter"
      }
    },
    {
      "type": "Feature",
      "geometry": {
        "type": "Point",
        "coordinates": [
          -0.7361855,
          43.9782469
        ]
      },
      "properties": {
        "operateur": "SNCF",
        "name": "Ygos",
        "official_name": "Ygos",
        "type": "ter"
      }
    },
    {
      "type": "Feature",
      "geometry": {
        "type": "Point",
        "coordinates": [
          3.4304262,
          46.2090521
        ]
      },
      "properties": {
        "operateur": "SNCF Gares & Connexions",
        "name": "Saint-Germain-des-Fossés",
        "official_name": "Saint-Germain-des-Fossés",
        "type": "ter"
      }
    },
    {
      "type": "Feature",
      "geometry": {
        "type": "Point",
        "coordinates": [
          -3.1364357,
          47.53657
        ]
      },
      "properties": {
        "operateur": "SNCF Gares & Connexions",
        "name": "Kerhostin",
        "official_name": "Kerhostin",
        "type": "ter"
      }
    },
    {
      "type": "Feature",
      "geometry": {
        "type": "Point",
        "coordinates": [
          0.6943943,
          48.2672955
        ]
      },
      "properties": {
        "operateur": "SNCF Gares & Connexions",
        "name": "Le Theil - La Rouge",
        "official_name": "Le Theil - La Rouge",
        "type": "ter"
      }
    },
    {
      "type": "Feature",
      "geometry": {
        "type": "Point",
        "coordinates": [
          -0.1205567,
          48.714893
        ]
      },
      "properties": {
        "operateur": "SNCF Gares & Connexions",
        "name": "Écouché",
        "official_name": "Écouché",
        "type": "ter"
      }
    },
    {
      "type": "Feature",
      "geometry": {
        "type": "Point",
        "coordinates": [
          0.1056321,
          48.3034735
        ]
      },
      "properties": {
        "operateur": "SNCF",
        "name": "La Hutte - Coulombiers",
        "official_name": "La Hutte - Coulombiers",
        "type": "ter"
      }
    },
    {
      "type": "Feature",
      "geometry": {
        "type": "Point",
        "coordinates": [
          7.8824623,
          48.9345566
        ]
      },
      "properties": {
        "operateur": "SNCF Gares & Connexions",
        "name": "Soultz-sous-Forêts",
        "official_name": "Soultz-sous-Forêts",
        "type": "ter"
      }
    },
    {
      "type": "Feature",
      "geometry": {
        "type": "Point",
        "coordinates": [
          3.0031455,
          45.864715
        ]
      },
      "properties": {
        "operateur": "SNCF Gares & Connexions",
        "name": "Volvic",
        "official_name": "Volvic",
        "type": "ter"
      }
    },
    {
      "type": "Feature",
      "geometry": {
        "type": "Point",
        "coordinates": [
          1.7939094,
          46.8500886
        ]
      },
      "properties": {
        "operateur": "SNCF Gares & Connexions",
        "name": "Montierchaume",
        "type": "ter"
      }
    },
    {
      "type": "Feature",
      "geometry": {
        "type": "Point",
        "coordinates": [
          -0.209896,
          46.985099
        ]
      },
      "properties": {
        "operateur": "SNCF Gares & Connexions",
        "name": "Thouars",
        "official_name": "Thouars",
        "type": "ter"
      }
    },
    {
      "type": "Feature",
      "geometry": {
        "type": "Point",
        "coordinates": [
          2.1164133,
          49.3473824
        ]
      },
      "properties": {
        "operateur": "SNCF Gares & Connexions",
        "name": "Saint-Sulpice - Auteuil",
        "official_name": "Saint-Sulpice - Auteuil",
        "type": "ter"
      }
    },
    {
      "type": "Feature",
      "geometry": {
        "type": "Point",
        "coordinates": [
          0.0265841,
          47.89222
        ]
      },
      "properties": {
        "operateur": "SNCF Gares & Connexions",
        "name": "La Suze",
        "official_name": "La Suze",
        "type": "ter"
      }
    },
    {
      "type": "Feature",
      "geometry": {
        "type": "Point",
        "coordinates": [
          4.3996073,
          45.4436149
        ]
      },
      "properties": {
        "operateur": "SNCF Gares & Connexions",
        "name": "Saint-Étienne Châteaucreux",
        "official_name": "Saint-Étienne Châteaucreux",
        "type": "ter"
      }
    },
    {
      "type": "Feature",
      "geometry": {
        "type": "Point",
        "coordinates": [
          3.1903856,
          49.718741
        ]
      },
      "properties": {
        "operateur": "SNCF Gares & Connexions",
        "name": "Flavy-le-Martel",
        "official_name": "Flavy-le-Martel",
        "type": "ter"
      }
    },
    {
      "type": "Feature",
      "geometry": {
        "type": "Point",
        "coordinates": [
          -0.5127472,
          49.2034044
        ]
      },
      "properties": {
        "operateur": "SNCF Gares & Connexions",
        "name": "Bretteville-Norrey",
        "official_name": "Bretteville - Norrey",
        "type": "ter"
      }
    },
    {
      "type": "Feature",
      "geometry": {
        "type": "Point",
        "coordinates": [
          2.5629245,
          49.6414144
        ]
      },
      "properties": {
        "operateur": "SNCF Gares & Connexions",
        "name": "Montdidier",
        "official_name": "Montdidier",
        "type": "ter"
      }
    },
    {
      "type": "Feature",
      "geometry": {
        "type": "Point",
        "coordinates": [
          2.5315547,
          49.7140813
        ]
      },
      "properties": {
        "operateur": "SNCF Gares & Connexions",
        "name": "Hargicourt - Pierrepont",
        "official_name": "Hargicourt - Pierrepont",
        "type": "ter"
      }
    },
    {
      "type": "Feature",
      "geometry": {
        "type": "Point",
        "coordinates": [
          4.3276399,
          43.8133863
        ]
      },
      "properties": {
        "operateur": "SNCF Gares & Connexions",
        "name": "Saint-Césaire",
        "official_name": "Saint-Césaire",
        "type": "ter"
      }
    },
    {
      "type": "Feature",
      "geometry": {
        "type": "Point",
        "coordinates": [
          6.9354117,
          47.5497285
        ]
      },
      "properties": {
        "operateur": "SNCF Gares & Connexions",
        "name": "Morvillars",
        "official_name": "Morvillars",
        "type": "ter"
      }
    },
    {
      "type": "Feature",
      "geometry": {
        "type": "Point",
        "coordinates": [
          3.2068186,
          50.5021075
        ]
      },
      "properties": {
        "operateur": "SNCF Gares & Connexions",
        "name": "Nomain",
        "official_name": "Nomain",
        "type": "ter"
      }
    },
    {
      "type": "Feature",
      "geometry": {
        "type": "Point",
        "coordinates": [
          3.1760547,
          50.5286492
        ]
      },
      "properties": {
        "operateur": "SNCF Gares & Connexions",
        "name": "Templeuve",
        "official_name": "Templeuve",
        "type": "ter"
      }
    },
    {
      "type": "Feature",
      "geometry": {
        "type": "Point",
        "coordinates": [
          3.1586464,
          50.5493458
        ]
      },
      "properties": {
        "operateur": "SNCF Gares & Connexions",
        "name": "Ennevelin",
        "official_name": "Ennevelin",
        "type": "ter"
      }
    },
    {
      "type": "Feature",
      "geometry": {
        "type": "Point",
        "coordinates": [
          3.1493456,
          50.5601557
        ]
      },
      "properties": {
        "operateur": "SNCF Gares & Connexions",
        "name": "Fretin",
        "official_name": "Fretin",
        "type": "ter"
      }
    },
    {
      "type": "Feature",
      "geometry": {
        "type": "Point",
        "coordinates": [
          3.3494407,
          50.4562745
        ]
      },
      "properties": {
        "operateur": "SNCF Gares & Connexions",
        "name": "Rosult",
        "official_name": "Rosult",
        "type": "ter"
      }
    },
    {
      "type": "Feature",
      "geometry": {
        "type": "Point",
        "coordinates": [
          1.7972555,
          47.3694005
        ]
      },
      "properties": {
        "operateur": "SNCF Gares & Connexions",
        "name": "Villeherviers",
        "official_name": "Villeherviers",
        "type": "ter"
      }
    },
    {
      "type": "Feature",
      "geometry": {
        "type": "Point",
        "coordinates": [
          2.436113,
          49.2511153
        ]
      },
      "properties": {
        "operateur": "SNCF Gares & Connexions",
        "name": "Montataire",
        "official_name": "Montataire",
        "type": "ter"
      }
    },
    {
      "type": "Feature",
      "geometry": {
        "type": "Point",
        "coordinates": [
          3.5025257,
          50.3300907
        ]
      },
      "properties": {
        "operateur": "SNCF Gares & Connexions",
        "name": "Le Poirier Université",
        "official_name": "Le Poirier Université",
        "type": "ter"
      }
    },
    {
      "type": "Feature",
      "geometry": {
        "type": "Point",
        "coordinates": [
          4.2116895,
          47.729326
        ]
      },
      "properties": {
        "operateur": "SNCF Gares & Connexions",
        "name": "Nuits sous Ravières",
        "official_name": "Nuits sous Ravières",
        "type": "ter"
      }
    },
    {
      "type": "Feature",
      "geometry": {
        "type": "Point",
        "coordinates": [
          2.6028585,
          49.3097934
        ]
      },
      "properties": {
        "operateur": "SNCF Gares & Connexions",
        "name": "Pont-Sainte-Maxence",
        "official_name": "Pont-Sainte-Maxence",
        "type": "ter"
      }
    },
    {
      "type": "Feature",
      "geometry": {
        "type": "Point",
        "coordinates": [
          2.4598931,
          50.7876221
        ]
      },
      "properties": {
        "operateur": "SNCF Gares & Connexions",
        "name": "Cassel",
        "official_name": "Cassel",
        "type": "ter"
      }
    },
    {
      "type": "Feature",
      "geometry": {
        "type": "Point",
        "coordinates": [
          2.4082869,
          50.8315071
        ]
      },
      "properties": {
        "operateur": "SNCF Gares & Connexions",
        "name": "Arnèke",
        "official_name": "Arnèke",
        "type": "ter"
      }
    },
    {
      "type": "Feature",
      "geometry": {
        "type": "Point",
        "coordinates": [
          2.4121415,
          50.8898108
        ]
      },
      "properties": {
        "operateur": "SNCF Gares & Connexions",
        "name": "Esquelbecq",
        "official_name": "Esquelbecq",
        "type": "ter"
      }
    },
    {
      "type": "Feature",
      "geometry": {
        "type": "Point",
        "coordinates": [
          2.3751331,
          51.0175188
        ]
      },
      "properties": {
        "operateur": "SNCF Gares & Connexions",
        "name": "Coudekerque-Branche",
        "official_name": "Coudekerque-Branche",
        "type": "ter"
      }
    },
    {
      "type": "Feature",
      "geometry": {
        "type": "Point",
        "coordinates": [
          2.1233976,
          50.9787459
        ]
      },
      "properties": {
        "operateur": "SNCF Gares & Connexions",
        "name": "Gravelines",
        "official_name": "Gravelines",
        "type": "ter"
      }
    },
    {
      "type": "Feature",
      "geometry": {
        "type": "Point",
        "coordinates": [
          4.4626185,
          47.5432729
        ]
      },
      "properties": {
        "operateur": "SNCF Gares & Connexions",
        "name": "Les Laumes Alésia",
        "official_name": "Les Laumes Alésia",
        "type": "ter"
      }
    },
    {
      "type": "Feature",
      "geometry": {
        "type": "Point",
        "coordinates": [
          1.6671067,
          50.6610274
        ]
      },
      "properties": {
        "operateur": "SNCF Gares & Connexions",
        "name": "Hesdigneul",
        "official_name": "Hesdigneul",
        "type": "ter"
      }
    },
    {
      "type": "Feature",
      "geometry": {
        "type": "Point",
        "coordinates": [
          1.6146399,
          50.5759249
        ]
      },
      "properties": {
        "operateur": "SNCF Gares & Connexions",
        "name": "Dannes - Camiers",
        "official_name": "Dannes - Camiers",
        "type": "ter"
      }
    },
    {
      "type": "Feature",
      "geometry": {
        "type": "Point",
        "coordinates": [
          2.4981377,
          50.3570245
        ]
      },
      "properties": {
        "operateur": "SNCF Gares & Connexions",
        "name": "Tincques",
        "official_name": "Tincques",
        "type": "ter"
      }
    },
    {
      "type": "Feature",
      "geometry": {
        "type": "Point",
        "coordinates": [
          3.0305381,
          50.6343313
        ]
      },
      "properties": {
        "operateur": "Keolis Lille Métropole",
        "name": "Bois Blancs",
        "type": "ter"
      }
    },
    {
      "type": "Feature",
      "geometry": {
        "type": "Point",
        "coordinates": [
          3.0246869,
          50.6371136
        ]
      },
      "properties": {
        "operateur": "Keolis Lille Métropole",
        "name": "Canteleu – Euratechnologies",
        "type": "ter"
      }
    },
    {
      "type": "Feature",
      "geometry": {
        "type": "Point",
        "coordinates": [
          3.1097732,
          50.642292
        ]
      },
      "properties": {
        "operateur": "Keolis Lille Métropole",
        "name": "Mairie de Mons",
        "type": "ter"
      }
    },
    {
      "type": "Feature",
      "geometry": {
        "type": "Point",
        "coordinates": [
          3.0887192,
          50.6423345
        ]
      },
      "properties": {
        "operateur": "Keolis Lille Métropole",
        "name": "Saint-Maurice Pellevoisin",
        "type": "ter"
      }
    },
    {
      "type": "Feature",
      "geometry": {
        "type": "Point",
        "coordinates": [
          2.9852309,
          50.6455623
        ]
      },
      "properties": {
        "operateur": "Keolis Lille Métropole",
        "name": "Bourg",
        "type": "ter"
      }
    },
    {
      "type": "Feature",
      "geometry": {
        "type": "Point",
        "coordinates": [
          2.9949338,
          50.6462716
        ]
      },
      "properties": {
        "operateur": "Keolis Lille Métropole",
        "name": "Maison des Enfants",
        "type": "ter"
      }
    },
    {
      "type": "Feature",
      "geometry": {
        "type": "Point",
        "coordinates": [
          3.1313805,
          50.6698227
        ]
      },
      "properties": {
        "operateur": "Keolis Lille Métropole",
        "name": "Wasquehal - Hôtel de Ville",
        "type": "ter"
      }
    },
    {
      "type": "Feature",
      "geometry": {
        "type": "Point",
        "coordinates": [
          3.1461695,
          50.6746924
        ]
      },
      "properties": {
        "operateur": "Keolis Lille Métropole",
        "name": "Croix Centre",
        "type": "ter"
      }
    },
    {
      "type": "Feature",
      "geometry": {
        "type": "Point",
        "coordinates": [
          3.1560065,
          50.6793219
        ]
      },
      "properties": {
        "operateur": "Keolis Lille Métropole",
        "name": "Mairie de Croix",
        "type": "ter"
      }
    },
    {
      "type": "Feature",
      "geometry": {
        "type": "Point",
        "coordinates": [
          3.1600392,
          50.7210118
        ]
      },
      "properties": {
        "operateur": "Keolis Lille Métropole",
        "name": "Tourcoing - Centre",
        "type": "ter"
      }
    },
    {
      "type": "Feature",
      "geometry": {
        "type": "Point",
        "coordinates": [
          3.1566878,
          50.7257204
        ]
      },
      "properties": {
        "operateur": "Keolis Lille Métropole",
        "name": "Colbert",
        "type": "ter"
      }
    },
    {
      "type": "Feature",
      "geometry": {
        "type": "Point",
        "coordinates": [
          3.1795509,
          50.7394402
        ]
      },
      "properties": {
        "operateur": "Keolis Lille Métropole",
        "name": "Bourgogne",
        "type": "ter"
      }
    },
    {
      "type": "Feature",
      "geometry": {
        "type": "Point",
        "coordinates": [
          3.0905472,
          50.6330162
        ]
      },
      "properties": {
        "operateur": "Keolis Lille Métropole",
        "name": "Fives",
        "type": "ter"
      }
    },
    {
      "type": "Feature",
      "geometry": {
        "type": "Point",
        "coordinates": [
          3.576754,
          49.5439181
        ]
      },
      "properties": {
        "operateur": "SNCF Gares & Connexions",
        "name": "Clacy - Mons",
        "official_name": "Clacy - Mons",
        "type": "ter"
      }
    },
    {
      "type": "Feature",
      "geometry": {
        "type": "Point",
        "coordinates": [
          3.448704,
          49.4960774
        ]
      },
      "properties": {
        "operateur": "SNCF Gares & Connexions",
        "name": "Anizy - Pinon",
        "official_name": "Anizy - Pinon",
        "type": "ter"
      }
    },
    {
      "type": "Feature",
      "geometry": {
        "type": "Point",
        "coordinates": [
          2.7349626,
          48.1817602
        ]
      },
      "properties": {
        "operateur": "SNCF Gares & Connexions",
        "name": "Souppes - Château-Landon",
        "official_name": "Souppes - Château-Landon",
        "type": "ter"
      }
    },
    {
      "type": "Feature",
      "geometry": {
        "type": "Point",
        "coordinates": [
          3.6499475,
          44.969654
        ]
      },
      "properties": {
        "operateur": "SNCF Gares & Connexions",
        "name": "Monistrol d'Allier",
        "official_name": "Monistrol-d'Allier",
        "type": "ter"
      }
    },
    {
      "type": "Feature",
      "geometry": {
        "type": "Point",
        "coordinates": [
          1.0942235,
          49.4492443
        ]
      },
      "properties": {
        "operateur": "SNCF Gares & Connexions",
        "name": "Rouen Rive-Droite",
        "official_name": "Rouen Rive Droite",
        "type": "ter"
      }
    },
    {
      "type": "Feature",
      "geometry": {
        "type": "Point",
        "coordinates": [
          3.5066087,
          50.3894218
        ]
      },
      "properties": {
        "operateur": "SNCF Gares & Connexions",
        "name": "Beuvrages",
        "official_name": "Beuvrages",
        "type": "ter"
      }
    },
    {
      "type": "Feature",
      "geometry": {
        "type": "Point",
        "coordinates": [
          3.4562395,
          50.0671514
        ]
      },
      "properties": {
        "operateur": "SNCF Gares & Connexions",
        "name": "Maurois",
        "official_name": "Maurois",
        "type": "ter"
      }
    },
    {
      "type": "Feature",
      "geometry": {
        "type": "Point",
        "coordinates": [
          3.3337548,
          50.1281387
        ]
      },
      "properties": {
        "operateur": "SNCF Gares & Connexions",
        "name": "Cattenières",
        "official_name": "Cattenières",
        "type": "ter"
      }
    },
    {
      "type": "Feature",
      "geometry": {
        "type": "Point",
        "coordinates": [
          3.3113316,
          50.1339098
        ]
      },
      "properties": {
        "operateur": "SNCF Gares & Connexions",
        "name": "Wambaix",
        "official_name": "Wambaix",
        "type": "ter"
      }
    },
    {
      "type": "Feature",
      "geometry": {
        "type": "Point",
        "coordinates": [
          3.3298634,
          50.2255015
        ]
      },
      "properties": {
        "operateur": "SNCF Gares & Connexions",
        "name": "Iwuy",
        "official_name": "Iwuy",
        "type": "ter"
      }
    },
    {
      "type": "Feature",
      "geometry": {
        "type": "Point",
        "coordinates": [
          2.0110694,
          49.4879015
        ]
      },
      "properties": {
        "operateur": "SNCF Gares & Connexions",
        "name": "Herchies",
        "official_name": "Herchies",
        "type": "ter"
      }
    },
    {
      "type": "Feature",
      "geometry": {
        "type": "Point",
        "coordinates": [
          6.701999,
          45.906309
        ]
      },
      "properties": {
        "operateur": "Compagnie du Mont-Blanc",
        "name": "Le Fayet - Gare",
        "type": "ter"
      }
    },
    {
      "type": "Feature",
      "geometry": {
        "type": "Point",
        "coordinates": [
          3.4610302,
          50.3167633
        ]
      },
      "properties": {
        "operateur": "SNCF Gares & Connexions",
        "name": "Prouvy - Thiant",
        "official_name": "Prouvy - Thiant",
        "type": "ter"
      }
    },
    {
      "type": "Feature",
      "geometry": {
        "type": "Point",
        "coordinates": [
          2.403453,
          48.6934881
        ]
      },
      "properties": {
        "operateur": "",
        "name": "Gare du centre",
        "type": "ter"
      }
    },
    {
      "type": "Feature",
      "geometry": {
        "type": "Point",
        "coordinates": [
          5.8767567,
          43.1169934
        ]
      },
      "properties": {
        "operateur": "SNCF Gares & Connexions",
        "name": "La Seyne Six Fours",
        "official_name": "La Seyne - Six Fours",
        "type": "ter"
      }
    },
    {
      "type": "Feature",
      "geometry": {
        "type": "Point",
        "coordinates": [
          2.8225077,
          46.9996437
        ]
      },
      "properties": {
        "operateur": "SNCF Gares & Connexions",
        "name": "Nérondes",
        "official_name": "Nérondes",
        "type": "ter"
      }
    },
    {
      "type": "Feature",
      "geometry": {
        "type": "Point",
        "coordinates": [
          3.3319009,
          50.2781091
        ]
      },
      "properties": {
        "operateur": "SNCF Gares & Connexions",
        "name": "Bouchain",
        "official_name": "Bouchain",
        "type": "ter"
      }
    },
    {
      "type": "Feature",
      "geometry": {
        "type": "Point",
        "coordinates": [
          0.9877784,
          47.3377237
        ]
      },
      "properties": {
        "operateur": "SNCF Gares & Connexions",
        "name": "Bléré - La Croix",
        "official_name": "Bléré - La Croix",
        "type": "ter"
      }
    },
    {
      "type": "Feature",
      "geometry": {
        "type": "Point",
        "coordinates": [
          1.1334097,
          47.3347777
        ]
      },
      "properties": {
        "operateur": "SNCF Gares & Connexions",
        "name": "Chissay-en-Touraine",
        "official_name": "Chissay-en-Touraine",
        "type": "ter"
      }
    },
    {
      "type": "Feature",
      "geometry": {
        "type": "Point",
        "coordinates": [
          3.2753172,
          50.191724
        ]
      },
      "properties": {
        "operateur": "SNCF Gares & Connexions",
        "name": "Escaudœuvres",
        "official_name": "Escaudœuvres",
        "type": "ter"
      }
    },
    {
      "type": "Feature",
      "geometry": {
        "type": "Point",
        "coordinates": [
          2.4857005,
          46.7265149
        ]
      },
      "properties": {
        "operateur": "SNCF Gares & Connexions",
        "name": "Saint-Amand-Montrond - Orval",
        "official_name": "Saint-Amand-Montrond - Orval",
        "type": "ter"
      }
    },
    {
      "type": "Feature",
      "geometry": {
        "type": "Point",
        "coordinates": [
          1.768094,
          47.2948034
        ]
      },
      "properties": {
        "operateur": "SNCF Gares & Connexions",
        "name": "Villefranche-sur-Cher",
        "official_name": "Villefranche-sur-Cher",
        "type": "ter"
      }
    },
    {
      "type": "Feature",
      "geometry": {
        "type": "Point",
        "coordinates": [
          1.1062482,
          49.5990829
        ]
      },
      "properties": {
        "operateur": "SNCF Gares & Connexions",
        "name": "Clères",
        "official_name": "Clères",
        "type": "ter"
      }
    },
    {
      "type": "Feature",
      "geometry": {
        "type": "Point",
        "coordinates": [
          2.0330976,
          47.533798
        ]
      },
      "properties": {
        "operateur": "SNCF",
        "name": "Nouan-le-Fuzelier",
        "official_name": "Nouan-le-Fuzelier",
        "type": "ter"
      }
    },
    {
      "type": "Feature",
      "geometry": {
        "type": "Point",
        "coordinates": [
          2.0475728,
          47.4251814
        ]
      },
      "properties": {
        "operateur": "SNCF Gares & Connexions",
        "name": "Salbris",
        "official_name": "Salbris",
        "type": "ter"
      }
    },
    {
      "type": "Feature",
      "geometry": {
        "type": "Point",
        "coordinates": [
          1.6757905,
          50.2731155
        ]
      },
      "properties": {
        "operateur": "SNCF Gares & Connexions",
        "name": "Rue",
        "official_name": "Rue",
        "type": "ter"
      }
    },
    {
      "type": "Feature",
      "geometry": {
        "type": "Point",
        "coordinates": [
          2.7346739,
          50.0957016
        ]
      },
      "properties": {
        "operateur": "SNCF Gares & Connexions",
        "name": "Miraumont",
        "official_name": "Miraumont",
        "type": "ter"
      }
    },
    {
      "type": "Feature",
      "geometry": {
        "type": "Point",
        "coordinates": [
          1.8260862,
          49.7365391
        ]
      },
      "properties": {
        "operateur": "SNCF Gares & Connexions",
        "name": "Fouilloy",
        "official_name": "Fouilloy",
        "type": "ter"
      }
    },
    {
      "type": "Feature",
      "geometry": {
        "type": "Point",
        "coordinates": [
          1.0698381,
          49.5511365
        ]
      },
      "properties": {
        "operateur": "SNCF Gares & Connexions",
        "name": "Montville",
        "official_name": "Montville",
        "type": "ter"
      }
    },
    {
      "type": "Feature",
      "geometry": {
        "type": "Point",
        "coordinates": [
          1.0773525,
          44.1024178
        ]
      },
      "properties": {
        "operateur": "SNCF Gares & Connexions",
        "name": "Moissac",
        "official_name": "Moissac",
        "type": "ter"
      }
    },
    {
      "type": "Feature",
      "geometry": {
        "type": "Point",
        "coordinates": [
          3.9840289,
          44.0506153
        ]
      },
      "properties": {
        "operateur": "Train à Vapeur des Cévennes",
        "name": "Train des Cevennes - Anduze",
        "type": "ter"
      }
    },
    {
      "type": "Feature",
      "geometry": {
        "type": "Point",
        "coordinates": [
          1.2118185,
          47.8919261
        ]
      },
      "properties": {
        "operateur": "SNCF Gares & Connexions",
        "name": "Fréteval",
        "official_name": "Fréteval - Morée",
        "type": "ter"
      }
    },
    {
      "type": "Feature",
      "geometry": {
        "type": "Point",
        "coordinates": [
          3.1717409,
          46.728403
        ]
      },
      "properties": {
        "operateur": "SNCF Gares & Connexions",
        "name": "Chantenay-Saint-Imbert",
        "official_name": "Chantenay-Saint-Imbert",
        "type": "ter"
      }
    },
    {
      "type": "Feature",
      "geometry": {
        "type": "Point",
        "coordinates": [
          1.7739544,
          49.6852896
        ]
      },
      "properties": {
        "operateur": "SNCF Gares & Connexions",
        "name": "Abancourt",
        "official_name": "Abancourt",
        "type": "ter"
      }
    },
    {
      "type": "Feature",
      "geometry": {
        "type": "Point",
        "coordinates": [
          -4.4800927,
          48.3876941
        ]
      },
      "properties": {
        "operateur": "",
        "name": "Brest",
        "official_name": "Brest",
        "type": "ter"
      }
    },
    {
      "type": "Feature",
      "geometry": {
        "type": "Point",
        "coordinates": [
          3.0762866,
          50.6393879
        ]
      },
      "properties": {
        "operateur": "Keolis Lille Métropole",
        "name": "Gare Lille Europe",
        "type": "ter"
      }
    },
    {
      "type": "Feature",
      "geometry": {
        "type": "Point",
        "coordinates": [
          -1.1828139,
          47.0505288
        ]
      },
      "properties": {
        "operateur": "SNCF Gares & Connexions",
        "name": "Boussay - La Bruffière",
        "official_name": "Boussay - La Bruffière",
        "type": "ter"
      }
    },
    {
      "type": "Feature",
      "geometry": {
        "type": "Point",
        "coordinates": [
          -0.9502409,
          46.914281
        ]
      },
      "properties": {
        "operateur": "",
        "name": "Chambretaud",
        "type": "ter"
      }
    },
    {
      "type": "Feature",
      "geometry": {
        "type": "Point",
        "coordinates": [
          4.3223807,
          45.3947579
        ]
      },
      "properties": {
        "operateur": "SNCF Gares & Connexions",
        "name": "Le Chambon-Feugerolles",
        "official_name": "Le Chambon-Feugerolles",
        "type": "ter"
      }
    },
    {
      "type": "Feature",
      "geometry": {
        "type": "Point",
        "coordinates": [
          0.8498715,
          49.6367741
        ]
      },
      "properties": {
        "operateur": "SNCF Gares & Connexions",
        "name": "Motteville",
        "official_name": "Motteville",
        "type": "ter"
      }
    },
    {
      "type": "Feature",
      "geometry": {
        "type": "Point",
        "coordinates": [
          3.43336,
          49.6574694
        ]
      },
      "properties": {
        "operateur": "SNCF Gares & Connexions",
        "name": "Versigny",
        "official_name": "Versigny",
        "type": "ter"
      }
    },
    {
      "type": "Feature",
      "geometry": {
        "type": "Point",
        "coordinates": [
          3.5167165,
          49.6233401
        ]
      },
      "properties": {
        "operateur": "SNCF Gares & Connexions",
        "name": "Crépy - Couvron",
        "official_name": "Crépy - Couvron",
        "type": "ter"
      }
    },
    {
      "type": "Feature",
      "geometry": {
        "type": "Point",
        "coordinates": [
          1.8371278,
          42.6594883
        ]
      },
      "properties": {
        "operateur": "SNCF Gares & Connexions",
        "name": "Mérens-les-Vals",
        "official_name": "Mérens-les-Vals",
        "type": "ter"
      }
    },
    {
      "type": "Feature",
      "geometry": {
        "type": "Point",
        "coordinates": [
          1.8008503,
          42.5899496
        ]
      },
      "properties": {
        "operateur": "SNCF Gares & Connexions",
        "name": "Andorre - L'Hospitalet",
        "official_name": "L'Hospitalet-près-l'Andorre",
        "type": "ter"
      }
    },
    {
      "type": "Feature",
      "geometry": {
        "type": "Point",
        "coordinates": [
          2.0886775,
          49.4261995
        ]
      },
      "properties": {
        "operateur": "SNCF Gares & Connexions",
        "name": "Beauvais",
        "official_name": "Beauvais",
        "type": "ter"
      }
    },
    {
      "type": "Feature",
      "geometry": {
        "type": "Point",
        "coordinates": [
          2.7333385,
          50.4485532
        ]
      },
      "properties": {
        "operateur": "SNCF Gares & Connexions",
        "name": "Bully - Grenay",
        "official_name": "Bully - Grenay",
        "type": "ter"
      }
    },
    {
      "type": "Feature",
      "geometry": {
        "type": "Point",
        "coordinates": [
          3.146266,
          50.2780618
        ]
      },
      "properties": {
        "operateur": "SNCF Gares & Connexions",
        "name": "Brunémont",
        "official_name": "Brunémont",
        "type": "ter"
      }
    },
    {
      "type": "Feature",
      "geometry": {
        "type": "Point",
        "coordinates": [
          2.8854406,
          50.4150039
        ]
      },
      "properties": {
        "operateur": "SNCF Gares & Connexions",
        "name": "Corons de Méricourt",
        "official_name": "Coron de Méricourt",
        "type": "ter"
      }
    },
    {
      "type": "Feature",
      "geometry": {
        "type": "Point",
        "coordinates": [
          2.8556244,
          50.4223061
        ]
      },
      "properties": {
        "operateur": "SNCF Gares & Connexions",
        "name": "Sallaumines",
        "official_name": "Sallaumines",
        "type": "ter"
      }
    },
    {
      "type": "Feature",
      "geometry": {
        "type": "Point",
        "coordinates": [
          2.6927634,
          50.5355169
        ]
      },
      "properties": {
        "operateur": "SNCF Gares & Connexions",
        "name": "Beuvry lès Béthune",
        "official_name": "Beuvry lès Béthune",
        "type": "ter"
      }
    },
    {
      "type": "Feature",
      "geometry": {
        "type": "Point",
        "coordinates": [
          2.6073805,
          50.52552
        ]
      },
      "properties": {
        "operateur": "SNCF Gares & Connexions",
        "name": "Fouquereuil",
        "official_name": "Fouquereuil",
        "type": "ter"
      }
    },
    {
      "type": "Feature",
      "geometry": {
        "type": "Point",
        "coordinates": [
          3.3435397,
          50.3103519
        ]
      },
      "properties": {
        "operateur": "SNCF Gares & Connexions",
        "name": "Lourches",
        "official_name": "Lourches",
        "type": "ter"
      }
    },
    {
      "type": "Feature",
      "geometry": {
        "type": "Point",
        "coordinates": [
          3.096475,
          50.6177547
        ]
      },
      "properties": {
        "operateur": "SNCF Gares & Connexions",
        "name": "Mont-de-Terre",
        "official_name": "Mont de Terre",
        "type": "ter"
      }
    },
    {
      "type": "Feature",
      "geometry": {
        "type": "Point",
        "coordinates": [
          2.8632014,
          50.4158584
        ]
      },
      "properties": {
        "operateur": "SNCF Gares & Connexions",
        "name": "Pont de Sallaumines",
        "official_name": "Pont de Sallaumines",
        "type": "ter"
      }
    },
    {
      "type": "Feature",
      "geometry": {
        "type": "Point",
        "coordinates": [
          7.1328589,
          47.802022
        ]
      },
      "properties": {
        "operateur": "SNCF Gares & Connexions",
        "name": "Vieux-Thann-Z.I.",
        "official_name": "Vieux-Thann Zone Industrielle",
        "type": "ter"
      }
    },
    {
      "type": "Feature",
      "geometry": {
        "type": "Point",
        "coordinates": [
          6.2951836,
          47.9812146
        ]
      },
      "properties": {
        "operateur": "SNCF Gares & Connexions",
        "name": "Bains-les-Bains",
        "official_name": "Bains-les-Bains",
        "type": "ter"
      }
    },
    {
      "type": "Feature",
      "geometry": {
        "type": "Point",
        "coordinates": [
          3.8912352,
          49.2781156
        ]
      },
      "properties": {
        "operateur": "SNCF Gares & Connexions",
        "name": "Muizon",
        "official_name": "Muizon",
        "type": "ter"
      }
    },
    {
      "type": "Feature",
      "geometry": {
        "type": "Point",
        "coordinates": [
          6.3768576,
          48.0530244
        ]
      },
      "properties": {
        "operateur": "SNCF Gares & Connexions",
        "name": "Xertigny",
        "official_name": "Xertigny",
        "type": "ter"
      }
    },
    {
      "type": "Feature",
      "geometry": {
        "type": "Point",
        "coordinates": [
          3.7433346,
          50.1582508
        ]
      },
      "properties": {
        "operateur": "SNCF Gares & Connexions",
        "name": "Hachette",
        "official_name": "Hachette",
        "type": "ter"
      }
    },
    {
      "type": "Feature",
      "geometry": {
        "type": "Point",
        "coordinates": [
          3.6267755,
          50.1032019
        ]
      },
      "properties": {
        "operateur": "SNCF Gares & Connexions",
        "name": "Ors",
        "official_name": "Ors",
        "type": "ter"
      }
    },
    {
      "type": "Feature",
      "geometry": {
        "type": "Point",
        "coordinates": [
          7.3026154,
          43.7344151
        ]
      },
      "properties": {
        "operateur": "SNCF Gares & Connexions",
        "name": "L'Ariane - La Trinité",
        "official_name": "L'Ariane - La Trinité",
        "type": "ter"
      }
    },
    {
      "type": "Feature",
      "geometry": {
        "type": "Point",
        "coordinates": [
          3.442799,
          49.9883475
        ]
      },
      "properties": {
        "operateur": "SNCF Gares & Connexions",
        "name": "Bohain",
        "official_name": "Bohain",
        "type": "ter"
      }
    },
    {
      "type": "Feature",
      "geometry": {
        "type": "Point",
        "coordinates": [
          3.3570311,
          49.4036744
        ]
      },
      "properties": {
        "operateur": "SNCF Gares & Connexions",
        "name": "Crouy",
        "official_name": "Crouy",
        "type": "ter"
      }
    },
    {
      "type": "Feature",
      "geometry": {
        "type": "Point",
        "coordinates": [
          3.4027907,
          49.4393801
        ]
      },
      "properties": {
        "operateur": "SNCF Gares & Connexions",
        "name": "Margival",
        "official_name": "Margival",
        "type": "ter"
      }
    },
    {
      "type": "Feature",
      "geometry": {
        "type": "Point",
        "coordinates": [
          3.2714652,
          49.6912506
        ]
      },
      "properties": {
        "operateur": "SNCF Gares & Connexions",
        "name": "Mennessis",
        "official_name": "Mennessis",
        "type": "ter"
      }
    },
    {
      "type": "Feature",
      "geometry": {
        "type": "Point",
        "coordinates": [
          2.2070988,
          49.1946859
        ]
      },
      "properties": {
        "operateur": "SNCF Gares & Connexions",
        "name": "Bornel - Belle-Église",
        "official_name": "Bornel - Belle-Église",
        "type": "ter"
      }
    },
    {
      "type": "Feature",
      "geometry": {
        "type": "Point",
        "coordinates": [
          2.4590533,
          49.899267
        ]
      },
      "properties": {
        "operateur": "SNCF Gares & Connexions",
        "name": "Daours",
        "official_name": "Daours",
        "type": "ter"
      }
    },
    {
      "type": "Feature",
      "geometry": {
        "type": "Point",
        "coordinates": [
          2.1708179,
          49.2125135
        ]
      },
      "properties": {
        "operateur": "SNCF Gares & Connexions",
        "name": "Esches",
        "official_name": "Esches",
        "type": "ter"
      }
    },
    {
      "type": "Feature",
      "geometry": {
        "type": "Point",
        "coordinates": [
          2.0661412,
          49.9822011
        ]
      },
      "properties": {
        "operateur": "SNCF Gares & Connexions",
        "name": "Hangest-sur-Somme",
        "official_name": "Hangest-sur-Somme",
        "type": "ter"
      }
    },
    {
      "type": "Feature",
      "geometry": {
        "type": "Point",
        "coordinates": [
          2.1054116,
          49.8081469
        ]
      },
      "properties": {
        "operateur": "SNCF Gares & Connexions",
        "name": "Namps - Quevauvillers",
        "official_name": "Namps - Quevauvillers",
        "type": "ter"
      }
    },
    {
      "type": "Feature",
      "geometry": {
        "type": "Point",
        "coordinates": [
          2.5818193,
          49.5620944
        ]
      },
      "properties": {
        "operateur": "SNCF Gares & Connexions",
        "name": "Tricot",
        "official_name": "Tricot",
        "type": "ter"
      }
    },
    {
      "type": "Feature",
      "geometry": {
        "type": "Point",
        "coordinates": [
          -1.5302794,
          47.3429721
        ]
      },
      "properties": {
        "operateur": "SNCF Gares & Connexions",
        "name": "Sucé-sur-Erdre",
        "official_name": "Sucé-sur-Erdre",
        "type": "ter"
      }
    },
    {
      "type": "Feature",
      "geometry": {
        "type": "Point",
        "coordinates": [
          -0.3958892,
          44.6746294
        ]
      },
      "properties": {
        "operateur": "SNCF Gares & Connexions",
        "name": "Arbanats",
        "official_name": "Arbanats",
        "type": "ter"
      }
    },
    {
      "type": "Feature",
      "geometry": {
        "type": "Point",
        "coordinates": [
          -0.4253867,
          44.6928657
        ]
      },
      "properties": {
        "operateur": "SNCF Gares & Connexions",
        "name": "Portets",
        "official_name": "Portets",
        "type": "ter"
      }
    },
    {
      "type": "Feature",
      "geometry": {
        "type": "Point",
        "coordinates": [
          -0.5472574,
          44.7683428
        ]
      },
      "properties": {
        "operateur": "SNCF",
        "name": "Villenave d'Ornon",
        "official_name": "Villenave-d'Ornon",
        "type": "ter"
      }
    },
    {
      "type": "Feature",
      "geometry": {
        "type": "Point",
        "coordinates": [
          2.6338047,
          50.3473228
        ]
      },
      "properties": {
        "operateur": "SNCF Gares & Connexions",
        "name": "Frévin-Capelle",
        "official_name": "Frévin-Capelle",
        "type": "ter"
      }
    },
    {
      "type": "Feature",
      "geometry": {
        "type": "Point",
        "coordinates": [
          3.5130434,
          47.9610304
        ]
      },
      "properties": {
        "operateur": "SNCF Gares & Connexions",
        "name": "Laroche - Migennes",
        "official_name": "Laroche - Migennes",
        "type": "ter"
      }
    },
    {
      "type": "Feature",
      "geometry": {
        "type": "Point",
        "coordinates": [
          2.0729794,
          48.9030945
        ]
      },
      "properties": {
        "operateur": "SNCF Gares & Connexions",
        "name": "Lisière Pereire",
        "type": "ter"
      }
    },
    {
      "type": "Feature",
      "geometry": {
        "type": "Point",
        "coordinates": [
          4.1394908,
          45.2976156
        ]
      },
      "properties": {
        "operateur": "SNCF Gares & Connexions",
        "name": "Bas-Monistrol",
        "official_name": "Bas - Monistrol",
        "type": "ter"
      }
    },
    {
      "type": "Feature",
      "geometry": {
        "type": "Point",
        "coordinates": [
          2.077719,
          48.9701965
        ]
      },
      "properties": {
        "operateur": "SNCF Gares & Connexions",
        "name": "Achères - Ville",
        "official_name": "Achères",
        "type": "ter"
      }
    },
    {
      "type": "Feature",
      "geometry": {
        "type": "Point",
        "coordinates": [
          2.0120435,
          49.0485662
        ]
      },
      "properties": {
        "operateur": "SNCF Gares & Connexions",
        "name": "Cergy-le-Haut",
        "official_name": "Cergy le Haut",
        "type": "ter"
      }
    },
    {
      "type": "Feature",
      "geometry": {
        "type": "Point",
        "coordinates": [
          2.0794144,
          49.0365516
        ]
      },
      "properties": {
        "operateur": "SNCF Gares & Connexions",
        "name": "Cergy Préfecture",
        "official_name": "Cergy Préfecture",
        "type": "ter"
      }
    },
    {
      "type": "Feature",
      "geometry": {
        "type": "Point",
        "coordinates": [
          2.0346919,
          49.0496017
        ]
      },
      "properties": {
        "operateur": "SNCF Gares & Connexions",
        "name": "Cergy - Saint-Christophe",
        "official_name": "Cergy Saint-Christophe",
        "type": "ter"
      }
    },
    {
      "type": "Feature",
      "geometry": {
        "type": "Point",
        "coordinates": [
          2.0782873,
          49.0142697
        ]
      },
      "properties": {
        "operateur": "SNCF Gares & Connexions",
        "name": "Neuville Université",
        "official_name": "Neuville Université",
        "type": "ter"
      }
    },
    {
      "type": "Feature",
      "geometry": {
        "type": "Point",
        "coordinates": [
          1.8248462,
          42.539136
        ]
      },
      "properties": {
        "operateur": "SNCF",
        "name": "Porté-Puymorens",
        "official_name": "Porté-Puymorens",
        "type": "ter"
      }
    },
    {
      "type": "Feature",
      "geometry": {
        "type": "Point",
        "coordinates": [
          1.7229081,
          49.6542178
        ]
      },
      "properties": {
        "operateur": "SNCF Gares & Connexions",
        "name": "Formerie",
        "official_name": "Formerie",
        "type": "ter"
      }
    },
    {
      "type": "Feature",
      "geometry": {
        "type": "Point",
        "coordinates": [
          -0.3792389,
          43.2855377
        ]
      },
      "properties": {
        "operateur": "SNCF Gares & Connexions",
        "name": "Croix-du-Prince",
        "official_name": "Croix du Prince",
        "type": "ter"
      }
    },
    {
      "type": "Feature",
      "geometry": {
        "type": "Point",
        "coordinates": [
          -0.5076532,
          43.1539152
        ]
      },
      "properties": {
        "operateur": "SNCF Gares & Connexions",
        "name": "Ogeu-les-Bains",
        "official_name": "Ogeu-les-Bains",
        "type": "ter"
      }
    },
    {
      "type": "Feature",
      "geometry": {
        "type": "Point",
        "coordinates": [
          -0.2950176,
          43.254432
        ]
      },
      "properties": {
        "operateur": "SNCF Gares & Connexions",
        "name": "Assat",
        "official_name": "Assat",
        "type": "ter"
      }
    },
    {
      "type": "Feature",
      "geometry": {
        "type": "Point",
        "coordinates": [
          -0.1982641,
          43.126979
        ]
      },
      "properties": {
        "operateur": "SNCF Gares & Connexions",
        "name": "Montaut-Bétharram",
        "official_name": "Montaut Bétharram",
        "type": "ter"
      }
    },
    {
      "type": "Feature",
      "geometry": {
        "type": "Point",
        "coordinates": [
          4.9487937,
          45.9259308
        ]
      },
      "properties": {
        "operateur": "SNCF Gares & Connexions",
        "name": "Saint-André-de-Corcy",
        "official_name": "Saint-André-de-Corcy",
        "type": "ter"
      }
    },
    {
      "type": "Feature",
      "geometry": {
        "type": "Point",
        "coordinates": [
          5.53472,
          45.3688204
        ]
      },
      "properties": {
        "operateur": "SNCF Gares & Connexions",
        "name": "Réaumont-Saint-Cassien",
        "official_name": "Réaumont - Saint-Cassien",
        "type": "ter"
      }
    },
    {
      "type": "Feature",
      "geometry": {
        "type": "Point",
        "coordinates": [
          -0.7447365,
          45.0840273
        ]
      },
      "properties": {
        "operateur": "SNCF Réseau",
        "name": "Moulis-Listrac",
        "official_name": "Moulis - Listrac",
        "type": "ter"
      }
    },
    {
      "type": "Feature",
      "geometry": {
        "type": "Point",
        "coordinates": [
          9.2803439,
          42.4806789
        ]
      },
      "properties": {
        "operateur": "SEM des Chemins de Fer de la Corse",
        "name": "Ponte Novu",
        "type": "ter"
      }
    },
    {
      "type": "Feature",
      "geometry": {
        "type": "Point",
        "coordinates": [
          0.6200727,
          48.7663038
        ]
      },
      "properties": {
        "operateur": "SNCF Gares & Connexions",
        "name": "L'Aigle",
        "official_name": "L'Aigle",
        "type": "ter"
      }
    },
    {
      "type": "Feature",
      "geometry": {
        "type": "Point",
        "coordinates": [
          0.2194656,
          48.7037802
        ]
      },
      "properties": {
        "operateur": "SNCF Gares & Connexions",
        "name": "Nonant-le-Pin",
        "official_name": "Nonant-le-Pin",
        "type": "ter"
      }
    },
    {
      "type": "Feature",
      "geometry": {
        "type": "Point",
        "coordinates": [
          0.1333975,
          48.6653453
        ]
      },
      "properties": {
        "operateur": "SNCF Gares & Connexions",
        "name": "Surdon",
        "official_name": "Surdon",
        "type": "ter"
      }
    },
    {
      "type": "Feature",
      "geometry": {
        "type": "Point",
        "coordinates": [
          4.3169617,
          45.4977414
        ]
      },
      "properties": {
        "operateur": "SNCF Gares & Connexions",
        "name": "La Fouillouse",
        "official_name": "La Fouillouse",
        "type": "ter"
      }
    },
    {
      "type": "Feature",
      "geometry": {
        "type": "Point",
        "coordinates": [
          2.9626356,
          45.7708988
        ]
      },
      "properties": {
        "operateur": "TC Dôme",
        "name": "Panoramique des Dômes - Station Haute",
        "type": "ter"
      }
    },
    {
      "type": "Feature",
      "geometry": {
        "type": "Point",
        "coordinates": [
          2.2801681,
          48.8532278
        ]
      },
      "properties": {
        "operateur": "SNCF Gares & Connexions",
        "name": "Avenue du Président Kennedy - Maison de Radio-France",
        "official_name": "Avenue du Président Kennedy (Maison de Radio France)",
        "type": "ter"
      }
    },
    {
      "type": "Feature",
      "geometry": {
        "type": "Point",
        "coordinates": [
          2.0951961,
          49.0467275
        ]
      },
      "properties": {
        "operateur": "SNCF Gares & Connexions",
        "name": "Pontoise",
        "official_name": "Pontoise",
        "type": "ter"
      }
    },
    {
      "type": "Feature",
      "geometry": {
        "type": "Point",
        "coordinates": [
          2.2639812,
          48.9701924
        ]
      },
      "properties": {
        "operateur": "SNCF Gares & Connexions",
        "name": "Sannois",
        "official_name": "Sannois",
        "type": "ter"
      }
    },
    {
      "type": "Feature",
      "geometry": {
        "type": "Point",
        "coordinates": [
          2.1594995,
          48.4369538
        ]
      },
      "properties": {
        "operateur": "SNCF Gares & Connexions",
        "name": "Étampes",
        "official_name": "Étampes",
        "type": "ter"
      }
    },
    {
      "type": "Feature",
      "geometry": {
        "type": "Point",
        "coordinates": [
          2.2633387,
          48.829667
        ]
      },
      "properties": {
        "operateur": "SNCF Gares & Connexions",
        "name": "Issy Val de Seine",
        "official_name": "ISSY VAL DE SEINE",
        "type": "ter"
      }
    },
    {
      "type": "Feature",
      "geometry": {
        "type": "Point",
        "coordinates": [
          -0.428404,
          46.1990832
        ]
      },
      "properties": {
        "operateur": "SNCF Gares & Connexions",
        "name": "Marigny (Deux-Sèvres)",
        "official_name": "Marigny",
        "type": "ter"
      }
    },
    {
      "type": "Feature",
      "geometry": {
        "type": "Point",
        "coordinates": [
          2.3259096,
          48.8605888
        ]
      },
      "properties": {
        "operateur": "SNCF Gares & Connexions",
        "name": "Musée d'Orsay",
        "official_name": "Musée d'Orsay",
        "type": "ter"
      }
    },
    {
      "type": "Feature",
      "geometry": {
        "type": "Point",
        "coordinates": [
          4.9773378,
          45.950096
        ]
      },
      "properties": {
        "operateur": "SNCF Gares & Connexions",
        "name": "Saint-Marcel-en-Dombes",
        "official_name": "Saint-Marcel en Dombes",
        "type": "ter"
      }
    },
    {
      "type": "Feature",
      "geometry": {
        "type": "Point",
        "coordinates": [
          4.9108215,
          45.8746675
        ]
      },
      "properties": {
        "operateur": "SNCF Gares & Connexions",
        "name": "Les Échets",
        "official_name": "Les Échets",
        "type": "ter"
      }
    },
    {
      "type": "Feature",
      "geometry": {
        "type": "Point",
        "coordinates": [
          5.0731097,
          46.0638765
        ]
      },
      "properties": {
        "operateur": "SNCF Gares & Connexions",
        "name": "Marlieux Châtillon",
        "official_name": "Marlieux - Châtillon",
        "type": "ter"
      }
    },
    {
      "type": "Feature",
      "geometry": {
        "type": "Point",
        "coordinates": [
          5.1282046,
          46.1000331
        ]
      },
      "properties": {
        "operateur": "SNCF Gares & Connexions",
        "name": "Saint-Paul-de-Varax",
        "official_name": "Saint-Paul-de-Varax",
        "type": "ter"
      }
    },
    {
      "type": "Feature",
      "geometry": {
        "type": "Point",
        "coordinates": [
          5.1679548,
          46.1307407
        ]
      },
      "properties": {
        "operateur": "SNCF Gares & Connexions",
        "name": "Servas-Lent",
        "official_name": "Servas - Lent",
        "type": "ter"
      }
    },
    {
      "type": "Feature",
      "geometry": {
        "type": "Point",
        "coordinates": [
          5.028384,
          46.0042296
        ]
      },
      "properties": {
        "operateur": "SNCF Gares & Connexions",
        "name": "Villars-les-Dombes",
        "official_name": "Villars-les-Dombes",
        "type": "ter"
      }
    },
    {
      "type": "Feature",
      "geometry": {
        "type": "Point",
        "coordinates": [
          4.7788492,
          46.2829122
        ]
      },
      "properties": {
        "operateur": "SNCF",
        "name": "Mâcon-Loché-TGV",
        "official_name": "Mâcon Loché TGV",
        "type": "ter"
      }
    },
    {
      "type": "Feature",
      "geometry": {
        "type": "Point",
        "coordinates": [
          2.8235128,
          49.4220307
        ]
      },
      "properties": {
        "operateur": "SNCF Gares & Connexions",
        "name": "Compiègne",
        "official_name": "Compiègne",
        "type": "ter"
      }
    },
    {
      "type": "Feature",
      "geometry": {
        "type": "Point",
        "coordinates": [
          2.4899429,
          49.2826033
        ]
      },
      "properties": {
        "operateur": "SNCF Gares & Connexions",
        "name": "Villers-Saint-Paul",
        "official_name": "Villers-Saint-Paul",
        "type": "ter"
      }
    },
    {
      "type": "Feature",
      "geometry": {
        "type": "Point",
        "coordinates": [
          0.9015238,
          47.5877961
        ]
      },
      "properties": {
        "operateur": "SNCF Gares & Connexions",
        "name": "Château-Renault",
        "official_name": "Château-Renault",
        "type": "ter"
      }
    },
    {
      "type": "Feature",
      "geometry": {
        "type": "Point",
        "coordinates": [
          -0.4069449,
          46.2345203
        ]
      },
      "properties": {
        "operateur": "SNCF Gares & Connexions",
        "name": "Fors",
        "official_name": "Fors",
        "type": "ter"
      }
    },
    {
      "type": "Feature",
      "geometry": {
        "type": "Point",
        "coordinates": [
          -1.749601,
          47.9717711
        ]
      },
      "properties": {
        "operateur": "SNCF Gares & Connexions",
        "name": "Laillé",
        "official_name": "Laillé",
        "type": "ter"
      }
    },
    {
      "type": "Feature",
      "geometry": {
        "type": "Point",
        "coordinates": [
          5.7767843,
          47.0303516
        ]
      },
      "properties": {
        "operateur": "SNCF Gares & Connexions",
        "name": "Arc-et-Senans",
        "official_name": "Arc-et-Senans",
        "type": "ter"
      }
    },
    {
      "type": "Feature",
      "geometry": {
        "type": "Point",
        "coordinates": [
          2.429229,
          49.503662
        ]
      },
      "properties": {
        "operateur": "SNCF Gares & Connexions",
        "name": "Saint-Just-en-Chaussée",
        "official_name": "Saint-Just-en-Chaussée",
        "type": "ter"
      }
    },
    {
      "type": "Feature",
      "geometry": {
        "type": "Point",
        "coordinates": [
          4.5069949,
          45.9816267
        ]
      },
      "properties": {
        "operateur": "SNCF Gares & Connexions",
        "name": "Chamelet",
        "official_name": "Chamelet",
        "type": "ter"
      }
    },
    {
      "type": "Feature",
      "geometry": {
        "type": "Point",
        "coordinates": [
          4.2997314,
          46.6041145
        ]
      },
      "properties": {
        "operateur": "SNCF",
        "name": "Ciry-le-Noble",
        "official_name": "Ciry-le-Noble",
        "type": "ter"
      }
    },
    {
      "type": "Feature",
      "geometry": {
        "type": "Point",
        "coordinates": [
          4.3610264,
          46.6706636
        ]
      },
      "properties": {
        "operateur": "SNCF Gares & Connexions",
        "name": "Montceau-les-Mines",
        "official_name": "Montceau-les-Mines",
        "type": "ter"
      }
    },
    {
      "type": "Feature",
      "geometry": {
        "type": "Point",
        "coordinates": [
          4.1137377,
          46.4472653
        ]
      },
      "properties": {
        "operateur": "SNCF Gares & Connexions",
        "name": "Paray-le-Monial",
        "official_name": "Paray-le-Monial",
        "type": "ter"
      }
    },
    {
      "type": "Feature",
      "geometry": {
        "type": "Point",
        "coordinates": [
          6.2069967,
          45.5575711
        ]
      },
      "properties": {
        "operateur": "SNCF Gares & Connexions",
        "name": "Chamousset",
        "official_name": "Chamousset",
        "type": "ter"
      }
    },
    {
      "type": "Feature",
      "geometry": {
        "type": "Point",
        "coordinates": [
          1.4358238,
          47.1330004
        ]
      },
      "properties": {
        "operateur": "SNCF Gares & Connexions",
        "name": "Luçay-le-Mâle",
        "type": "ter"
      }
    },
    {
      "type": "Feature",
      "geometry": {
        "type": "Point",
        "coordinates": [
          3.0858554,
          47.0430645
        ]
      },
      "properties": {
        "operateur": "SNCF Gares & Connexions",
        "name": "Garchizy",
        "official_name": "Garchizy",
        "type": "ter"
      }
    },
    {
      "type": "Feature",
      "geometry": {
        "type": "Point",
        "coordinates": [
          3.1342601,
          47.0014022
        ]
      },
      "properties": {
        "operateur": "SNCF Gares & Connexions",
        "name": "Vauzelles",
        "official_name": "Vauzelles",
        "type": "ter"
      }
    },
    {
      "type": "Feature",
      "geometry": {
        "type": "Point",
        "coordinates": [
          6.8921035,
          43.4350044
        ]
      },
      "properties": {
        "operateur": "SNCF Gares & Connexions",
        "name": "Anthéor-Cap-Roux",
        "official_name": "Anthéor Cap Roux",
        "type": "ter"
      }
    },
    {
      "type": "Feature",
      "geometry": {
        "type": "Point",
        "coordinates": [
          4.8485402,
          47.0229402
        ]
      },
      "properties": {
        "operateur": "SNCF",
        "name": "Beaune",
        "official_name": "Beaune",
        "type": "ter"
      }
    },
    {
      "type": "Feature",
      "geometry": {
        "type": "Point",
        "coordinates": [
          3.2595593,
          46.9333664
        ]
      },
      "properties": {
        "operateur": "SNCF Gares & Connexions",
        "name": "Imphy",
        "official_name": "Imphy",
        "type": "ter"
      }
    },
    {
      "type": "Feature",
      "geometry": {
        "type": "Point",
        "coordinates": [
          3.6452029,
          46.8578816
        ]
      },
      "properties": {
        "operateur": "SNCF Gares & Connexions",
        "name": "Cercy-la-Tour",
        "official_name": "Cercy-la-Tour",
        "type": "ter"
      }
    },
    {
      "type": "Feature",
      "geometry": {
        "type": "Point",
        "coordinates": [
          3.4672857,
          46.8374954
        ]
      },
      "properties": {
        "operateur": "SNCF Gares & Connexions",
        "name": "Decize",
        "official_name": "Decize",
        "type": "ter"
      }
    },
    {
      "type": "Feature",
      "geometry": {
        "type": "Point",
        "coordinates": [
          3.9693245,
          46.7940793
        ]
      },
      "properties": {
        "operateur": "SNCF Gares & Connexions",
        "name": "Luzy",
        "official_name": "Luzy",
        "type": "ter"
      }
    },
    {
      "type": "Feature",
      "geometry": {
        "type": "Point",
        "coordinates": [
          6.9865537,
          43.5486667
        ]
      },
      "properties": {
        "operateur": "SNCF Gares & Connexions",
        "name": "Cannes-la-Bocca",
        "official_name": "Cannes La Bocca",
        "type": "ter"
      }
    },
    {
      "type": "Feature",
      "geometry": {
        "type": "Point",
        "coordinates": [
          4.6758424,
          46.8924768
        ]
      },
      "properties": {
        "operateur": "SNCF Gares & Connexions",
        "name": "Cheilly-Lès-Maranges",
        "official_name": "Cheilly-lès-Maranges",
        "type": "ter"
      }
    },
    {
      "type": "Feature",
      "geometry": {
        "type": "Point",
        "coordinates": [
          4.6286086,
          46.8484503
        ]
      },
      "properties": {
        "operateur": "SNCF Gares & Connexions",
        "name": "Saint-Léger-sur-Dheune",
        "official_name": "Saint-Léger-sur-Dheune",
        "type": "ter"
      }
    },
    {
      "type": "Feature",
      "geometry": {
        "type": "Point",
        "coordinates": [
          5.9317965,
          43.1279429
        ]
      },
      "properties": {
        "operateur": "",
        "type": "ter"
      }
    },
    {
      "type": "Feature",
      "geometry": {
        "type": "Point",
        "coordinates": [
          4.9276454,
          47.3267024
        ]
      },
      "properties": {
        "operateur": "SNCF Gares & Connexions",
        "name": "Velars",
        "official_name": "Velars",
        "type": "ter"
      }
    },
    {
      "type": "Feature",
      "geometry": {
        "type": "Point",
        "coordinates": [
          4.6695836,
          47.4387672
        ]
      },
      "properties": {
        "operateur": "SNCF Gares & Connexions",
        "name": "Verrey",
        "official_name": "Verrey",
        "type": "ter"
      }
    },
    {
      "type": "Feature",
      "geometry": {
        "type": "Point",
        "coordinates": [
          4.6223069,
          47.4947555
        ]
      },
      "properties": {
        "operateur": "SNCF Gares & Connexions",
        "name": "Thenissey",
        "official_name": "Thenissey",
        "type": "ter"
      }
    },
    {
      "type": "Feature",
      "geometry": {
        "type": "Point",
        "coordinates": [
          3.9876537,
          46.4851604
        ]
      },
      "properties": {
        "operateur": "SNCF Gares & Connexions",
        "name": "Digoin",
        "official_name": "Digoin",
        "type": "ter"
      }
    },
    {
      "type": "Feature",
      "geometry": {
        "type": "Point",
        "coordinates": [
          4.2984195,
          46.2881469
        ]
      },
      "properties": {
        "operateur": "SNCF Gares & Connexions",
        "name": "La Clayette - Baudemont",
        "official_name": "La Clayette - Baudemont",
        "type": "ter"
      }
    },
    {
      "type": "Feature",
      "geometry": {
        "type": "Point",
        "coordinates": [
          4.3454278,
          46.2074552
        ]
      },
      "properties": {
        "operateur": "SNCF Gares & Connexions",
        "name": "Chauffailles",
        "official_name": "Chauffailles",
        "type": "ter"
      }
    },
    {
      "type": "Feature",
      "geometry": {
        "type": "Point",
        "coordinates": [
          -3.1337737,
          47.5465177
        ]
      },
      "properties": {
        "operateur": "SNCF",
        "name": "L'Isthme",
        "official_name": "L'Isthme",
        "type": "ter"
      }
    },
    {
      "type": "Feature",
      "geometry": {
        "type": "Point",
        "coordinates": [
          4.4921161,
          46.0610764
        ]
      },
      "properties": {
        "operateur": "SNCF Gares & Connexions",
        "name": "Lamure-sur-Azergues",
        "official_name": "Lamure-sur-Azergues",
        "type": "ter"
      }
    },
    {
      "type": "Feature",
      "geometry": {
        "type": "Point",
        "coordinates": [
          4.2379965,
          46.5812177
        ]
      },
      "properties": {
        "operateur": "SNCF Gares & Connexions",
        "name": "Génelard",
        "official_name": "Génelard",
        "type": "ter"
      }
    },
    {
      "type": "Feature",
      "geometry": {
        "type": "Point",
        "coordinates": [
          3.6773226,
          47.254807
        ]
      },
      "properties": {
        "operateur": "SNCF Gares & Connexions",
        "name": "Corbigny",
        "official_name": "Corbigny",
        "type": "ter"
      }
    },
    {
      "type": "Feature",
      "geometry": {
        "type": "Point",
        "coordinates": [
          4.7495611,
          46.9074507
        ]
      },
      "properties": {
        "operateur": "SNCF Gares & Connexions",
        "name": "Chagny",
        "official_name": "Chagny",
        "type": "ter"
      }
    },
    {
      "type": "Feature",
      "geometry": {
        "type": "Point",
        "coordinates": [
          4.8434328,
          46.7815848
        ]
      },
      "properties": {
        "operateur": "SNCF Gares & Connexions",
        "name": "Chalon-sur-Saône",
        "official_name": "Chalon-sur-Saône",
        "type": "ter"
      }
    },
    {
      "type": "Feature",
      "geometry": {
        "type": "Point",
        "coordinates": [
          3.075653,
          49.1355418
        ]
      },
      "properties": {
        "operateur": "SNCF Gares & Connexions",
        "name": "Mareuil-sur-Ourcq",
        "official_name": "Mareuil-sur-Ourcq",
        "type": "ter"
      }
    },
    {
      "type": "Feature",
      "geometry": {
        "type": "Point",
        "coordinates": [
          4.4304463,
          46.8078372
        ]
      },
      "properties": {
        "operateur": "SNCF Gares & Connexions",
        "name": "Le Creusot-Ville",
        "official_name": "Le Creusot",
        "type": "ter"
      }
    },
    {
      "type": "Feature",
      "geometry": {
        "type": "Point",
        "coordinates": [
          4.2928102,
          46.9549721
        ]
      },
      "properties": {
        "operateur": "SNCF Gares & Connexions",
        "name": "Autun",
        "official_name": "Autun",
        "type": "ter"
      }
    },
    {
      "type": "Feature",
      "geometry": {
        "type": "Point",
        "coordinates": [
          3.7821607,
          46.5370137
        ]
      },
      "properties": {
        "operateur": "SNCF Gares & Connexions",
        "name": "Gilly-sur-Loire",
        "official_name": "Gilly-sur-Loire",
        "type": "ter"
      }
    },
    {
      "type": "Feature",
      "geometry": {
        "type": "Point",
        "coordinates": [
          4.4995015,
          46.7653149
        ]
      },
      "properties": {
        "operateur": "SNCF Gares & Connexions",
        "name": "Le Creusot TGV (Montceau - Montchanin)",
        "official_name": "Le Creusot TGV (Montceau - Montchanin)",
        "type": "ter"
      }
    },
    {
      "type": "Feature",
      "geometry": {
        "type": "Point",
        "coordinates": [
          3.6811741,
          47.6785079
        ]
      },
      "properties": {
        "operateur": "SNCF Gares & Connexions",
        "name": "Cravant - Bazarnes",
        "official_name": "Cravant - Bazarnes",
        "type": "ter"
      }
    },
    {
      "type": "Feature",
      "geometry": {
        "type": "Point",
        "coordinates": [
          3.5207672,
          47.4666984
        ]
      },
      "properties": {
        "operateur": "SNCF Gares & Connexions",
        "name": "Clamecy",
        "official_name": "Clamecy",
        "type": "ter"
      }
    },
    {
      "type": "Feature",
      "geometry": {
        "type": "Point",
        "coordinates": [
          1.8565472,
          48.6932479
        ]
      },
      "properties": {
        "operateur": "SNCF Gares & Connexions",
        "name": "Le Perray",
        "official_name": "Le Perray",
        "type": "ter"
      }
    },
    {
      "type": "Feature",
      "geometry": {
        "type": "Point",
        "coordinates": [
          4.9561867,
          47.1306192
        ]
      },
      "properties": {
        "operateur": "SNCF",
        "name": "Nuits-Saint-Georges",
        "official_name": "Nuits-Saint-Georges",
        "type": "ter"
      }
    },
    {
      "type": "Feature",
      "geometry": {
        "type": "Point",
        "coordinates": [
          3.3583801,
          44.4813175
        ]
      },
      "properties": {
        "operateur": "SNCF Gares & Connexions",
        "name": "Le Bruel",
        "official_name": "Le Bruel",
        "type": "ter"
      }
    },
    {
      "type": "Feature",
      "geometry": {
        "type": "Point",
        "coordinates": [
          4.2306094,
          45.7440644
        ]
      },
      "properties": {
        "operateur": "SNCF Gares & Connexions",
        "name": "Feurs",
        "official_name": "Feurs",
        "type": "ter"
      }
    },
    {
      "type": "Feature",
      "geometry": {
        "type": "Point",
        "coordinates": [
          4.2489779,
          45.64437
        ]
      },
      "properties": {
        "operateur": "SNCF Gares & Connexions",
        "name": "Montrond-les-Bains",
        "official_name": "Montrond-les-Bains",
        "type": "ter"
      }
    },
    {
      "type": "Feature",
      "geometry": {
        "type": "Point",
        "coordinates": [
          4.0629741,
          46.0392963
        ]
      },
      "properties": {
        "operateur": "SNCF Gares & Connexions",
        "name": "Roanne",
        "official_name": "Roanne",
        "type": "ter"
      }
    },
    {
      "type": "Feature",
      "geometry": {
        "type": "Point",
        "coordinates": [
          4.3795644,
          45.4647178
        ]
      },
      "properties": {
        "operateur": "SNCF Gares & Connexions",
        "name": "Saint-Étienne-La Terrasse",
        "official_name": "Saint-Étienne La Terrasse",
        "type": "ter"
      }
    },
    {
      "type": "Feature",
      "geometry": {
        "type": "Point",
        "coordinates": [
          3.5431798,
          45.8610502
        ]
      },
      "properties": {
        "operateur": "SNCF Gares & Connexions",
        "name": "Thiers",
        "official_name": "Thiers",
        "type": "ter"
      }
    },
    {
      "type": "Feature",
      "geometry": {
        "type": "Point",
        "coordinates": [
          4.2163084,
          45.5221941
        ]
      },
      "properties": {
        "operateur": "SNCF Gares & Connexions",
        "name": "Bonson",
        "official_name": "Bonson",
        "type": "ter"
      }
    },
    {
      "type": "Feature",
      "geometry": {
        "type": "Point",
        "coordinates": [
          2.1290402,
          48.8003009
        ]
      },
      "properties": {
        "operateur": "SNCF Gares & Connexions",
        "name": "Versailles Château Rive Gauche",
        "official_name": "Versailles Château Rive Gauche",
        "type": "ter"
      }
    },
    {
      "type": "Feature",
      "geometry": {
        "type": "Point",
        "coordinates": [
          2.2771727,
          48.8465072
        ]
      },
      "properties": {
        "operateur": "SNCF Gares & Connexions",
        "name": "Javel",
        "official_name": "Javel",
        "type": "ter"
      }
    },
    {
      "type": "Feature",
      "geometry": {
        "type": "Point",
        "coordinates": [
          6.023578,
          46.5262166
        ]
      },
      "properties": {
        "operateur": "SNCF Gares & Connexions",
        "name": "Morez",
        "official_name": "Morez",
        "type": "ter"
      }
    },
    {
      "type": "Feature",
      "geometry": {
        "type": "Point",
        "coordinates": [
          2.2825397,
          48.877934499999995
        ]
      },
      "properties": {
        "operateur": "RATP",
        "name": "Porte Maillot",
        "type": "ter"
      }
    },
    {
      "type": "Feature",
      "geometry": {
        "type": "Point",
        "coordinates": [
          5.5327486,
          46.1842195
        ]
      },
      "properties": {
        "operateur": "SNCF Gares & Connexions",
        "name": "Nurieux",
        "official_name": "Nurieux",
        "type": "ter"
      }
    },
    {
      "type": "Feature",
      "geometry": {
        "type": "Point",
        "coordinates": [
          5.6532807,
          46.2596066
        ]
      },
      "properties": {
        "operateur": "SNCF",
        "name": "Oyonnax",
        "official_name": "Oyonnax",
        "type": "ter"
      }
    },
    {
      "type": "Feature",
      "geometry": {
        "type": "Point",
        "coordinates": [
          5.7997768,
          46.976863
        ]
      },
      "properties": {
        "operateur": "SNCF Gares & Connexions",
        "name": "Mouchard",
        "official_name": "Mouchard",
        "type": "ter"
      }
    },
    {
      "type": "Feature",
      "geometry": {
        "type": "Point",
        "coordinates": [
          -0.6778141,
          45.8759345
        ]
      },
      "properties": {
        "operateur": "SNCF Gares & Connexions",
        "name": "Saint-Savinien",
        "official_name": "Saint-Savinien",
        "type": "ter"
      }
    },
    {
      "type": "Feature",
      "geometry": {
        "type": "Point",
        "coordinates": [
          6.0218662,
          47.2470171
        ]
      },
      "properties": {
        "operateur": "SNCF Gares & Connexions",
        "name": "Besançon-Viotte",
        "official_name": "Besançon Viotte",
        "type": "ter"
      }
    },
    {
      "type": "Feature",
      "geometry": {
        "type": "Point",
        "coordinates": [
          6.6047354,
          47.0537043
        ]
      },
      "properties": {
        "operateur": "SNCF Gares & Connexions",
        "name": "Morteau",
        "official_name": "Morteau",
        "type": "ter"
      }
    },
    {
      "type": "Feature",
      "geometry": {
        "type": "Point",
        "coordinates": [
          6.8537846,
          47.6335286
        ]
      },
      "properties": {
        "operateur": "SNCF Gares & Connexions",
        "name": "Belfort",
        "official_name": "Belfort",
        "type": "ter"
      }
    },
    {
      "type": "Feature",
      "geometry": {
        "type": "Point",
        "coordinates": [
          0.5531475,
          48.7436864
        ]
      },
      "properties": {
        "operateur": "SNCF Gares & Connexions",
        "name": "Rai-Aube",
        "official_name": "Rai - Aube",
        "type": "ter"
      }
    },
    {
      "type": "Feature",
      "geometry": {
        "type": "Point",
        "coordinates": [
          0.4290792,
          48.7172703
        ]
      },
      "properties": {
        "operateur": "SNCF Gares & Connexions",
        "name": "Sainte-Gauburge",
        "official_name": "Sainte-Gauburge",
        "type": "ter"
      }
    },
    {
      "type": "Feature",
      "geometry": {
        "type": "Point",
        "coordinates": [
          5.3772576,
          47.1926795
        ]
      },
      "properties": {
        "operateur": "SNCF Gares & Connexions",
        "name": "Auxonne",
        "official_name": "Auxonne",
        "type": "ter"
      }
    },
    {
      "type": "Feature",
      "geometry": {
        "type": "Point",
        "coordinates": [
          5.223968,
          47.244293
        ]
      },
      "properties": {
        "operateur": "SNCF Gares & Connexions",
        "name": "Genlis",
        "official_name": "Genlis",
        "type": "ter"
      }
    },
    {
      "type": "Feature",
      "geometry": {
        "type": "Point",
        "coordinates": [
          6.8975497,
          47.5858672
        ]
      },
      "properties": {
        "operateur": "SNCF Gares & Connexions",
        "name": "Belfort-Montbéliard TGV",
        "official_name": "Belfort - Montbéliard TGV",
        "type": "ter"
      }
    },
    {
      "type": "Feature",
      "geometry": {
        "type": "Point",
        "coordinates": [
          5.9533257,
          47.3072669
        ]
      },
      "properties": {
        "operateur": "SNCF Gares & Connexions",
        "name": "Besançon Franche-Comté TGV",
        "official_name": "Besançon Franche-Comté TGV",
        "type": "ter"
      }
    },
    {
      "type": "Feature",
      "geometry": {
        "type": "Point",
        "coordinates": [
          7.3431347,
          47.7421497
        ]
      },
      "properties": {
        "operateur": "SNCF Gares & Connexions",
        "name": "Mulhouse-Ville",
        "official_name": "Mulhouse",
        "type": "ter"
      }
    },
    {
      "type": "Feature",
      "geometry": {
        "type": "Point",
        "coordinates": [
          4.254834,
          45.5217037
        ]
      },
      "properties": {
        "operateur": "SNCF Gares & Connexions",
        "name": "Andrézieux",
        "official_name": "Andrézieux",
        "type": "ter"
      }
    },
    {
      "type": "Feature",
      "geometry": {
        "type": "Point",
        "coordinates": [
          5.129704,
          47.5203015
        ]
      },
      "properties": {
        "operateur": "SNCF Gares & Connexions",
        "name": "Is-sur-Tille",
        "official_name": "Is-sur-Tille",
        "type": "ter"
      }
    },
    {
      "type": "Feature",
      "geometry": {
        "type": "Point",
        "coordinates": [
          2.1321144,
          48.8541882
        ]
      },
      "properties": {
        "operateur": "SNCF Gares & Connexions",
        "name": "Bougival",
        "official_name": "Bougival",
        "type": "ter"
      }
    },
    {
      "type": "Feature",
      "geometry": {
        "type": "Point",
        "coordinates": [
          2.1381607,
          48.842692
        ]
      },
      "properties": {
        "operateur": "SNCF Gares & Connexions",
        "name": "La Celle-Saint-Cloud",
        "official_name": "La Celle-Saint-Cloud",
        "type": "ter"
      }
    },
    {
      "type": "Feature",
      "geometry": {
        "type": "Point",
        "coordinates": [
          2.2165707,
          48.8563887
        ]
      },
      "properties": {
        "operateur": "SNCF Gares & Connexions",
        "name": "Le Val d'Or",
        "official_name": "Le Val d'Or",
        "type": "ter"
      }
    },
    {
      "type": "Feature",
      "geometry": {
        "type": "Point",
        "coordinates": [
          2.1230807,
          48.861215
        ]
      },
      "properties": {
        "operateur": "SNCF Gares & Connexions",
        "name": "Louveciennes",
        "official_name": "Louveciennes",
        "type": "ter"
      }
    },
    {
      "type": "Feature",
      "geometry": {
        "type": "Point",
        "coordinates": [
          2.0966837,
          48.8714738
        ]
      },
      "properties": {
        "operateur": "SNCF Gares & Connexions",
        "name": "Marly-le-Roi",
        "official_name": "Marly-le-Roi",
        "type": "ter"
      }
    },
    {
      "type": "Feature",
      "geometry": {
        "type": "Point",
        "coordinates": [
          2.2337199,
          48.8834194
        ]
      },
      "properties": {
        "operateur": "SNCF Gares & Connexions",
        "name": "Puteaux",
        "official_name": "PUTEAUX",
        "type": "ter"
      }
    },
    {
      "type": "Feature",
      "geometry": {
        "type": "Point",
        "coordinates": [
          2.0509445,
          48.867811
        ]
      },
      "properties": {
        "operateur": "SNCF Gares & Connexions",
        "name": "Saint-Nom-la-Bretèche - Forêt de Marly",
        "official_name": "Saint-Nom-la-Bretèche Forêt de Marly Ligne L",
        "type": "ter"
      }
    },
    {
      "type": "Feature",
      "geometry": {
        "type": "Point",
        "coordinates": [
          2.2210307,
          48.8717256
        ]
      },
      "properties": {
        "operateur": "SNCF Gares & Connexions",
        "name": "Suresnes Mont-Valérien",
        "official_name": "Suresnes Mont Valérien",
        "type": "ter"
      }
    },
    {
      "type": "Feature",
      "geometry": {
        "type": "Point",
        "coordinates": [
          -1.4319599,
          47.9187503
        ]
      },
      "properties": {
        "operateur": "SNCF Gares & Connexions",
        "name": "Le Theil-de-Bretagne",
        "official_name": "Le Theil-de-Bretagne",
        "type": "ter"
      }
    },
    {
      "type": "Feature",
      "geometry": {
        "type": "Point",
        "coordinates": [
          4.0652114,
          48.296014
        ]
      },
      "properties": {
        "operateur": "SNCF",
        "name": "Troyes",
        "official_name": "Troyes",
        "type": "ter"
      }
    },
    {
      "type": "Feature",
      "geometry": {
        "type": "Point",
        "coordinates": [
          6.1519094,
          47.6176999
        ]
      },
      "properties": {
        "operateur": "SNCF Gares & Connexions",
        "name": "Vesoul",
        "official_name": "Vesoul",
        "type": "ter"
      }
    },
    {
      "type": "Feature",
      "geometry": {
        "type": "Point",
        "coordinates": [
          2.3594905,
          48.8770979
        ]
      },
      "properties": {
        "operateur": "SNCF Gares & Connexions",
        "name": "Paris Gare de l'Est",
        "type": "ter"
      }
    },
    {
      "type": "Feature",
      "geometry": {
        "type": "Point",
        "coordinates": [
          2.3453785,
          48.9350549
        ]
      },
      "properties": {
        "operateur": "SNCF Gares & Connexions",
        "name": "Saint-Denis - L'Île-Saint-Denis",
        "official_name": "Saint-Denis",
        "type": "ter"
      }
    },
    {
      "type": "Feature",
      "geometry": {
        "type": "Point",
        "coordinates": [
          2.2878349,
          49.1135126
        ]
      },
      "properties": {
        "operateur": "SNCF Gares & Connexions",
        "name": "Presles - Courcelles",
        "official_name": "Presles Courcelles",
        "type": "ter"
      }
    },
    {
      "type": "Feature",
      "geometry": {
        "type": "Point",
        "coordinates": [
          7.489007,
          48.4620518
        ]
      },
      "properties": {
        "operateur": "SNCF Gares & Connexions",
        "name": "Obernai",
        "official_name": "Obernai",
        "type": "ter"
      }
    },
    {
      "type": "Feature",
      "geometry": {
        "type": "Point",
        "coordinates": [
          2.3229123,
          49.0451839
        ]
      },
      "properties": {
        "operateur": "SNCF Gares & Connexions",
        "name": "Bouffémont - Moisselles",
        "official_name": "Bouffémont - Moisselles",
        "type": "ter"
      }
    },
    {
      "type": "Feature",
      "geometry": {
        "type": "Point",
        "coordinates": [
          2.3377457,
          49.0327734
        ]
      },
      "properties": {
        "operateur": "SNCF Gares & Connexions",
        "name": "Domont",
        "official_name": "Domont",
        "type": "ter"
      }
    },
    {
      "type": "Feature",
      "geometry": {
        "type": "Point",
        "coordinates": [
          2.3225994,
          49.0660153
        ]
      },
      "properties": {
        "operateur": "SNCF Gares & Connexions",
        "name": "Montsoult - Maffliers",
        "official_name": "Montsoult - Maffliers",
        "type": "ter"
      }
    },
    {
      "type": "Feature",
      "geometry": {
        "type": "Point",
        "coordinates": [
          2.3382926,
          48.97593
        ]
      },
      "properties": {
        "operateur": "SNCF Gares & Connexions",
        "name": "Deuil - Montmagny",
        "official_name": "Deuil - Montmagny",
        "type": "ter"
      }
    },
    {
      "type": "Feature",
      "geometry": {
        "type": "Point",
        "coordinates": [
          2.3534922,
          48.9843631
        ]
      },
      "properties": {
        "operateur": "SNCF Réseau",
        "name": "Groslay",
        "official_name": "Groslay",
        "type": "ter"
      }
    },
    {
      "type": "Feature",
      "geometry": {
        "type": "Point",
        "coordinates": [
          2.3687261,
          48.9961525
        ]
      },
      "properties": {
        "operateur": "SNCF Gares & Connexions",
        "name": "Sarcelles - Saint-Brice",
        "official_name": "Sarcelles - Saint-Brice",
        "type": "ter"
      }
    },
    {
      "type": "Feature",
      "geometry": {
        "type": "Point",
        "coordinates": [
          2.3626417,
          49.0229548
        ]
      },
      "properties": {
        "operateur": "SNCF Réseau",
        "name": "Écouen - Ézanville",
        "official_name": "Écouen - Ézanville",
        "type": "ter"
      }
    },
    {
      "type": "Feature",
      "geometry": {
        "type": "Point",
        "coordinates": [
          5.1339712,
          48.1095314
        ]
      },
      "properties": {
        "operateur": "SNCF Gares & Connexions",
        "name": "Chaumont",
        "official_name": "Chaumont",
        "type": "ter"
      }
    },
    {
      "type": "Feature",
      "geometry": {
        "type": "Point",
        "coordinates": [
          5.3444225,
          47.8769645
        ]
      },
      "properties": {
        "operateur": "SNCF Gares & Connexions",
        "name": "Langres",
        "official_name": "Langres",
        "type": "ter"
      }
    },
    {
      "type": "Feature",
      "geometry": {
        "type": "Point",
        "coordinates": [
          4.9479511,
          48.6426562
        ]
      },
      "properties": {
        "operateur": "SNCF Gares & Connexions",
        "name": "Saint-Dizier",
        "official_name": "Saint-Dizier",
        "type": "ter"
      }
    },
    {
      "type": "Feature",
      "geometry": {
        "type": "Point",
        "coordinates": [
          4.5876081,
          48.7179105
        ]
      },
      "properties": {
        "operateur": "SNCF Gares & Connexions",
        "name": "Vitry-le-François",
        "official_name": "Vitry-le-François",
        "type": "ter"
      }
    },
    {
      "type": "Feature",
      "geometry": {
        "type": "Point",
        "coordinates": [
          4.3487491,
          48.9551958
        ]
      },
      "properties": {
        "operateur": "SNCF Gares & Connexions",
        "name": "Châlons-en-Champagne",
        "official_name": "Châlons-en-Champagne",
        "type": "ter"
      }
    },
    {
      "type": "Feature",
      "geometry": {
        "type": "Point",
        "coordinates": [
          4.3180982,
          49.1313076
        ]
      },
      "properties": {
        "operateur": "SNCF Gares & Connexions",
        "name": "Mourmelon-le-Petit",
        "official_name": "Mourmelon-le-Petit",
        "type": "ter"
      }
    },
    {
      "type": "Feature",
      "geometry": {
        "type": "Point",
        "coordinates": [
          4.0243838,
          49.258985
        ]
      },
      "properties": {
        "operateur": "SNCF Gares & Connexions",
        "name": "Reims",
        "official_name": "Reims",
        "type": "ter"
      }
    },
    {
      "type": "Feature",
      "geometry": {
        "type": "Point",
        "coordinates": [
          4.7750411,
          46.8512613
        ]
      },
      "properties": {
        "operateur": "SNCF Gares & Connexions",
        "name": "Fontaines - Mercurey",
        "official_name": "Fontaines - Mercurey",
        "type": "ter"
      }
    },
    {
      "type": "Feature",
      "geometry": {
        "type": "Point",
        "coordinates": [
          7.2390748,
          47.6270776
        ]
      },
      "properties": {
        "operateur": "SNCF Gares & Connexions",
        "name": "Altkirch",
        "official_name": "Altkirch",
        "type": "ter"
      }
    },
    {
      "type": "Feature",
      "geometry": {
        "type": "Point",
        "coordinates": [
          5.4432217,
          47.8100902
        ]
      },
      "properties": {
        "operateur": "SNCF Gares & Connexions",
        "name": "Culmont - Chalindrey",
        "official_name": "Culmont - Chalindrey",
        "type": "ter"
      }
    },
    {
      "type": "Feature",
      "geometry": {
        "type": "Point",
        "coordinates": [
          5.3382579,
          46.0115941
        ]
      },
      "properties": {
        "operateur": "SNCF Gares & Connexions",
        "name": "Ambronay-Priay",
        "official_name": "Ambronay - Priay",
        "type": "ter"
      }
    },
    {
      "type": "Feature",
      "geometry": {
        "type": "Point",
        "coordinates": [
          5.2149881,
          46.2000925
        ]
      },
      "properties": {
        "operateur": "SNCF Gares & Connexions",
        "name": "Bourg-en-Bresse",
        "official_name": "Bourg-en-Bresse",
        "type": "ter"
      }
    },
    {
      "type": "Feature",
      "geometry": {
        "type": "Point",
        "coordinates": [
          4.919752,
          45.8966784
        ]
      },
      "properties": {
        "operateur": "SNCF Gares & Connexions",
        "name": "Mionnay",
        "official_name": "Mionnay",
        "type": "ter"
      }
    },
    {
      "type": "Feature",
      "geometry": {
        "type": "Point",
        "coordinates": [
          5.3341848,
          46.053912
        ]
      },
      "properties": {
        "operateur": "SNCF Gares & Connexions",
        "name": "Pont-d'Ain",
        "official_name": "Pont-d'Ain",
        "type": "ter"
      }
    },
    {
      "type": "Feature",
      "geometry": {
        "type": "Point",
        "coordinates": [
          4.7198564,
          45.9393585
        ]
      },
      "properties": {
        "operateur": "SNCF Gares & Connexions",
        "name": "Anse",
        "official_name": "Anse",
        "type": "ter"
      }
    },
    {
      "type": "Feature",
      "geometry": {
        "type": "Point",
        "coordinates": [
          4.7840233,
          46.2461762
        ]
      },
      "properties": {
        "operateur": "SNCF Gares & Connexions",
        "name": "Crêches-sur-Saône",
        "official_name": "Crêches-sur-Saône",
        "type": "ter"
      }
    },
    {
      "type": "Feature",
      "geometry": {
        "type": "Point",
        "coordinates": [
          4.8250128,
          46.3027953
        ]
      },
      "properties": {
        "operateur": "SNCF",
        "name": "Mâcon-Ville",
        "official_name": "Mâcon",
        "type": "ter"
      }
    },
    {
      "type": "Feature",
      "geometry": {
        "type": "Point",
        "coordinates": [
          4.7726893,
          46.2130761
        ]
      },
      "properties": {
        "operateur": "SNCF Gares & Connexions",
        "name": "Pontanevaux-La-Chapelle",
        "official_name": "Pontanevaux",
        "type": "ter"
      }
    },
    {
      "type": "Feature",
      "geometry": {
        "type": "Point",
        "coordinates": [
          4.7421014,
          46.1763913
        ]
      },
      "properties": {
        "operateur": "SNCF Gares & Connexions",
        "name": "Romanèche-Thorins",
        "official_name": "Romanèche-Thorins",
        "type": "ter"
      }
    },
    {
      "type": "Feature",
      "geometry": {
        "type": "Point",
        "coordinates": [
          4.7188908,
          46.0621952
        ]
      },
      "properties": {
        "operateur": "SNCF Gares & Connexions",
        "name": "Saint-Georges-de-Reneins",
        "official_name": "Saint-Georges-de-Reneins",
        "type": "ter"
      }
    },
    {
      "type": "Feature",
      "geometry": {
        "type": "Point",
        "coordinates": [
          4.7211003,
          45.984526
        ]
      },
      "properties": {
        "operateur": "SNCF Gares & Connexions",
        "name": "Villefranche-sur-Saône",
        "official_name": "Villefranche-sur-Saône",
        "type": "ter"
      }
    },
    {
      "type": "Feature",
      "geometry": {
        "type": "Point",
        "coordinates": [
          -3.5680551,
          48.5816732
        ]
      },
      "properties": {
        "operateur": "SNCF Gares & Connexions",
        "name": "Plounérin",
        "official_name": "Plounérin",
        "type": "ter"
      }
    },
    {
      "type": "Feature",
      "geometry": {
        "type": "Point",
        "coordinates": [
          3.330164,
          45.4140748
        ]
      },
      "properties": {
        "operateur": "SNCF Gares & Connexions",
        "name": "Brassac-les-Mines - Sainte-Florine",
        "official_name": "Brassac-les-Mines - Sainte-Florine",
        "type": "ter"
      }
    },
    {
      "type": "Feature",
      "geometry": {
        "type": "Point",
        "coordinates": [
          -4.0861187,
          48.2544069
        ]
      },
      "properties": {
        "operateur": "",
        "name": "Pont-de-Buis",
        "official_name": "Pont-de-Buis",
        "type": "ter"
      }
    },
    {
      "type": "Feature",
      "geometry": {
        "type": "Point",
        "coordinates": [
          7.6783261,
          48.8721329
        ]
      },
      "properties": {
        "operateur": "SNCF Gares & Connexions",
        "name": "Mertzwiller",
        "official_name": "Mertzwiller",
        "type": "ter"
      }
    },
    {
      "type": "Feature",
      "geometry": {
        "type": "Point",
        "coordinates": [
          4.2961817,
          46.8620014
        ]
      },
      "properties": {
        "operateur": "SNCF",
        "name": "Broye",
        "official_name": "Broye",
        "type": "ter"
      }
    },
    {
      "type": "Feature",
      "geometry": {
        "type": "Point",
        "coordinates": [
          4.2449668,
          46.8629534
        ]
      },
      "properties": {
        "operateur": "SNCF",
        "name": "Mesvres",
        "official_name": "Mesvres",
        "type": "ter"
      }
    },
    {
      "type": "Feature",
      "geometry": {
        "type": "Point",
        "coordinates": [
          4.3377542,
          46.8442215
        ]
      },
      "properties": {
        "operateur": "SNCF",
        "name": "Saint-Symphorien-de-Marmagne",
        "official_name": "Saint-Symphorien-de-Marmagne",
        "type": "ter"
      }
    },
    {
      "type": "Feature",
      "geometry": {
        "type": "Point",
        "coordinates": [
          2.2098277,
          49.0357484
        ]
      },
      "properties": {
        "operateur": "SNCF Gares & Connexions",
        "name": "Bessancourt",
        "official_name": "Bessancourt",
        "type": "ter"
      }
    },
    {
      "type": "Feature",
      "geometry": {
        "type": "Point",
        "coordinates": [
          5.5385798,
          48.7971149
        ]
      },
      "properties": {
        "operateur": "SNCF Gares & Connexions",
        "name": "Lérouville",
        "official_name": "Lérouville",
        "type": "ter"
      }
    },
    {
      "type": "Feature",
      "geometry": {
        "type": "Point",
        "coordinates": [
          5.563758,
          45.3239303
        ]
      },
      "properties": {
        "operateur": "SNCF Gares & Connexions",
        "name": "Moirans-Galifette",
        "official_name": "Moirans La Galifette",
        "type": "ter"
      }
    },
    {
      "type": "Feature",
      "geometry": {
        "type": "Point",
        "coordinates": [
          2.3390071,
          48.8205877
        ]
      },
      "properties": {
        "operateur": "RATP Transilien SNCF Ile de France Mobilités",
        "name": "Cité Universitaire",
        "type": "ter"
      }
    },
    {
      "type": "Feature",
      "geometry": {
        "type": "Point",
        "coordinates": [
          2.869688,
          45.1090177
        ]
      },
      "properties": {
        "operateur": "SNCF Gares & Connexions",
        "name": "Murat",
        "official_name": "Murat",
        "type": "ter"
      }
    },
    {
      "type": "Feature",
      "geometry": {
        "type": "Point",
        "coordinates": [
          7.7822244,
          48.8133551
        ]
      },
      "properties": {
        "operateur": "SNCF Gares & Connexions",
        "name": "Haguenau",
        "official_name": "Haguenau",
        "type": "ter"
      }
    },
    {
      "type": "Feature",
      "geometry": {
        "type": "Point",
        "coordinates": [
          8.1830867,
          48.9675899
        ]
      },
      "properties": {
        "operateur": "SNCF Gares & Connexions",
        "name": "Lauterbourg",
        "official_name": "Lauterbourg",
        "type": "ter"
      }
    },
    {
      "type": "Feature",
      "geometry": {
        "type": "Point",
        "coordinates": [
          4.1824904,
          45.5291194
        ]
      },
      "properties": {
        "operateur": "SNCF Gares & Connexions",
        "name": "Sury-le-Comtal",
        "official_name": "Sury-le-Comtal",
        "type": "ter"
      }
    },
    {
      "type": "Feature",
      "geometry": {
        "type": "Point",
        "coordinates": [
          2.0792855,
          48.8813662
        ]
      },
      "properties": {
        "operateur": "SNCF Gares & Connexions",
        "name": "Mareil-Marly",
        "type": "ter"
      }
    },
    {
      "type": "Feature",
      "geometry": {
        "type": "Point",
        "coordinates": [
          2.0620406,
          48.8411008
        ]
      },
      "properties": {
        "operateur": "SNCF Gares & Connexions",
        "name": "Noisy-le-Roi",
        "type": "ter"
      }
    },
    {
      "type": "Feature",
      "geometry": {
        "type": "Point",
        "coordinates": [
          2.0699865,
          48.8947457
        ]
      },
      "properties": {
        "operateur": "SNCF Gares & Connexions",
        "name": "Fourqueux - Bel Air",
        "type": "ter"
      }
    },
    {
      "type": "Feature",
      "geometry": {
        "type": "Point",
        "coordinates": [
          -1.1674692,
          46.4638221
        ]
      },
      "properties": {
        "operateur": "SNCF Gares & Connexions",
        "name": "Luçon",
        "official_name": "Luçon",
        "type": "ter"
      }
    },
    {
      "type": "Feature",
      "geometry": {
        "type": "Point",
        "coordinates": [
          -1.0909398,
          46.0783586
        ]
      },
      "properties": {
        "operateur": "SNCF Gares & Connexions",
        "name": "Châtelaillon-Plage",
        "official_name": "Châtelaillon-Plage",
        "type": "ter"
      }
    },
    {
      "type": "Feature",
      "geometry": {
        "type": "Point",
        "coordinates": [
          -3.3114444,
          48.4702228
        ]
      },
      "properties": {
        "operateur": "SNCF Gares & Connexions",
        "name": "Pont-Melvez",
        "official_name": "Pont-Melvez",
        "type": "ter"
      }
    },
    {
      "type": "Feature",
      "geometry": {
        "type": "Point",
        "coordinates": [
          -3.2738043,
          48.4803329
        ]
      },
      "properties": {
        "operateur": "SNCF Gares & Connexions",
        "name": "Coat-Guegan",
        "official_name": "Coat Guégan",
        "type": "ter"
      }
    },
    {
      "type": "Feature",
      "geometry": {
        "type": "Point",
        "coordinates": [
          -3.382873,
          48.4262933
        ]
      },
      "properties": {
        "operateur": "SNCF",
        "name": "Lesmaes",
        "official_name": "Les Mais",
        "type": "ter"
      }
    },
    {
      "type": "Feature",
      "geometry": {
        "type": "Point",
        "coordinates": [
          0.4203923,
          48.1731014
        ]
      },
      "properties": {
        "operateur": "",
        "name": "Bonnétable",
        "type": "ter"
      }
    },
    {
      "type": "Feature",
      "geometry": {
        "type": "Point",
        "coordinates": [
          3.2870716,
          48.5454403
        ]
      },
      "properties": {
        "operateur": "SNCF Gares & Connexions",
        "name": "Champbenoist - Poigny",
        "official_name": "Champbenoist - Poigny",
        "type": "ter"
      }
    },
    {
      "type": "Feature",
      "geometry": {
        "type": "Point",
        "coordinates": [
          3.2557102,
          48.5293947
        ]
      },
      "properties": {
        "operateur": "SNCF Gares & Connexions",
        "name": "Sainte-Colombe Septveilles",
        "official_name": "Sainte-Colombe Septveilles",
        "type": "ter"
      }
    },
    {
      "type": "Feature",
      "geometry": {
        "type": "Point",
        "coordinates": [
          0.3168373,
          46.4840569
        ]
      },
      "properties": {
        "operateur": "SNCF Gares & Connexions",
        "name": "Iteuil",
        "official_name": "Iteuil",
        "type": "ter"
      }
    },
    {
      "type": "Feature",
      "geometry": {
        "type": "Point",
        "coordinates": [
          -0.2011195,
          46.4064362
        ]
      },
      "properties": {
        "operateur": "SNCF Gares & Connexions",
        "name": "Saint-Maixent-l'École",
        "official_name": "Saint-Maixent-l'École",
        "type": "ter"
      }
    },
    {
      "type": "Feature",
      "geometry": {
        "type": "Point",
        "coordinates": [
          1.6199254,
          43.7512411
        ]
      },
      "properties": {
        "operateur": "SNCF",
        "name": "Roqueserière - Buzet",
        "official_name": "Roquesérière - Buzet",
        "type": "ter"
      }
    },
    {
      "type": "Feature",
      "geometry": {
        "type": "Point",
        "coordinates": [
          -0.0437932,
          45.0942427
        ]
      },
      "properties": {
        "operateur": "SNCF Gares & Connexions",
        "name": "Les Églisottes",
        "official_name": "Les Églisottes",
        "type": "ter"
      }
    },
    {
      "type": "Feature",
      "geometry": {
        "type": "Point",
        "coordinates": [
          7.0736701,
          43.5664051
        ]
      },
      "properties": {
        "operateur": "SNCF Gares & Connexions",
        "name": "Golfe-Juan Vallauris",
        "official_name": "Golfe Juan Vallauris",
        "type": "ter"
      }
    },
    {
      "type": "Feature",
      "geometry": {
        "type": "Point",
        "coordinates": [
          4.3601911,
          46.8334607
        ]
      },
      "properties": {
        "operateur": "SNCF Gares & Connexions",
        "name": "Marmagne-sous-Creusot",
        "official_name": "Marmagne sous Creusot",
        "type": "ter"
      }
    },
    {
      "type": "Feature",
      "geometry": {
        "type": "Point",
        "coordinates": [
          0.2501976,
          46.3495965
        ]
      },
      "properties": {
        "operateur": "SNCF Gares & Connexions",
        "name": "Anché-Voulon",
        "official_name": "Anché - Voulon",
        "type": "ter"
      }
    },
    {
      "type": "Feature",
      "geometry": {
        "type": "Point",
        "coordinates": [
          0.2359299,
          46.2272296
        ]
      },
      "properties": {
        "operateur": "SNCF Gares & Connexions",
        "name": "Epanvilliers",
        "official_name": "Épanvilliers",
        "type": "ter"
      }
    },
    {
      "type": "Feature",
      "geometry": {
        "type": "Point",
        "coordinates": [
          -0.2962061,
          46.3604232
        ]
      },
      "properties": {
        "operateur": "SNCF Gares & Connexions",
        "name": "La Crèche",
        "official_name": "La Crèche",
        "type": "ter"
      }
    },
    {
      "type": "Feature",
      "geometry": {
        "type": "Point",
        "coordinates": [
          0.1380673,
          45.398531
        ]
      },
      "properties": {
        "operateur": "SNCF Gares & Connexions",
        "name": "Montmoreau",
        "official_name": "Montmoreau",
        "type": "ter"
      }
    },
    {
      "type": "Feature",
      "geometry": {
        "type": "Point",
        "coordinates": [
          -0.6365007,
          46.2190177
        ]
      },
      "properties": {
        "operateur": "SNCF Gares & Connexions",
        "name": "Prin-Deyrançon",
        "official_name": "Prin-Deyrançon",
        "type": "ter"
      }
    },
    {
      "type": "Feature",
      "geometry": {
        "type": "Point",
        "coordinates": [
          -0.4936249,
          46.15277
        ]
      },
      "properties": {
        "operateur": "SNCF Gares & Connexions",
        "name": "Prissé-la-Charrière",
        "official_name": "Prissé la Charrière",
        "type": "ter"
      }
    },
    {
      "type": "Feature",
      "geometry": {
        "type": "Point",
        "coordinates": [
          -0.0191044,
          45.1572634
        ]
      },
      "properties": {
        "operateur": "SNCF Gares & Connexions",
        "name": "Saint-Aigulin-la-Roche-Chalais",
        "official_name": "Saint-Aigulin - La Roche-Chalais",
        "type": "ter"
      }
    },
    {
      "type": "Feature",
      "geometry": {
        "type": "Point",
        "coordinates": [
          -0.5130724,
          46.0986601
        ]
      },
      "properties": {
        "operateur": "SNCF Gares & Connexions",
        "name": "Villeneuve-la-Comtesse",
        "official_name": "Villeneuve-la-Comtesse",
        "type": "ter"
      }
    },
    {
      "type": "Feature",
      "geometry": {
        "type": "Point",
        "coordinates": [
          2.7290407,
          48.4481484
        ]
      },
      "properties": {
        "operateur": "SNCF Gares & Connexions",
        "name": "Fontainebleau-Forêt",
        "type": "ter"
      }
    },
    {
      "type": "Feature",
      "geometry": {
        "type": "Point",
        "coordinates": [
          0.7497525,
          44.2874812
        ]
      },
      "properties": {
        "operateur": "SNCF",
        "name": "Laroque",
        "official_name": "Laroque",
        "type": "ter"
      }
    },
    {
      "type": "Feature",
      "geometry": {
        "type": "Point",
        "coordinates": [
          -1.3922123,
          47.1615433
        ]
      },
      "properties": {
        "operateur": "SNCF Gares & Connexions",
        "name": "La Haie-Fouassière",
        "official_name": "La Haie-Fouassière",
        "type": "ter"
      }
    },
    {
      "type": "Feature",
      "geometry": {
        "type": "Point",
        "coordinates": [
          -0.9209499,
          44.2106051
        ]
      },
      "properties": {
        "operateur": "SNCF Gares & Connexions",
        "name": "Labouheyre",
        "official_name": "Labouheyre",
        "type": "ter"
      }
    },
    {
      "type": "Feature",
      "geometry": {
        "type": "Point",
        "coordinates": [
          -0.9085124,
          44.033542
        ]
      },
      "properties": {
        "operateur": "SNCF Gares & Connexions",
        "name": "Morcenx",
        "official_name": "Morcenx",
        "type": "ter"
      }
    },
    {
      "type": "Feature",
      "geometry": {
        "type": "Point",
        "coordinates": [
          1.8697681,
          44.6746197
        ]
      },
      "properties": {
        "operateur": "SNCF Gares & Connexions",
        "name": "Assier",
        "official_name": "Assier",
        "type": "ter"
      }
    },
    {
      "type": "Feature",
      "geometry": {
        "type": "Point",
        "coordinates": [
          4.6451524,
          45.8752033
        ]
      },
      "properties": {
        "operateur": "SNCF Gares & Connexions",
        "name": "Châtillon d'Azergues",
        "official_name": "Châtillon d'Azergues",
        "type": "ter"
      }
    },
    {
      "type": "Feature",
      "geometry": {
        "type": "Point",
        "coordinates": [
          4.6224599,
          45.8854988
        ]
      },
      "properties": {
        "operateur": "SNCF Gares & Connexions",
        "name": "Chessy",
        "official_name": "Chessy",
        "type": "ter"
      }
    },
    {
      "type": "Feature",
      "geometry": {
        "type": "Point",
        "coordinates": [
          6.936826,
          43.5134914
        ]
      },
      "properties": {
        "operateur": "SNCF Gares & Connexions",
        "name": "Théoule-sur-Mer",
        "official_name": "Théoule-sur-Mer",
        "type": "ter"
      }
    },
    {
      "type": "Feature",
      "geometry": {
        "type": "Point",
        "coordinates": [
          7.7526323,
          48.5635816
        ]
      },
      "properties": {
        "operateur": "SNCF Gares & Connexions",
        "name": "Krimmeri Meinau",
        "official_name": "Krimmeri Meinau",
        "type": "ter"
      }
    },
    {
      "type": "Feature",
      "geometry": {
        "type": "Point",
        "coordinates": [
          6.4497643,
          48.5599953
        ]
      },
      "properties": {
        "operateur": "",
        "name": "Mont-sur-Meurthe",
        "official_name": "Mont-sur-Meurthe",
        "type": "ter"
      }
    },
    {
      "type": "Feature",
      "geometry": {
        "type": "Point",
        "coordinates": [
          3.4488507,
          50.0912229
        ]
      },
      "properties": {
        "operateur": "SNCF Gares & Connexions",
        "name": "Bertry",
        "official_name": "Bertry",
        "type": "ter"
      }
    },
    {
      "type": "Feature",
      "geometry": {
        "type": "Point",
        "coordinates": [
          -2.0039808,
          48.6466038
        ]
      },
      "properties": {
        "operateur": "SNCF Gares & Connexions",
        "name": "Saint-Malo",
        "official_name": "Saint-Malo",
        "type": "ter"
      }
    },
    {
      "type": "Feature",
      "geometry": {
        "type": "Point",
        "coordinates": [
          -1.2572503,
          44.6549687
        ]
      },
      "properties": {
        "operateur": "",
        "name": "Plage de l'Horizon",
        "type": "ter"
      }
    },
    {
      "type": "Feature",
      "geometry": {
        "type": "Point",
        "coordinates": [
          2.0599606,
          48.3745373
        ]
      },
      "properties": {
        "operateur": "SNCF Gares & Connexions",
        "name": "Guillerval",
        "official_name": "Guillerval",
        "type": "ter"
      }
    },
    {
      "type": "Feature",
      "geometry": {
        "type": "Point",
        "coordinates": [
          1.9167194,
          42.458077
        ]
      },
      "properties": {
        "operateur": "SNCF Gares & Connexions",
        "name": "Béna-Fanès",
        "official_name": "Bena-Fanès",
        "type": "ter"
      }
    },
    {
      "type": "Feature",
      "geometry": {
        "type": "Point",
        "coordinates": [
          2.7627245,
          48.1472633
        ]
      },
      "properties": {
        "operateur": "SNCF Gares & Connexions",
        "name": "Dordives",
        "official_name": "Dordives",
        "type": "ter"
      }
    },
    {
      "type": "Feature",
      "geometry": {
        "type": "Point",
        "coordinates": [
          3.1393877,
          46.1483796
        ]
      },
      "properties": {
        "operateur": "SNCF Gares & Connexions",
        "name": "Saint-Bonnet-de-Rochefort",
        "official_name": "Saint-Bonnet-de-Rochefort",
        "type": "ter"
      }
    },
    {
      "type": "Feature",
      "geometry": {
        "type": "Point",
        "coordinates": [
          2.1411513,
          43.9381958
        ]
      },
      "properties": {
        "operateur": "SNCF Gares & Connexions",
        "name": "Albi Madeleine",
        "official_name": "Albi Madeleine",
        "type": "ter"
      }
    },
    {
      "type": "Feature",
      "geometry": {
        "type": "Point",
        "coordinates": [
          7.7339249,
          48.5852933
        ]
      },
      "properties": {
        "operateur": "SNCF",
        "name": "Strasbourg",
        "official_name": "Strasbourg",
        "type": "ter"
      }
    },
    {
      "type": "Feature",
      "geometry": {
        "type": "Point",
        "coordinates": [
          5.4748781,
          45.3437803
        ]
      },
      "properties": {
        "operateur": "SNCF Gares & Connexions",
        "name": "Beaucroissant",
        "type": "ter"
      }
    },
    {
      "type": "Feature",
      "geometry": {
        "type": "Point",
        "coordinates": [
          7.276994,
          47.7582136
        ]
      },
      "properties": {
        "operateur": "SNCF Gares & Connexions",
        "name": "Lutterbach",
        "official_name": "Lutterbach",
        "type": "ter"
      }
    },
    {
      "type": "Feature",
      "geometry": {
        "type": "Point",
        "coordinates": [
          6.3832429,
          45.6731918
        ]
      },
      "properties": {
        "operateur": "SNCF Gares & Connexions",
        "name": "Albertville",
        "official_name": "Albertville",
        "type": "ter"
      }
    },
    {
      "type": "Feature",
      "geometry": {
        "type": "Point",
        "coordinates": [
          6.771617,
          45.6188049
        ]
      },
      "properties": {
        "operateur": "SNCF Gares & Connexions",
        "name": "Bourg-Saint-Maurice",
        "official_name": "Bourg-Saint-Maurice",
        "type": "ter"
      }
    },
    {
      "type": "Feature",
      "geometry": {
        "type": "Point",
        "coordinates": [
          6.2588887,
          45.5944384
        ]
      },
      "properties": {
        "operateur": "SNCF Gares & Connexions",
        "name": "Grésy-sur-Isère",
        "official_name": "Grésy-sur-Isère",
        "type": "ter"
      }
    },
    {
      "type": "Feature",
      "geometry": {
        "type": "Point",
        "coordinates": [
          6.4249325,
          46.3032717
        ]
      },
      "properties": {
        "operateur": "SNCF Gares & Connexions",
        "name": "Perrignier",
        "official_name": "Perrignier",
        "type": "ter"
      }
    },
    {
      "type": "Feature",
      "geometry": {
        "type": "Point",
        "coordinates": [
          6.5777775,
          46.3979101
        ]
      },
      "properties": {
        "operateur": "SNCF Gares & Connexions",
        "name": "Évian-les-Bains",
        "official_name": "Évian-les-Bains",
        "type": "ter"
      }
    },
    {
      "type": "Feature",
      "geometry": {
        "type": "Point",
        "coordinates": [
          2.3559755,
          48.880694
        ]
      },
      "properties": {
        "operateur": "SNCF Gares & Connexions",
        "name": "Paris Gare du Nord",
        "type": "ter"
      }
    },
    {
      "type": "Feature",
      "geometry": {
        "type": "Point",
        "coordinates": [
          -1.1781771,
          46.6515339
        ]
      },
      "properties": {
        "operateur": "SNCF Gares & Connexions",
        "name": "Bournezeau",
        "official_name": "Bournezeau",
        "type": "ter"
      }
    },
    {
      "type": "Feature",
      "geometry": {
        "type": "Point",
        "coordinates": [
          1.0115941,
          44.5894357
        ]
      },
      "properties": {
        "operateur": "SNCF",
        "name": "Sauveterre La Lémance",
        "official_name": "Sauveterre-la-Lémance",
        "type": "ter"
      }
    },
    {
      "type": "Feature",
      "geometry": {
        "type": "Point",
        "coordinates": [
          1.0434666,
          44.8632733
        ]
      },
      "properties": {
        "operateur": "SNCF",
        "name": "Saint-Cyprien",
        "official_name": "Saint-Cyprien (Dordogne)",
        "type": "ter"
      }
    },
    {
      "type": "Feature",
      "geometry": {
        "type": "Point",
        "coordinates": [
          7.2247908,
          47.7808232
        ]
      },
      "properties": {
        "operateur": "SNCF Gares & Connexions",
        "name": "Graffenwald",
        "official_name": "Graffenwald",
        "type": "ter"
      }
    },
    {
      "type": "Feature",
      "geometry": {
        "type": "Point",
        "coordinates": [
          3.8915421,
          44.6540751
        ]
      },
      "properties": {
        "operateur": "SNCF Gares & Connexions",
        "name": "Luc (Lozère)",
        "official_name": "Luc",
        "type": "ter"
      }
    },
    {
      "type": "Feature",
      "geometry": {
        "type": "Point",
        "coordinates": [
          7.0254544,
          47.617863
        ]
      },
      "properties": {
        "operateur": "SNCF Gares & Connexions",
        "name": "Montreux-Vieux",
        "official_name": "Montreux-Vieux",
        "type": "ter"
      }
    },
    {
      "type": "Feature",
      "geometry": {
        "type": "Point",
        "coordinates": [
          5.8208121,
          47.0587683
        ]
      },
      "properties": {
        "operateur": "SNCF Gares & Connexions",
        "name": "Liesle",
        "official_name": "Liesle",
        "type": "ter"
      }
    },
    {
      "type": "Feature",
      "geometry": {
        "type": "Point",
        "coordinates": [
          5.8887804,
          47.1637546
        ]
      },
      "properties": {
        "operateur": "SNCF Gares & Connexions",
        "name": "Torpes - Boussières",
        "official_name": "Torpes - Boussières",
        "type": "ter"
      }
    },
    {
      "type": "Feature",
      "geometry": {
        "type": "Point",
        "coordinates": [
          6.3500946,
          49.4440155
        ]
      },
      "properties": {
        "operateur": "SNCF Réseau",
        "name": "Sierck-les-Bains",
        "official_name": "Sierck-les-Bains",
        "type": "ter"
      }
    },
    {
      "type": "Feature",
      "geometry": {
        "type": "Point",
        "coordinates": [
          7.7434902,
          48.8286306
        ]
      },
      "properties": {
        "operateur": "SNCF Gares & Connexions",
        "name": "Schweighouse-sur-Moder",
        "official_name": "Schweighouse-sur-Moder",
        "type": "ter"
      }
    },
    {
      "type": "Feature",
      "geometry": {
        "type": "Point",
        "coordinates": [
          7.9501746,
          49.0315702
        ]
      },
      "properties": {
        "operateur": "SNCF Gares & Connexions",
        "name": "Wissembourg",
        "official_name": "Wissembourg",
        "type": "ter"
      }
    },
    {
      "type": "Feature",
      "geometry": {
        "type": "Point",
        "coordinates": [
          7.5474613,
          48.8423302
        ]
      },
      "properties": {
        "operateur": "SNCF Gares & Connexions",
        "name": "Obermodern",
        "official_name": "Obermodern",
        "type": "ter"
      }
    },
    {
      "type": "Feature",
      "geometry": {
        "type": "Point",
        "coordinates": [
          2.3470441,
          48.8616374
        ]
      },
      "properties": {
        "operateur": "RATP;SNCF",
        "name": "Châtelet - Les Halles",
        "official_name": "CHATELET LES HALLES",
        "type": "ter"
      }
    },
    {
      "type": "Feature",
      "geometry": {
        "type": "Point",
        "coordinates": [
          1.7644315,
          49.3567004
        ]
      },
      "properties": {
        "operateur": "SNCF Gares & Connexions",
        "name": "Sérifontaine",
        "official_name": "Sérifontaine",
        "type": "ter"
      }
    },
    {
      "type": "Feature",
      "geometry": {
        "type": "Point",
        "coordinates": [
          7.3519215,
          43.8397742
        ]
      },
      "properties": {
        "operateur": "SNCF Gares & Connexions",
        "name": "L´Escarène",
        "official_name": "L'Escarène",
        "type": "ter"
      }
    },
    {
      "type": "Feature",
      "geometry": {
        "type": "Point",
        "coordinates": [
          5.4411408,
          43.2905448
        ]
      },
      "properties": {
        "operateur": "SNCF Gares & Connexions",
        "name": "La Pomme",
        "official_name": "La Pomme",
        "type": "ter"
      }
    },
    {
      "type": "Feature",
      "geometry": {
        "type": "Point",
        "coordinates": [
          -1.5033835,
          47.4419042
        ]
      },
      "properties": {
        "operateur": "SNCF Gares & Connexions",
        "name": "Nort-sur-Erdre",
        "official_name": "Nort-sur-Erdre",
        "type": "ter"
      }
    },
    {
      "type": "Feature",
      "geometry": {
        "type": "Point",
        "coordinates": [
          -1.3061145,
          47.100327
        ]
      },
      "properties": {
        "operateur": "SNCF Gares & Connexions",
        "name": "Gorges",
        "official_name": "Gorges",
        "type": "ter"
      }
    },
    {
      "type": "Feature",
      "geometry": {
        "type": "Point",
        "coordinates": [
          3.991763,
          45.2055032
        ]
      },
      "properties": {
        "operateur": "SNCF Gares & Connexions",
        "name": "Chamalières-sur-Loire",
        "official_name": "Chamalières-sur-Loire",
        "type": "ter"
      }
    },
    {
      "type": "Feature",
      "geometry": {
        "type": "Point",
        "coordinates": [
          4.1373143,
          45.2598113
        ]
      },
      "properties": {
        "operateur": "SNCF Gares & Connexions",
        "name": "Pont de Lignon",
        "official_name": "Pont de Lignon",
        "type": "ter"
      }
    },
    {
      "type": "Feature",
      "geometry": {
        "type": "Point",
        "coordinates": [
          2.3770491,
          48.8297207
        ]
      },
      "properties": {
        "operateur": "SNCF Gares & Connexions",
        "name": "Bibliothèque François Mitterrand",
        "official_name": "Bibliothèque François Mitterrand",
        "type": "ter"
      }
    },
    {
      "type": "Feature",
      "geometry": {
        "type": "Point",
        "coordinates": [
          3.1634161,
          50.6841859
        ]
      },
      "properties": {
        "operateur": "Keolis Lille Métropole",
        "name": "Épeule - Montesquieu",
        "type": "ter"
      }
    },
    {
      "type": "Feature",
      "geometry": {
        "type": "Point",
        "coordinates": [
          -0.1876216,
          44.5752452
        ]
      },
      "properties": {
        "operateur": "SNCF Gares & Connexions",
        "name": "Saint-Pierre-d'Aurillac",
        "official_name": "Saint-Pierre-d'Aurillac",
        "type": "ter"
      }
    },
    {
      "type": "Feature",
      "geometry": {
        "type": "Point",
        "coordinates": [
          -0.226972,
          44.5686242
        ]
      },
      "properties": {
        "operateur": "SNCF Gares & Connexions",
        "name": "Saint-Macaire",
        "official_name": "Saint-Macaire",
        "type": "ter"
      }
    },
    {
      "type": "Feature",
      "geometry": {
        "type": "Point",
        "coordinates": [
          2.5729279,
          48.5293818
        ]
      },
      "properties": {
        "operateur": "SNCF Gares & Connexions",
        "name": "Boissise-le-Roi",
        "official_name": "Boissise-le-Roi",
        "type": "ter"
      }
    },
    {
      "type": "Feature",
      "geometry": {
        "type": "Point",
        "coordinates": [
          0.4535528,
          45.8244091
        ]
      },
      "properties": {
        "operateur": "SNCF Gares & Connexions",
        "name": "Chasseneuil-sur-Bonnieure",
        "official_name": "Chasseneuil-sur-Bonnieure",
        "type": "ter"
      }
    },
    {
      "type": "Feature",
      "geometry": {
        "type": "Point",
        "coordinates": [
          3.2539966,
          45.5440318
        ]
      },
      "properties": {
        "operateur": "SNCF Gares & Connexions",
        "name": "Issoire",
        "official_name": "Issoire",
        "type": "ter"
      }
    },
    {
      "type": "Feature",
      "geometry": {
        "type": "Point",
        "coordinates": [
          2.2897559,
          48.8567083
        ]
      },
      "properties": {
        "operateur": "SNCF Gares & Connexions",
        "name": "Champ de Mars - Tour Eiffel",
        "official_name": "Champ de Mars Tour Eiffel",
        "type": "ter"
      }
    },
    {
      "type": "Feature",
      "geometry": {
        "type": "Point",
        "coordinates": [
          2.2999919,
          48.8625482
        ]
      },
      "properties": {
        "operateur": "SNCF Gares & Connexions",
        "name": "Pont de l'Alma",
        "official_name": "Pont de l'Alma",
        "type": "ter"
      }
    },
    {
      "type": "Feature",
      "geometry": {
        "type": "Point",
        "coordinates": [
          2.3664552,
          48.841244
        ]
      },
      "properties": {
        "operateur": "SNCF Gares & Connexions",
        "name": "Paris Austerlitz",
        "official_name": "Paris-Austerlitz",
        "type": "ter"
      }
    },
    {
      "type": "Feature",
      "geometry": {
        "type": "Point",
        "coordinates": [
          2.1601536,
          44.6651733
        ]
      },
      "properties": {
        "operateur": "SNCF Gares & Connexions",
        "name": "Bagnac",
        "official_name": "Bagnac",
        "type": "ter"
      }
    },
    {
      "type": "Feature",
      "geometry": {
        "type": "Point",
        "coordinates": [
          1.6439071,
          44.9975141
        ]
      },
      "properties": {
        "operateur": "SNCF Gares & Connexions",
        "name": "Les Quatre-Routes",
        "official_name": "Les Quatre-Routes",
        "type": "ter"
      }
    },
    {
      "type": "Feature",
      "geometry": {
        "type": "Point",
        "coordinates": [
          2.2156384,
          48.5143361
        ]
      },
      "properties": {
        "operateur": "SNCF Gares & Connexions",
        "name": "Chamarande",
        "official_name": "Chamarande",
        "type": "ter"
      }
    },
    {
      "type": "Feature",
      "geometry": {
        "type": "Point",
        "coordinates": [
          0.3802951,
          44.843428
        ]
      },
      "properties": {
        "operateur": "SNCF Gares & Connexions",
        "name": "Lamonzie-Saint-Martin",
        "official_name": "Lamonzie-Saint-Martin",
        "type": "ter"
      }
    },
    {
      "type": "Feature",
      "geometry": {
        "type": "Point",
        "coordinates": [
          0.15196,
          44.8466877
        ]
      },
      "properties": {
        "operateur": "SNCF Gares & Connexions",
        "name": "Saint-Antoine-de-Breuilh",
        "official_name": "Saint-Antoine-de-Breuilh",
        "type": "ter"
      }
    },
    {
      "type": "Feature",
      "geometry": {
        "type": "Point",
        "coordinates": [
          0.4922544,
          45.1233046
        ]
      },
      "properties": {
        "operateur": "SNCF Gares & Connexions",
        "name": "Saint-Léon-sur-l’Isle",
        "official_name": "Saint-Léon-sur-l'Isle",
        "type": "ter"
      }
    },
    {
      "type": "Feature",
      "geometry": {
        "type": "Point",
        "coordinates": [
          -1.0652833,
          45.5494445
        ]
      },
      "properties": {
        "operateur": "SNCF Gares & Connexions",
        "name": "Le Verdon",
        "official_name": "Le Verdon",
        "type": "ter"
      }
    },
    {
      "type": "Feature",
      "geometry": {
        "type": "Point",
        "coordinates": [
          1.0490538,
          44.6270522
        ]
      },
      "properties": {
        "operateur": "SNCF",
        "name": "Villefranche-du-Périgord",
        "official_name": "Villefranche-du-Périgord",
        "type": "ter"
      }
    },
    {
      "type": "Feature",
      "geometry": {
        "type": "Point",
        "coordinates": [
          -0.6515307,
          43.9300587
        ]
      },
      "properties": {
        "operateur": "SNCF",
        "name": "Saint-Martin-d'Oney",
        "official_name": "Saint-Martin-d'Oney",
        "type": "ter"
      }
    },
    {
      "type": "Feature",
      "geometry": {
        "type": "Point",
        "coordinates": [
          1.1091177,
          46.0247063
        ]
      },
      "properties": {
        "operateur": "SNCF",
        "name": "Vaulry",
        "official_name": "Vaulry",
        "type": "ter"
      }
    },
    {
      "type": "Feature",
      "geometry": {
        "type": "Point",
        "coordinates": [
          7.4875323,
          47.6349493
        ]
      },
      "properties": {
        "operateur": "SNCF Gares & Connexions",
        "name": "Bartenheim",
        "official_name": "Bartenheim",
        "type": "ter"
      }
    },
    {
      "type": "Feature",
      "geometry": {
        "type": "Point",
        "coordinates": [
          7.5330766,
          48.5428478
        ]
      },
      "properties": {
        "operateur": "SNCF Gares & Connexions",
        "name": "Dachstein",
        "official_name": "Dachstein",
        "type": "ter"
      }
    },
    {
      "type": "Feature",
      "geometry": {
        "type": "Point",
        "coordinates": [
          7.5868091,
          48.5439674
        ]
      },
      "properties": {
        "operateur": "SNCF Gares & Connexions",
        "name": "Duppigheim",
        "official_name": "Duppigheim",
        "type": "ter"
      }
    },
    {
      "type": "Feature",
      "geometry": {
        "type": "Point",
        "coordinates": [
          7.6279445,
          48.5469726
        ]
      },
      "properties": {
        "operateur": "SNCF Gares & Connexions",
        "name": "Entzheim Aéroport",
        "official_name": "Entzheim Aéroport",
        "type": "ter"
      }
    },
    {
      "type": "Feature",
      "geometry": {
        "type": "Point",
        "coordinates": [
          7.4943181,
          48.3099935
        ]
      },
      "properties": {
        "operateur": "SNCF Gares & Connexions",
        "name": "Ebersheim",
        "official_name": "Ebersheim",
        "type": "ter"
      }
    },
    {
      "type": "Feature",
      "geometry": {
        "type": "Point",
        "coordinates": [
          7.6841969,
          48.519179
        ]
      },
      "properties": {
        "operateur": "SNCF",
        "name": "Geispolsheim",
        "official_name": "Geispolsheim",
        "type": "ter"
      }
    },
    {
      "type": "Feature",
      "geometry": {
        "type": "Point",
        "coordinates": [
          7.8550389,
          48.6794831
        ]
      },
      "properties": {
        "operateur": "SNCF",
        "name": "Kilstett",
        "official_name": "Kilstett",
        "type": "ter"
      }
    },
    {
      "type": "Feature",
      "geometry": {
        "type": "Point",
        "coordinates": [
          7.5350919,
          48.3389608
        ]
      },
      "properties": {
        "operateur": "SNCF Gares & Connexions",
        "name": "Kogenheim",
        "official_name": "Kogenheim",
        "type": "ter"
      }
    },
    {
      "type": "Feature",
      "geometry": {
        "type": "Point",
        "coordinates": [
          7.6601667,
          48.461737
        ]
      },
      "properties": {
        "operateur": "SNCF Gares & Connexions",
        "name": "Limersheim",
        "official_name": "Limersheim",
        "type": "ter"
      }
    },
    {
      "type": "Feature",
      "geometry": {
        "type": "Point",
        "coordinates": [
          7.6782457,
          48.5594536
        ]
      },
      "properties": {
        "operateur": "SNCF Gares & Connexions",
        "name": "Lingolsheim",
        "official_name": "Lingolsheim",
        "type": "ter"
      }
    },
    {
      "type": "Feature",
      "geometry": {
        "type": "Point",
        "coordinates": [
          6.2371108,
          46.1995889
        ]
      },
      "properties": {
        "operateur": "SNCF Gares & Connexions",
        "name": "Annemasse",
        "official_name": "Annemasse",
        "type": "ter"
      }
    },
    {
      "type": "Feature",
      "geometry": {
        "type": "Point",
        "coordinates": [
          2.5695685,
          48.6283373
        ]
      },
      "properties": {
        "operateur": "SNCF Gares & Connexions",
        "name": "Lieusaint - Moissy",
        "official_name": "Lieusaint - Moissy",
        "type": "ter"
      }
    },
    {
      "type": "Feature",
      "geometry": {
        "type": "Point",
        "coordinates": [
          2.8276901,
          45.7636516
        ]
      },
      "properties": {
        "operateur": "SNCF Gares & Connexions",
        "name": "La Miouze - Rochefort",
        "type": "ter"
      }
    },
    {
      "type": "Feature",
      "geometry": {
        "type": "Point",
        "coordinates": [
          2.893665,
          46.2267603
        ]
      },
      "properties": {
        "operateur": "SNCF Gares & Connexions",
        "name": "Lapeyrouse",
        "official_name": "Lapeyrouse",
        "type": "ter"
      }
    },
    {
      "type": "Feature",
      "geometry": {
        "type": "Point",
        "coordinates": [
          3.1600761,
          45.9396855
        ]
      },
      "properties": {
        "operateur": "SNCF Gares & Connexions",
        "name": "Pontmort",
        "official_name": "Pontmort",
        "type": "ter"
      }
    },
    {
      "type": "Feature",
      "geometry": {
        "type": "Point",
        "coordinates": [
          7.7212004,
          48.6447274
        ]
      },
      "properties": {
        "operateur": "SNCF Gares & Connexions",
        "name": "Mundolsheim",
        "official_name": "Mundolsheim",
        "type": "ter"
      }
    },
    {
      "type": "Feature",
      "geometry": {
        "type": "Point",
        "coordinates": [
          7.362099,
          48.7447986
        ]
      },
      "properties": {
        "operateur": "SNCF Gares & Connexions",
        "name": "Saverne",
        "official_name": "Saverne",
        "type": "ter"
      }
    },
    {
      "type": "Feature",
      "geometry": {
        "type": "Point",
        "coordinates": [
          7.4304342,
          48.2869298
        ]
      },
      "properties": {
        "operateur": "SNCF Gares & Connexions",
        "name": "Scherwiller",
        "official_name": "Scherwiller",
        "type": "ter"
      }
    },
    {
      "type": "Feature",
      "geometry": {
        "type": "Point",
        "coordinates": [
          8.0984592,
          48.8967134
        ]
      },
      "properties": {
        "operateur": "SNCF",
        "name": "Seltz",
        "official_name": "Seltz",
        "type": "ter"
      }
    },
    {
      "type": "Feature",
      "geometry": {
        "type": "Point",
        "coordinates": [
          7.4161273,
          48.7635814
        ]
      },
      "properties": {
        "operateur": "SNCF Gares & Connexions",
        "name": "Steinbourg",
        "official_name": "Steinbourg",
        "type": "ter"
      }
    },
    {
      "type": "Feature",
      "geometry": {
        "type": "Point",
        "coordinates": [
          7.5073998,
          48.7459512
        ]
      },
      "properties": {
        "operateur": "SNCF Gares & Connexions",
        "name": "Wilwisheim",
        "official_name": "Wilwisheim",
        "type": "ter"
      }
    },
    {
      "type": "Feature",
      "geometry": {
        "type": "Point",
        "coordinates": [
          7.3814869,
          48.9201853
        ]
      },
      "properties": {
        "operateur": "SNCF Gares & Connexions",
        "name": "Wingen-sur-Moder",
        "official_name": "Wingen-sur-Moder",
        "type": "ter"
      }
    },
    {
      "type": "Feature",
      "geometry": {
        "type": "Point",
        "coordinates": [
          7.5553654,
          47.590136
        ]
      },
      "properties": {
        "operateur": "SNCF Gares & Connexions",
        "name": "Saint-Louis (Haut-Rhin)",
        "official_name": "Saint-Louis (Haut-Rhin)",
        "type": "ter"
      }
    },
    {
      "type": "Feature",
      "geometry": {
        "type": "Point",
        "coordinates": [
          7.1072598,
          47.8090478
        ]
      },
      "properties": {
        "operateur": "SNCF Gares & Connexions",
        "name": "Thann",
        "official_name": "Thann",
        "type": "ter"
      }
    },
    {
      "type": "Feature",
      "geometry": {
        "type": "Point",
        "coordinates": [
          -0.5336524,
          44.8563178
        ]
      },
      "properties": {
        "operateur": "SNCF",
        "name": "Cenon",
        "official_name": "Cenon",
        "type": "ter"
      }
    },
    {
      "type": "Feature",
      "geometry": {
        "type": "Point",
        "coordinates": [
          -1.0503077,
          43.7206038
        ]
      },
      "properties": {
        "operateur": "SNCF Gares & Connexions",
        "name": "Dax",
        "official_name": "Dax",
        "type": "ter"
      }
    },
    {
      "type": "Feature",
      "geometry": {
        "type": "Point",
        "coordinates": [
          -0.5960849,
          49.2162658
        ]
      },
      "properties": {
        "operateur": "SNCF Gares & Connexions",
        "name": "Audrieu",
        "official_name": "Audrieu",
        "type": "ter"
      }
    },
    {
      "type": "Feature",
      "geometry": {
        "type": "Point",
        "coordinates": [
          -0.1075936,
          49.2865082
        ]
      },
      "properties": {
        "operateur": "SNCF Gares & Connexions",
        "name": "Dives - Cabourg",
        "official_name": "Dives - Cabourg",
        "type": "ter"
      }
    },
    {
      "type": "Feature",
      "geometry": {
        "type": "Point",
        "coordinates": [
          -0.2603789,
          49.1412513
        ]
      },
      "properties": {
        "operateur": "SNCF Gares & Connexions",
        "name": "Frénouville - Cagny",
        "official_name": "Frénouville - Cagny",
        "type": "ter"
      }
    },
    {
      "type": "Feature",
      "geometry": {
        "type": "Point",
        "coordinates": [
          -0.1864231,
          49.1112103
        ]
      },
      "properties": {
        "operateur": "SNCF Gares & Connexions",
        "name": "Moult - Argences",
        "official_name": "Moult - Argences",
        "type": "ter"
      }
    },
    {
      "type": "Feature",
      "geometry": {
        "type": "Point",
        "coordinates": [
          -0.0406226,
          49.0231374
        ]
      },
      "properties": {
        "operateur": "SNCF Gares & Connexions",
        "name": "Saint-Pierre-sur-Dives",
        "official_name": "Saint-Pierre-sur-Dives",
        "type": "ter"
      }
    },
    {
      "type": "Feature",
      "geometry": {
        "type": "Point",
        "coordinates": [
          0.0986339,
          48.4339833
        ]
      },
      "properties": {
        "operateur": "SNCF Gares & Connexions",
        "name": "Alençon",
        "official_name": "Alençon",
        "type": "ter"
      }
    },
    {
      "type": "Feature",
      "geometry": {
        "type": "Point",
        "coordinates": [
          -1.8972095,
          48.1405713
        ]
      },
      "properties": {
        "operateur": "SNCF Gares & Connexions",
        "name": "Breteil",
        "official_name": "Breteil",
        "type": "ter"
      }
    },
    {
      "type": "Feature",
      "geometry": {
        "type": "Point",
        "coordinates": [
          0.4783114,
          47.6039421
        ]
      },
      "properties": {
        "operateur": "SNCF Gares & Connexions",
        "name": "Saint-Paterne",
        "official_name": "Saint-Paterne",
        "type": "ter"
      }
    },
    {
      "type": "Feature",
      "geometry": {
        "type": "Point",
        "coordinates": [
          1.9222038,
          47.3883857
        ]
      },
      "properties": {
        "operateur": "SNCF Gares & Connexions",
        "name": "Selles-Saint-Denis",
        "official_name": "Selles-Saint-Denis",
        "type": "ter"
      }
    },
    {
      "type": "Feature",
      "geometry": {
        "type": "Point",
        "coordinates": [
          1.8849813,
          47.9861553
        ]
      },
      "properties": {
        "operateur": "SNCF Gares & Connexions",
        "name": "Cercottes",
        "official_name": "Cercottes",
        "type": "ter"
      }
    },
    {
      "type": "Feature",
      "geometry": {
        "type": "Point",
        "coordinates": [
          1.8766262,
          47.2689623
        ]
      },
      "properties": {
        "operateur": "SNCF Gares & Connexions",
        "name": "Mennetou-sur-Cher",
        "official_name": "Mennetou-sur-Cher",
        "type": "ter"
      }
    },
    {
      "type": "Feature",
      "geometry": {
        "type": "Point",
        "coordinates": [
          1.4915354,
          47.1398181
        ]
      },
      "properties": {
        "operateur": "SNCF",
        "name": "La Gauterie",
        "type": "ter"
      }
    },
    {
      "type": "Feature",
      "geometry": {
        "type": "Point",
        "coordinates": [
          1.6145221,
          47.2144095
        ]
      },
      "properties": {
        "operateur": "SNCF Gares & Connexions",
        "name": "Varennes-sur-Fouzon",
        "official_name": "Varennes-sur-Fouzon",
        "type": "ter"
      }
    },
    {
      "type": "Feature",
      "geometry": {
        "type": "Point",
        "coordinates": [
          4.8747682,
          49.6983392
        ]
      },
      "properties": {
        "operateur": "SNCF Gares & Connexions",
        "name": "Donchery",
        "official_name": "Donchery",
        "type": "ter"
      }
    },
    {
      "type": "Feature",
      "geometry": {
        "type": "Point",
        "coordinates": [
          4.8439258,
          49.7009701
        ]
      },
      "properties": {
        "operateur": "SNCF Gares & Connexions",
        "name": "Vrigne-Meuse",
        "official_name": "Vrigne-Meuse",
        "type": "ter"
      }
    },
    {
      "type": "Feature",
      "geometry": {
        "type": "Point",
        "coordinates": [
          4.7068605,
          48.2386176
        ]
      },
      "properties": {
        "operateur": "SNCF Gares & Connexions",
        "name": "Bar-sur-Aube",
        "official_name": "Bar-sur-Aube",
        "type": "ter"
      }
    },
    {
      "type": "Feature",
      "geometry": {
        "type": "Point",
        "coordinates": [
          3.4939711,
          48.4979143
        ]
      },
      "properties": {
        "operateur": "SNCF Gares & Connexions",
        "name": "Nogent-sur-Seine",
        "official_name": "Nogent-sur-Seine",
        "type": "ter"
      }
    },
    {
      "type": "Feature",
      "geometry": {
        "type": "Point",
        "coordinates": [
          4.4672122,
          48.24009
        ]
      },
      "properties": {
        "operateur": "SNCF Gares & Connexions",
        "name": "Vendeuvre-sur-Barse",
        "official_name": "Vendeuvre",
        "type": "ter"
      }
    },
    {
      "type": "Feature",
      "geometry": {
        "type": "Point",
        "coordinates": [
          5.1116,
          48.5244463
        ]
      },
      "properties": {
        "operateur": "SNCF Gares & Connexions",
        "name": "Chevillon",
        "official_name": "Chevillon",
        "type": "ter"
      }
    },
    {
      "type": "Feature",
      "geometry": {
        "type": "Point",
        "coordinates": [
          5.1483116,
          48.3656538
        ]
      },
      "properties": {
        "operateur": "SNCF Gares & Connexions",
        "name": "Donjeux",
        "type": "ter"
      }
    },
    {
      "type": "Feature",
      "geometry": {
        "type": "Point",
        "coordinates": [
          5.1417944,
          48.2963422
        ]
      },
      "properties": {
        "operateur": "SNCF Gares & Connexions",
        "name": "Froncles",
        "official_name": "Froncles",
        "type": "ter"
      }
    },
    {
      "type": "Feature",
      "geometry": {
        "type": "Point",
        "coordinates": [
          5.1241594,
          48.2701366
        ]
      },
      "properties": {
        "operateur": "SNCF Gares & Connexions",
        "name": "Vignory",
        "official_name": "Vignory",
        "type": "ter"
      }
    },
    {
      "type": "Feature",
      "geometry": {
        "type": "Point",
        "coordinates": [
          5.9947705,
          47.2747081
        ]
      },
      "properties": {
        "operateur": "SNCF Gares & Connexions",
        "name": "École-Valentin",
        "official_name": "École-Valentin",
        "type": "ter"
      }
    },
    {
      "type": "Feature",
      "geometry": {
        "type": "Point",
        "coordinates": [
          0.48482,
          49.5914657
        ]
      },
      "properties": {
        "operateur": "SNCF Gares & Connexions",
        "name": "Bolbec-Nointot",
        "official_name": "Bolbec - Nointot",
        "type": "ter"
      }
    },
    {
      "type": "Feature",
      "geometry": {
        "type": "Point",
        "coordinates": [
          1.2762275,
          49.5566781
        ]
      },
      "properties": {
        "operateur": "SNCF Gares & Connexions",
        "name": "Longuerue - Vieux-Manoir",
        "official_name": "Longuerue - Vieux-Manoir",
        "type": "ter"
      }
    },
    {
      "type": "Feature",
      "geometry": {
        "type": "Point",
        "coordinates": [
          1.3343993,
          49.6030872
        ]
      },
      "properties": {
        "operateur": "SNCF Gares & Connexions",
        "name": "Montérolier - Buchy",
        "official_name": "Montérolier - Buchy",
        "type": "ter"
      }
    },
    {
      "type": "Feature",
      "geometry": {
        "type": "Point",
        "coordinates": [
          1.0667322,
          49.8708348
        ]
      },
      "properties": {
        "operateur": "SNCF Gares & Connexions",
        "name": "Saint-Aubin-sur-Scie",
        "official_name": "Saint-Aubin-sur-Scie",
        "type": "ter"
      }
    },
    {
      "type": "Feature",
      "geometry": {
        "type": "Point",
        "coordinates": [
          1.2475191,
          49.5229124
        ]
      },
      "properties": {
        "operateur": "SNCF Gares & Connexions",
        "name": "Morgny",
        "official_name": "Morgny",
        "type": "ter"
      }
    },
    {
      "type": "Feature",
      "geometry": {
        "type": "Point",
        "coordinates": [
          1.1596541,
          49.3170876
        ]
      },
      "properties": {
        "operateur": "SNCF Gares & Connexions",
        "name": "Pont-de-l'Arche",
        "official_name": "Pont-de-l'Arche",
        "type": "ter"
      }
    },
    {
      "type": "Feature",
      "geometry": {
        "type": "Point",
        "coordinates": [
          1.1929162,
          48.7757257
        ]
      },
      "properties": {
        "operateur": "SNCF Gares & Connexions",
        "name": "Nonancourt",
        "official_name": "Nonancourt",
        "type": "ter"
      }
    },
    {
      "type": "Feature",
      "geometry": {
        "type": "Point",
        "coordinates": [
          1.0545558,
          48.7608531
        ]
      },
      "properties": {
        "operateur": "SNCF Gares & Connexions",
        "name": "Tillières",
        "official_name": "Tillières-sur-Avre",
        "type": "ter"
      }
    },
    {
      "type": "Feature",
      "geometry": {
        "type": "Point",
        "coordinates": [
          3.6638846,
          44.5413471
        ]
      },
      "properties": {
        "operateur": "SNCF",
        "name": "Allenc",
        "official_name": "Allenc",
        "type": "ter"
      }
    },
    {
      "type": "Feature",
      "geometry": {
        "type": "Point",
        "coordinates": [
          3.195884,
          44.4475487
        ]
      },
      "properties": {
        "operateur": "SNCF Gares & Connexions",
        "name": "Banassac - La Canourgue",
        "official_name": "Banassac - La Canourgue",
        "type": "ter"
      }
    },
    {
      "type": "Feature",
      "geometry": {
        "type": "Point",
        "coordinates": [
          3.4105875,
          44.499527
        ]
      },
      "properties": {
        "operateur": "SNCF",
        "name": "Barjac",
        "official_name": "Barjac",
        "type": "ter"
      }
    },
    {
      "type": "Feature",
      "geometry": {
        "type": "Point",
        "coordinates": [
          1.2674354,
          45.8361376
        ]
      },
      "properties": {
        "operateur": "SNCF Gares & Connexions",
        "name": "Limoges-Bénédictins",
        "official_name": "Limoges Bénédictins",
        "type": "ter"
      }
    },
    {
      "type": "Feature",
      "geometry": {
        "type": "Point",
        "coordinates": [
          1.2055811,
          45.5193012
        ]
      },
      "properties": {
        "operateur": "SNCF Gares & Connexions",
        "name": "Saint-Yrieix la Perche",
        "official_name": "Saint-Yrieix",
        "type": "ter"
      }
    },
    {
      "type": "Feature",
      "geometry": {
        "type": "Point",
        "coordinates": [
          6.6645516,
          49.0517122
        ]
      },
      "properties": {
        "operateur": "SNCF Gares & Connexions",
        "name": "Teting",
        "official_name": "Teting",
        "type": "ter"
      }
    },
    {
      "type": "Feature",
      "geometry": {
        "type": "Point",
        "coordinates": [
          6.9777218,
          49.1065615
        ]
      },
      "properties": {
        "operateur": "SNCF Gares & Connexions",
        "name": "Hundling",
        "official_name": "Hundling",
        "type": "ter"
      }
    },
    {
      "type": "Feature",
      "geometry": {
        "type": "Point",
        "coordinates": [
          6.3395725,
          49.0446624
        ]
      },
      "properties": {
        "operateur": "SNCF Gares & Connexions",
        "name": "Sanry-sur-Nied",
        "official_name": "Sanry-sur-Nied",
        "type": "ter"
      }
    },
    {
      "type": "Feature",
      "geometry": {
        "type": "Point",
        "coordinates": [
          6.0999601,
          49.2560181
        ]
      },
      "properties": {
        "operateur": "SNCF Gares & Connexions",
        "name": "Rombas - Clouange",
        "official_name": "Rombas - Clouange",
        "type": "ter"
      }
    },
    {
      "type": "Feature",
      "geometry": {
        "type": "Point",
        "coordinates": [
          1.4800914,
          43.5736441
        ]
      },
      "properties": {
        "operateur": "SNCF Gares & Connexions",
        "name": "Toulouse-Montaudran",
        "official_name": "Montaudran",
        "type": "ter"
      }
    },
    {
      "type": "Feature",
      "geometry": {
        "type": "Point",
        "coordinates": [
          3.1288453,
          50.624131899999995
        ]
      },
      "properties": {
        "operateur": "SNCF",
        "name": "Pont de Bois",
        "official_name": "Pont de Bois",
        "type": "ter"
      }
    },
    {
      "type": "Feature",
      "geometry": {
        "type": "Point",
        "coordinates": [
          3.1153365,
          50.6227466
        ]
      },
      "properties": {
        "operateur": "SNCF Gares & Connexions",
        "name": "Hellemmes",
        "official_name": "Hellemmes",
        "type": "ter"
      }
    },
    {
      "type": "Feature",
      "geometry": {
        "type": "Point",
        "coordinates": [
          2.9261539,
          50.5661758
        ]
      },
      "properties": {
        "operateur": "SNCF Gares & Connexions",
        "name": "La Fontaine",
        "official_name": "La Fontaine",
        "type": "ter"
      }
    },
    {
      "type": "Feature",
      "geometry": {
        "type": "Point",
        "coordinates": [
          3.0989565,
          50.6205052
        ]
      },
      "properties": {
        "operateur": "SNCF Gares & Connexions",
        "name": "Lezennes",
        "official_name": "Lezennes",
        "type": "ter"
      }
    },
    {
      "type": "Feature",
      "geometry": {
        "type": "Point",
        "coordinates": [
          2.4194543,
          48.7254534
        ]
      },
      "properties": {
        "operateur": "SNCF Gares & Connexions",
        "name": "Ablon",
        "official_name": "Ablon",
        "type": "ter"
      }
    },
    {
      "type": "Feature",
      "geometry": {
        "type": "Point",
        "coordinates": [
          2.4036055,
          48.712617
        ]
      },
      "properties": {
        "operateur": "SNCF Gares & Connexions",
        "name": "Athis-Mons",
        "official_name": "Athis-Mons",
        "type": "ter"
      }
    },
    {
      "type": "Feature",
      "geometry": {
        "type": "Point",
        "coordinates": [
          2.3838186,
          48.6902026
        ]
      },
      "properties": {
        "operateur": "SNCF Gares & Connexions",
        "name": "Juvisy-sur-Orge",
        "official_name": "Juvisy",
        "type": "ter"
      }
    },
    {
      "type": "Feature",
      "geometry": {
        "type": "Point",
        "coordinates": [
          2.352065,
          48.67609
        ]
      },
      "properties": {
        "operateur": "SNCF Gares & Connexions",
        "name": "Savigny-sur-Orge",
        "official_name": "Savigny-sur-Orge",
        "type": "ter"
      }
    },
    {
      "type": "Feature",
      "geometry": {
        "type": "Point",
        "coordinates": [
          2.4834728,
          48.7065517
        ]
      },
      "properties": {
        "operateur": "SNCF Gares & Connexions",
        "name": "Yerres",
        "official_name": "Yerres",
        "type": "ter"
      }
    },
    {
      "type": "Feature",
      "geometry": {
        "type": "Point",
        "coordinates": [
          2.3334749500000003,
          48.67012695
        ]
      },
      "properties": {
        "operateur": "SNCF Gares & Connexions",
        "name": "Épinay-sur-Orge",
        "official_name": "Épinay-sur-Orge",
        "type": "ter"
      }
    },
    {
      "type": "Feature",
      "geometry": {
        "type": "Point",
        "coordinates": [
          2.2903813,
          48.5331579
        ]
      },
      "properties": {
        "operateur": "SNCF Gares & Connexions",
        "name": "Bouray",
        "official_name": "Bouray",
        "type": "ter"
      }
    },
    {
      "type": "Feature",
      "geometry": {
        "type": "Point",
        "coordinates": [
          2.3019977,
          48.6068145
        ]
      },
      "properties": {
        "operateur": "SNCF Gares & Connexions",
        "name": "Brétigny-sur-Orge",
        "official_name": "Brétigny",
        "type": "ter"
      }
    },
    {
      "type": "Feature",
      "geometry": {
        "type": "Point",
        "coordinates": [
          2.2672615,
          48.5916376
        ]
      },
      "properties": {
        "operateur": "SNCF Gares & Connexions",
        "name": "La Norville - Saint-Germain-lès-Arpajon",
        "official_name": "La Norville - Saint-Germain-lès-Arpajon",
        "type": "ter"
      }
    },
    {
      "type": "Feature",
      "geometry": {
        "type": "Point",
        "coordinates": [
          2.2555159,
          48.520741
        ]
      },
      "properties": {
        "operateur": "SNCF Gares & Connexions",
        "name": "Lardy",
        "official_name": "Lardy",
        "type": "ter"
      }
    },
    {
      "type": "Feature",
      "geometry": {
        "type": "Point",
        "coordinates": [
          2.2909649,
          48.565125
        ]
      },
      "properties": {
        "operateur": "SNCF Gares & Connexions",
        "name": "Marolles-en-Hurepoix",
        "official_name": "Marolles-en-Hurepoix",
        "type": "ter"
      }
    },
    {
      "type": "Feature",
      "geometry": {
        "type": "Point",
        "coordinates": [
          2.1452675,
          48.4274675
        ]
      },
      "properties": {
        "operateur": "SNCF Gares & Connexions",
        "name": "Saint-Martin d'Étampes",
        "official_name": "Saint-Martin d'Étampes",
        "type": "ter"
      }
    },
    {
      "type": "Feature",
      "geometry": {
        "type": "Point",
        "coordinates": [
          2.3067915,
          48.6357473
        ]
      },
      "properties": {
        "operateur": "SNCF Gares & Connexions",
        "name": "Saint-Michel-sur-Orge",
        "official_name": "Saint-Michel-sur-Orge",
        "type": "ter"
      }
    },
    {
      "type": "Feature",
      "geometry": {
        "type": "Point",
        "coordinates": [
          2.3132967,
          48.653119
        ]
      },
      "properties": {
        "operateur": "SNCF Gares & Connexions",
        "name": "Sainte-Geneviève-des-Bois",
        "official_name": "Sainte-Geneviève-des-Bois",
        "type": "ter"
      }
    },
    {
      "type": "Feature",
      "geometry": {
        "type": "Point",
        "coordinates": [
          2.1945814,
          48.4936601
        ]
      },
      "properties": {
        "operateur": "SNCF Gares & Connexions",
        "name": "Étréchy",
        "official_name": "Étréchy",
        "type": "ter"
      }
    },
    {
      "type": "Feature",
      "geometry": {
        "type": "Point",
        "coordinates": [
          2.2411493,
          48.5860031
        ]
      },
      "properties": {
        "operateur": "SNCF Gares & Connexions",
        "name": "Arpajon",
        "official_name": "Arpajon",
        "type": "ter"
      }
    },
    {
      "type": "Feature",
      "geometry": {
        "type": "Point",
        "coordinates": [
          2.1918832,
          48.577426
        ]
      },
      "properties": {
        "operateur": "SNCF Gares & Connexions",
        "name": "Breuillet - Bruyères-le-Châtel",
        "official_name": "Breuillet - Bruyères-le-Châtel",
        "type": "ter"
      }
    },
    {
      "type": "Feature",
      "geometry": {
        "type": "Point",
        "coordinates": [
          2.1713115,
          48.5647454
        ]
      },
      "properties": {
        "operateur": "SNCF Gares & Connexions",
        "name": "Breuillet - Village",
        "official_name": "Breuillet Village",
        "type": "ter"
      }
    },
    {
      "type": "Feature",
      "geometry": {
        "type": "Point",
        "coordinates": [
          2.125734,
          48.5511055
        ]
      },
      "properties": {
        "operateur": "SNCF Gares & Connexions",
        "name": "Saint-Chéron",
        "official_name": "Saint-Chéron",
        "type": "ter"
      }
    },
    {
      "type": "Feature",
      "geometry": {
        "type": "Point",
        "coordinates": [
          2.2226777,
          48.5825365
        ]
      },
      "properties": {
        "operateur": "SNCF Gares & Connexions",
        "name": "Égly",
        "official_name": "Égly",
        "type": "ter"
      }
    },
    {
      "type": "Feature",
      "geometry": {
        "type": "Point",
        "coordinates": [
          2.4659601,
          50.5898843
        ]
      },
      "properties": {
        "operateur": "SNCF Gares & Connexions",
        "name": "Ham-en-Artois",
        "official_name": "Ham-en-Artois",
        "type": "ter"
      }
    },
    {
      "type": "Feature",
      "geometry": {
        "type": "Point",
        "coordinates": [
          2.2670111,
          50.7538813
        ]
      },
      "properties": {
        "operateur": "SNCF Gares & Connexions",
        "name": "Saint-Omer",
        "official_name": "Saint-Omer",
        "type": "ter"
      }
    },
    {
      "type": "Feature",
      "geometry": {
        "type": "Point",
        "coordinates": [
          2.7992908,
          48.3784011
        ]
      },
      "properties": {
        "operateur": "SNCF Gares & Connexions",
        "name": "Moret-sur-Loing - Veneux-les-Sablons",
        "official_name": "Moret - Veneux-les-Sablons",
        "type": "ter"
      }
    },
    {
      "type": "Feature",
      "geometry": {
        "type": "Point",
        "coordinates": [
          -0.8698085,
          47.0657704
        ]
      },
      "properties": {
        "operateur": "SNCF Gares & Connexions",
        "name": "Cholet",
        "official_name": "Cholet",
        "type": "ter"
      }
    },
    {
      "type": "Feature",
      "geometry": {
        "type": "Point",
        "coordinates": [
          -0.0714801,
          47.2689964
        ]
      },
      "properties": {
        "operateur": "SNCF Gares & Connexions",
        "name": "Saumur",
        "official_name": "Saumur",
        "type": "ter"
      }
    },
    {
      "type": "Feature",
      "geometry": {
        "type": "Point",
        "coordinates": [
          -1.4409626,
          47.2651143
        ]
      },
      "properties": {
        "operateur": "SNCF Gares & Connexions",
        "name": "Thouaré",
        "official_name": "Thouaré-sur-Loire",
        "type": "ter"
      }
    },
    {
      "type": "Feature",
      "geometry": {
        "type": "Point",
        "coordinates": [
          -1.4507403,
          47.6268732
        ]
      },
      "properties": {
        "operateur": "SNCF",
        "name": "Issé",
        "official_name": "Issé",
        "type": "ter"
      }
    },
    {
      "type": "Feature",
      "geometry": {
        "type": "Point",
        "coordinates": [
          -1.3506694,
          47.3135164
        ]
      },
      "properties": {
        "operateur": "SNCF",
        "name": "Le Cellier",
        "official_name": "Le Cellier",
        "type": "ter"
      }
    },
    {
      "type": "Feature",
      "geometry": {
        "type": "Point",
        "coordinates": [
          -1.541423,
          47.2170954
        ]
      },
      "properties": {
        "operateur": "SNCF Gares & Connexions",
        "name": "Nantes",
        "official_name": "Nantes",
        "type": "ter"
      }
    },
    {
      "type": "Feature",
      "geometry": {
        "type": "Point",
        "coordinates": [
          -1.7400183,
          47.11595
        ]
      },
      "properties": {
        "operateur": "SNCF Gares & Connexions",
        "name": "Port-Saint-Père - Saint-Mars",
        "official_name": "Port-Saint-Père - Saint-Mars",
        "type": "ter"
      }
    },
    {
      "type": "Feature",
      "geometry": {
        "type": "Point",
        "coordinates": [
          0.365655,
          48.0285584
        ]
      },
      "properties": {
        "operateur": "SNCF",
        "name": "Saint-Mars-la-Brière",
        "official_name": "Saint-Mars-la-Brière",
        "type": "ter"
      }
    },
    {
      "type": "Feature",
      "geometry": {
        "type": "Point",
        "coordinates": [
          -1.544972,
          47.2588443
        ]
      },
      "properties": {
        "operateur": "SNCF",
        "name": "Babinière",
        "official_name": "Babinière",
        "type": "ter"
      }
    },
    {
      "type": "Feature",
      "geometry": {
        "type": "Point",
        "coordinates": [
          0.4149898,
          47.6832265
        ]
      },
      "properties": {
        "operateur": "SNCF Gares & Connexions",
        "name": "Château-du-Loir",
        "official_name": "Château-du-Loir",
        "type": "ter"
      }
    },
    {
      "type": "Feature",
      "geometry": {
        "type": "Point",
        "coordinates": [
          -1.5446771,
          47.2830277
        ]
      },
      "properties": {
        "operateur": "SNCF Gares & Connexions",
        "name": "Erdre Active",
        "official_name": "Erdre Active",
        "type": "ter"
      }
    },
    {
      "type": "Feature",
      "geometry": {
        "type": "Point",
        "coordinates": [
          -2.3648123,
          47.2836505
        ]
      },
      "properties": {
        "operateur": "SNCF Gares & Connexions",
        "name": "La Baule-Les-Pins",
        "official_name": "La Baule Les Pins",
        "type": "ter"
      }
    },
    {
      "type": "Feature",
      "geometry": {
        "type": "Point",
        "coordinates": [
          0.2172097,
          47.8740074
        ]
      },
      "properties": {
        "operateur": "SNCF Gares & Connexions",
        "name": "Laigné - Saint-Gervais",
        "official_name": "Laigné - Saint-Gervais",
        "type": "ter"
      }
    },
    {
      "type": "Feature",
      "geometry": {
        "type": "Point",
        "coordinates": [
          -2.2008463,
          47.2904897
        ]
      },
      "properties": {
        "operateur": "SNCF",
        "name": "Penhoët",
        "official_name": "Penhoët",
        "type": "ter"
      }
    },
    {
      "type": "Feature",
      "geometry": {
        "type": "Point",
        "coordinates": [
          -1.4956837,
          47.1904456
        ]
      },
      "properties": {
        "operateur": "SNCF Gares & Connexions",
        "name": "Saint-Sébastien Frêne Rond",
        "official_name": "Saint-Sébastien Frêne Rond",
        "type": "ter"
      }
    },
    {
      "type": "Feature",
      "geometry": {
        "type": "Point",
        "coordinates": [
          -1.51098,
          47.206898
        ]
      },
      "properties": {
        "operateur": "SNCF Gares & Connexions",
        "name": "Saint-Sébastien Pas Enchantés",
        "official_name": "Saint-Sébastien Pas Enchantés",
        "type": "ter"
      }
    },
    {
      "type": "Feature",
      "geometry": {
        "type": "Point",
        "coordinates": [
          -0.5562093,
          47.4643613
        ]
      },
      "properties": {
        "operateur": "",
        "name": "Angers Saint-Laud",
        "official_name": "Angers Saint-Laud",
        "type": "ter"
      }
    },
    {
      "type": "Feature",
      "geometry": {
        "type": "Point",
        "coordinates": [
          -1.548039,
          47.2975947
        ]
      },
      "properties": {
        "operateur": "SNCF Gares & Connexions",
        "name": "La Chapelle-sur-Erdre Centre",
        "official_name": "La Chapelle Centre",
        "type": "ter"
      }
    },
    {
      "type": "Feature",
      "geometry": {
        "type": "Point",
        "coordinates": [
          0.1908607,
          48.151513
        ]
      },
      "properties": {
        "operateur": "SNCF",
        "name": "Montbizot",
        "official_name": "Montbizot",
        "type": "ter"
      }
    },
    {
      "type": "Feature",
      "geometry": {
        "type": "Point",
        "coordinates": [
          -1.8465497,
          47.3022703
        ]
      },
      "properties": {
        "operateur": "SNCF Gares & Connexions",
        "name": "Cordemais",
        "official_name": "Cordemais",
        "type": "ter"
      }
    },
    {
      "type": "Feature",
      "geometry": {
        "type": "Point",
        "coordinates": [
          -1.9140096,
          47.6745307
        ]
      },
      "properties": {
        "operateur": "SNCF",
        "name": "Massérac",
        "official_name": "Massérac",
        "type": "ter"
      }
    },
    {
      "type": "Feature",
      "geometry": {
        "type": "Point",
        "coordinates": [
          -2.1616062,
          47.3209456
        ]
      },
      "properties": {
        "operateur": "SNCF Gares & Connexions",
        "name": "Montoir-de-Bretagne",
        "official_name": "Montoir-de-Bretagne",
        "type": "ter"
      }
    },
    {
      "type": "Feature",
      "geometry": {
        "type": "Point",
        "coordinates": [
          -2.0439761,
          47.5166443
        ]
      },
      "properties": {
        "operateur": "SNCF",
        "name": "Saint-Gildas-des-Bois",
        "official_name": "Saint-Gildas-des-Bois",
        "type": "ter"
      }
    },
    {
      "type": "Feature",
      "geometry": {
        "type": "Point",
        "coordinates": [
          -2.2111634,
          47.2866383
        ]
      },
      "properties": {
        "operateur": "SNCF Gares & Connexions",
        "name": "Saint-Nazaire",
        "official_name": "Saint-Nazaire",
        "type": "ter"
      }
    },
    {
      "type": "Feature",
      "geometry": {
        "type": "Point",
        "coordinates": [
          3.3381735,
          49.3691485
        ]
      },
      "properties": {
        "operateur": "SNCF Gares & Connexions",
        "name": "Soissons",
        "official_name": "Soissons",
        "type": "ter"
      }
    },
    {
      "type": "Feature",
      "geometry": {
        "type": "Point",
        "coordinates": [
          3.2971993,
          49.6592294
        ]
      },
      "properties": {
        "operateur": "SNCF Gares & Connexions",
        "name": "Tergnier",
        "official_name": "Tergnier",
        "type": "ter"
      }
    },
    {
      "type": "Feature",
      "geometry": {
        "type": "Point",
        "coordinates": [
          3.8935254,
          49.8300136
        ]
      },
      "properties": {
        "operateur": "SNCF Gares & Connexions",
        "name": "Vervins",
        "official_name": "Vervins",
        "type": "ter"
      }
    },
    {
      "type": "Feature",
      "geometry": {
        "type": "Point",
        "coordinates": [
          4.0861352,
          49.9290293
        ]
      },
      "properties": {
        "operateur": "SNCF Gares & Connexions",
        "name": "Hirson Écoles",
        "official_name": "Hirson Écoles",
        "type": "ter"
      }
    },
    {
      "type": "Feature",
      "geometry": {
        "type": "Point",
        "coordinates": [
          3.297036,
          49.8399788
        ]
      },
      "properties": {
        "operateur": "SNCF Gares & Connexions",
        "name": "Saint-Quentin",
        "official_name": "Saint-Quentin",
        "type": "ter"
      }
    },
    {
      "type": "Feature",
      "geometry": {
        "type": "Point",
        "coordinates": [
          2.4686818,
          49.2639604
        ]
      },
      "properties": {
        "operateur": "SNCF Gares & Connexions",
        "name": "Creil",
        "official_name": "Creil",
        "type": "ter"
      }
    },
    {
      "type": "Feature",
      "geometry": {
        "type": "Point",
        "coordinates": [
          2.8865502,
          49.2310918
        ]
      },
      "properties": {
        "operateur": "SNCF Gares & Connexions",
        "name": "Crépy-en-Valois",
        "official_name": "Crépy-en-Valois",
        "type": "ter"
      }
    },
    {
      "type": "Feature",
      "geometry": {
        "type": "Point",
        "coordinates": [
          2.5985694,
          49.9648675
        ]
      },
      "properties": {
        "operateur": "SNCF Gares & Connexions",
        "name": "Buire-sur-l'Ancre",
        "official_name": "Buire-sur-l'Ancre",
        "type": "ter"
      }
    },
    {
      "type": "Feature",
      "geometry": {
        "type": "Point",
        "coordinates": [
          2.4996685,
          49.9116632
        ]
      },
      "properties": {
        "operateur": "SNCF Gares & Connexions",
        "name": "Corbie",
        "official_name": "Corbie",
        "type": "ter"
      }
    },
    {
      "type": "Feature",
      "geometry": {
        "type": "Point",
        "coordinates": [
          2.5397468,
          49.9435816
        ]
      },
      "properties": {
        "operateur": "SNCF Gares & Connexions",
        "name": "Heilly",
        "official_name": "Heilly",
        "type": "ter"
      }
    },
    {
      "type": "Feature",
      "geometry": {
        "type": "Point",
        "coordinates": [
          6.1995759,
          47.2926121
        ]
      },
      "properties": {
        "operateur": "SNCF Gares & Connexions",
        "name": "Deluz",
        "official_name": "Deluz",
        "type": "ter"
      }
    },
    {
      "type": "Feature",
      "geometry": {
        "type": "Point",
        "coordinates": [
          5.9295212,
          43.128642
        ]
      },
      "properties": {
        "operateur": "SNCF Gares & Connexions",
        "name": "Toulon",
        "official_name": "Toulon",
        "type": "ter"
      }
    },
    {
      "type": "Feature",
      "geometry": {
        "type": "Point",
        "coordinates": [
          0.1931016,
          48.1138773
        ]
      },
      "properties": {
        "operateur": "SNCF",
        "name": "La Guierche",
        "official_name": "La Guierche",
        "type": "ter"
      }
    },
    {
      "type": "Feature",
      "geometry": {
        "type": "Point",
        "coordinates": [
          3.8108436,
          50.1978025
        ]
      },
      "properties": {
        "operateur": "SNCF Gares & Connexions",
        "name": "Berlaimont",
        "official_name": "Berlaimont",
        "type": "ter"
      }
    },
    {
      "type": "Feature",
      "geometry": {
        "type": "Point",
        "coordinates": [
          2.2154872,
          48.7511924
        ]
      },
      "properties": {
        "operateur": "SNCF Gares & Connexions",
        "name": "Bièvres",
        "official_name": "Bièvres",
        "type": "ter"
      }
    },
    {
      "type": "Feature",
      "geometry": {
        "type": "Point",
        "coordinates": [
          2.3127322,
          48.7479468
        ]
      },
      "properties": {
        "operateur": "SNCF Gares & Connexions",
        "name": "Chemin d'Antony",
        "official_name": "Chemin d'Antony",
        "type": "ter"
      }
    },
    {
      "type": "Feature",
      "geometry": {
        "type": "Point",
        "coordinates": [
          2.3078765,
          48.700677
        ]
      },
      "properties": {
        "operateur": "SNCF Gares & Connexions",
        "name": "Chilly-Mazarin",
        "official_name": "Chilly-Mazarin T12",
        "type": "ter"
      }
    },
    {
      "type": "Feature",
      "geometry": {
        "type": "Point",
        "coordinates": [
          2.2944264,
          48.7022797
        ]
      },
      "properties": {
        "operateur": "SNCF Gares & Connexions",
        "name": "Longjumeau",
        "official_name": "Longjumeau T12",
        "type": "ter"
      }
    },
    {
      "type": "Feature",
      "geometry": {
        "type": "Point",
        "coordinates": [
          2.2412058,
          48.8079004
        ]
      },
      "properties": {
        "operateur": "SNCF Gares & Connexions",
        "name": "Meudon Val Fleury",
        "official_name": "Meudon Val Fleury",
        "type": "ter"
      }
    },
    {
      "type": "Feature",
      "geometry": {
        "type": "Point",
        "coordinates": [
          2.31749,
          48.6858378
        ]
      },
      "properties": {
        "operateur": "SNCF Gares & Connexions",
        "name": "Gravigny Balizy",
        "official_name": "Gravigny Balizy T12",
        "type": "ter"
      }
    },
    {
      "type": "Feature",
      "geometry": {
        "type": "Point",
        "coordinates": [
          2.2309877,
          48.740041
        ]
      },
      "properties": {
        "operateur": "SNCF Gares & Connexions",
        "name": "Igny",
        "official_name": "Igny",
        "type": "ter"
      }
    },
    {
      "type": "Feature",
      "geometry": {
        "type": "Point",
        "coordinates": [
          2.2592369,
          48.8198807
        ]
      },
      "properties": {
        "operateur": "SNCF Gares & Connexions",
        "name": "Issy",
        "official_name": "Issy",
        "type": "ter"
      }
    },
    {
      "type": "Feature",
      "geometry": {
        "type": "Point",
        "coordinates": [
          2.2734857,
          48.7347833
        ]
      },
      "properties": {
        "operateur": "RATP;SNCF",
        "name": "Massy-Verrières",
        "official_name": "Massy - Verrières",
        "type": "ter"
      }
    },
    {
      "type": "Feature",
      "geometry": {
        "type": "Point",
        "coordinates": [
          2.3320637,
          48.6768463
        ]
      },
      "properties": {
        "operateur": "SNCF Gares & Connexions",
        "name": "Petit Vaux",
        "official_name": "Petit Vaux T12",
        "type": "ter"
      }
    },
    {
      "type": "Feature",
      "geometry": {
        "type": "Point",
        "coordinates": [
          2.0322379,
          48.3483997
        ]
      },
      "properties": {
        "operateur": "SNCF Gares & Connexions",
        "name": "Monnerville",
        "official_name": "Monnerville",
        "type": "ter"
      }
    },
    {
      "type": "Feature",
      "geometry": {
        "type": "Point",
        "coordinates": [
          2.6386689,
          48.8752295
        ]
      },
      "properties": {
        "operateur": "SNCF Gares & Connexions",
        "name": "Vaires - Torcy",
        "official_name": "Vaires - Torcy",
        "type": "ter"
      }
    },
    {
      "type": "Feature",
      "geometry": {
        "type": "Point",
        "coordinates": [
          2.2752552,
          48.8705615
        ]
      },
      "properties": {
        "operateur": "SNCF Gares & Connexions",
        "name": "Avenue Foch",
        "official_name": "Avenue Foch",
        "type": "ter"
      }
    },
    {
      "type": "Feature",
      "geometry": {
        "type": "Point",
        "coordinates": [
          2.2721528,
          48.8645533
        ]
      },
      "properties": {
        "operateur": "SNCF Gares & Connexions",
        "name": "Avenue Henri Martin",
        "official_name": "Avenue Henri Martin",
        "type": "ter"
      }
    },
    {
      "type": "Feature",
      "geometry": {
        "type": "Point",
        "coordinates": [
          2.3649897,
          48.8424013
        ]
      },
      "properties": {
        "operateur": "RATP",
        "name": "Gare d'Austerlitz",
        "type": "ter"
      }
    },
    {
      "type": "Feature",
      "geometry": {
        "type": "Point",
        "coordinates": [
          2.2981866,
          48.8855014
        ]
      },
      "properties": {
        "operateur": "SNCF Gares & Connexions",
        "name": "Pereire - Levallois",
        "official_name": "Péreire - Levallois",
        "type": "ter"
      }
    },
    {
      "type": "Feature",
      "geometry": {
        "type": "Point",
        "coordinates": [
          3.0628712,
          49.0916882
        ]
      },
      "properties": {
        "operateur": "SNCF Gares & Connexions",
        "name": "Crouy-sur-Ourcq",
        "official_name": "Crouy-sur-Ourcq",
        "type": "ter"
      }
    },
    {
      "type": "Feature",
      "geometry": {
        "type": "Point",
        "coordinates": [
          2.4352991,
          48.771492
        ]
      },
      "properties": {
        "operateur": "SNCF Gares & Connexions",
        "name": "Créteil Pompadour",
        "official_name": "Créteil Pompadour",
        "type": "ter"
      }
    },
    {
      "type": "Feature",
      "geometry": {
        "type": "Point",
        "coordinates": [
          2.3023104,
          48.9542296
        ]
      },
      "properties": {
        "operateur": "SNCF Gares & Connexions",
        "name": "Épinay-sur-Seine",
        "official_name": "Épinay-sur-Seine",
        "type": "ter"
      }
    },
    {
      "type": "Feature",
      "geometry": {
        "type": "Point",
        "coordinates": [
          3.1254389,
          48.9509096
        ]
      },
      "properties": {
        "operateur": "SNCF Gares & Connexions",
        "name": "La Ferté-sous-Jouarre",
        "official_name": "La Ferté-sous-Jouarre",
        "type": "ter"
      }
    },
    {
      "type": "Feature",
      "geometry": {
        "type": "Point",
        "coordinates": [
          2.1840722,
          48.7995676
        ]
      },
      "properties": {
        "operateur": "SNCF Gares & Connexions",
        "name": "Chaville-Vélizy",
        "official_name": "Chaville - Vélizy",
        "type": "ter"
      }
    },
    {
      "type": "Feature",
      "geometry": {
        "type": "Point",
        "coordinates": [
          2.1635389,
          48.7647766
        ]
      },
      "properties": {
        "operateur": "SNCF Gares & Connexions",
        "name": "Jouy-en-Josas",
        "official_name": "Jouy-en-Josas",
        "type": "ter"
      }
    },
    {
      "type": "Feature",
      "geometry": {
        "type": "Point",
        "coordinates": [
          2.1355157,
          48.7954702
        ]
      },
      "properties": {
        "operateur": "SNCF Gares & Connexions",
        "name": "Versailles-Chantiers",
        "official_name": "Versailles Chantiers",
        "type": "ter"
      }
    },
    {
      "type": "Feature",
      "geometry": {
        "type": "Point",
        "coordinates": [
          2.4632384,
          49.023848
        ]
      },
      "properties": {
        "operateur": "SNCF Gares & Connexions",
        "name": "Goussainville",
        "official_name": "Goussainville",
        "type": "ter"
      }
    },
    {
      "type": "Feature",
      "geometry": {
        "type": "Point",
        "coordinates": [
          2.1283107,
          49.0339718
        ]
      },
      "properties": {
        "operateur": "SNCF Gares & Connexions",
        "name": "Saint-Ouen-l'Aumône Liesse",
        "official_name": "Saint-Ouen-l'Aumône Liesse",
        "type": "ter"
      }
    },
    {
      "type": "Feature",
      "geometry": {
        "type": "Point",
        "coordinates": [
          2.1922024,
          48.7591621
        ]
      },
      "properties": {
        "operateur": "SNCF Gares & Connexions",
        "name": "Vauboyen",
        "official_name": "Vauboyen",
        "type": "ter"
      }
    },
    {
      "type": "Feature",
      "geometry": {
        "type": "Point",
        "coordinates": [
          2.502078,
          49.0495594
        ]
      },
      "properties": {
        "operateur": "SNCF Gares & Connexions",
        "name": "Louvres",
        "official_name": "Louvres",
        "type": "ter"
      }
    },
    {
      "type": "Feature",
      "geometry": {
        "type": "Point",
        "coordinates": [
          2.1975369,
          49.0074443
        ]
      },
      "properties": {
        "operateur": "SNCF Gares & Connexions",
        "name": "Montigny - Beauchamp",
        "official_name": "Montigny - Beauchamp",
        "type": "ter"
      }
    },
    {
      "type": "Feature",
      "geometry": {
        "type": "Point",
        "coordinates": [
          2.1470409,
          48.7718405
        ]
      },
      "properties": {
        "operateur": "SNCF Gares & Connexions",
        "name": "Petit Jouy - Les Loges",
        "official_name": "Petit Jouy - Les Loges",
        "type": "ter"
      }
    },
    {
      "type": "Feature",
      "geometry": {
        "type": "Point",
        "coordinates": [
          2.1535658,
          49.0194293
        ]
      },
      "properties": {
        "operateur": "SNCF Gares & Connexions",
        "name": "Pierrelaye",
        "official_name": "Pierrelaye",
        "type": "ter"
      }
    },
    {
      "type": "Feature",
      "geometry": {
        "type": "Point",
        "coordinates": [
          2.1531096,
          48.7966743
        ]
      },
      "properties": {
        "operateur": "SNCF Gares & Connexions",
        "name": "Porchefontaine",
        "official_name": "Porchefontaine",
        "type": "ter"
      }
    },
    {
      "type": "Feature",
      "geometry": {
        "type": "Point",
        "coordinates": [
          2.1357131,
          48.8095808
        ]
      },
      "properties": {
        "operateur": "SNCF Gares & Connexions",
        "name": "Versailles Rive Droite",
        "official_name": "Versailles Rive Droite",
        "type": "ter"
      }
    },
    {
      "type": "Feature",
      "geometry": {
        "type": "Point",
        "coordinates": [
          3.2200608,
          48.973952
        ]
      },
      "properties": {
        "operateur": "SNCF Gares & Connexions",
        "name": "Nanteuil - Saâcy",
        "official_name": "Nanteuil - Saâcy",
        "type": "ter"
      }
    },
    {
      "type": "Feature",
      "geometry": {
        "type": "Point",
        "coordinates": [
          7.6193398,
          48.3987965
        ]
      },
      "properties": {
        "operateur": "SNCF Gares & Connexions",
        "name": "Matzenheim",
        "official_name": "Matzenheim",
        "type": "ter"
      }
    },
    {
      "type": "Feature",
      "geometry": {
        "type": "Point",
        "coordinates": [
          7.7045946,
          48.7175872
        ]
      },
      "properties": {
        "operateur": "SNCF Gares & Connexions",
        "name": "Stephansfeld",
        "official_name": "Stephansfeld",
        "type": "ter"
      }
    },
    {
      "type": "Feature",
      "geometry": {
        "type": "Point",
        "coordinates": [
          7.9629995,
          48.9910751
        ]
      },
      "properties": {
        "operateur": "SNCF",
        "name": "Riedseltz",
        "official_name": "Riedseltz",
        "type": "ter"
      }
    },
    {
      "type": "Feature",
      "geometry": {
        "type": "Point",
        "coordinates": [
          7.8092869,
          48.8862593
        ]
      },
      "properties": {
        "operateur": "SNCF Gares & Connexions",
        "name": "Walbourg",
        "official_name": "Walbourg",
        "type": "ter"
      }
    },
    {
      "type": "Feature",
      "geometry": {
        "type": "Point",
        "coordinates": [
          7.8314949,
          48.9163252
        ]
      },
      "properties": {
        "operateur": "SNCF Gares & Connexions",
        "name": "Hoelschloch - Surbourg",
        "official_name": "Hoelschloch - Surbourg",
        "type": "ter"
      }
    },
    {
      "type": "Feature",
      "geometry": {
        "type": "Point",
        "coordinates": [
          8.1618365,
          48.9348745
        ]
      },
      "properties": {
        "operateur": "SNCF Gares & Connexions",
        "name": "Mothern",
        "official_name": "Mothern",
        "type": "ter"
      }
    },
    {
      "type": "Feature",
      "geometry": {
        "type": "Point",
        "coordinates": [
          7.9894032,
          48.7963776
        ]
      },
      "properties": {
        "operateur": "SNCF",
        "name": "Sessenheim",
        "official_name": "Sessenheim",
        "type": "ter"
      }
    },
    {
      "type": "Feature",
      "geometry": {
        "type": "Point",
        "coordinates": [
          7.8249589,
          48.6653542
        ]
      },
      "properties": {
        "operateur": "SNCF",
        "name": "La Wantzenau",
        "official_name": "La Wantzenau",
        "type": "ter"
      }
    },
    {
      "type": "Feature",
      "geometry": {
        "type": "Point",
        "coordinates": [
          7.3389269,
          48.5257082
        ]
      },
      "properties": {
        "operateur": "SNCF Gares & Connexions",
        "name": "Urmatt",
        "official_name": "Urmatt",
        "type": "ter"
      }
    },
    {
      "type": "Feature",
      "geometry": {
        "type": "Point",
        "coordinates": [
          7.2517831,
          48.4982393
        ]
      },
      "properties": {
        "operateur": "SNCF Gares & Connexions",
        "name": "Russ - Hersbach",
        "official_name": "Russ - Hersbach",
        "type": "ter"
      }
    },
    {
      "type": "Feature",
      "geometry": {
        "type": "Point",
        "coordinates": [
          7.2075002,
          48.4593201
        ]
      },
      "properties": {
        "operateur": "SNCF Gares & Connexions",
        "name": "Rothau",
        "official_name": "Rothau",
        "type": "ter"
      }
    },
    {
      "type": "Feature",
      "geometry": {
        "type": "Point",
        "coordinates": [
          7.1373971,
          48.3600963
        ]
      },
      "properties": {
        "operateur": "SNCF Gares & Connexions",
        "name": "Bourg-Bruche",
        "official_name": "Bourg-Bruche",
        "type": "ter"
      }
    },
    {
      "type": "Feature",
      "geometry": {
        "type": "Point",
        "coordinates": [
          7.1107707,
          48.3470471
        ]
      },
      "properties": {
        "operateur": "SNCF Gares & Connexions",
        "name": "Saâles",
        "official_name": "Saales",
        "type": "ter"
      }
    },
    {
      "type": "Feature",
      "geometry": {
        "type": "Point",
        "coordinates": [
          7.476868,
          48.8723462
        ]
      },
      "properties": {
        "operateur": "SNCF Gares & Connexions",
        "name": "Ingwiller",
        "official_name": "Ingwiller",
        "type": "ter"
      }
    },
    {
      "type": "Feature",
      "geometry": {
        "type": "Point",
        "coordinates": [
          7.8132756,
          48.7419018
        ]
      },
      "properties": {
        "operateur": "SNCF Gares & Connexions",
        "name": "Kurtzenhouse",
        "official_name": "Kurtzenhouse",
        "type": "ter"
      }
    },
    {
      "type": "Feature",
      "geometry": {
        "type": "Point",
        "coordinates": [
          7.8231894,
          48.781863
        ]
      },
      "properties": {
        "operateur": "SNCF",
        "name": "Marienthal",
        "official_name": "Marienthal",
        "type": "ter"
      }
    },
    {
      "type": "Feature",
      "geometry": {
        "type": "Point",
        "coordinates": [
          7.311857,
          48.5245576
        ]
      },
      "properties": {
        "operateur": "SNCF Gares & Connexions",
        "name": "Mullerhof",
        "official_name": "Mullerhof",
        "type": "ter"
      }
    },
    {
      "type": "Feature",
      "geometry": {
        "type": "Point",
        "coordinates": [
          8.1412953,
          48.9240149
        ]
      },
      "properties": {
        "operateur": "SNCF",
        "name": "Munchhausen",
        "official_name": "Munchhausen",
        "type": "ter"
      }
    },
    {
      "type": "Feature",
      "geometry": {
        "type": "Point",
        "coordinates": [
          7.4623449,
          48.5336556
        ]
      },
      "properties": {
        "operateur": "SNCF Gares & Connexions",
        "name": "Mutzig",
        "official_name": "Mutzig",
        "type": "ter"
      }
    },
    {
      "type": "Feature",
      "geometry": {
        "type": "Point",
        "coordinates": [
          7.1319682,
          49.0004481
        ]
      },
      "properties": {
        "operateur": "SNCF Gares & Connexions",
        "name": "Oermingen",
        "official_name": "Oermingen",
        "type": "ter"
      }
    },
    {
      "type": "Feature",
      "geometry": {
        "type": "Point",
        "coordinates": [
          7.6578445,
          48.9309166
        ]
      },
      "properties": {
        "operateur": "SNCF Gares & Connexions",
        "name": "Reichshoffen",
        "official_name": "Reichshoffen",
        "type": "ter"
      }
    },
    {
      "type": "Feature",
      "geometry": {
        "type": "Point",
        "coordinates": [
          8.0117495,
          48.8203626
        ]
      },
      "properties": {
        "operateur": "SNCF",
        "name": "Rountzenheim",
        "official_name": "Rountzenheim",
        "type": "ter"
      }
    },
    {
      "type": "Feature",
      "geometry": {
        "type": "Point",
        "coordinates": [
          7.6005468,
          48.7536468
        ]
      },
      "properties": {
        "operateur": "SNCF Gares & Connexions",
        "name": "Schwindratzheim",
        "official_name": "Schwindratzheim",
        "type": "ter"
      }
    },
    {
      "type": "Feature",
      "geometry": {
        "type": "Point",
        "coordinates": [
          7.6950683,
          48.5632657
        ]
      },
      "properties": {
        "operateur": "SNCF Gares & Connexions",
        "name": "Strasbourg Roethig",
        "official_name": "Strasbourg Roethig",
        "type": "ter"
      }
    },
    {
      "type": "Feature",
      "geometry": {
        "type": "Point",
        "coordinates": [
          7.2553612,
          48.906432
        ]
      },
      "properties": {
        "operateur": "SNCF Gares & Connexions",
        "name": "Tieffenbach - Struth",
        "official_name": "Tieffenbach - Struth",
        "type": "ter"
      }
    },
    {
      "type": "Feature",
      "geometry": {
        "type": "Point",
        "coordinates": [
          7.7971027,
          48.7177903
        ]
      },
      "properties": {
        "operateur": "SNCF",
        "name": "Weyersheim",
        "official_name": "Weyersheim",
        "type": "ter"
      }
    },
    {
      "type": "Feature",
      "geometry": {
        "type": "Point",
        "coordinates": [
          7.269994,
          48.5074455
        ]
      },
      "properties": {
        "operateur": "SNCF Gares & Connexions",
        "name": "Wisches",
        "official_name": "Wisches",
        "type": "ter"
      }
    },
    {
      "type": "Feature",
      "geometry": {
        "type": "Point",
        "coordinates": [
          2.3046205,
          48.7623149
        ]
      },
      "properties": {
        "operateur": "RATP",
        "name": "La Croix de Berny",
        "type": "ter"
      }
    },
    {
      "type": "Feature",
      "geometry": {
        "type": "Point",
        "coordinates": [
          3.0909704,
          45.7680954
        ]
      },
      "properties": {
        "operateur": "SNCF Gares & Connexions",
        "name": "Clermont-La Rotonde",
        "official_name": "Clermont La Rotonde",
        "type": "ter"
      }
    },
    {
      "type": "Feature",
      "geometry": {
        "type": "Point",
        "coordinates": [
          3.2521931,
          49.7380456
        ]
      },
      "properties": {
        "operateur": "SNCF Gares & Connexions",
        "name": "Montescourt",
        "official_name": "Montescourt",
        "type": "ter"
      }
    },
    {
      "type": "Feature",
      "geometry": {
        "type": "Point",
        "coordinates": [
          3.2502917,
          48.5136233
        ]
      },
      "properties": {
        "operateur": "SNCF Gares & Connexions",
        "name": "Longueville",
        "official_name": "Longueville",
        "type": "ter"
      }
    },
    {
      "type": "Feature",
      "geometry": {
        "type": "Point",
        "coordinates": [
          2.8247838,
          48.6445543
        ]
      },
      "properties": {
        "operateur": "SNCF Gares & Connexions",
        "name": "Verneuil-l'Étang",
        "official_name": "Verneuil-l'Étang",
        "type": "ter"
      }
    },
    {
      "type": "Feature",
      "geometry": {
        "type": "Point",
        "coordinates": [
          2.3009651,
          48.7549273
        ]
      },
      "properties": {
        "operateur": "RATP",
        "name": "Antony",
        "type": "ter"
      }
    },
    {
      "type": "Feature",
      "geometry": {
        "type": "Point",
        "coordinates": [
          2.2613435,
          48.7258423
        ]
      },
      "properties": {
        "operateur": "SNCF Gares & Connexions",
        "name": "Massy-TGV",
        "official_name": "Massy TGV",
        "type": "ter"
      }
    },
    {
      "type": "Feature",
      "geometry": {
        "type": "Point",
        "coordinates": [
          2.907487,
          48.789231
        ]
      },
      "properties": {
        "operateur": "SNCF Gares & Connexions",
        "name": "Mortcerf",
        "official_name": "Mortcerf",
        "type": "ter"
      }
    },
    {
      "type": "Feature",
      "geometry": {
        "type": "Point",
        "coordinates": [
          2.5706742,
          49.0039654
        ]
      },
      "properties": {
        "operateur": "SNCF Gares & Connexions",
        "name": "Aéroport Charles de Gaulle 2 TGV (RER)",
        "official_name": "Aéroport Charles de Gaulle 2 TGV (RER)",
        "type": "ter"
      }
    },
    {
      "type": "Feature",
      "geometry": {
        "type": "Point",
        "coordinates": [
          2.0445253,
          48.7874524
        ]
      },
      "properties": {
        "operateur": "SNCF Gares & Connexions",
        "name": "Saint-Quentin-en-Yvelines",
        "official_name": "Saint-Quentin en Yvelines",
        "type": "ter"
      }
    },
    {
      "type": "Feature",
      "geometry": {
        "type": "Point",
        "coordinates": [
          2.2149014,
          48.8212245
        ]
      },
      "properties": {
        "operateur": "SNCF Gares & Connexions",
        "name": "Sèvres-Rive-Gauche",
        "official_name": "Sèvres Rive Gauche",
        "type": "ter"
      }
    },
    {
      "type": "Feature",
      "geometry": {
        "type": "Point",
        "coordinates": [
          2.391244,
          48.814468
        ]
      },
      "properties": {
        "operateur": "SNCF Gares & Connexions",
        "name": "Ivry-sur-Seine",
        "official_name": "Ivry-sur-Seine",
        "type": "ter"
      }
    },
    {
      "type": "Feature",
      "geometry": {
        "type": "Point",
        "coordinates": [
          2.4024811,
          48.8006139
        ]
      },
      "properties": {
        "operateur": "SNCF Gares & Connexions",
        "name": "Vitry-sur-Seine",
        "official_name": "Vitry-sur-Seine",
        "type": "ter"
      }
    },
    {
      "type": "Feature",
      "geometry": {
        "type": "Point",
        "coordinates": [
          2.4264491,
          48.8023251
        ]
      },
      "properties": {
        "operateur": "SNCF Gares & Connexions",
        "name": "Maisons-Alfort - Alfortville",
        "official_name": "Maisons-Alfort - Alfortville",
        "type": "ter"
      }
    },
    {
      "type": "Feature",
      "geometry": {
        "type": "Point",
        "coordinates": [
          2.4175668,
          48.7454793
        ]
      },
      "properties": {
        "operateur": "SNCF Gares & Connexions",
        "name": "Les Saules",
        "official_name": "Les Saules",
        "type": "ter"
      }
    },
    {
      "type": "Feature",
      "geometry": {
        "type": "Point",
        "coordinates": [
          2.402955,
          48.7418089
        ]
      },
      "properties": {
        "operateur": "SNCF Gares & Connexions",
        "name": "Orly Ville",
        "official_name": "Orly Ville",
        "type": "ter"
      }
    },
    {
      "type": "Feature",
      "geometry": {
        "type": "Point",
        "coordinates": [
          2.4263833,
          48.7398541
        ]
      },
      "properties": {
        "operateur": "SNCF Gares & Connexions",
        "name": "Villeneuve-le-Roi",
        "official_name": "Villeneuve-le-Roi",
        "type": "ter"
      }
    },
    {
      "type": "Feature",
      "geometry": {
        "type": "Point",
        "coordinates": [
          2.3728756,
          48.7481834
        ]
      },
      "properties": {
        "operateur": "SNCF Gares & Connexions",
        "name": "Pont de Rungis Aéroport d'Orly",
        "official_name": "Pont de Rungis Aéroport d'Orly",
        "type": "ter"
      }
    },
    {
      "type": "Feature",
      "geometry": {
        "type": "Point",
        "coordinates": [
          2.3529205,
          48.7404828
        ]
      },
      "properties": {
        "operateur": "SNCF Gares & Connexions",
        "name": "Rungis - La Fraternelle",
        "official_name": "Rungis La Fraternelle",
        "type": "ter"
      }
    },
    {
      "type": "Feature",
      "geometry": {
        "type": "Point",
        "coordinates": [
          2.9059075,
          48.8594852
        ]
      },
      "properties": {
        "operateur": "SNCF Gares & Connexions",
        "name": "Crécy-la-Chapelle",
        "official_name": "Crécy-la-Chapelle",
        "type": "ter"
      }
    },
    {
      "type": "Feature",
      "geometry": {
        "type": "Point",
        "coordinates": [
          2.883069,
          48.8632877
        ]
      },
      "properties": {
        "operateur": "SNCF Gares & Connexions",
        "name": "Villiers - Montbarbin",
        "official_name": "Villiers - Montbarbin",
        "type": "ter"
      }
    },
    {
      "type": "Feature",
      "geometry": {
        "type": "Point",
        "coordinates": [
          2.8262345,
          48.8908268
        ]
      },
      "properties": {
        "operateur": "SNCF Gares & Connexions",
        "name": "Montry - Condé",
        "official_name": "Montry - Condé",
        "type": "ter"
      }
    },
    {
      "type": "Feature",
      "geometry": {
        "type": "Point",
        "coordinates": [
          3.0318012,
          49.0217787
        ]
      },
      "properties": {
        "operateur": "SNCF Gares & Connexions",
        "name": "Lizy-sur-Ourcq",
        "official_name": "Lizy-sur-Ourcq",
        "type": "ter"
      }
    },
    {
      "type": "Feature",
      "geometry": {
        "type": "Point",
        "coordinates": [
          2.4522049,
          48.6345309
        ]
      },
      "properties": {
        "operateur": "SNCF Gares & Connexions",
        "name": "Évry Val de Seine",
        "official_name": "Évry Val de Seine",
        "type": "ter"
      }
    },
    {
      "type": "Feature",
      "geometry": {
        "type": "Point",
        "coordinates": [
          2.4143675,
          48.6592971
        ]
      },
      "properties": {
        "operateur": "SNCF Gares & Connexions",
        "name": "Ris-Orangis",
        "official_name": "Ris-Orangis",
        "type": "ter"
      }
    },
    {
      "type": "Feature",
      "geometry": {
        "type": "Point",
        "coordinates": [
          2.3611091,
          49.0981221
        ]
      },
      "properties": {
        "operateur": "SNCF Gares & Connexions",
        "name": "Belloy - Saint-Martin",
        "official_name": "Belloy - Saint-Martin",
        "type": "ter"
      }
    },
    {
      "type": "Feature",
      "geometry": {
        "type": "Point",
        "coordinates": [
          1.8321042,
          48.6437498
        ]
      },
      "properties": {
        "operateur": "SNCF Gares & Connexions",
        "name": "Rambouillet",
        "official_name": "Rambouillet",
        "type": "ter"
      }
    },
    {
      "type": "Feature",
      "geometry": {
        "type": "Point",
        "coordinates": [
          1.8900504,
          48.7218401
        ]
      },
      "properties": {
        "operateur": "SNCF Gares & Connexions",
        "name": "Les-Essarts-le-Roi",
        "official_name": "Les Essarts-le-Roi",
        "type": "ter"
      }
    },
    {
      "type": "Feature",
      "geometry": {
        "type": "Point",
        "coordinates": [
          1.9211931,
          48.7435947
        ]
      },
      "properties": {
        "operateur": "SNCF Gares & Connexions",
        "name": "Coignières",
        "official_name": "Coignières",
        "type": "ter"
      }
    },
    {
      "type": "Feature",
      "geometry": {
        "type": "Point",
        "coordinates": [
          2.3252374,
          48.87653
        ]
      },
      "properties": {
        "operateur": "SNCF Gares & Connexions",
        "name": "Paris-Saint-Lazare",
        "official_name": "Paris Saint-Lazare",
        "type": "ter"
      }
    },
    {
      "type": "Feature",
      "geometry": {
        "type": "Point",
        "coordinates": [
          2.0740126500000002,
          48.79892615
        ]
      },
      "properties": {
        "operateur": "SNCF Gares & Connexions",
        "name": "Saint-Cyr",
        "official_name": "Saint-Cyr",
        "type": "ter"
      }
    },
    {
      "type": "Feature",
      "geometry": {
        "type": "Point",
        "coordinates": [
          2.7530646,
          48.4306653
        ]
      },
      "properties": {
        "operateur": "SNCF Gares & Connexions",
        "name": "Vulaines-sur-Seine - Samoreau",
        "official_name": "Vulaines-sur-Seine - Samoreau",
        "type": "ter"
      }
    },
    {
      "type": "Feature",
      "geometry": {
        "type": "Point",
        "coordinates": [
          2.5991469,
          48.5151626
        ]
      },
      "properties": {
        "operateur": "SNCF Gares & Connexions",
        "name": "Vosves",
        "official_name": "Vosves",
        "type": "ter"
      }
    },
    {
      "type": "Feature",
      "geometry": {
        "type": "Point",
        "coordinates": [
          2.3866238,
          48.6762224
        ]
      },
      "properties": {
        "operateur": "SNCF Gares & Connexions",
        "name": "Viry-Châtillon",
        "official_name": "Viry-Châtillon",
        "type": "ter"
      }
    },
    {
      "type": "Feature",
      "geometry": {
        "type": "Point",
        "coordinates": [
          2.1683148,
          48.8054869
        ]
      },
      "properties": {
        "operateur": "SNCF Gares & Connexions",
        "name": "Viroflay Rive Droite",
        "official_name": "Viroflay Rive Droite",
        "type": "ter"
      }
    },
    {
      "type": "Feature",
      "geometry": {
        "type": "Point",
        "coordinates": [
          2.5425352,
          48.823232
        ]
      },
      "properties": {
        "operateur": "SNCF Gares & Connexions",
        "name": "Villiers-sur-Marne - Le Plessis-Trévise",
        "official_name": "Villiers-sur-Marne - Le Plessis-Trévise",
        "type": "ter"
      }
    },
    {
      "type": "Feature",
      "geometry": {
        "type": "Point",
        "coordinates": [
          2.4163511,
          48.9939797
        ]
      },
      "properties": {
        "operateur": "SNCF Gares & Connexions",
        "name": "Villiers-le-Bel - Gonesse - Arnouville",
        "official_name": "Villiers-le-Bel - Gonesse - Arnouville",
        "type": "ter"
      }
    },
    {
      "type": "Feature",
      "geometry": {
        "type": "Point",
        "coordinates": [
          2.5125353,
          48.9628926
        ]
      },
      "properties": {
        "operateur": "SNCF;RATP",
        "name": "Villepinte - Parc du Sausset",
        "official_name": "Villepinte",
        "type": "ter"
      }
    },
    {
      "type": "Feature",
      "geometry": {
        "type": "Point",
        "coordinates": [
          2.6025652,
          48.9530204
        ]
      },
      "properties": {
        "operateur": "SNCF Gares & Connexions",
        "name": "Villeparisis - Mitry le Neuf",
        "official_name": "Villeparisis - Mitry le Neuf",
        "type": "ter"
      }
    },
    {
      "type": "Feature",
      "geometry": {
        "type": "Point",
        "coordinates": [
          1.9996097,
          48.9395173
        ]
      },
      "properties": {
        "operateur": "SNCF Gares & Connexions",
        "name": "Villennes-sur-Seine",
        "official_name": "Villennes-sur-Seine",
        "type": "ter"
      }
    },
    {
      "type": "Feature",
      "geometry": {
        "type": "Point",
        "coordinates": [
          2.4383672,
          48.745169
        ]
      },
      "properties": {
        "operateur": "SNCF Gares & Connexions",
        "name": "Villeneuve Triage",
        "official_name": "Villeneuve Triage",
        "type": "ter"
      }
    },
    {
      "type": "Feature",
      "geometry": {
        "type": "Point",
        "coordinates": [
          2.4462178,
          48.7301461
        ]
      },
      "properties": {
        "operateur": "SNCF Gares & Connexions",
        "name": "Villeneuve-Saint-Georges",
        "official_name": "Villeneuve-Saint-Georges",
        "type": "ter"
      }
    },
    {
      "type": "Feature",
      "geometry": {
        "type": "Point",
        "coordinates": [
          2.3515146,
          49.0798796
        ]
      },
      "properties": {
        "operateur": "SNCF Gares & Connexions",
        "name": "Villaines",
        "official_name": "Villaines",
        "type": "ter"
      }
    },
    {
      "type": "Feature",
      "geometry": {
        "type": "Point",
        "coordinates": [
          2.3789793,
          48.342078
        ]
      },
      "properties": {
        "operateur": "SNCF Gares & Connexions",
        "name": "Boigneville",
        "official_name": "Boigneville",
        "type": "ter"
      }
    },
    {
      "type": "Feature",
      "geometry": {
        "type": "Point",
        "coordinates": [
          2.2580469,
          48.7257689
        ]
      },
      "properties": {
        "operateur": "SNCF Gares & Connexions",
        "name": "Massy-Palaiseau",
        "official_name": "Massy - Palaiseau",
        "type": "ter"
      }
    },
    {
      "type": "Feature",
      "geometry": {
        "type": "Point",
        "coordinates": [
          2.3684989,
          49.1168467
        ]
      },
      "properties": {
        "operateur": "SNCF Gares & Connexions",
        "name": "Viarmes",
        "official_name": "Viarmes",
        "type": "ter"
      }
    },
    {
      "type": "Feature",
      "geometry": {
        "type": "Point",
        "coordinates": [
          2.5669327,
          48.9443725
        ]
      },
      "properties": {
        "operateur": "SNCF Gares & Connexions",
        "name": "Vert Galant",
        "official_name": "Vert Galant",
        "type": "ter"
      }
    },
    {
      "type": "Feature",
      "geometry": {
        "type": "Point",
        "coordinates": [
          1.9831221,
          48.9813574
        ]
      },
      "properties": {
        "operateur": "SNCF Gares & Connexions",
        "name": "Vernouillet Verneuil",
        "official_name": "Vernouillet - Verneuil",
        "type": "ter"
      }
    },
    {
      "type": "Feature",
      "geometry": {
        "type": "Point",
        "coordinates": [
          2.8425474,
          48.3864253
        ]
      },
      "properties": {
        "operateur": "SNCF Gares & Connexions",
        "name": "Vernou-sur-Seine",
        "official_name": "Vernou-sur-Seine",
        "type": "ter"
      }
    },
    {
      "type": "Feature",
      "geometry": {
        "type": "Point",
        "coordinates": [
          1.9635773,
          49.0071004
        ]
      },
      "properties": {
        "operateur": "SNCF Gares & Connexions",
        "name": "Vaux-sur-Seine",
        "official_name": "Vaux-sur-Seine",
        "type": "ter"
      }
    },
    {
      "type": "Feature",
      "geometry": {
        "type": "Point",
        "coordinates": [
          2.2292684,
          49.0218324
        ]
      },
      "properties": {
        "operateur": "SNCF Gares & Connexions",
        "name": "Vaucelles",
        "official_name": "Vaucelles",
        "type": "ter"
      }
    },
    {
      "type": "Feature",
      "geometry": {
        "type": "Point",
        "coordinates": [
          1.9192445,
          49.0066994
        ]
      },
      "properties": {
        "operateur": "SNCF Gares & Connexions",
        "name": "Thun-le-Paradis",
        "official_name": "Thun Le Paradis",
        "type": "ter"
      }
    },
    {
      "type": "Feature",
      "geometry": {
        "type": "Point",
        "coordinates": [
          2.7639925,
          48.3943084
        ]
      },
      "properties": {
        "operateur": "SNCF Gares & Connexions",
        "name": "Thomery",
        "official_name": "Thomery",
        "type": "ter"
      }
    },
    {
      "type": "Feature",
      "geometry": {
        "type": "Point",
        "coordinates": [
          2.2021498,
          49.0917171
        ]
      },
      "properties": {
        "operateur": "SNCF Gares & Connexions",
        "name": "Valmondois",
        "official_name": "Valmondois",
        "type": "ter"
      }
    },
    {
      "type": "Feature",
      "geometry": {
        "type": "Point",
        "coordinates": [
          2.2318269,
          48.9504607
        ]
      },
      "properties": {
        "operateur": "SNCF Gares & Connexions",
        "name": "Val d'Argenteuil",
        "official_name": "Val d'Argenteuil",
        "type": "ter"
      }
    },
    {
      "type": "Feature",
      "geometry": {
        "type": "Point",
        "coordinates": [
          1.9705605,
          49.0995637
        ]
      },
      "properties": {
        "operateur": "SNCF Gares & Connexions",
        "name": "Us",
        "official_name": "Us",
        "type": "ter"
      }
    },
    {
      "type": "Feature",
      "geometry": {
        "type": "Point",
        "coordinates": [
          2.9494111,
          48.9602168
        ]
      },
      "properties": {
        "operateur": "SNCF Gares & Connexions",
        "name": "Trilport",
        "official_name": "Trilport",
        "type": "ter"
      }
    },
    {
      "type": "Feature",
      "geometry": {
        "type": "Point",
        "coordinates": [
          2.5247252,
          48.9475609
        ]
      },
      "properties": {
        "operateur": "SNCF Gares & Connexions",
        "name": "Sevran - Beaudottes",
        "official_name": "Sevran Beaudottes",
        "type": "ter"
      }
    },
    {
      "type": "Feature",
      "geometry": {
        "type": "Point",
        "coordinates": [
          2.3989075,
          49.118987
        ]
      },
      "properties": {
        "operateur": "SNCF Gares & Connexions",
        "name": "Seugy",
        "official_name": "Seugy",
        "type": "ter"
      }
    },
    {
      "type": "Feature",
      "geometry": {
        "type": "Point",
        "coordinates": [
          2.345784,
          48.8533538
        ]
      },
      "properties": {
        "operateur": "RATP;SNCF",
        "name": "Saint-Michel Notre-Dame",
        "official_name": "Saint-Michel Notre-Dame",
        "type": "ter"
      }
    },
    {
      "type": "Feature",
      "geometry": {
        "type": "Point",
        "coordinates": [
          2.4859002,
          48.8706577
        ]
      },
      "properties": {
        "operateur": "SNCF Gares & Connexions",
        "name": "Rosny-sous-Bois",
        "official_name": "Rosny-sous-Bois",
        "type": "ter"
      }
    },
    {
      "type": "Feature",
      "geometry": {
        "type": "Point",
        "coordinates": [
          2.6503708,
          48.7956612
        ]
      },
      "properties": {
        "operateur": "SNCF Gares & Connexions",
        "name": "Roissy-en-Brie",
        "official_name": "Roissy-en-Brie",
        "type": "ter"
      }
    },
    {
      "type": "Feature",
      "geometry": {
        "type": "Point",
        "coordinates": [
          2.376518,
          49.2033724
        ]
      },
      "properties": {
        "operateur": "SNCF Gares & Connexions",
        "name": "Précy-sur-Oise",
        "official_name": "Précy-sur-Oise",
        "type": "ter"
      }
    },
    {
      "type": "Feature",
      "geometry": {
        "type": "Point",
        "coordinates": [
          3.2016027,
          48.2862956
        ]
      },
      "properties": {
        "operateur": "SNCF Gares & Connexions",
        "name": "Pont-sur-Yonne",
        "official_name": "Pont-sur-Yonne",
        "type": "ter"
      }
    },
    {
      "type": "Feature",
      "geometry": {
        "type": "Point",
        "coordinates": [
          2.2706619,
          48.8393018
        ]
      },
      "properties": {
        "operateur": "SNCF Gares & Connexions",
        "name": "Pont du Garigliano",
        "official_name": "Pont du Garigliano (Boulevard Victor)",
        "type": "ter"
      }
    },
    {
      "type": "Feature",
      "geometry": {
        "type": "Point",
        "coordinates": [
          1.9600411,
          48.8309585
        ]
      },
      "properties": {
        "operateur": "SNCF Gares & Connexions",
        "name": "Plaisir - Les Clayes",
        "official_name": "Plaisir - Les Clayes",
        "type": "ter"
      }
    },
    {
      "type": "Feature",
      "geometry": {
        "type": "Point",
        "coordinates": [
          2.3691713,
          48.9618971
        ]
      },
      "properties": {
        "operateur": "SNCF Gares & Connexions",
        "name": "Pierrefitte - Stains",
        "official_name": "Pierrefitte - Stains",
        "type": "ter"
      }
    },
    {
      "type": "Feature",
      "geometry": {
        "type": "Point",
        "coordinates": [
          2.241885,
          49.1357242
        ]
      },
      "properties": {
        "operateur": "SNCF Gares & Connexions",
        "name": "Champagne-sur-Oise",
        "official_name": "Champagne-sur-Oise",
        "type": "ter"
      }
    },
    {
      "type": "Feature",
      "geometry": {
        "type": "Point",
        "coordinates": [
          2.2782258,
          49.1478544
        ]
      },
      "properties": {
        "operateur": "SNCF Gares & Connexions",
        "name": "Persan - Beaumont",
        "official_name": "Persan - Beaumont",
        "type": "ter"
      }
    },
    {
      "type": "Feature",
      "geometry": {
        "type": "Point",
        "coordinates": [
          2.5143675,
          48.9734231
        ]
      },
      "properties": {
        "operateur": "SNCF Gares & Connexions",
        "name": "Parc des Expositions",
        "official_name": "Parc des Expositions",
        "type": "ter"
      }
    },
    {
      "type": "Feature",
      "geometry": {
        "type": "Point",
        "coordinates": [
          2.0577556,
          49.0630108
        ]
      },
      "properties": {
        "operateur": "SNCF Gares & Connexions",
        "name": "Osny",
        "official_name": "Osny",
        "type": "ter"
      }
    },
    {
      "type": "Feature",
      "geometry": {
        "type": "Point",
        "coordinates": [
          1.7027791,
          48.8266611
        ]
      },
      "properties": {
        "operateur": "SNCF Gares & Connexions",
        "name": "Orgerus - Béhoust",
        "official_name": "Orgerus - Béhoust",
        "type": "ter"
      }
    },
    {
      "type": "Feature",
      "geometry": {
        "type": "Point",
        "coordinates": [
          2.4077266,
          48.6363498
        ]
      },
      "properties": {
        "operateur": "SNCF Gares & Connexions",
        "name": "Orangis - Bois de l'Épine",
        "official_name": "Orangis Bois de l'Épine",
        "type": "ter"
      }
    },
    {
      "type": "Feature",
      "geometry": {
        "type": "Point",
        "coordinates": [
          2.4597443,
          48.8965358
        ]
      },
      "properties": {
        "operateur": "SNCF Gares & Connexions",
        "name": "Noisy-le-Sec",
        "official_name": "Noisy-le-Sec",
        "type": "ter"
      }
    },
    {
      "type": "Feature",
      "geometry": {
        "type": "Point",
        "coordinates": [
          1.8404817,
          48.9388132
        ]
      },
      "properties": {
        "operateur": "SNCF Gares & Connexions",
        "name": "Nézel - Aulnay",
        "official_name": "Nézel - Aulnay",
        "type": "ter"
      }
    },
    {
      "type": "Feature",
      "geometry": {
        "type": "Point",
        "coordinates": [
          2.2856632,
          48.8787074
        ]
      },
      "properties": {
        "operateur": "SNCF Gares & Connexions",
        "name": "Neuilly - Porte Maillot",
        "type": "ter"
      }
    },
    {
      "type": "Feature",
      "geometry": {
        "type": "Point",
        "coordinates": [
          2.0034959,
          49.0805828
        ]
      },
      "properties": {
        "operateur": "SNCF Gares & Connexions",
        "name": "Montgeroult - Courcelles",
        "official_name": "Montgeroult - Courcelles",
        "type": "ter"
      }
    },
    {
      "type": "Feature",
      "geometry": {
        "type": "Point",
        "coordinates": [
          1.815426,
          48.8027495
        ]
      },
      "properties": {
        "operateur": "SNCF Gares & Connexions",
        "name": "Montfort l'Amaury-Méré",
        "official_name": "Montfort-l'Amaury - Méré",
        "type": "ter"
      }
    },
    {
      "type": "Feature",
      "geometry": {
        "type": "Point",
        "coordinates": [
          2.642312,
          48.9758874
        ]
      },
      "properties": {
        "operateur": "SNCF Gares & Connexions",
        "name": "Mitry Claye",
        "official_name": "Mitry - Claye",
        "type": "ter"
      }
    },
    {
      "type": "Feature",
      "geometry": {
        "type": "Point",
        "coordinates": [
          1.9018661,
          49.0057717
        ]
      },
      "properties": {
        "operateur": "SNCF Gares & Connexions",
        "name": "Meulan - Hardricourt",
        "official_name": "Meulan - Hardricourt",
        "type": "ter"
      }
    },
    {
      "type": "Feature",
      "geometry": {
        "type": "Point",
        "coordinates": [
          2.2369184,
          48.8922478
        ]
      },
      "properties": {
        "operateur": "SNCF;RATP",
        "name": "La Défense - Grande Arche",
        "official_name": "La Défense",
        "type": "ter"
      }
    },
    {
      "type": "Feature",
      "geometry": {
        "type": "Point",
        "coordinates": [
          2.4359578,
          48.6480745
        ]
      },
      "properties": {
        "operateur": "SNCF Gares & Connexions",
        "name": "Grand Bourg",
        "official_name": "Grand Bourg",
        "type": "ter"
      }
    },
    {
      "type": "Feature",
      "geometry": {
        "type": "Point",
        "coordinates": [
          5.1433223,
          48.4443197
        ]
      },
      "properties": {
        "operateur": "SNCF Gares & Connexions",
        "name": "Joinville",
        "official_name": "Joinville",
        "type": "ter"
      }
    },
    {
      "type": "Feature",
      "geometry": {
        "type": "Point",
        "coordinates": [
          3.2675246,
          48.1978959
        ]
      },
      "properties": {
        "operateur": "SNCF Gares & Connexions",
        "name": "Sens",
        "official_name": "Sens",
        "type": "ter"
      }
    },
    {
      "type": "Feature",
      "geometry": {
        "type": "Point",
        "coordinates": [
          7.2904984,
          43.7058196
        ]
      },
      "properties": {
        "operateur": "SNCF Gares & Connexions",
        "name": "Nice Riquier",
        "official_name": "Nice Riquier",
        "type": "ter"
      }
    },
    {
      "type": "Feature",
      "geometry": {
        "type": "Point",
        "coordinates": [
          3.8788742,
          46.5020881
        ]
      },
      "properties": {
        "operateur": "SNCF Gares & Connexions",
        "name": "Saint-Agnan",
        "official_name": "Saint-Agnan",
        "type": "ter"
      }
    },
    {
      "type": "Feature",
      "geometry": {
        "type": "Point",
        "coordinates": [
          0.6179893,
          47.336776
        ]
      },
      "properties": {
        "operateur": "SNCF Gares & Connexions",
        "name": "Ballan",
        "official_name": "Ballan",
        "type": "ter"
      }
    },
    {
      "type": "Feature",
      "geometry": {
        "type": "Point",
        "coordinates": [
          -1.054389,
          46.6901226
        ]
      },
      "properties": {
        "operateur": "SNCF",
        "name": "Chantonnay",
        "official_name": "Chantonnay",
        "type": "ter"
      }
    },
    {
      "type": "Feature",
      "geometry": {
        "type": "Point",
        "coordinates": [
          -0.6037441,
          42.9952215
        ]
      },
      "properties": {
        "operateur": "SNCF Gares & Connexions",
        "name": "Bedous",
        "official_name": "Bedous",
        "type": "ter"
      }
    },
    {
      "type": "Feature",
      "geometry": {
        "type": "Point",
        "coordinates": [
          7.4912777,
          48.50527
        ]
      },
      "properties": {
        "operateur": "SNCF Gares & Connexions",
        "name": "Rosheim",
        "official_name": "Rosheim",
        "type": "ter"
      }
    },
    {
      "type": "Feature",
      "geometry": {
        "type": "Point",
        "coordinates": [
          2.927196,
          49.5062759
        ]
      },
      "properties": {
        "operateur": "SNCF Gares & Connexions",
        "name": "Ribécourt",
        "official_name": "Ribécourt",
        "type": "ter"
      }
    },
    {
      "type": "Feature",
      "geometry": {
        "type": "Point",
        "coordinates": [
          6.0715608,
          48.8439137
        ]
      },
      "properties": {
        "operateur": "SNCF Gares & Connexions",
        "name": "Dieulouard",
        "official_name": "Dieulouard",
        "type": "ter"
      }
    },
    {
      "type": "Feature",
      "geometry": {
        "type": "Point",
        "coordinates": [
          6.1690473,
          48.7352041
        ]
      },
      "properties": {
        "operateur": "SNCF Gares & Connexions",
        "name": "Champigneulles",
        "official_name": "Champigneulles",
        "type": "ter"
      }
    },
    {
      "type": "Feature",
      "geometry": {
        "type": "Point",
        "coordinates": [
          6.2279838,
          48.6555171
        ]
      },
      "properties": {
        "operateur": "SNCF Gares & Connexions",
        "name": "Laneuveville-devant-Nancy",
        "official_name": "Laneuveville-devant-Nancy",
        "type": "ter"
      }
    },
    {
      "type": "Feature",
      "geometry": {
        "type": "Point",
        "coordinates": [
          4.8052782,
          43.941688
        ]
      },
      "properties": {
        "operateur": "SNCF Gares & Connexions",
        "name": "Avignon-Centre",
        "official_name": "Avignon Centre",
        "type": "ter"
      }
    },
    {
      "type": "Feature",
      "geometry": {
        "type": "Point",
        "coordinates": [
          4.1839611,
          49.1987321
        ]
      },
      "properties": {
        "operateur": "SNCF Gares & Connexions",
        "name": "Prunay",
        "official_name": "Prunay",
        "type": "ter"
      }
    },
    {
      "type": "Feature",
      "geometry": {
        "type": "Point",
        "coordinates": [
          4.2222164,
          49.1780657
        ]
      },
      "properties": {
        "operateur": "SNCF Gares & Connexions",
        "name": "Val-de-Vesle",
        "official_name": "Val-de-Vesle",
        "type": "ter"
      }
    },
    {
      "type": "Feature",
      "geometry": {
        "type": "Point",
        "coordinates": [
          7.5310413,
          47.609553
        ]
      },
      "properties": {
        "operateur": "SNCF Gares & Connexions",
        "name": "Saint-Louis La Chaussée",
        "official_name": "Saint-Louis La Chaussée",
        "type": "ter"
      }
    },
    {
      "type": "Feature",
      "geometry": {
        "type": "Point",
        "coordinates": [
          4.0408405,
          49.1664457
        ]
      },
      "properties": {
        "operateur": "SNCF Gares & Connexions",
        "name": "Rilly-la-Montagne",
        "official_name": "Rilly-la-Montagne",
        "type": "ter"
      }
    },
    {
      "type": "Feature",
      "geometry": {
        "type": "Point",
        "coordinates": [
          6.1567758,
          49.4077596
        ]
      },
      "properties": {
        "operateur": "SNCF Gares & Connexions",
        "name": "Hettange-Grande",
        "official_name": "Hettange-Grande",
        "type": "ter"
      }
    },
    {
      "type": "Feature",
      "geometry": {
        "type": "Point",
        "coordinates": [
          6.1671599,
          49.1369553
        ]
      },
      "properties": {
        "operateur": "SNCF Gares & Connexions",
        "name": "Metz Nord",
        "official_name": "Metz Nord",
        "type": "ter"
      }
    },
    {
      "type": "Feature",
      "geometry": {
        "type": "Point",
        "coordinates": [
          6.1596371,
          49.2239149
        ]
      },
      "properties": {
        "operateur": "SNCF Gares & Connexions",
        "name": "Walygator Parc",
        "official_name": "Walygator Parc",
        "type": "ter"
      }
    },
    {
      "type": "Feature",
      "geometry": {
        "type": "Point",
        "coordinates": [
          2.3740572,
          48.8964867
        ]
      },
      "properties": {
        "operateur": "SNCF Gares & Connexions",
        "name": "Rosa Parks",
        "official_name": "Rosa Parks",
        "type": "ter"
      }
    },
    {
      "type": "Feature",
      "geometry": {
        "type": "Point",
        "coordinates": [
          5.9790061,
          49.0134681
        ]
      },
      "properties": {
        "operateur": "SNCF Gares & Connexions",
        "name": "Onville",
        "official_name": "Onville",
        "type": "ter"
      }
    },
    {
      "type": "Feature",
      "geometry": {
        "type": "Point",
        "coordinates": [
          5.8913586,
          49.3667299
        ]
      },
      "properties": {
        "operateur": "SNCF Gares & Connexions",
        "name": "Audun-le-Roman",
        "official_name": "Audun-le-Roman",
        "type": "ter"
      }
    },
    {
      "type": "Feature",
      "geometry": {
        "type": "Point",
        "coordinates": [
          6.073197,
          49.3305124
        ]
      },
      "properties": {
        "operateur": "SNCF Gares & Connexions",
        "name": "Hayange",
        "official_name": "Hayange",
        "type": "ter"
      }
    },
    {
      "type": "Feature",
      "geometry": {
        "type": "Point",
        "coordinates": [
          -1.7819475,
          43.3530823
        ]
      },
      "properties": {
        "operateur": "SNCF Gares & Connexions",
        "name": "Hendaye",
        "official_name": "Hendaye",
        "type": "ter"
      }
    },
    {
      "type": "Feature",
      "geometry": {
        "type": "Point",
        "coordinates": [
          -1.3713469,
          46.906975
        ]
      },
      "properties": {
        "operateur": "SNCF Gares & Connexions",
        "name": "L'Herbergement - Les Brouzils",
        "type": "ter"
      }
    },
    {
      "type": "Feature",
      "geometry": {
        "type": "Point",
        "coordinates": [
          4.0843819,
          49.9145192
        ]
      },
      "properties": {
        "operateur": "SNCF Gares & Connexions",
        "name": "Hirson",
        "official_name": "Hirson",
        "type": "ter"
      }
    },
    {
      "type": "Feature",
      "geometry": {
        "type": "Point",
        "coordinates": [
          -0.3181367,
          47.4121347
        ]
      },
      "properties": {
        "operateur": "SNCF Gares & Connexions",
        "name": "Saint-Mathurin",
        "official_name": "Saint-Mathurin-sur-Loire",
        "type": "ter"
      }
    },
    {
      "type": "Feature",
      "geometry": {
        "type": "Point",
        "coordinates": [
          0.1555854,
          47.2487758
        ]
      },
      "properties": {
        "operateur": "SNCF Gares & Connexions",
        "name": "Port-Boulet",
        "official_name": "Port Boulet",
        "type": "ter"
      }
    },
    {
      "type": "Feature",
      "geometry": {
        "type": "Point",
        "coordinates": [
          4.0849332,
          44.1278635
        ]
      },
      "properties": {
        "operateur": "SNCF Gares & Connexions",
        "name": "Alès",
        "official_name": "Alès",
        "type": "ter"
      }
    },
    {
      "type": "Feature",
      "geometry": {
        "type": "Point",
        "coordinates": [
          3.3104267,
          45.3654288
        ]
      },
      "properties": {
        "operateur": "SNCF Gares & Connexions",
        "name": "Arvant",
        "official_name": "Arvant",
        "type": "ter"
      }
    },
    {
      "type": "Feature",
      "geometry": {
        "type": "Point",
        "coordinates": [
          4.0329499,
          44.209953
        ]
      },
      "properties": {
        "operateur": "SNCF Gares & Connexions",
        "name": "Grand-Combe-la-Pise",
        "official_name": "Grand-Combe La Pise",
        "type": "ter"
      }
    },
    {
      "type": "Feature",
      "geometry": {
        "type": "Point",
        "coordinates": [
          3.9516355,
          44.3471455
        ]
      },
      "properties": {
        "operateur": "SNCF Gares & Connexions",
        "name": "Génolhac",
        "official_name": "Génolhac",
        "type": "ter"
      }
    },
    {
      "type": "Feature",
      "geometry": {
        "type": "Point",
        "coordinates": [
          3.8572259,
          44.7327191
        ]
      },
      "properties": {
        "operateur": "SNCF Gares & Connexions",
        "name": "Langogne",
        "official_name": "Langogne",
        "type": "ter"
      }
    },
    {
      "type": "Feature",
      "geometry": {
        "type": "Point",
        "coordinates": [
          3.494806,
          45.1605973
        ]
      },
      "properties": {
        "operateur": "SNCF Gares & Connexions",
        "name": "Saint-Georges d'Aurac",
        "official_name": "Saint-Georges-d'Aurac",
        "type": "ter"
      }
    },
    {
      "type": "Feature",
      "geometry": {
        "type": "Point",
        "coordinates": [
          3.92402,
          44.4395202
        ]
      },
      "properties": {
        "operateur": "SNCF Gares & Connexions",
        "name": "Villefort",
        "official_name": "Villefort",
        "type": "ter"
      }
    },
    {
      "type": "Feature",
      "geometry": {
        "type": "Point",
        "coordinates": [
          1.171815,
          47.3436603
        ]
      },
      "properties": {
        "operateur": "SNCF Gares & Connexions",
        "name": "Montrichard",
        "official_name": "Montrichard",
        "type": "ter"
      }
    },
    {
      "type": "Feature",
      "geometry": {
        "type": "Point",
        "coordinates": [
          1.3836774,
          47.2868127
        ]
      },
      "properties": {
        "operateur": "SNCF Gares & Connexions",
        "name": "Saint-Aignan - Noyers",
        "official_name": "Saint-Aignan - Noyers",
        "type": "ter"
      }
    },
    {
      "type": "Feature",
      "geometry": {
        "type": "Point",
        "coordinates": [
          1.312118,
          47.3223688
        ]
      },
      "properties": {
        "operateur": "SNCF Gares & Connexions",
        "name": "Thésée",
        "official_name": "Thésée",
        "type": "ter"
      }
    },
    {
      "type": "Feature",
      "geometry": {
        "type": "Point",
        "coordinates": [
          6.4325451,
          43.9593063
        ]
      },
      "properties": {
        "operateur": "Régie Régionale des Transports",
        "name": "Gévaudan",
        "type": "ter"
      }
    },
    {
      "type": "Feature",
      "geometry": {
        "type": "Point",
        "coordinates": [
          0.4475064,
          47.2663494
        ]
      },
      "properties": {
        "operateur": "SNCF Gares & Connexions",
        "name": "Azay-le-Rideau",
        "official_name": "Azay-le-Rideau",
        "type": "ter"
      }
    },
    {
      "type": "Feature",
      "geometry": {
        "type": "Point",
        "coordinates": [
          5.0579101,
          45.8477216
        ]
      },
      "properties": {
        "operateur": "SNCF Gares & Connexions",
        "name": "Montluel",
        "official_name": "Montluel",
        "type": "ter"
      }
    },
    {
      "type": "Feature",
      "geometry": {
        "type": "Point",
        "coordinates": [
          0.5771269,
          47.1111519
        ]
      },
      "properties": {
        "operateur": "SNCF Gares & Connexions",
        "name": "Sainte-Maure-Noyant",
        "official_name": "Sainte-Maure - Noyant",
        "type": "ter"
      }
    },
    {
      "type": "Feature",
      "geometry": {
        "type": "Point",
        "coordinates": [
          0.6335257,
          47.2018934
        ]
      },
      "properties": {
        "operateur": "SNCF Gares & Connexions",
        "name": "Villeperdue",
        "official_name": "Villeperdue",
        "type": "ter"
      }
    },
    {
      "type": "Feature",
      "geometry": {
        "type": "Point",
        "coordinates": [
          2.8106558,
          48.9031772
        ]
      },
      "properties": {
        "operateur": "SNCF Gares & Connexions",
        "name": "Esbly",
        "official_name": "Esbly",
        "type": "ter"
      }
    },
    {
      "type": "Feature",
      "geometry": {
        "type": "Point",
        "coordinates": [
          7.0528284,
          48.7380886
        ]
      },
      "properties": {
        "operateur": "SNCF Gares & Connexions",
        "name": "Sarrebourg",
        "official_name": "Sarrebourg",
        "type": "ter"
      }
    },
    {
      "type": "Feature",
      "geometry": {
        "type": "Point",
        "coordinates": [
          3.9943417,
          49.2142664
        ]
      },
      "properties": {
        "operateur": "SNCF Gares & Connexions",
        "name": "Champagne-Ardenne TGV",
        "official_name": "Champagne-Ardenne TGV",
        "type": "ter"
      }
    },
    {
      "type": "Feature",
      "geometry": {
        "type": "Point",
        "coordinates": [
          6.1697946,
          48.9477428
        ]
      },
      "properties": {
        "operateur": "SNCF Gares & Connexions",
        "name": "Lorraine TGV",
        "official_name": "Lorraine TGV",
        "type": "ter"
      }
    },
    {
      "type": "Feature",
      "geometry": {
        "type": "Point",
        "coordinates": [
          5.2709098,
          48.9787155
        ]
      },
      "properties": {
        "operateur": "SNCF Gares & Connexions",
        "name": "Meuse TGV",
        "official_name": "Meuse TGV",
        "type": "ter"
      }
    },
    {
      "type": "Feature",
      "geometry": {
        "type": "Point",
        "coordinates": [
          0.6546612,
          47.2818672
        ]
      },
      "properties": {
        "operateur": "SNCF Gares & Connexions",
        "name": "Monts",
        "official_name": "Monts (Indre-et-Loire)",
        "type": "ter"
      }
    },
    {
      "type": "Feature",
      "geometry": {
        "type": "Point",
        "coordinates": [
          -2.2955265,
          47.6757223
        ]
      },
      "properties": {
        "operateur": "SNCF Gares & Connexions",
        "name": "Malansac",
        "official_name": "Malansac",
        "type": "ter"
      }
    },
    {
      "type": "Feature",
      "geometry": {
        "type": "Point",
        "coordinates": [
          0.5648008,
          47.5579306
        ]
      },
      "properties": {
        "operateur": "SNCF Gares & Connexions",
        "name": "Neuillé-Pont-Pierre",
        "official_name": "Neuillé-Pont-Pierre",
        "type": "ter"
      }
    },
    {
      "type": "Feature",
      "geometry": {
        "type": "Point",
        "coordinates": [
          0.6165915,
          47.5036826
        ]
      },
      "properties": {
        "operateur": "SNCF Gares & Connexions",
        "name": "Saint-Antoine-du-Rocher",
        "official_name": "Saint-Antoine-du-Rocher",
        "type": "ter"
      }
    },
    {
      "type": "Feature",
      "geometry": {
        "type": "Point",
        "coordinates": [
          0.3098113,
          47.2855666
        ]
      },
      "properties": {
        "operateur": "SNCF Gares & Connexions",
        "name": "Saint-Patrice",
        "official_name": "Saint-Patrice",
        "type": "ter"
      }
    },
    {
      "type": "Feature",
      "geometry": {
        "type": "Point",
        "coordinates": [
          2.2871938,
          48.863045
        ]
      },
      "properties": {
        "operateur": "",
        "name": "Trocadéro",
        "type": "ter"
      }
    },
    {
      "type": "Feature",
      "geometry": {
        "type": "Point",
        "coordinates": [
          0.5831279,
          47.0535786
        ]
      },
      "properties": {
        "operateur": "SNCF Gares & Connexions",
        "name": "Maillé",
        "official_name": "Maillé",
        "type": "ter"
      }
    },
    {
      "type": "Feature",
      "geometry": {
        "type": "Point",
        "coordinates": [
          2.354801,
          48.8459626
        ]
      },
      "properties": {
        "operateur": "RATP",
        "name": "Jussieu",
        "type": "ter"
      }
    },
    {
      "type": "Feature",
      "geometry": {
        "type": "Point",
        "coordinates": [
          0.7117111,
          49.196434
        ]
      },
      "properties": {
        "operateur": "SNCF Gares & Connexions",
        "name": "Brionne",
        "official_name": "Brionne",
        "type": "ter"
      }
    },
    {
      "type": "Feature",
      "geometry": {
        "type": "Point",
        "coordinates": [
          4.9169941,
          47.0842407
        ]
      },
      "properties": {
        "operateur": "SNCF Gares & Connexions",
        "name": "Corgoloin",
        "official_name": "Corgoloin",
        "type": "ter"
      }
    },
    {
      "type": "Feature",
      "geometry": {
        "type": "Point",
        "coordinates": [
          3.8498862,
          43.5437372
        ]
      },
      "properties": {
        "operateur": "SNCF Gares & Connexions",
        "name": "Villeneuve-lès-Maguelone",
        "official_name": "Villeneuve-lès-Maguelone",
        "type": "ter"
      }
    },
    {
      "type": "Feature",
      "geometry": {
        "type": "Point",
        "coordinates": [
          3.7993824,
          43.5007099
        ]
      },
      "properties": {
        "operateur": "SNCF Gares & Connexions",
        "name": "Vic - Mireval",
        "official_name": "Vic - Mireval",
        "type": "ter"
      }
    },
    {
      "type": "Feature",
      "geometry": {
        "type": "Point",
        "coordinates": [
          1.8715172,
          48.8936808
        ]
      },
      "properties": {
        "operateur": "SNCF Gares & Connexions",
        "name": "Mareil-sur-Mauldre",
        "official_name": "Mareil-sur-Mauldre",
        "type": "ter"
      }
    },
    {
      "type": "Feature",
      "geometry": {
        "type": "Point",
        "coordinates": [
          7.4356921,
          48.3216027
        ]
      },
      "properties": {
        "operateur": "SNCF Gares & Connexions",
        "name": "Dambach-la-Ville",
        "official_name": "Dambach-la-Ville",
        "type": "ter"
      }
    },
    {
      "type": "Feature",
      "geometry": {
        "type": "Point",
        "coordinates": [
          -3.118245,
          47.4854807
        ]
      },
      "properties": {
        "operateur": "SNCF Gares & Connexions",
        "name": "Quiberon",
        "official_name": "Quiberon",
        "type": "ter"
      }
    },
    {
      "type": "Feature",
      "geometry": {
        "type": "Point",
        "coordinates": [
          -1.024327,
          46.1208541
        ]
      },
      "properties": {
        "operateur": "SNCF",
        "name": "La Jarrie",
        "official_name": "La Jarrie",
        "type": "ter"
      }
    },
    {
      "type": "Feature",
      "geometry": {
        "type": "Point",
        "coordinates": [
          -0.952002,
          46.0938943
        ]
      },
      "properties": {
        "operateur": "SNCF Gares & Connexions",
        "name": "Aigrefeuille-le-Thou",
        "official_name": "Aigrefeuille - Le Thou",
        "type": "ter"
      }
    },
    {
      "type": "Feature",
      "geometry": {
        "type": "Point",
        "coordinates": [
          2.2592955,
          48.9240258
        ]
      },
      "properties": {
        "operateur": "SNCF Gares & Connexions",
        "name": "Colombes",
        "official_name": "Colombes",
        "type": "ter"
      }
    },
    {
      "type": "Feature",
      "geometry": {
        "type": "Point",
        "coordinates": [
          5.4836488,
          43.2860568
        ]
      },
      "properties": {
        "operateur": "SNCF Gares & Connexions",
        "name": "La Barasse",
        "official_name": "La Barasse",
        "type": "ter"
      }
    },
    {
      "type": "Feature",
      "geometry": {
        "type": "Point",
        "coordinates": [
          2.1379469,
          43.922403
        ]
      },
      "properties": {
        "operateur": "SNCF Gares & Connexions",
        "name": "Albi-Ville",
        "official_name": "Albi",
        "type": "ter"
      }
    },
    {
      "type": "Feature",
      "geometry": {
        "type": "Point",
        "coordinates": [
          0.5969312,
          43.6472899
        ]
      },
      "properties": {
        "operateur": "SNCF Gares & Connexions",
        "name": "Auch",
        "official_name": "Auch",
        "type": "ter"
      }
    },
    {
      "type": "Feature",
      "geometry": {
        "type": "Point",
        "coordinates": [
          1.8947503,
          43.9060529
        ]
      },
      "properties": {
        "operateur": "SNCF Gares & Connexions",
        "name": "Gaillac",
        "official_name": "Gaillac",
        "type": "ter"
      }
    },
    {
      "type": "Feature",
      "geometry": {
        "type": "Point",
        "coordinates": [
          2.1572739,
          48.9378067
        ]
      },
      "properties": {
        "operateur": "SNCF Gares & Connexions",
        "name": "Sartrouville",
        "official_name": "Sartrouville",
        "type": "ter"
      }
    },
    {
      "type": "Feature",
      "geometry": {
        "type": "Point",
        "coordinates": [
          3.6418159,
          49.0791086
        ]
      },
      "properties": {
        "operateur": "SNCF Gares & Connexions",
        "name": "Dormans",
        "official_name": "Dormans",
        "type": "ter"
      }
    },
    {
      "type": "Feature",
      "geometry": {
        "type": "Point",
        "coordinates": [
          1.2348341,
          48.4514321
        ]
      },
      "properties": {
        "operateur": "SNCF Gares & Connexions",
        "name": "Courville-sur-Eure",
        "official_name": "Courville-sur-Eure",
        "type": "ter"
      }
    },
    {
      "type": "Feature",
      "geometry": {
        "type": "Point",
        "coordinates": [
          1.0108649,
          48.4738881
        ]
      },
      "properties": {
        "operateur": "SNCF Gares & Connexions",
        "name": "La Loupe",
        "official_name": "La Loupe",
        "type": "ter"
      }
    },
    {
      "type": "Feature",
      "geometry": {
        "type": "Point",
        "coordinates": [
          0.8487767,
          48.3835337
        ]
      },
      "properties": {
        "operateur": "SNCF Gares & Connexions",
        "name": "Condé-sur-Huisne",
        "official_name": "Condé-sur-Huisne",
        "type": "ter"
      }
    },
    {
      "type": "Feature",
      "geometry": {
        "type": "Point",
        "coordinates": [
          0.8102739,
          48.3257801
        ]
      },
      "properties": {
        "operateur": "SNCF Gares & Connexions",
        "name": "Nogent-le-Rotrou",
        "official_name": "Nogent-le-Rotrou",
        "type": "ter"
      }
    },
    {
      "type": "Feature",
      "geometry": {
        "type": "Point",
        "coordinates": [
          0.6393313,
          48.1865462
        ]
      },
      "properties": {
        "operateur": "SNCF Gares & Connexions",
        "name": "La Ferté-Bernard",
        "official_name": "La Ferté-Bernard",
        "type": "ter"
      }
    },
    {
      "type": "Feature",
      "geometry": {
        "type": "Point",
        "coordinates": [
          0.4869483,
          48.0737604
        ]
      },
      "properties": {
        "operateur": "SNCF Gares & Connexions",
        "name": "Connerré Beillé",
        "official_name": "Connerré - Beillé",
        "type": "ter"
      }
    },
    {
      "type": "Feature",
      "geometry": {
        "type": "Point",
        "coordinates": [
          0.4064041,
          48.0405389
        ]
      },
      "properties": {
        "operateur": "SNCF",
        "name": "Montfort-le-Gesnois",
        "official_name": "Montfort-le-Gesnois",
        "type": "ter"
      }
    },
    {
      "type": "Feature",
      "geometry": {
        "type": "Point",
        "coordinates": [
          6.1109845,
          47.2762749
        ]
      },
      "properties": {
        "operateur": "SNCF Gares & Connexions",
        "name": "Roche-lez-Beaupré",
        "official_name": "Roche-lez-Beaupré",
        "type": "ter"
      }
    },
    {
      "type": "Feature",
      "geometry": {
        "type": "Point",
        "coordinates": [
          0.0262364,
          48.107709
        ]
      },
      "properties": {
        "operateur": "SNCF Gares & Connexions",
        "name": "Domfront",
        "official_name": "Domfront",
        "type": "ter"
      }
    },
    {
      "type": "Feature",
      "geometry": {
        "type": "Point",
        "coordinates": [
          6.2333526,
          47.2988199
        ]
      },
      "properties": {
        "operateur": "SNCF Gares & Connexions",
        "name": "Laissey",
        "official_name": "Laissey",
        "type": "ter"
      }
    },
    {
      "type": "Feature",
      "geometry": {
        "type": "Point",
        "coordinates": [
          6.359471,
          47.3539444
        ]
      },
      "properties": {
        "operateur": "SNCF Gares & Connexions",
        "name": "Baume-les-Dames",
        "official_name": "Baume-les-Dames",
        "type": "ter"
      }
    },
    {
      "type": "Feature",
      "geometry": {
        "type": "Point",
        "coordinates": [
          6.4922664,
          47.3966842
        ]
      },
      "properties": {
        "operateur": "SNCF Gares & Connexions",
        "name": "Clerval",
        "official_name": "Clerval",
        "type": "ter"
      }
    },
    {
      "type": "Feature",
      "geometry": {
        "type": "Point",
        "coordinates": [
          6.5813495,
          47.4474248
        ]
      },
      "properties": {
        "operateur": "SNCF Gares & Connexions",
        "name": "L'Isle-sur-le-Doubs",
        "official_name": "L'Isle-sur-le-Doubs",
        "type": "ter"
      }
    },
    {
      "type": "Feature",
      "geometry": {
        "type": "Point",
        "coordinates": [
          6.6891292,
          47.4554246
        ]
      },
      "properties": {
        "operateur": "SNCF Gares & Connexions",
        "name": "Colombier-Fontaine",
        "official_name": "Colombier-Fontaine",
        "type": "ter"
      }
    },
    {
      "type": "Feature",
      "geometry": {
        "type": "Point",
        "coordinates": [
          6.7698287,
          47.4790182
        ]
      },
      "properties": {
        "operateur": "SNCF Gares & Connexions",
        "name": "Voujeaucourt",
        "official_name": "Voujeaucourt",
        "type": "ter"
      }
    },
    {
      "type": "Feature",
      "geometry": {
        "type": "Point",
        "coordinates": [
          6.8014501,
          47.5106029
        ]
      },
      "properties": {
        "operateur": "SNCF Gares & Connexions",
        "name": "Montbéliard",
        "official_name": "Montbéliard",
        "type": "ter"
      }
    },
    {
      "type": "Feature",
      "geometry": {
        "type": "Point",
        "coordinates": [
          -0.0661279,
          48.16831
        ]
      },
      "properties": {
        "operateur": "SNCF Gares & Connexions",
        "name": "Crissé",
        "official_name": "Crissé",
        "type": "ter"
      }
    },
    {
      "type": "Feature",
      "geometry": {
        "type": "Point",
        "coordinates": [
          6.7694128,
          47.5729663
        ]
      },
      "properties": {
        "operateur": "SNCF Gares & Connexions",
        "name": "Héricourt",
        "official_name": "Héricourt",
        "type": "ter"
      }
    },
    {
      "type": "Feature",
      "geometry": {
        "type": "Point",
        "coordinates": [
          5.8738118,
          47.2037536
        ]
      },
      "properties": {
        "operateur": "SNCF Gares & Connexions",
        "name": "Dannemarie - Velesmes",
        "official_name": "Dannemarie - Velesmes",
        "type": "ter"
      }
    },
    {
      "type": "Feature",
      "geometry": {
        "type": "Point",
        "coordinates": [
          5.2661053,
          47.2209892
        ]
      },
      "properties": {
        "operateur": "SNCF Gares & Connexions",
        "name": "Collonges",
        "official_name": "Collonges",
        "type": "ter"
      }
    },
    {
      "type": "Feature",
      "geometry": {
        "type": "Point",
        "coordinates": [
          5.4627723,
          43.456267
        ]
      },
      "properties": {
        "operateur": "SNCF Gares & Connexions",
        "name": "Gardanne",
        "official_name": "Gardanne",
        "type": "ter"
      }
    },
    {
      "type": "Feature",
      "geometry": {
        "type": "Point",
        "coordinates": [
          5.8520925,
          47.1185575
        ]
      },
      "properties": {
        "operateur": "SNCF Gares & Connexions",
        "name": "Byans",
        "official_name": "Byans",
        "type": "ter"
      }
    },
    {
      "type": "Feature",
      "geometry": {
        "type": "Point",
        "coordinates": [
          5.9236614,
          46.8593999
        ]
      },
      "properties": {
        "operateur": "SNCF Gares & Connexions",
        "name": "Andelot",
        "official_name": "Andelot",
        "type": "ter"
      }
    },
    {
      "type": "Feature",
      "geometry": {
        "type": "Point",
        "coordinates": [
          6.35338,
          46.9008879
        ]
      },
      "properties": {
        "operateur": "SNCF Gares & Connexions",
        "name": "Pontarlier",
        "official_name": "Pontarlier",
        "type": "ter"
      }
    },
    {
      "type": "Feature",
      "geometry": {
        "type": "Point",
        "coordinates": [
          5.8603953,
          46.390042
        ]
      },
      "properties": {
        "operateur": "SNCF",
        "name": "Saint-Claude",
        "official_name": "Saint-Claude",
        "type": "ter"
      }
    },
    {
      "type": "Feature",
      "geometry": {
        "type": "Point",
        "coordinates": [
          -1.8197651,
          48.1231857
        ]
      },
      "properties": {
        "operateur": "SNCF Gares & Connexions",
        "name": "L'Hermitage-Mordelles",
        "official_name": "L'Hermitage - Mordelles",
        "type": "ter"
      }
    },
    {
      "type": "Feature",
      "geometry": {
        "type": "Point",
        "coordinates": [
          5.7648776,
          46.9124182
        ]
      },
      "properties": {
        "operateur": "SNCF Gares & Connexions",
        "name": "Arbois",
        "official_name": "Arbois",
        "type": "ter"
      }
    },
    {
      "type": "Feature",
      "geometry": {
        "type": "Point",
        "coordinates": [
          5.700226,
          46.8443008
        ]
      },
      "properties": {
        "operateur": "SNCF",
        "name": "Poligny",
        "official_name": "Poligny",
        "type": "ter"
      }
    },
    {
      "type": "Feature",
      "geometry": {
        "type": "Point",
        "coordinates": [
          5.551336,
          46.6685045
        ]
      },
      "properties": {
        "operateur": "SNCF",
        "name": "Lons-le-Saunier",
        "official_name": "Lons-le-Saunier",
        "type": "ter"
      }
    },
    {
      "type": "Feature",
      "geometry": {
        "type": "Point",
        "coordinates": [
          4.0083597,
          43.6537642
        ]
      },
      "properties": {
        "operateur": "SNCF Gares & Connexions",
        "name": "Baillargues",
        "official_name": "Baillargues",
        "type": "ter"
      }
    },
    {
      "type": "Feature",
      "geometry": {
        "type": "Point",
        "coordinates": [
          6.8461892,
          47.6481304
        ]
      },
      "properties": {
        "operateur": "SNCF Gares & Connexions",
        "name": "Trois-Chênes",
        "official_name": "Trois Chênes",
        "type": "ter"
      }
    },
    {
      "type": "Feature",
      "geometry": {
        "type": "Point",
        "coordinates": [
          6.8067621,
          47.6810162
        ]
      },
      "properties": {
        "operateur": "SNCF Gares & Connexions",
        "name": "Bas-Evette",
        "official_name": "Bas Évette",
        "type": "ter"
      }
    },
    {
      "type": "Feature",
      "geometry": {
        "type": "Point",
        "coordinates": [
          6.7011714,
          47.7030395
        ]
      },
      "properties": {
        "operateur": "SNCF Gares & Connexions",
        "name": "Champagney",
        "official_name": "Champagney",
        "type": "ter"
      }
    },
    {
      "type": "Feature",
      "geometry": {
        "type": "Point",
        "coordinates": [
          6.4925794,
          47.6831492
        ]
      },
      "properties": {
        "operateur": "SNCF Gares & Connexions",
        "name": "Lure",
        "official_name": "Lure",
        "type": "ter"
      }
    },
    {
      "type": "Feature",
      "geometry": {
        "type": "Point",
        "coordinates": [
          6.6232453,
          47.6990184
        ]
      },
      "properties": {
        "operateur": "SNCF Gares & Connexions",
        "name": "Ronchamp",
        "official_name": "Ronchamp",
        "type": "ter"
      }
    },
    {
      "type": "Feature",
      "geometry": {
        "type": "Point",
        "coordinates": [
          -2.1103354,
          48.2134663
        ]
      },
      "properties": {
        "operateur": "SNCF Gares & Connexions",
        "name": "La Brohinière",
        "official_name": "La Brohinière",
        "type": "ter"
      }
    },
    {
      "type": "Feature",
      "geometry": {
        "type": "Point",
        "coordinates": [
          6.3726066,
          47.8147479
        ]
      },
      "properties": {
        "operateur": "SNCF Gares & Connexions",
        "name": "Luxeuil-les-Bains",
        "official_name": "Luxeuil-les-Bains",
        "type": "ter"
      }
    },
    {
      "type": "Feature",
      "geometry": {
        "type": "Point",
        "coordinates": [
          6.3373124,
          47.9138972
        ]
      },
      "properties": {
        "operateur": "SNCF Gares & Connexions",
        "name": "Aillevillers",
        "official_name": "Aillevillers",
        "type": "ter"
      }
    },
    {
      "type": "Feature",
      "geometry": {
        "type": "Point",
        "coordinates": [
          -2.1554641,
          48.2844066
        ]
      },
      "properties": {
        "operateur": "",
        "name": "Caulnes",
        "official_name": "Caulnes",
        "type": "ter"
      }
    },
    {
      "type": "Feature",
      "geometry": {
        "type": "Point",
        "coordinates": [
          -2.2357643,
          48.333408
        ]
      },
      "properties": {
        "operateur": "SNCF Gares & Connexions",
        "name": "Broons",
        "official_name": "Broons",
        "type": "ter"
      }
    },
    {
      "type": "Feature",
      "geometry": {
        "type": "Point",
        "coordinates": [
          -2.3545934,
          48.3767009
        ]
      },
      "properties": {
        "operateur": "SNCF Gares & Connexions",
        "name": "Plénée-Jugon",
        "official_name": "Plénée-Jugon",
        "type": "ter"
      }
    },
    {
      "type": "Feature",
      "geometry": {
        "type": "Point",
        "coordinates": [
          2.5711085,
          49.0040156
        ]
      },
      "properties": {
        "operateur": "SNCF Gares & Connexions",
        "name": "Aéroport Charles de Gaulle 2 TGV",
        "official_name": "Aéroport Charles de Gaulle 2 TGV",
        "type": "ter"
      }
    },
    {
      "type": "Feature",
      "geometry": {
        "type": "Point",
        "coordinates": [
          4.3362246,
          47.6186809
        ]
      },
      "properties": {
        "operateur": "SNCF Gares & Connexions",
        "name": "Montbard",
        "official_name": "Montbard",
        "type": "ter"
      }
    },
    {
      "type": "Feature",
      "geometry": {
        "type": "Point",
        "coordinates": [
          -2.4425462,
          48.4256614
        ]
      },
      "properties": {
        "operateur": "SNCF Gares & Connexions",
        "name": "Plestan",
        "official_name": "Plestan",
        "type": "ter"
      }
    },
    {
      "type": "Feature",
      "geometry": {
        "type": "Point",
        "coordinates": [
          2.1715927,
          48.8006563
        ]
      },
      "properties": {
        "operateur": "SNCF Gares & Connexions",
        "name": "Viroflay Rive Gauche",
        "official_name": "Viroflay Rive Gauche",
        "type": "ter"
      }
    },
    {
      "type": "Feature",
      "geometry": {
        "type": "Point",
        "coordinates": [
          -2.6524691,
          48.4702292
        ]
      },
      "properties": {
        "operateur": "SNCF Gares & Connexions",
        "name": "Yffiniac",
        "official_name": "Yffiniac",
        "type": "ter"
      }
    },
    {
      "type": "Feature",
      "geometry": {
        "type": "Point",
        "coordinates": [
          -2.764901,
          48.5073171
        ]
      },
      "properties": {
        "operateur": "SNCF Gares & Connexions",
        "name": "Saint-Brieuc",
        "official_name": "Saint-Brieuc",
        "type": "ter"
      }
    },
    {
      "type": "Feature",
      "geometry": {
        "type": "Point",
        "coordinates": [
          -2.8440974,
          48.4996966
        ]
      },
      "properties": {
        "operateur": "SNCF Gares & Connexions",
        "name": "La Méaugon",
        "official_name": "La Méaugon",
        "type": "ter"
      }
    },
    {
      "type": "Feature",
      "geometry": {
        "type": "Point",
        "coordinates": [
          -2.9746132,
          48.533254
        ]
      },
      "properties": {
        "operateur": "SNCF Gares & Connexions",
        "name": "Châtelaudren - Plouagat",
        "official_name": "Châtelaudren - Plouagat",
        "type": "ter"
      }
    },
    {
      "type": "Feature",
      "geometry": {
        "type": "Point",
        "coordinates": [
          -2.8920151,
          48.5084739
        ]
      },
      "properties": {
        "operateur": "SNCF",
        "name": "Plouvara-Pleurneuf",
        "official_name": "Plouvara - Plerneuf",
        "type": "ter"
      }
    },
    {
      "type": "Feature",
      "geometry": {
        "type": "Point",
        "coordinates": [
          5.3172873,
          43.4551451
        ]
      },
      "properties": {
        "operateur": "SNCF Gares & Connexions",
        "name": "Aix-en-Provence TGV",
        "official_name": "Aix-en-Provence TGV",
        "type": "ter"
      }
    },
    {
      "type": "Feature",
      "geometry": {
        "type": "Point",
        "coordinates": [
          5.4451153,
          43.5227288
        ]
      },
      "properties": {
        "operateur": "SNCF Gares & Connexions",
        "name": "Aix-en-Provence",
        "official_name": "Aix-en-Provence",
        "type": "ter"
      }
    },
    {
      "type": "Feature",
      "geometry": {
        "type": "Point",
        "coordinates": [
          0.190013,
          47.9285785
        ]
      },
      "properties": {
        "operateur": "SNCF Gares & Connexions",
        "name": "Arnage",
        "official_name": "Arnage",
        "type": "ter"
      }
    },
    {
      "type": "Feature",
      "geometry": {
        "type": "Point",
        "coordinates": [
          1.6257772,
          47.7784476
        ]
      },
      "properties": {
        "operateur": "SNCF Gares & Connexions",
        "name": "Beaugency",
        "official_name": "Beaugency",
        "type": "ter"
      }
    },
    {
      "type": "Feature",
      "geometry": {
        "type": "Point",
        "coordinates": [
          1.1605318,
          48.2158217
        ]
      },
      "properties": {
        "operateur": "SNCF Gares & Connexions",
        "name": "Brou",
        "official_name": "Brou",
        "type": "ter"
      }
    },
    {
      "type": "Feature",
      "geometry": {
        "type": "Point",
        "coordinates": [
          4.7152521499999995,
          48.3934499
        ]
      },
      "properties": {
        "operateur": "SNCF Gares & Connexions",
        "name": "Cernay",
        "official_name": "Cernay (Haut-Rhin)",
        "type": "ter"
      }
    },
    {
      "type": "Feature",
      "geometry": {
        "type": "Point",
        "coordinates": [
          4.7951897,
          45.582534
        ]
      },
      "properties": {
        "operateur": "SNCF Gares & Connexions",
        "name": "Chasse-sur-Rhône",
        "official_name": "Chasse-sur-Rhône",
        "type": "ter"
      }
    },
    {
      "type": "Feature",
      "geometry": {
        "type": "Point",
        "coordinates": [
          0.5492875,
          46.8186988
        ]
      },
      "properties": {
        "operateur": "SNCF Gares & Connexions",
        "name": "Châtellerault",
        "official_name": "Châtellerault",
        "type": "ter"
      }
    },
    {
      "type": "Feature",
      "geometry": {
        "type": "Point",
        "coordinates": [
          4.8463563,
          45.8290872
        ]
      },
      "properties": {
        "operateur": "SNCF Gares & Connexions",
        "name": "Collonges Fontaines",
        "official_name": "Collonges - Fontaines",
        "type": "ter"
      }
    },
    {
      "type": "Feature",
      "geometry": {
        "type": "Point",
        "coordinates": [
          6.169967,
          49.3540017
        ]
      },
      "properties": {
        "operateur": "SNCF Réseau",
        "name": "Thionville",
        "official_name": "Thionville",
        "type": "ter"
      }
    },
    {
      "type": "Feature",
      "geometry": {
        "type": "Point",
        "coordinates": [
          7.3083475,
          47.7468754
        ]
      },
      "properties": {
        "operateur": "SNCF",
        "name": "Dornach",
        "official_name": "Mulhouse Dornach",
        "type": "ter"
      }
    },
    {
      "type": "Feature",
      "geometry": {
        "type": "Point",
        "coordinates": [
          1.0101801,
          49.302678
        ]
      },
      "properties": {
        "operateur": "SNCF Gares & Connexions",
        "name": "Elbeuf - Saint-Aubin",
        "official_name": "Elbeuf - Saint-Aubin",
        "type": "ter"
      }
    },
    {
      "type": "Feature",
      "geometry": {
        "type": "Point",
        "coordinates": [
          4.7657018,
          45.5851435
        ]
      },
      "properties": {
        "operateur": "SNCF Gares & Connexions",
        "name": "Givors-Ville",
        "official_name": "Givors",
        "type": "ter"
      }
    },
    {
      "type": "Feature",
      "geometry": {
        "type": "Point",
        "coordinates": [
          3.0324362,
          50.4450555
        ]
      },
      "properties": {
        "operateur": "SNCF Gares & Connexions",
        "name": "Ostricourt",
        "official_name": "Ostricourt",
        "type": "ter"
      }
    },
    {
      "type": "Feature",
      "geometry": {
        "type": "Point",
        "coordinates": [
          4.8178015,
          50.1403041
        ]
      },
      "properties": {
        "operateur": "SNCF Gares & Connexions",
        "name": "Givet",
        "official_name": "Givet",
        "type": "ter"
      }
    },
    {
      "type": "Feature",
      "geometry": {
        "type": "Point",
        "coordinates": [
          4.7722829,
          45.596108
        ]
      },
      "properties": {
        "operateur": "SNCF Gares & Connexions",
        "name": "Givors Canal",
        "official_name": "Givors Canal",
        "type": "ter"
      }
    },
    {
      "type": "Feature",
      "geometry": {
        "type": "Point",
        "coordinates": [
          1.2448083,
          48.3041397
        ]
      },
      "properties": {
        "operateur": "SNCF Gares & Connexions",
        "name": "Illiers-Combray",
        "official_name": "Illiers-Combray",
        "type": "ter"
      }
    },
    {
      "type": "Feature",
      "geometry": {
        "type": "Point",
        "coordinates": [
          5.3213843,
          43.3637375
        ]
      },
      "properties": {
        "operateur": "SNCF Gares & Connexions",
        "name": "L'Estaque",
        "official_name": "L'Estaque",
        "type": "ter"
      }
    },
    {
      "type": "Feature",
      "geometry": {
        "type": "Point",
        "coordinates": [
          0.6409126,
          47.4312547
        ]
      },
      "properties": {
        "operateur": "SNCF Gares & Connexions",
        "name": "La Membrolle-sur-Choisille",
        "official_name": "La Membrolle-sur-Choisille",
        "type": "ter"
      }
    },
    {
      "type": "Feature",
      "geometry": {
        "type": "Point",
        "coordinates": [
          -0.129832,
          46.3807563
        ]
      },
      "properties": {
        "operateur": "SNCF Gares & Connexions",
        "name": "La Mothe-Saint-Héray",
        "official_name": "La Mothe-Saint-Héray",
        "type": "ter"
      }
    },
    {
      "type": "Feature",
      "geometry": {
        "type": "Point",
        "coordinates": [
          3.4905016,
          45.1012101
        ]
      },
      "properties": {
        "operateur": "SNCF Gares & Connexions",
        "name": "Langeac",
        "official_name": "Langeac",
        "type": "ter"
      }
    },
    {
      "type": "Feature",
      "geometry": {
        "type": "Point",
        "coordinates": [
          3.6256725,
          49.5708915
        ]
      },
      "properties": {
        "operateur": "SNCF Gares & Connexions",
        "name": "Laon",
        "official_name": "Laon",
        "type": "ter"
      }
    },
    {
      "type": "Feature",
      "geometry": {
        "type": "Point",
        "coordinates": [
          -0.7608901,
          48.0763683
        ]
      },
      "properties": {
        "operateur": "SNCF Gares & Connexions",
        "name": "Laval",
        "official_name": "Laval",
        "type": "ter"
      }
    },
    {
      "type": "Feature",
      "geometry": {
        "type": "Point",
        "coordinates": [
          4.6861843,
          44.5524521
        ]
      },
      "properties": {
        "operateur": "SNCF Gares & Connexions",
        "name": "Le Teil",
        "official_name": "Le Teil",
        "type": "ter"
      }
    },
    {
      "type": "Feature",
      "geometry": {
        "type": "Point",
        "coordinates": [
          1.9063088,
          47.9266755
        ]
      },
      "properties": {
        "operateur": "SNCF Voyageurs",
        "name": "Les Aubrais",
        "official_name": "Les Aubrais",
        "type": "ter"
      }
    },
    {
      "type": "Feature",
      "geometry": {
        "type": "Point",
        "coordinates": [
          4.3353869,
          49.7698635
        ]
      },
      "properties": {
        "operateur": "SNCF Réseau",
        "name": "Liart",
        "official_name": "Liart",
        "type": "ter"
      }
    },
    {
      "type": "Feature",
      "geometry": {
        "type": "Point",
        "coordinates": [
          5.6046883,
          49.4443112
        ]
      },
      "properties": {
        "operateur": "SNCF Gares & Connexions",
        "name": "Longuyon",
        "official_name": "Longuyon",
        "type": "ter"
      }
    },
    {
      "type": "Feature",
      "geometry": {
        "type": "Point",
        "coordinates": [
          4.7831976,
          49.7330681
        ]
      },
      "properties": {
        "operateur": "SNCF Gares & Connexions",
        "name": "Lumes",
        "official_name": "Lumes",
        "type": "ter"
      }
    },
    {
      "type": "Feature",
      "geometry": {
        "type": "Point",
        "coordinates": [
          4.8601628,
          45.7605725
        ]
      },
      "properties": {
        "operateur": "SNCF Gares & Connexions",
        "name": "Lyon Part-Dieu",
        "official_name": "Lyon Part Dieu",
        "type": "ter"
      }
    },
    {
      "type": "Feature",
      "geometry": {
        "type": "Point",
        "coordinates": [
          4.8253267,
          45.7483223
        ]
      },
      "properties": {
        "operateur": "SNCF Gares & Connexions",
        "name": "Lyon-Perrache",
        "official_name": "Lyon Perrache",
        "type": "ter"
      }
    },
    {
      "type": "Feature",
      "geometry": {
        "type": "Point",
        "coordinates": [
          6.3281825,
          46.2512791
        ]
      },
      "properties": {
        "operateur": "SNCF Gares & Connexions",
        "name": "Machilly",
        "official_name": "Machilly",
        "type": "ter"
      }
    },
    {
      "type": "Feature",
      "geometry": {
        "type": "Point",
        "coordinates": [
          5.4067495,
          43.2965017
        ]
      },
      "properties": {
        "operateur": "SNCF Gares & Connexions",
        "name": "Marseille-Blancarde",
        "official_name": "Marseille Blancarde",
        "type": "ter"
      }
    },
    {
      "type": "Feature",
      "geometry": {
        "type": "Point",
        "coordinates": [
          5.3811927,
          43.3032635
        ]
      },
      "properties": {
        "operateur": "SNCF Gares & Connexions",
        "name": "Marseille-Saint-Charles",
        "official_name": "Marseille Saint-Charles",
        "type": "ter"
      }
    },
    {
      "type": "Feature",
      "geometry": {
        "type": "Point",
        "coordinates": [
          2.3748348,
          43.4979217
        ]
      },
      "properties": {
        "operateur": "SNCF Gares & Connexions",
        "name": "Mazamet",
        "official_name": "Mazamet",
        "type": "ter"
      }
    },
    {
      "type": "Feature",
      "geometry": {
        "type": "Point",
        "coordinates": [
          6.1773412,
          49.1089882
        ]
      },
      "properties": {
        "operateur": "SNCF Gares & Connexions",
        "name": "Metz",
        "official_name": "Metz",
        "type": "ter"
      }
    },
    {
      "type": "Feature",
      "geometry": {
        "type": "Point",
        "coordinates": [
          6.1737771,
          48.6897256
        ]
      },
      "properties": {
        "operateur": "SNCF Gares & Connexions",
        "name": "Nancy",
        "official_name": "Nancy",
        "type": "ter"
      }
    },
    {
      "type": "Feature",
      "geometry": {
        "type": "Point",
        "coordinates": [
          5.2539909,
          43.4096625
        ]
      },
      "properties": {
        "operateur": "SNCF Gares & Connexions",
        "name": "Pas-des-Lanciers",
        "official_name": "Pas des Lanciers",
        "type": "ter"
      }
    },
    {
      "type": "Feature",
      "geometry": {
        "type": "Point",
        "coordinates": [
          -2.9656048,
          48.061855
        ]
      },
      "properties": {
        "operateur": "SNCF Gares & Connexions",
        "name": "Pontivy",
        "type": "ter"
      }
    },
    {
      "type": "Feature",
      "geometry": {
        "type": "Point",
        "coordinates": [
          4.8755174,
          45.8200777
        ]
      },
      "properties": {
        "operateur": "SNCF Gares & Connexions",
        "name": "Sathonay-Rillieux",
        "official_name": "Sathonay - Rillieux",
        "type": "ter"
      }
    },
    {
      "type": "Feature",
      "geometry": {
        "type": "Point",
        "coordinates": [
          1.4666467,
          44.9022285
        ]
      },
      "properties": {
        "operateur": "SNCF Gares & Connexions",
        "name": "Souillac",
        "official_name": "Souillac",
        "type": "ter"
      }
    },
    {
      "type": "Feature",
      "geometry": {
        "type": "Point",
        "coordinates": [
          2.8949841,
          50.3035783
        ]
      },
      "properties": {
        "operateur": "SNCF Gares & Connexions",
        "name": "Rœux",
        "official_name": "Rœux",
        "type": "ter"
      }
    },
    {
      "type": "Feature",
      "geometry": {
        "type": "Point",
        "coordinates": [
          5.2308485,
          43.4866432
        ]
      },
      "properties": {
        "operateur": "SNCF Gares & Connexions",
        "name": "Rognac",
        "official_name": "Rognac",
        "type": "ter"
      }
    },
    {
      "type": "Feature",
      "geometry": {
        "type": "Point",
        "coordinates": [
          8.0308103,
          48.8341672
        ]
      },
      "properties": {
        "operateur": "SNCF Gares & Connexions",
        "name": "Rœschwoog",
        "official_name": "Rœschwoog",
        "type": "ter"
      }
    },
    {
      "type": "Feature",
      "geometry": {
        "type": "Point",
        "coordinates": [
          2.831846,
          49.8592374
        ]
      },
      "properties": {
        "operateur": "SNCF Gares & Connexions",
        "name": "TGV Haute-Picardie",
        "official_name": "Haute Picardie TGV",
        "type": "ter"
      }
    },
    {
      "type": "Feature",
      "geometry": {
        "type": "Point",
        "coordinates": [
          5.9673059,
          46.1093957
        ]
      },
      "properties": {
        "operateur": "SNCF Gares & Connexions",
        "name": "Valleiry",
        "official_name": "Valleiry",
        "type": "ter"
      }
    },
    {
      "type": "Feature",
      "geometry": {
        "type": "Point",
        "coordinates": [
          -1.2120773,
          48.1224966
        ]
      },
      "properties": {
        "operateur": "SNCF Gares & Connexions",
        "name": "Vitré",
        "official_name": "Vitré",
        "type": "ter"
      }
    },
    {
      "type": "Feature",
      "geometry": {
        "type": "Point",
        "coordinates": [
          -3.1433414,
          48.5554926
        ]
      },
      "properties": {
        "operateur": "SNCF Gares & Connexions",
        "name": "Guingamp",
        "official_name": "Guingamp",
        "type": "ter"
      }
    },
    {
      "type": "Feature",
      "geometry": {
        "type": "Point",
        "coordinates": [
          -3.3228677,
          48.5935866
        ]
      },
      "properties": {
        "operateur": "SNCF Gares & Connexions",
        "name": "Belle-Isle-Bégard",
        "official_name": "Belle-Isle - Bégard",
        "type": "ter"
      }
    },
    {
      "type": "Feature",
      "geometry": {
        "type": "Point",
        "coordinates": [
          -3.4667489,
          48.6062088
        ]
      },
      "properties": {
        "operateur": "SNCF Gares & Connexions",
        "name": "Plouaret - Trégor",
        "official_name": "Plouaret Trégor",
        "type": "ter"
      }
    },
    {
      "type": "Feature",
      "geometry": {
        "type": "Point",
        "coordinates": [
          7.5039462,
          47.811045
        ]
      },
      "properties": {
        "operateur": "SNCF Gares & Connexions",
        "name": "Bantzenheim",
        "official_name": "Bantzenheim",
        "type": "ter"
      }
    },
    {
      "type": "Feature",
      "geometry": {
        "type": "Point",
        "coordinates": [
          7.0089633,
          48.8097415
        ]
      },
      "properties": {
        "operateur": "SNCF Gares & Connexions",
        "name": "Berthelming",
        "official_name": "Berthelming",
        "type": "ter"
      }
    },
    {
      "type": "Feature",
      "geometry": {
        "type": "Point",
        "coordinates": [
          -3.8328533,
          48.5780713
        ]
      },
      "properties": {
        "operateur": "SNCF Gares & Connexions",
        "name": "Morlaix",
        "official_name": "Morlaix",
        "type": "ter"
      }
    },
    {
      "type": "Feature",
      "geometry": {
        "type": "Point",
        "coordinates": [
          7.6721229,
          48.4909325
        ]
      },
      "properties": {
        "operateur": "SNCF Gares & Connexions",
        "name": "Fegersheim - Lipsheim",
        "official_name": "Fegersheim - Lipsheim",
        "type": "ter"
      }
    },
    {
      "type": "Feature",
      "geometry": {
        "type": "Point",
        "coordinates": [
          -3.9478523,
          48.494492
        ]
      },
      "properties": {
        "operateur": "SNCF",
        "name": "Saint-Thégonnec",
        "official_name": "Saint-Thégonnec",
        "type": "ter"
      }
    },
    {
      "type": "Feature",
      "geometry": {
        "type": "Point",
        "coordinates": [
          -3.9995974,
          48.4852532
        ]
      },
      "properties": {
        "operateur": "SNCF",
        "name": "Guimiliau",
        "official_name": "Guimiliau",
        "type": "ter"
      }
    },
    {
      "type": "Feature",
      "geometry": {
        "type": "Point",
        "coordinates": [
          -4.082203,
          48.4958044
        ]
      },
      "properties": {
        "operateur": "SNCF Gares & Connexions",
        "name": "Landivisiau",
        "official_name": "Landivisiau",
        "type": "ter"
      }
    },
    {
      "type": "Feature",
      "geometry": {
        "type": "Point",
        "coordinates": [
          -4.2050919,
          48.4740841
        ]
      },
      "properties": {
        "operateur": "SNCF",
        "name": "La Roche-Maurice",
        "official_name": "La Roche (Finistère)",
        "type": "ter"
      }
    },
    {
      "type": "Feature",
      "geometry": {
        "type": "Point",
        "coordinates": [
          -4.307263,
          48.426377
        ]
      },
      "properties": {
        "operateur": "SNCF",
        "name": "La Forest",
        "official_name": "La Forest-Landerneau",
        "type": "ter"
      }
    },
    {
      "type": "Feature",
      "geometry": {
        "type": "Point",
        "coordinates": [
          -4.3881718,
          48.4096149
        ]
      },
      "properties": {
        "operateur": "SNCF",
        "name": "Kerhuon",
        "official_name": "Kerhuon",
        "type": "ter"
      }
    },
    {
      "type": "Feature",
      "geometry": {
        "type": "Point",
        "coordinates": [
          2.3329324,
          48.83362915
        ]
      },
      "properties": {
        "operateur": "RATP",
        "name": "Denfert-Rochereau",
        "type": "ter"
      }
    },
    {
      "type": "Feature",
      "geometry": {
        "type": "Point",
        "coordinates": [
          2.2406622,
          48.8149619
        ]
      },
      "properties": {
        "operateur": "SNCF Gares & Connexions",
        "name": "Meudon",
        "official_name": "Meudon",
        "type": "ter"
      }
    },
    {
      "type": "Feature",
      "geometry": {
        "type": "Point",
        "coordinates": [
          -2.0884044,
          47.6518137
        ]
      },
      "properties": {
        "operateur": "SNCF Gares & Connexions",
        "name": "Redon",
        "official_name": "Redon",
        "type": "ter"
      }
    },
    {
      "type": "Feature",
      "geometry": {
        "type": "Point",
        "coordinates": [
          -4.2855203,
          48.3926243
        ]
      },
      "properties": {
        "operateur": "",
        "name": "Dirinon-Loperhet",
        "official_name": "Dirinon",
        "type": "ter"
      }
    },
    {
      "type": "Feature",
      "geometry": {
        "type": "Point",
        "coordinates": [
          -4.0942853,
          48.2017255
        ]
      },
      "properties": {
        "operateur": "",
        "name": "Châteaulin-Embranchement",
        "type": "ter"
      }
    },
    {
      "type": "Feature",
      "geometry": {
        "type": "Point",
        "coordinates": [
          -2.0727691,
          47.5499299
        ]
      },
      "properties": {
        "operateur": "SNCF Gares & Connexions",
        "name": "Sévérac",
        "official_name": "Sévérac",
        "type": "ter"
      }
    },
    {
      "type": "Feature",
      "geometry": {
        "type": "Point",
        "coordinates": [
          -2.0885109,
          47.4353259
        ]
      },
      "properties": {
        "operateur": "SNCF Gares & Connexions",
        "name": "Pontchâteau",
        "official_name": "Pontchâteau",
        "type": "ter"
      }
    },
    {
      "type": "Feature",
      "geometry": {
        "type": "Point",
        "coordinates": [
          0.2659348,
          47.7602622
        ]
      },
      "properties": {
        "operateur": "SNCF Gares & Connexions",
        "name": "Mayet",
        "official_name": "Mayet",
        "type": "ter"
      }
    },
    {
      "type": "Feature",
      "geometry": {
        "type": "Point",
        "coordinates": [
          -1.3897465,
          47.9133558
        ]
      },
      "properties": {
        "operateur": "SNCF Gares & Connexions",
        "name": "Retiers",
        "official_name": "Retiers",
        "type": "ter"
      }
    },
    {
      "type": "Feature",
      "geometry": {
        "type": "Point",
        "coordinates": [
          5.2733417,
          45.5837408
        ]
      },
      "properties": {
        "operateur": "SNCF Gares & Connexions",
        "name": "Bourgoin-Jallieu",
        "official_name": "Bourgoin-Jallieu",
        "type": "ter"
      }
    },
    {
      "type": "Feature",
      "geometry": {
        "type": "Point",
        "coordinates": [
          -2.1934283,
          47.3003329
        ]
      },
      "properties": {
        "operateur": "SNCF Gares & Connexions",
        "name": "La Croix-de-Méan",
        "official_name": "La Croix de Méan",
        "type": "ter"
      }
    },
    {
      "type": "Feature",
      "geometry": {
        "type": "Point",
        "coordinates": [
          -1.7856867,
          47.2748178
        ]
      },
      "properties": {
        "operateur": "SNCF Gares & Connexions",
        "name": "Saint-Étienne-de-Montluc",
        "official_name": "Saint-Étienne-de-Montluc",
        "type": "ter"
      }
    },
    {
      "type": "Feature",
      "geometry": {
        "type": "Point",
        "coordinates": [
          -1.7236247,
          47.2219523
        ]
      },
      "properties": {
        "operateur": "SNCF Gares & Connexions",
        "name": "Couëron",
        "official_name": "Couëron",
        "type": "ter"
      }
    },
    {
      "type": "Feature",
      "geometry": {
        "type": "Point",
        "coordinates": [
          -0.7144033,
          48.1087754
        ]
      },
      "properties": {
        "operateur": "SNCF",
        "name": "Louverné",
        "official_name": "Louverné",
        "type": "ter"
      }
    },
    {
      "type": "Feature",
      "geometry": {
        "type": "Point",
        "coordinates": [
          -0.5516135,
          48.1411643
        ]
      },
      "properties": {
        "operateur": "SNCF",
        "name": "Montsûrs",
        "official_name": "Montsûrs",
        "type": "ter"
      }
    },
    {
      "type": "Feature",
      "geometry": {
        "type": "Point",
        "coordinates": [
          -0.39699,
          48.1555912
        ]
      },
      "properties": {
        "operateur": "SNCF Gares & Connexions",
        "name": "Évron",
        "official_name": "Évron",
        "type": "ter"
      }
    },
    {
      "type": "Feature",
      "geometry": {
        "type": "Point",
        "coordinates": [
          -0.1288367,
          48.1816601
        ]
      },
      "properties": {
        "operateur": "SNCF Gares & Connexions",
        "name": "Sillé-le-Guillaume",
        "official_name": "Sillé-le-Guillaume",
        "type": "ter"
      }
    },
    {
      "type": "Feature",
      "geometry": {
        "type": "Point",
        "coordinates": [
          0.3352026,
          48.0196969
        ]
      },
      "properties": {
        "operateur": "SNCF Gares & Connexions",
        "name": "Champagné",
        "official_name": "Champagné",
        "type": "ter"
      }
    },
    {
      "type": "Feature",
      "geometry": {
        "type": "Point",
        "coordinates": [
          -3.8825457,
          48.5078137
        ]
      },
      "properties": {
        "operateur": "SNCF",
        "name": "Pleyber-Christ",
        "official_name": "Pleyber-Christ",
        "type": "ter"
      }
    },
    {
      "type": "Feature",
      "geometry": {
        "type": "Point",
        "coordinates": [
          -3.7102279,
          48.5647139
        ]
      },
      "properties": {
        "operateur": "SNCF",
        "name": "Plouigneau",
        "official_name": "Plouigneau",
        "type": "ter"
      }
    },
    {
      "type": "Feature",
      "geometry": {
        "type": "Point",
        "coordinates": [
          -1.0198404,
          47.3745266
        ]
      },
      "properties": {
        "operateur": "SNCF Gares & Connexions",
        "name": "Varades-Saint-Florent-le-Vieil",
        "official_name": "Varades - Saint-Florent-le-Vieil",
        "type": "ter"
      }
    },
    {
      "type": "Feature",
      "geometry": {
        "type": "Point",
        "coordinates": [
          -0.9210073,
          47.4056696
        ]
      },
      "properties": {
        "operateur": "SNCF",
        "name": "Ingrandes-sur-Loire",
        "official_name": "Ingrandes sur Loire",
        "type": "ter"
      }
    },
    {
      "type": "Feature",
      "geometry": {
        "type": "Point",
        "coordinates": [
          -0.8685821,
          47.4102602
        ]
      },
      "properties": {
        "operateur": "SNCF Gares & Connexions",
        "name": "Gare de Champtocé-sur-Loire",
        "official_name": "Champtocé-sur-Loire",
        "type": "ter"
      }
    },
    {
      "type": "Feature",
      "geometry": {
        "type": "Point",
        "coordinates": [
          -2.3447637,
          47.2705207
        ]
      },
      "properties": {
        "operateur": "",
        "name": "Pornichet",
        "official_name": "Pornichet",
        "type": "ter"
      }
    },
    {
      "type": "Feature",
      "geometry": {
        "type": "Point",
        "coordinates": [
          4.7081253,
          44.2715691
        ]
      },
      "properties": {
        "operateur": "SNCF Gares & Connexions",
        "name": "Bollène - La Croisière",
        "official_name": "Bollène La Croisière",
        "type": "ter"
      }
    },
    {
      "type": "Feature",
      "geometry": {
        "type": "Point",
        "coordinates": [
          -1.9507757,
          47.3584359
        ]
      },
      "properties": {
        "operateur": "SNCF Gares & Connexions",
        "name": "Savenay",
        "official_name": "Savenay",
        "type": "ter"
      }
    },
    {
      "type": "Feature",
      "geometry": {
        "type": "Point",
        "coordinates": [
          -0.5996125,
          43.0496849
        ]
      },
      "properties": {
        "operateur": "SNCF Gares & Connexions",
        "name": "Sarrance",
        "official_name": "Sarrance",
        "type": "ter"
      }
    },
    {
      "type": "Feature",
      "geometry": {
        "type": "Point",
        "coordinates": [
          -0.6052327,
          43.120505
        ]
      },
      "properties": {
        "operateur": "SNCF Gares & Connexions",
        "name": "Lurbe Saint-Christau",
        "official_name": "Lurbe-Saint-Christau",
        "type": "ter"
      }
    },
    {
      "type": "Feature",
      "geometry": {
        "type": "Point",
        "coordinates": [
          4.2777135,
          45.5246334
        ]
      },
      "properties": {
        "operateur": "SNCF Gares & Connexions",
        "name": "Bouthéon",
        "official_name": "Bouthéon",
        "type": "ter"
      }
    },
    {
      "type": "Feature",
      "geometry": {
        "type": "Point",
        "coordinates": [
          6.8769349,
          48.367221
        ]
      },
      "properties": {
        "operateur": "SNCF Gares & Connexions",
        "name": "Étival-Clairefontaine",
        "official_name": "Étival-Clairefontaine",
        "type": "ter"
      }
    },
    {
      "type": "Feature",
      "geometry": {
        "type": "Point",
        "coordinates": [
          7.3026249,
          47.9132875
        ]
      },
      "properties": {
        "operateur": "SNCF Gares & Connexions",
        "name": "Merxheim",
        "official_name": "Merxheim",
        "type": "ter"
      }
    },
    {
      "type": "Feature",
      "geometry": {
        "type": "Point",
        "coordinates": [
          7.3126959,
          47.9601829
        ]
      },
      "properties": {
        "operateur": "SNCF Gares & Connexions",
        "name": "Rouffach",
        "official_name": "Rouffach",
        "type": "ter"
      }
    },
    {
      "type": "Feature",
      "geometry": {
        "type": "Point",
        "coordinates": [
          0.3141048,
          44.3928048
        ]
      },
      "properties": {
        "operateur": "SNCF Gares & Connexions",
        "name": "Tonneins",
        "official_name": "Tonneins",
        "type": "ter"
      }
    },
    {
      "type": "Feature",
      "geometry": {
        "type": "Point",
        "coordinates": [
          -0.5348207,
          45.8500889
        ]
      },
      "properties": {
        "operateur": "SNCF Gares & Connexions",
        "name": "Saint-Hilaire-Brizambourg",
        "official_name": "Saint-Hilaire - Brizambourg",
        "type": "ter"
      }
    },
    {
      "type": "Feature",
      "geometry": {
        "type": "Point",
        "coordinates": [
          6.5067028,
          43.9698174
        ]
      },
      "properties": {
        "operateur": "Régie Régionale des Transports",
        "name": "Saint-André les Alpes",
        "type": "ter"
      }
    },
    {
      "type": "Feature",
      "geometry": {
        "type": "Point",
        "coordinates": [
          7.1195086,
          47.8058044
        ]
      },
      "properties": {
        "operateur": "SNCF Gares & Connexions",
        "name": "Vieux-Thann",
        "official_name": "Vieux-Thann",
        "type": "ter"
      }
    },
    {
      "type": "Feature",
      "geometry": {
        "type": "Point",
        "coordinates": [
          7.0783551,
          47.8274895
        ]
      },
      "properties": {
        "operateur": "SNCF Gares & Connexions",
        "name": "Bitschwiller-lès-Thann",
        "official_name": "Bitschwiller",
        "type": "ter"
      }
    },
    {
      "type": "Feature",
      "geometry": {
        "type": "Point",
        "coordinates": [
          7.1010563,
          47.8100239
        ]
      },
      "properties": {
        "operateur": "SNCF Gares & Connexions",
        "name": "Thann Centre",
        "official_name": "Thann Centre",
        "type": "ter"
      }
    },
    {
      "type": "Feature",
      "geometry": {
        "type": "Point",
        "coordinates": [
          7.0934181,
          47.813313
        ]
      },
      "properties": {
        "operateur": "SNCF Gares & Connexions",
        "name": "Thann Saint-Jacques",
        "official_name": "Thann Saint-Jacques",
        "type": "ter"
      }
    },
    {
      "type": "Feature",
      "geometry": {
        "type": "Point",
        "coordinates": [
          7.0694184,
          47.8423899
        ]
      },
      "properties": {
        "operateur": "SNCF Gares & Connexions",
        "name": "Willer-sur-Thur",
        "official_name": "Willer-sur-Thur",
        "type": "ter"
      }
    },
    {
      "type": "Feature",
      "geometry": {
        "type": "Point",
        "coordinates": [
          7.283976,
          47.8868664
        ]
      },
      "properties": {
        "operateur": "SNCF Gares & Connexions",
        "name": "Raedersheim",
        "official_name": "Raedersheim",
        "type": "ter"
      }
    },
    {
      "type": "Feature",
      "geometry": {
        "type": "Point",
        "coordinates": [
          7.265148,
          47.8280013
        ]
      },
      "properties": {
        "operateur": "SNCF Gares & Connexions",
        "name": "Staffelfelden",
        "official_name": "Staffelfelden",
        "type": "ter"
      }
    },
    {
      "type": "Feature",
      "geometry": {
        "type": "Point",
        "coordinates": [
          7.2158685,
          48.4800511
        ]
      },
      "properties": {
        "operateur": "SNCF Gares & Connexions",
        "name": "Schirmeck - La Broque",
        "official_name": "Schirmeck - La Broque",
        "type": "ter"
      }
    },
    {
      "type": "Feature",
      "geometry": {
        "type": "Point",
        "coordinates": [
          7.5001135,
          48.5373485
        ]
      },
      "properties": {
        "operateur": "SNCF Gares & Connexions",
        "name": "Molsheim",
        "official_name": "Molsheim",
        "type": "ter"
      }
    },
    {
      "type": "Feature",
      "geometry": {
        "type": "Point",
        "coordinates": [
          7.4569541,
          48.4033059
        ]
      },
      "properties": {
        "operateur": "SNCF Gares & Connexions",
        "name": "Barr",
        "official_name": "Barr",
        "type": "ter"
      }
    },
    {
      "type": "Feature",
      "geometry": {
        "type": "Point",
        "coordinates": [
          6.6961603,
          48.4911555
        ]
      },
      "properties": {
        "operateur": "SNCF Gares & Connexions",
        "name": "Azerailles",
        "official_name": "Azerailles",
        "type": "ter"
      }
    },
    {
      "type": "Feature",
      "geometry": {
        "type": "Point",
        "coordinates": [
          6.7441483,
          48.4521748
        ]
      },
      "properties": {
        "operateur": "SNCF Gares & Connexions",
        "name": "Baccarat",
        "official_name": "Baccarat",
        "type": "ter"
      }
    },
    {
      "type": "Feature",
      "geometry": {
        "type": "Point",
        "coordinates": [
          6.4971142,
          48.5877774
        ]
      },
      "properties": {
        "operateur": "SNCF Gares & Connexions",
        "name": "Lunéville",
        "official_name": "Lunéville",
        "type": "ter"
      }
    },
    {
      "type": "Feature",
      "geometry": {
        "type": "Point",
        "coordinates": [
          6.8369448,
          48.4037893
        ]
      },
      "properties": {
        "operateur": "SNCF Gares & Connexions",
        "name": "Raon-l'Étape",
        "official_name": "Raon-l'Étape",
        "type": "ter"
      }
    },
    {
      "type": "Feature",
      "geometry": {
        "type": "Point",
        "coordinates": [
          6.6083555,
          48.5311606
        ]
      },
      "properties": {
        "operateur": "SNCF Gares & Connexions",
        "name": "Saint-Clément - Laronxe",
        "official_name": "Saint-Clément - Laronxe",
        "type": "ter"
      }
    },
    {
      "type": "Feature",
      "geometry": {
        "type": "Point",
        "coordinates": [
          6.9481225,
          48.2818181
        ]
      },
      "properties": {
        "operateur": "SNCF Gares & Connexions",
        "name": "Saint-Dié-des-Vosges",
        "official_name": "Saint-Dié-des-Vosges",
        "type": "ter"
      }
    },
    {
      "type": "Feature",
      "geometry": {
        "type": "Point",
        "coordinates": [
          7.251727,
          48.7299282
        ]
      },
      "properties": {
        "operateur": "SNCF Gares & Connexions",
        "name": "Lutzelbourg",
        "official_name": "Lutzelbourg",
        "type": "ter"
      }
    },
    {
      "type": "Feature",
      "geometry": {
        "type": "Point",
        "coordinates": [
          0.3817943,
          46.6820334
        ]
      },
      "properties": {
        "operateur": "SNCF Gares & Connexions",
        "name": "Jaunay-Clan",
        "type": "ter"
      }
    },
    {
      "type": "Feature",
      "geometry": {
        "type": "Point",
        "coordinates": [
          0.5691167,
          46.8746284
        ]
      },
      "properties": {
        "operateur": "SNCF Gares & Connexions",
        "name": "Ingrandes sur Vienne",
        "official_name": "Ingrandes sur Vienne",
        "type": "ter"
      }
    },
    {
      "type": "Feature",
      "geometry": {
        "type": "Point",
        "coordinates": [
          7.5839271,
          48.3736975
        ]
      },
      "properties": {
        "operateur": "SNCF Gares & Connexions",
        "name": "Benfeld",
        "official_name": "Benfeld",
        "type": "ter"
      }
    },
    {
      "type": "Feature",
      "geometry": {
        "type": "Point",
        "coordinates": [
          7.0967375,
          48.7424491
        ]
      },
      "properties": {
        "operateur": "SNCF Gares & Connexions",
        "name": "Réding",
        "official_name": "Réding",
        "type": "ter"
      }
    },
    {
      "type": "Feature",
      "geometry": {
        "type": "Point",
        "coordinates": [
          7.1849926,
          48.9406778
        ]
      },
      "properties": {
        "operateur": "SNCF Gares & Connexions",
        "name": "Diemeringen",
        "official_name": "Diemeringen",
        "type": "ter"
      }
    },
    {
      "type": "Feature",
      "geometry": {
        "type": "Point",
        "coordinates": [
          7.1252212,
          49.035189
        ]
      },
      "properties": {
        "operateur": "SNCF Gares & Connexions",
        "name": "Kalhausen",
        "official_name": "Kalhausen",
        "type": "ter"
      }
    },
    {
      "type": "Feature",
      "geometry": {
        "type": "Point",
        "coordinates": [
          7.0682035,
          49.1071808
        ]
      },
      "properties": {
        "operateur": "SNCF Gares & Connexions",
        "name": "Sarreguemines",
        "official_name": "Sarreguemines",
        "type": "ter"
      }
    },
    {
      "type": "Feature",
      "geometry": {
        "type": "Point",
        "coordinates": [
          8.0624475,
          48.8512915
        ]
      },
      "properties": {
        "operateur": "SNCF Gares & Connexions",
        "name": "Beinheim-Roppenheim",
        "official_name": "Roppenheim",
        "type": "ter"
      }
    },
    {
      "type": "Feature",
      "geometry": {
        "type": "Point",
        "coordinates": [
          7.9477762,
          48.7660986
        ]
      },
      "properties": {
        "operateur": "SNCF Gares & Connexions",
        "name": "Drusenheim",
        "official_name": "Drusenheim",
        "type": "ter"
      }
    },
    {
      "type": "Feature",
      "geometry": {
        "type": "Point",
        "coordinates": [
          7.8792961,
          48.6951892
        ]
      },
      "properties": {
        "operateur": "SNCF",
        "name": "Gambsheim",
        "official_name": "Gambsheim",
        "type": "ter"
      }
    },
    {
      "type": "Feature",
      "geometry": {
        "type": "Point",
        "coordinates": [
          7.7578772,
          48.6286697
        ]
      },
      "properties": {
        "operateur": "SNCF",
        "name": "Hœnheim Tram",
        "official_name": "Hœnheim Tram",
        "type": "ter"
      }
    },
    {
      "type": "Feature",
      "geometry": {
        "type": "Point",
        "coordinates": [
          7.4647579,
          48.7518816
        ]
      },
      "properties": {
        "operateur": "SNCF Gares & Connexions",
        "name": "Dettwiller",
        "official_name": "Dettwiller",
        "type": "ter"
      }
    },
    {
      "type": "Feature",
      "geometry": {
        "type": "Point",
        "coordinates": [
          7.5721088,
          48.7552043
        ]
      },
      "properties": {
        "operateur": "SNCF Gares & Connexions",
        "name": "Hochfelden",
        "official_name": "Hochfelden",
        "type": "ter"
      }
    },
    {
      "type": "Feature",
      "geometry": {
        "type": "Point",
        "coordinates": [
          7.6340701,
          48.9523306
        ]
      },
      "properties": {
        "operateur": "SNCF Gares & Connexions",
        "name": "Niederbronn-les-Bains",
        "official_name": "Niederbronn-les-Bains",
        "type": "ter"
      }
    },
    {
      "type": "Feature",
      "geometry": {
        "type": "Point",
        "coordinates": [
          7.6535064,
          48.9052712
        ]
      },
      "properties": {
        "operateur": "SNCF Gares & Connexions",
        "name": "Gundershoffen",
        "official_name": "Gundershoffen",
        "type": "ter"
      }
    },
    {
      "type": "Feature",
      "geometry": {
        "type": "Point",
        "coordinates": [
          6.8284737,
          49.1382851
        ]
      },
      "properties": {
        "operateur": "SNCF Gares & Connexions",
        "name": "Béning",
        "official_name": "Béning",
        "type": "ter"
      }
    },
    {
      "type": "Feature",
      "geometry": {
        "type": "Point",
        "coordinates": [
          6.9079847,
          49.0880239
        ]
      },
      "properties": {
        "operateur": "SNCF Gares & Connexions",
        "name": "Farschviller",
        "official_name": "Farschviller",
        "type": "ter"
      }
    },
    {
      "type": "Feature",
      "geometry": {
        "type": "Point",
        "coordinates": [
          7.6383218,
          48.4231112
        ]
      },
      "properties": {
        "operateur": "SNCF Gares & Connexions",
        "name": "Erstein",
        "official_name": "Erstein",
        "type": "ter"
      }
    },
    {
      "type": "Feature",
      "geometry": {
        "type": "Point",
        "coordinates": [
          6.7534208,
          48.9066869
        ]
      },
      "properties": {
        "operateur": "SNCF Gares & Connexions",
        "name": "Bénestroff",
        "official_name": "Bénestroff",
        "type": "ter"
      }
    },
    {
      "type": "Feature",
      "geometry": {
        "type": "Point",
        "coordinates": [
          6.6593141,
          48.9367667
        ]
      },
      "properties": {
        "operateur": "SNCF Gares & Connexions",
        "name": "Morhange",
        "official_name": "Morhange",
        "type": "ter"
      }
    },
    {
      "type": "Feature",
      "geometry": {
        "type": "Point",
        "coordinates": [
          6.3951188,
          49.0142985
        ]
      },
      "properties": {
        "operateur": "SNCF Gares & Connexions",
        "name": "Rémilly",
        "official_name": "Rémilly",
        "type": "ter"
      }
    },
    {
      "type": "Feature",
      "geometry": {
        "type": "Point",
        "coordinates": [
          6.9010985,
          49.1894859
        ]
      },
      "properties": {
        "operateur": "SNCF Gares & Connexions",
        "name": "Forbach",
        "official_name": "Forbach",
        "type": "ter"
      }
    },
    {
      "type": "Feature",
      "geometry": {
        "type": "Point",
        "coordinates": [
          6.6037599,
          49.0454893
        ]
      },
      "properties": {
        "operateur": "SNCF Gares & Connexions",
        "name": "Faulquemont",
        "official_name": "Faulquemont",
        "type": "ter"
      }
    },
    {
      "type": "Feature",
      "geometry": {
        "type": "Point",
        "coordinates": [
          6.7743966,
          49.1261606
        ]
      },
      "properties": {
        "operateur": "SNCF Gares & Connexions",
        "name": "Hombourg-Haut",
        "official_name": "Hombourg-Haut",
        "type": "ter"
      }
    },
    {
      "type": "Feature",
      "geometry": {
        "type": "Point",
        "coordinates": [
          6.7208599,
          49.0858661
        ]
      },
      "properties": {
        "operateur": "SNCF Gares & Connexions",
        "name": "Saint-Avold",
        "official_name": "Saint-Avold",
        "type": "ter"
      }
    },
    {
      "type": "Feature",
      "geometry": {
        "type": "Point",
        "coordinates": [
          1.3147588,
          46.9440813
        ]
      },
      "properties": {
        "operateur": "SNCF Gares & Connexions",
        "name": "Palluau-Mairie",
        "type": "ter"
      }
    },
    {
      "type": "Feature",
      "geometry": {
        "type": "Point",
        "coordinates": [
          1.4944862,
          46.8987358
        ]
      },
      "properties": {
        "operateur": "SNCF Gares & Connexions",
        "name": "Saint-Lactencin-Tesseau",
        "type": "ter"
      }
    },
    {
      "type": "Feature",
      "geometry": {
        "type": "Point",
        "coordinates": [
          1.5644331,
          46.8291619
        ]
      },
      "properties": {
        "operateur": "SNCF Gares & Connexions",
        "name": "Surins-Carref-RN143",
        "type": "ter"
      }
    },
    {
      "type": "Feature",
      "geometry": {
        "type": "Point",
        "coordinates": [
          4.8134214,
          45.6456015
        ]
      },
      "properties": {
        "operateur": "SNCF Gares & Connexions",
        "name": "Vernaison",
        "official_name": "Vernaison",
        "type": "ter"
      }
    },
    {
      "type": "Feature",
      "geometry": {
        "type": "Point",
        "coordinates": [
          5.8806033,
          48.6790284
        ]
      },
      "properties": {
        "operateur": "SNCF Gares & Connexions",
        "name": "Toul",
        "official_name": "Toul",
        "type": "ter"
      }
    },
    {
      "type": "Feature",
      "geometry": {
        "type": "Point",
        "coordinates": [
          -0.3407565,
          44.6322366
        ]
      },
      "properties": {
        "operateur": "",
        "name": "Cérons",
        "official_name": "Cérons",
        "type": "ter"
      }
    },
    {
      "type": "Feature",
      "geometry": {
        "type": "Point",
        "coordinates": [
          -0.4695795,
          47.6175897
        ]
      },
      "properties": {
        "operateur": "SNCF Gares & Connexions",
        "name": "Tiercé",
        "official_name": "Tiercé",
        "type": "ter"
      }
    },
    {
      "type": "Feature",
      "geometry": {
        "type": "Point",
        "coordinates": [
          0.6939293,
          47.3894316
        ]
      },
      "properties": {
        "operateur": "SNCF Gares & Connexions",
        "name": "Tours",
        "official_name": "Tours",
        "type": "ter"
      }
    },
    {
      "type": "Feature",
      "geometry": {
        "type": "Point",
        "coordinates": [
          0.6088114,
          46.9378916
        ]
      },
      "properties": {
        "operateur": "SNCF Gares & Connexions",
        "name": "Dangé-Saint-Romain",
        "official_name": "Dangé-Saint-Romain",
        "type": "ter"
      }
    },
    {
      "type": "Feature",
      "geometry": {
        "type": "Point",
        "coordinates": [
          0.5257652,
          46.783342
        ]
      },
      "properties": {
        "operateur": "SNCF Gares & Connexions",
        "name": "Nerpuy",
        "official_name": "Nerpuy",
        "type": "ter"
      }
    },
    {
      "type": "Feature",
      "geometry": {
        "type": "Point",
        "coordinates": [
          0.496274,
          46.7595235
        ]
      },
      "properties": {
        "operateur": "SNCF Gares & Connexions",
        "name": "Naintré-les-Barres",
        "official_name": "Naintré Les Barres",
        "type": "ter"
      }
    },
    {
      "type": "Feature",
      "geometry": {
        "type": "Point",
        "coordinates": [
          0.4210672,
          46.7034644
        ]
      },
      "properties": {
        "operateur": "SNCF Gares & Connexions",
        "name": "Dissay",
        "official_name": "Dissay",
        "type": "ter"
      }
    },
    {
      "type": "Feature",
      "geometry": {
        "type": "Point",
        "coordinates": [
          1.3234577,
          47.5854563
        ]
      },
      "properties": {
        "operateur": "SNCF Gares & Connexions",
        "name": "Blois - Chambord",
        "official_name": "Blois - Chambord",
        "type": "ter"
      }
    },
    {
      "type": "Feature",
      "geometry": {
        "type": "Point",
        "coordinates": [
          2.4357286,
          44.921054
        ]
      },
      "properties": {
        "operateur": "SNCF Gares & Connexions",
        "name": "Aurillac",
        "official_name": "Aurillac",
        "type": "ter"
      }
    },
    {
      "type": "Feature",
      "geometry": {
        "type": "Point",
        "coordinates": [
          1.7378732,
          49.4816892
        ]
      },
      "properties": {
        "operateur": "SNCF Gares & Connexions",
        "name": "Gournay - Ferrières",
        "official_name": "Gournay - Ferrières",
        "type": "ter"
      }
    },
    {
      "type": "Feature",
      "geometry": {
        "type": "Point",
        "coordinates": [
          0.7188979,
          49.1075244
        ]
      },
      "properties": {
        "operateur": "SNCF Gares & Connexions",
        "name": "Serquigny",
        "official_name": "Serquigny",
        "type": "ter"
      }
    },
    {
      "type": "Feature",
      "geometry": {
        "type": "Point",
        "coordinates": [
          2.2404642,
          49.1635717
        ]
      },
      "properties": {
        "operateur": "SNCF Gares & Connexions",
        "name": "Chambly",
        "official_name": "Chambly",
        "type": "ter"
      }
    },
    {
      "type": "Feature",
      "geometry": {
        "type": "Point",
        "coordinates": [
          5.4495407,
          45.5601798
        ]
      },
      "properties": {
        "operateur": "SNCF Gares & Connexions",
        "name": "La Tour-du-Pin",
        "official_name": "La Tour-du-Pin",
        "type": "ter"
      }
    },
    {
      "type": "Feature",
      "geometry": {
        "type": "Point",
        "coordinates": [
          -1.7137699,
          48.0675482
        ]
      },
      "properties": {
        "operateur": "SNCF Gares & Connexions",
        "name": "Saint-Jacques-de-la-Lande",
        "official_name": "Saint-Jacques-de-la-Lande",
        "type": "ter"
      }
    },
    {
      "type": "Feature",
      "geometry": {
        "type": "Point",
        "coordinates": [
          1.7153944,
          48.983595
        ]
      },
      "properties": {
        "operateur": "SNCF Gares & Connexions",
        "name": "Mantes Station",
        "official_name": "Mantes-la-Ville",
        "type": "ter"
      }
    },
    {
      "type": "Feature",
      "geometry": {
        "type": "Point",
        "coordinates": [
          2.0749794,
          48.9919476
        ]
      },
      "properties": {
        "operateur": "SNCF Gares & Connexions",
        "name": "Conflans-Fin-d'Oise",
        "official_name": "Conflans Fin d'Oise",
        "type": "ter"
      }
    },
    {
      "type": "Feature",
      "geometry": {
        "type": "Point",
        "coordinates": [
          2.5943163,
          48.5655109
        ]
      },
      "properties": {
        "operateur": "SNCF Gares & Connexions",
        "name": "Cesson",
        "official_name": "Cesson",
        "type": "ter"
      }
    },
    {
      "type": "Feature",
      "geometry": {
        "type": "Point",
        "coordinates": [
          2.1800183,
          48.9802536
        ]
      },
      "properties": {
        "operateur": "SNCF Gares & Connexions",
        "name": "La Frette - Montigny",
        "official_name": "La Frette - Montigny",
        "type": "ter"
      }
    },
    {
      "type": "Feature",
      "geometry": {
        "type": "Point",
        "coordinates": [
          2.025128,
          49.0757974
        ]
      },
      "properties": {
        "operateur": "SNCF Gares & Connexions",
        "name": "Boissy-l'Aillerie",
        "official_name": "Boissy-l'Aillerie",
        "type": "ter"
      }
    },
    {
      "type": "Feature",
      "geometry": {
        "type": "Point",
        "coordinates": [
          1.9554389,
          48.9925543
        ]
      },
      "properties": {
        "operateur": "SNCF Gares & Connexions",
        "name": "Les Clairières de Verneuil",
        "official_name": "Les Clairières de Verneuil",
        "type": "ter"
      }
    },
    {
      "type": "Feature",
      "geometry": {
        "type": "Point",
        "coordinates": [
          2.027669,
          48.9703673
        ]
      },
      "properties": {
        "operateur": "SNCF Gares & Connexions",
        "name": "Chanteloup-les-Vignes",
        "official_name": "Chanteloup-les-Vignes",
        "type": "ter"
      }
    },
    {
      "type": "Feature",
      "geometry": {
        "type": "Point",
        "coordinates": [
          2.0410599,
          48.9333007
        ]
      },
      "properties": {
        "operateur": "SNCF Gares & Connexions",
        "name": "Poissy",
        "official_name": "Poissy",
        "type": "ter"
      }
    },
    {
      "type": "Feature",
      "geometry": {
        "type": "Point",
        "coordinates": [
          2.2714644,
          48.9143405
        ]
      },
      "properties": {
        "operateur": "SNCF Gares & Connexions",
        "name": "Bois-Colombes",
        "official_name": "Bois-Colombes",
        "type": "ter"
      }
    },
    {
      "type": "Feature",
      "geometry": {
        "type": "Point",
        "coordinates": [
          2.0983899,
          48.9969316
        ]
      },
      "properties": {
        "operateur": "SNCF Gares & Connexions",
        "name": "Conflans-Sainte-Honorine",
        "official_name": "Conflans-Sainte-Honorine",
        "type": "ter"
      }
    },
    {
      "type": "Feature",
      "geometry": {
        "type": "Point",
        "coordinates": [
          1.936921,
          49.1626512
        ]
      },
      "properties": {
        "operateur": "SNCF Gares & Connexions",
        "name": "Chars",
        "official_name": "Chars",
        "type": "ter"
      }
    },
    {
      "type": "Feature",
      "geometry": {
        "type": "Point",
        "coordinates": [
          2.059805,
          48.9870605
        ]
      },
      "properties": {
        "operateur": "SNCF Gares & Connexions",
        "name": "Maurecourt",
        "official_name": "Maurecourt",
        "type": "ter"
      }
    },
    {
      "type": "Feature",
      "geometry": {
        "type": "Point",
        "coordinates": [
          2.0060173,
          48.9810662
        ]
      },
      "properties": {
        "operateur": "SNCF Gares & Connexions",
        "name": "Triel-sur-Seine",
        "official_name": "Triel-sur-Seine",
        "type": "ter"
      }
    },
    {
      "type": "Feature",
      "geometry": {
        "type": "Point",
        "coordinates": [
          2.2398658,
          48.909689
        ]
      },
      "properties": {
        "operateur": "SNCF Gares & Connexions",
        "name": "La Garenne-Colombes",
        "official_name": "La Garenne-Colombes",
        "type": "ter"
      }
    },
    {
      "type": "Feature",
      "geometry": {
        "type": "Point",
        "coordinates": [
          1.9132993,
          48.9925143
        ]
      },
      "properties": {
        "operateur": "SNCF Gares & Connexions",
        "name": "Les Mureaux",
        "official_name": "Les Mureaux",
        "type": "ter"
      }
    },
    {
      "type": "Feature",
      "geometry": {
        "type": "Point",
        "coordinates": [
          2.4204022,
          49.1172334
        ]
      },
      "properties": {
        "operateur": "SNCF Gares & Connexions",
        "name": "Luzarches",
        "official_name": "Luzarches",
        "type": "ter"
      }
    },
    {
      "type": "Feature",
      "geometry": {
        "type": "Point",
        "coordinates": [
          1.8088333,
          48.9633817
        ]
      },
      "properties": {
        "operateur": "SNCF Gares & Connexions",
        "name": "Épône - Mézières",
        "official_name": "Épône - Mézières",
        "type": "ter"
      }
    },
    {
      "type": "Feature",
      "geometry": {
        "type": "Point",
        "coordinates": [
          2.4791346,
          48.8940324
        ]
      },
      "properties": {
        "operateur": "SNCF Gares & Connexions",
        "name": "Bondy",
        "official_name": "Bondy",
        "type": "ter"
      }
    },
    {
      "type": "Feature",
      "geometry": {
        "type": "Point",
        "coordinates": [
          2.2483242,
          48.8982683
        ]
      },
      "properties": {
        "operateur": "SNCF Gares & Connexions",
        "name": "Courbevoie",
        "official_name": "Courbevoie",
        "type": "ter"
      }
    },
    {
      "type": "Feature",
      "geometry": {
        "type": "Point",
        "coordinates": [
          7.2673182,
          47.8569802
        ]
      },
      "properties": {
        "operateur": "SNCF Gares & Connexions",
        "name": "Bollwiller",
        "official_name": "Bollwiller",
        "type": "ter"
      }
    },
    {
      "type": "Feature",
      "geometry": {
        "type": "Point",
        "coordinates": [
          -61.4924751,
          16.400917
        ]
      },
      "properties": {
        "operateur": "",
        "name": "Poyen",
        "type": "ter"
      }
    },
    {
      "type": "Feature",
      "geometry": {
        "type": "Point",
        "coordinates": [
          0.9723683,
          43.1797165
        ]
      },
      "properties": {
        "operateur": "SNCF Gares & Connexions",
        "name": "Boussens",
        "official_name": "Boussens",
        "type": "ter"
      }
    },
    {
      "type": "Feature",
      "geometry": {
        "type": "Point",
        "coordinates": [
          6.1032583,
          48.6023981
        ]
      },
      "properties": {
        "operateur": "SNCF Gares & Connexions",
        "name": "Pont-Saint-Vincent",
        "official_name": "Pont-Saint-Vincent",
        "type": "ter"
      }
    },
    {
      "type": "Feature",
      "geometry": {
        "type": "Point",
        "coordinates": [
          2.2744206,
          48.814224
        ]
      },
      "properties": {
        "operateur": "SNCF Gares & Connexions",
        "name": "Clamart",
        "official_name": "Clamart",
        "type": "ter"
      }
    },
    {
      "type": "Feature",
      "geometry": {
        "type": "Point",
        "coordinates": [
          2.2007569,
          48.8274076
        ]
      },
      "properties": {
        "operateur": "SNCF Gares & Connexions",
        "name": "Sèvres Ville-d'Avray",
        "official_name": "Sèvres - Ville-d'Avray",
        "type": "ter"
      }
    },
    {
      "type": "Feature",
      "geometry": {
        "type": "Point",
        "coordinates": [
          2.6250346,
          48.5390896
        ]
      },
      "properties": {
        "operateur": "SNCF Gares & Connexions",
        "name": "Le Mée",
        "official_name": "Le Mée",
        "type": "ter"
      }
    },
    {
      "type": "Feature",
      "geometry": {
        "type": "Point",
        "coordinates": [
          2.461983,
          48.7084195
        ]
      },
      "properties": {
        "operateur": "SNCF Gares & Connexions",
        "name": "Montgeron - Crosne",
        "official_name": "Montgeron - Crosne",
        "type": "ter"
      }
    },
    {
      "type": "Feature",
      "geometry": {
        "type": "Point",
        "coordinates": [
          2.5347184,
          48.9362609
        ]
      },
      "properties": {
        "operateur": "SNCF Gares & Connexions",
        "name": "Sevran Livry",
        "official_name": "Sevran - Livry",
        "type": "ter"
      }
    },
    {
      "type": "Feature",
      "geometry": {
        "type": "Point",
        "coordinates": [
          3.2489773,
          50.4771048
        ]
      },
      "properties": {
        "operateur": "SNCF Gares & Connexions",
        "name": "Orchies",
        "official_name": "Orchies",
        "type": "ter"
      }
    },
    {
      "type": "Feature",
      "geometry": {
        "type": "Point",
        "coordinates": [
          3.3027215,
          48.5555666
        ]
      },
      "properties": {
        "operateur": "SNCF Gares & Connexions",
        "name": "Provins",
        "official_name": "Provins",
        "type": "ter"
      }
    },
    {
      "type": "Feature",
      "geometry": {
        "type": "Point",
        "coordinates": [
          2.8889461,
          48.6136712
        ]
      },
      "properties": {
        "operateur": "SNCF Gares & Connexions",
        "name": "Mormant",
        "official_name": "Mormant",
        "type": "ter"
      }
    },
    {
      "type": "Feature",
      "geometry": {
        "type": "Point",
        "coordinates": [
          2.9547473,
          48.8105683
        ]
      },
      "properties": {
        "operateur": "SNCF Gares & Connexions",
        "name": "Guérard - La Celle-sur-Morin",
        "official_name": "Guérard - La Celle-sur-Morin",
        "type": "ter"
      }
    },
    {
      "type": "Feature",
      "geometry": {
        "type": "Point",
        "coordinates": [
          2.9932409,
          48.8085742
        ]
      },
      "properties": {
        "operateur": "SNCF Gares & Connexions",
        "name": "Faremoutiers - Pommeuse",
        "official_name": "Faremoutiers - Pommeuse",
        "type": "ter"
      }
    },
    {
      "type": "Feature",
      "geometry": {
        "type": "Point",
        "coordinates": [
          2.8682739,
          48.7344854
        ]
      },
      "properties": {
        "operateur": "SNCF Gares & Connexions",
        "name": "Marles-en-Brie",
        "official_name": "Marles-en-Brie",
        "type": "ter"
      }
    },
    {
      "type": "Feature",
      "geometry": {
        "type": "Point",
        "coordinates": [
          2.7587093,
          48.7395178
        ]
      },
      "properties": {
        "operateur": "SNCF Gares & Connexions",
        "name": "Tournan",
        "official_name": "Tournan",
        "type": "ter"
      }
    },
    {
      "type": "Feature",
      "geometry": {
        "type": "Point",
        "coordinates": [
          2.2176222,
          48.8461314
        ]
      },
      "properties": {
        "operateur": "SNCF Gares & Connexions",
        "name": "Saint-Cloud",
        "official_name": "Saint-Cloud",
        "type": "ter"
      }
    },
    {
      "type": "Feature",
      "geometry": {
        "type": "Point",
        "coordinates": [
          2.6652216,
          48.9915004
        ]
      },
      "properties": {
        "operateur": "SNCF Gares & Connexions",
        "name": "Compans",
        "official_name": "Compans",
        "type": "ter"
      }
    },
    {
      "type": "Feature",
      "geometry": {
        "type": "Point",
        "coordinates": [
          4.786072,
          43.9217832
        ]
      },
      "properties": {
        "operateur": "SNCF Gares & Connexions",
        "name": "Avignon TGV",
        "official_name": "Avignon TGV",
        "type": "ter"
      }
    },
    {
      "type": "Feature",
      "geometry": {
        "type": "Point",
        "coordinates": [
          -1.5243597,
          47.5551284
        ]
      },
      "properties": {
        "operateur": "SNCF Gares & Connexions",
        "name": "Abbaretz",
        "official_name": "Abbaretz",
        "type": "ter"
      }
    },
    {
      "type": "Feature",
      "geometry": {
        "type": "Point",
        "coordinates": [
          2.1511121,
          48.8065223
        ]
      },
      "properties": {
        "operateur": "SNCF Gares & Connexions",
        "name": "Montreuil",
        "official_name": "Montreuil",
        "type": "ter"
      }
    },
    {
      "type": "Feature",
      "geometry": {
        "type": "Point",
        "coordinates": [
          1.7473408,
          48.9842539
        ]
      },
      "properties": {
        "operateur": "SNCF Gares & Connexions",
        "name": "Limay",
        "official_name": "Limay",
        "type": "ter"
      }
    },
    {
      "type": "Feature",
      "geometry": {
        "type": "Point",
        "coordinates": [
          4.6925254,
          49.9860809
        ]
      },
      "properties": {
        "operateur": "SNCF Gares & Connexions",
        "name": "Fumay",
        "official_name": "Fumay",
        "type": "ter"
      }
    },
    {
      "type": "Feature",
      "geometry": {
        "type": "Point",
        "coordinates": [
          4.7051297,
          50.0118346
        ]
      },
      "properties": {
        "operateur": "SNCF Gares & Connexions",
        "name": "Haybes",
        "official_name": "Haybes",
        "type": "ter"
      }
    },
    {
      "type": "Feature",
      "geometry": {
        "type": "Point",
        "coordinates": [
          4.7264385,
          50.0234167
        ]
      },
      "properties": {
        "operateur": "SNCF Gares & Connexions",
        "name": "Fépin",
        "official_name": "Fépin",
        "type": "ter"
      }
    },
    {
      "type": "Feature",
      "geometry": {
        "type": "Point",
        "coordinates": [
          4.7232132,
          50.082829
        ]
      },
      "properties": {
        "operateur": "SNCF Gares & Connexions",
        "name": "Vireux-Molhain",
        "official_name": "Vireux-Molhain",
        "type": "ter"
      }
    },
    {
      "type": "Feature",
      "geometry": {
        "type": "Point",
        "coordinates": [
          4.7617136,
          50.1043554
        ]
      },
      "properties": {
        "operateur": "SNCF Gares & Connexions",
        "name": "Aubrives",
        "official_name": "Aubrives",
        "type": "ter"
      }
    },
    {
      "type": "Feature",
      "geometry": {
        "type": "Point",
        "coordinates": [
          4.6428589,
          49.9388031
        ]
      },
      "properties": {
        "operateur": "SNCF Gares & Connexions",
        "name": "Revin",
        "official_name": "Revin",
        "type": "ter"
      }
    },
    {
      "type": "Feature",
      "geometry": {
        "type": "Point",
        "coordinates": [
          4.7426585,
          49.8119964
        ]
      },
      "properties": {
        "operateur": "SNCF Gares & Connexions",
        "name": "Nouzonville",
        "official_name": "Nouzonville",
        "type": "ter"
      }
    },
    {
      "type": "Feature",
      "geometry": {
        "type": "Point",
        "coordinates": [
          4.6709497,
          49.9307549
        ]
      },
      "properties": {
        "operateur": "SNCF Gares & Connexions",
        "name": "Anchamps",
        "official_name": "Anchamps",
        "type": "ter"
      }
    },
    {
      "type": "Feature",
      "geometry": {
        "type": "Point",
        "coordinates": [
          4.7407039,
          49.8656304
        ]
      },
      "properties": {
        "operateur": "SNCF Gares & Connexions",
        "name": "Monthermé",
        "official_name": "Monthermé",
        "type": "ter"
      }
    },
    {
      "type": "Feature",
      "geometry": {
        "type": "Point",
        "coordinates": [
          4.7072326,
          49.8796035
        ]
      },
      "properties": {
        "operateur": "SNCF Gares & Connexions",
        "name": "Deville",
        "official_name": "Deville",
        "type": "ter"
      }
    },
    {
      "type": "Feature",
      "geometry": {
        "type": "Point",
        "coordinates": [
          4.692286,
          49.9111552
        ]
      },
      "properties": {
        "operateur": "SNCF Gares & Connexions",
        "name": "Laifour",
        "official_name": "Laifour",
        "type": "ter"
      }
    },
    {
      "type": "Feature",
      "geometry": {
        "type": "Point",
        "coordinates": [
          4.7673971,
          49.8334179
        ]
      },
      "properties": {
        "operateur": "SNCF Gares & Connexions",
        "name": "Joigny-sur-Meuse",
        "official_name": "Joigny-sur-Meuse",
        "type": "ter"
      }
    },
    {
      "type": "Feature",
      "geometry": {
        "type": "Point",
        "coordinates": [
          4.7633924,
          49.8583487
        ]
      },
      "properties": {
        "operateur": "SNCF Gares & Connexions",
        "name": "Bogny-sur-Meuse",
        "official_name": "Bogny-sur-Meuse",
        "type": "ter"
      }
    },
    {
      "type": "Feature",
      "geometry": {
        "type": "Point",
        "coordinates": [
          -0.8815611,
          49.249198
        ]
      },
      "properties": {
        "operateur": "SNCF Gares & Connexions",
        "name": "Le Molay-Littry",
        "official_name": "Le Molay-Littry",
        "type": "ter"
      }
    },
    {
      "type": "Feature",
      "geometry": {
        "type": "Point",
        "coordinates": [
          -0.4542751,
          46.3193599
        ]
      },
      "properties": {
        "operateur": "SNCF Gares & Connexions",
        "name": "Niort",
        "official_name": "Niort",
        "type": "ter"
      }
    },
    {
      "type": "Feature",
      "geometry": {
        "type": "Point",
        "coordinates": [
          -1.1453062,
          46.1525774
        ]
      },
      "properties": {
        "operateur": "SNCF Gares & Connexions",
        "name": "La Rochelle",
        "official_name": "La Rochelle",
        "type": "ter"
      }
    },
    {
      "type": "Feature",
      "geometry": {
        "type": "Point",
        "coordinates": [
          2.3917712,
          48.9547289
        ]
      },
      "properties": {
        "operateur": "SNCF Gares & Connexions",
        "name": "Stains - La Cerisaie",
        "type": "ter"
      }
    },
    {
      "type": "Feature",
      "geometry": {
        "type": "Point",
        "coordinates": [
          -1.7501691,
          48.5439622
        ]
      },
      "properties": {
        "operateur": "SNCF Gares & Connexions",
        "name": "Dol-de-Bretagne",
        "official_name": "Dol-de-Bretagne",
        "type": "ter"
      }
    },
    {
      "type": "Feature",
      "geometry": {
        "type": "Point",
        "coordinates": [
          -4.0922114,
          47.9946982
        ]
      },
      "properties": {
        "operateur": "SNCF Gares & Connexions",
        "name": "Quimper",
        "official_name": "Quimper",
        "type": "ter"
      }
    },
    {
      "type": "Feature",
      "geometry": {
        "type": "Point",
        "coordinates": [
          2.0747583,
          48.8368558
        ]
      },
      "properties": {
        "operateur": "SNCF Gares & Connexions",
        "name": "Bailly",
        "type": "ter"
      }
    },
    {
      "type": "Feature",
      "geometry": {
        "type": "Point",
        "coordinates": [
          2.6902627,
          48.7707688
        ]
      },
      "properties": {
        "operateur": "SNCF Gares & Connexions",
        "name": "Ozoir-la-Ferrière",
        "official_name": "Ozoir-la-Ferrière",
        "type": "ter"
      }
    },
    {
      "type": "Feature",
      "geometry": {
        "type": "Point",
        "coordinates": [
          6.8130522,
          43.9489929
        ]
      },
      "properties": {
        "operateur": "Régie Régionale des Transports de Provence-Alpes-Côte d'Azur",
        "name": "Entrevaux",
        "type": "ter"
      }
    },
    {
      "type": "Feature",
      "geometry": {
        "type": "Point",
        "coordinates": [
          3.0616243,
          45.7677394
        ]
      },
      "properties": {
        "operateur": "SNCF Gares & Connexions",
        "name": "Royat - Chamalières",
        "official_name": "Royat - Chamalières",
        "type": "ter"
      }
    },
    {
      "type": "Feature",
      "geometry": {
        "type": "Point",
        "coordinates": [
          6.1207122,
          45.902023
        ]
      },
      "properties": {
        "operateur": "SNCF Gares & Connexions",
        "name": "Annecy",
        "official_name": "Annecy",
        "type": "ter"
      }
    },
    {
      "type": "Feature",
      "geometry": {
        "type": "Point",
        "coordinates": [
          5.9198732,
          45.5714735
        ]
      },
      "properties": {
        "operateur": "SNCF Gares & Connexions",
        "name": "Chambéry - Challes-les-Eaux",
        "official_name": "Chambéry - Challes-les-Eaux",
        "type": "ter"
      }
    },
    {
      "type": "Feature",
      "geometry": {
        "type": "Point",
        "coordinates": [
          5.8259584,
          46.1109056
        ]
      },
      "properties": {
        "operateur": "SNCF Gares & Connexions",
        "name": "Bellegarde",
        "official_name": "Bellegarde",
        "type": "ter"
      }
    },
    {
      "type": "Feature",
      "geometry": {
        "type": "Point",
        "coordinates": [
          5.7141017,
          45.1913071
        ]
      },
      "properties": {
        "operateur": "SNCF Gares & Connexions",
        "name": "Grenoble",
        "official_name": "Grenoble",
        "type": "ter"
      }
    },
    {
      "type": "Feature",
      "geometry": {
        "type": "Point",
        "coordinates": [
          5.9089276,
          45.688138
        ]
      },
      "properties": {
        "operateur": "SNCF Gares & Connexions",
        "name": "Aix-les-Bains - Le Revard",
        "official_name": "Aix-les-Bains - Le Revard",
        "type": "ter"
      }
    },
    {
      "type": "Feature",
      "geometry": {
        "type": "Point",
        "coordinates": [
          5.7787934,
          45.8429341
        ]
      },
      "properties": {
        "operateur": "SNCF Gares & Connexions",
        "name": "Culoz",
        "official_name": "Culoz",
        "type": "ter"
      }
    },
    {
      "type": "Feature",
      "geometry": {
        "type": "Point",
        "coordinates": [
          4.0935802,
          43.6811466
        ]
      },
      "properties": {
        "operateur": "SNCF Gares & Connexions",
        "name": "Lunel-Viel",
        "official_name": "Lunel-Viel",
        "type": "ter"
      }
    },
    {
      "type": "Feature",
      "geometry": {
        "type": "Point",
        "coordinates": [
          4.1714976,
          43.7162243
        ]
      },
      "properties": {
        "operateur": "SNCF Gares & Connexions",
        "name": "Gallargues",
        "official_name": "Gallargues",
        "type": "ter"
      }
    },
    {
      "type": "Feature",
      "geometry": {
        "type": "Point",
        "coordinates": [
          4.2188847,
          43.7398702
        ]
      },
      "properties": {
        "operateur": "SNCF Gares & Connexions",
        "name": "Vergèze - Codognan",
        "official_name": "Vergèze - Codognan",
        "type": "ter"
      }
    },
    {
      "type": "Feature",
      "geometry": {
        "type": "Point",
        "coordinates": [
          -1.5493838,
          47.1932254
        ]
      },
      "properties": {
        "operateur": "SNCF Gares & Connexions",
        "name": "Rezé - Pont-Rousseau",
        "official_name": "Rezé Pont Rousseau",
        "type": "ter"
      }
    },
    {
      "type": "Feature",
      "geometry": {
        "type": "Point",
        "coordinates": [
          1.0662142,
          47.3306573
        ]
      },
      "properties": {
        "operateur": "SNCF Gares & Connexions",
        "name": "Chenonceaux",
        "official_name": "Chenonceaux",
        "type": "ter"
      }
    },
    {
      "type": "Feature",
      "geometry": {
        "type": "Point",
        "coordinates": [
          5.7691237,
          49.5128325
        ]
      },
      "properties": {
        "operateur": "SNCF Gares & Connexions",
        "name": "Longwy",
        "official_name": "Longwy",
        "type": "ter"
      }
    },
    {
      "type": "Feature",
      "geometry": {
        "type": "Point",
        "coordinates": [
          0.1643252,
          45.6537309
        ]
      },
      "properties": {
        "operateur": "SNCF Gares & Connexions",
        "name": "Angoulême",
        "official_name": "Angoulême",
        "type": "ter"
      }
    },
    {
      "type": "Feature",
      "geometry": {
        "type": "Point",
        "coordinates": [
          4.1837726,
          46.8679115
        ]
      },
      "properties": {
        "operateur": "SNCF Gares & Connexions",
        "name": "Étang",
        "official_name": "Étang-sur-Arroux",
        "type": "ter"
      }
    },
    {
      "type": "Feature",
      "geometry": {
        "type": "Point",
        "coordinates": [
          6.4768843,
          49.0037223
        ]
      },
      "properties": {
        "operateur": "SNCF Gares & Connexions",
        "name": "Herny",
        "official_name": "Herny",
        "type": "ter"
      }
    },
    {
      "type": "Feature",
      "geometry": {
        "type": "Point",
        "coordinates": [
          2.3688579,
          48.852987
        ]
      },
      "properties": {
        "operateur": "",
        "name": "Bastille",
        "type": "ter"
      }
    },
    {
      "type": "Feature",
      "geometry": {
        "type": "Point",
        "coordinates": [
          2.3515397,
          48.8575406
        ]
      },
      "properties": {
        "operateur": "",
        "name": "Hôtel de Ville",
        "type": "ter"
      }
    },
    {
      "type": "Feature",
      "geometry": {
        "type": "Point",
        "coordinates": [
          7.7002427,
          48.7327818
        ]
      },
      "properties": {
        "operateur": "SNCF Gares & Connexions",
        "name": "Brumath",
        "official_name": "Brumath",
        "type": "ter"
      }
    },
    {
      "type": "Feature",
      "geometry": {
        "type": "Point",
        "coordinates": [
          4.2151114,
          45.9877295
        ]
      },
      "properties": {
        "operateur": "SNCF Gares & Connexions",
        "name": "Régny",
        "official_name": "Régny",
        "type": "ter"
      }
    },
    {
      "type": "Feature",
      "geometry": {
        "type": "Point",
        "coordinates": [
          2.3167211,
          48.9662338
        ]
      },
      "properties": {
        "operateur": "SNCF Gares & Connexions",
        "name": "La Barre - Ormesson",
        "official_name": "La Barre - Ormesson",
        "type": "ter"
      }
    },
    {
      "type": "Feature",
      "geometry": {
        "type": "Point",
        "coordinates": [
          2.3069718,
          48.9728511
        ]
      },
      "properties": {
        "operateur": "SNCF Gares & Connexions",
        "name": "Enghien-les-Bains",
        "official_name": "Enghien-les-Bains",
        "type": "ter"
      }
    },
    {
      "type": "Feature",
      "geometry": {
        "type": "Point",
        "coordinates": [
          2.2919204,
          48.9796079
        ]
      },
      "properties": {
        "operateur": "SNCF Gares & Connexions",
        "name": "Champ de Courses d'Enghien",
        "official_name": "Champ de Courses d'Enghien",
        "type": "ter"
      }
    },
    {
      "type": "Feature",
      "geometry": {
        "type": "Point",
        "coordinates": [
          3.0710812,
          50.6373816
        ]
      },
      "properties": {
        "operateur": "Keolis Lille Métropole",
        "name": "Gare Lille Flandres",
        "type": "ter"
      }
    },
    {
      "type": "Feature",
      "geometry": {
        "type": "Point",
        "coordinates": [
          6.1562661,
          49.3034595
        ]
      },
      "properties": {
        "operateur": "SNCF Gares & Connexions",
        "name": "Uckange",
        "official_name": "Uckange",
        "type": "ter"
      }
    },
    {
      "type": "Feature",
      "geometry": {
        "type": "Point",
        "coordinates": [
          5.935927,
          49.2057891
        ]
      },
      "properties": {
        "operateur": "SNCF Gares & Connexions",
        "name": "Valleroy - Moineville",
        "official_name": "Valleroy - Moineville",
        "type": "ter"
      }
    },
    {
      "type": "Feature",
      "geometry": {
        "type": "Point",
        "coordinates": [
          5.97149,
          49.2161885
        ]
      },
      "properties": {
        "operateur": "SNCF Gares & Connexions",
        "name": "Auboué",
        "official_name": "Auboué",
        "type": "ter"
      }
    },
    {
      "type": "Feature",
      "geometry": {
        "type": "Point",
        "coordinates": [
          6.0177436,
          49.2250229
        ]
      },
      "properties": {
        "operateur": "SNCF Gares & Connexions",
        "name": "Jœuf",
        "official_name": "Jœuf",
        "type": "ter"
      }
    },
    {
      "type": "Feature",
      "geometry": {
        "type": "Point",
        "coordinates": [
          5.9996301,
          49.2184137
        ]
      },
      "properties": {
        "operateur": "SNCF Gares & Connexions",
        "name": "Homécourt",
        "official_name": "Homécourt",
        "type": "ter"
      }
    },
    {
      "type": "Feature",
      "geometry": {
        "type": "Point",
        "coordinates": [
          6.0433441,
          49.2467111
        ]
      },
      "properties": {
        "operateur": "SNCF Gares & Connexions",
        "name": "Moyeuvre-Grande",
        "official_name": "Moyeuvre-Grande",
        "type": "ter"
      }
    },
    {
      "type": "Feature",
      "geometry": {
        "type": "Point",
        "coordinates": [
          6.2025503,
          48.6700029
        ]
      },
      "properties": {
        "operateur": "SNCF Gares & Connexions",
        "name": "Jarville-la-Malgrange",
        "official_name": "Jarville-la-Malgrange",
        "type": "ter"
      }
    },
    {
      "type": "Feature",
      "geometry": {
        "type": "Point",
        "coordinates": [
          7.2914241,
          43.7222662
        ]
      },
      "properties": {
        "operateur": "SNCF Gares & Connexions",
        "name": "Nice Pont Michel",
        "type": "ter"
      }
    },
    {
      "type": "Feature",
      "geometry": {
        "type": "Point",
        "coordinates": [
          2.4111133,
          48.9439016
        ]
      },
      "properties": {
        "operateur": "SNCF Gares & Connexions",
        "name": "Dugny - La Courneuve",
        "type": "ter"
      }
    },
    {
      "type": "Feature",
      "geometry": {
        "type": "Point",
        "coordinates": [
          2.3423725,
          48.9600134
        ]
      },
      "properties": {
        "operateur": "SNCF Gares & Connexions",
        "name": "Villetaneuse - Université",
        "type": "ter"
      }
    },
    {
      "type": "Feature",
      "geometry": {
        "type": "Point",
        "coordinates": [
          5.8682334,
          49.1665897
        ]
      },
      "properties": {
        "operateur": "SNCF Gares & Connexions",
        "name": "Conflans - Jarny",
        "official_name": "Conflans - Jarny",
        "type": "ter"
      }
    },
    {
      "type": "Feature",
      "geometry": {
        "type": "Point",
        "coordinates": [
          -0.8828985,
          48.8464623
        ]
      },
      "properties": {
        "operateur": "SNCF Gares & Connexions",
        "name": "Vire",
        "official_name": "Vire",
        "type": "ter"
      }
    },
    {
      "type": "Feature",
      "geometry": {
        "type": "Point",
        "coordinates": [
          0.2312305,
          49.1382024
        ]
      },
      "properties": {
        "operateur": "SNCF Gares & Connexions",
        "name": "Lisieux",
        "official_name": "Lisieux",
        "type": "ter"
      }
    },
    {
      "type": "Feature",
      "geometry": {
        "type": "Point",
        "coordinates": [
          2.3342679,
          48.9123017
        ]
      },
      "properties": {
        "operateur": "RATP",
        "name": "Mairie de Saint-Ouen",
        "type": "ter"
      }
    },
    {
      "type": "Feature",
      "geometry": {
        "type": "Point",
        "coordinates": [
          6.1307802,
          48.7731197
        ]
      },
      "properties": {
        "operateur": "SNCF Gares & Connexions",
        "name": "Pompey",
        "official_name": "Pompey",
        "type": "ter"
      }
    },
    {
      "type": "Feature",
      "geometry": {
        "type": "Point",
        "coordinates": [
          1.4781156,
          49.091359
        ]
      },
      "properties": {
        "operateur": "SNCF Gares & Connexions",
        "name": "Vernon - Giverny",
        "official_name": "Vernon - Giverny",
        "type": "ter"
      }
    },
    {
      "type": "Feature",
      "geometry": {
        "type": "Point",
        "coordinates": [
          1.5576496,
          48.5100787
        ]
      },
      "properties": {
        "operateur": "SNCF Gares & Connexions",
        "name": "Jouy",
        "official_name": "Jouy",
        "type": "ter"
      }
    },
    {
      "type": "Feature",
      "geometry": {
        "type": "Point",
        "coordinates": [
          1.5902024,
          48.5428752
        ]
      },
      "properties": {
        "operateur": "SNCF Gares & Connexions",
        "name": "Saint-Piat",
        "official_name": "Saint-Piat",
        "type": "ter"
      }
    },
    {
      "type": "Feature",
      "geometry": {
        "type": "Point",
        "coordinates": [
          2.5613473,
          49.0097968
        ]
      },
      "properties": {
        "operateur": "SNCF Gares & Connexions",
        "name": "Aéroport Charles de Gaulle 1 (Terminal 3)",
        "official_name": "Aéroport Charles de Gaulle 1",
        "type": "ter"
      }
    },
    {
      "type": "Feature",
      "geometry": {
        "type": "Point",
        "coordinates": [
          2.2607534,
          48.9313927
        ]
      },
      "properties": {
        "operateur": "SNCF Gares & Connexions",
        "name": "Le Stade",
        "official_name": "Le Stade",
        "type": "ter"
      }
    },
    {
      "type": "Feature",
      "geometry": {
        "type": "Point",
        "coordinates": [
          6.3933218,
          48.5035581
        ]
      },
      "properties": {
        "operateur": "",
        "name": "Einvaux",
        "official_name": "Einvaux",
        "type": "ter"
      }
    },
    {
      "type": "Feature",
      "geometry": {
        "type": "Point",
        "coordinates": [
          1.6689854,
          48.8294208
        ]
      },
      "properties": {
        "operateur": "SNCF Gares & Connexions",
        "name": "Tacoignières - Richebourg",
        "official_name": "Tacoignières - Richebourg",
        "type": "ter"
      }
    },
    {
      "type": "Feature",
      "geometry": {
        "type": "Point",
        "coordinates": [
          5.0999033,
          45.6382255
        ]
      },
      "properties": {
        "operateur": "SNCF Gares & Connexions",
        "name": "Saint-Quentin-Fallavier",
        "official_name": "Saint-Quentin-Fallavier",
        "type": "ter"
      }
    },
    {
      "type": "Feature",
      "geometry": {
        "type": "Point",
        "coordinates": [
          5.1793912,
          46.7988701
        ]
      },
      "properties": {
        "operateur": "SNCF Gares & Connexions",
        "name": "Mervans",
        "official_name": "Mervans",
        "type": "ter"
      }
    },
    {
      "type": "Feature",
      "geometry": {
        "type": "Point",
        "coordinates": [
          1.8757802,
          48.8594034
        ]
      },
      "properties": {
        "operateur": "SNCF Gares & Connexions",
        "name": "Beynes",
        "official_name": "Beynes",
        "type": "ter"
      }
    },
    {
      "type": "Feature",
      "geometry": {
        "type": "Point",
        "coordinates": [
          2.3151144,
          48.8940816
        ]
      },
      "properties": {
        "operateur": "SNCF Gares & Connexions",
        "name": "Porte de Clichy",
        "official_name": "Porte de Clichy",
        "type": "ter"
      }
    },
    {
      "type": "Feature",
      "geometry": {
        "type": "Point",
        "coordinates": [
          2.5254047,
          48.8837301
        ]
      },
      "properties": {
        "operateur": "SNCF Gares & Connexions",
        "name": "Gagny",
        "official_name": "Gagny",
        "type": "ter"
      }
    },
    {
      "type": "Feature",
      "geometry": {
        "type": "Point",
        "coordinates": [
          2.488878,
          48.854214
        ]
      },
      "properties": {
        "operateur": "RATP",
        "name": "Val-de-Fontenay (RER A)",
        "type": "ter"
      }
    },
    {
      "type": "Feature",
      "geometry": {
        "type": "Point",
        "coordinates": [
          2.4891392,
          48.8543556
        ]
      },
      "properties": {
        "operateur": "SNCF Gares & Connexions",
        "name": "Val de Fontenay",
        "official_name": "Val de Fontenay",
        "type": "ter"
      }
    },
    {
      "type": "Feature",
      "geometry": {
        "type": "Point",
        "coordinates": [
          2.7694408,
          43.1999015
        ]
      },
      "properties": {
        "operateur": "SNCF Gares & Connexions",
        "name": "Lézignan-Corbières",
        "official_name": "Lézignan-Corbières",
        "type": "ter"
      }
    },
    {
      "type": "Feature",
      "geometry": {
        "type": "Point",
        "coordinates": [
          -0.0771571,
          49.3001439
        ]
      },
      "properties": {
        "operateur": "SNCF Gares & Connexions",
        "name": "Houlgate",
        "official_name": "Houlgate",
        "type": "ter"
      }
    },
    {
      "type": "Feature",
      "geometry": {
        "type": "Point",
        "coordinates": [
          2.5120261,
          48.8892565
        ]
      },
      "properties": {
        "operateur": "SNCF Gares & Connexions",
        "name": "Le Raincy Villemomble Montfermeil",
        "official_name": "Le Raincy - Villemomble - Montfermeil",
        "type": "ter"
      }
    },
    {
      "type": "Feature",
      "geometry": {
        "type": "Point",
        "coordinates": [
          2.143258,
          49.9461258
        ]
      },
      "properties": {
        "operateur": "SNCF Gares & Connexions",
        "name": "Picquigny",
        "official_name": "Picquigny",
        "type": "ter"
      }
    },
    {
      "type": "Feature",
      "geometry": {
        "type": "Point",
        "coordinates": [
          2.3504824,
          48.9177
        ]
      },
      "properties": {
        "operateur": "SNCF Gares & Connexions",
        "name": "Stade de France - Saint-Denis",
        "official_name": "Stade de France Saint-Denis",
        "type": "ter"
      }
    },
    {
      "type": "Feature",
      "geometry": {
        "type": "Point",
        "coordinates": [
          2.200643,
          49.928431
        ]
      },
      "properties": {
        "operateur": "SNCF Gares & Connexions",
        "name": "Ailly-sur-Somme",
        "official_name": "Ailly-sur-Somme",
        "type": "ter"
      }
    },
    {
      "type": "Feature",
      "geometry": {
        "type": "Point",
        "coordinates": [
          0.0847189,
          49.3593843
        ]
      },
      "properties": {
        "operateur": "SNCF Gares & Connexions",
        "name": "Trouville - Deauville",
        "official_name": "Trouville - Deauville",
        "type": "ter"
      }
    },
    {
      "type": "Feature",
      "geometry": {
        "type": "Point",
        "coordinates": [
          -0.3474663,
          49.1767625
        ]
      },
      "properties": {
        "operateur": "SNCF Gares & Connexions",
        "name": "Caen",
        "official_name": "Caen",
        "type": "ter"
      }
    },
    {
      "type": "Feature",
      "geometry": {
        "type": "Point",
        "coordinates": [
          -0.697928,
          49.2696016
        ]
      },
      "properties": {
        "operateur": "SNCF Gares & Connexions",
        "name": "Bayeux",
        "official_name": "Bayeux",
        "type": "ter"
      }
    },
    {
      "type": "Feature",
      "geometry": {
        "type": "Point",
        "coordinates": [
          9.1105887,
          42.5803923
        ]
      },
      "properties": {
        "operateur": "",
        "name": "Novella",
        "type": "ter"
      }
    },
    {
      "type": "Feature",
      "geometry": {
        "type": "Point",
        "coordinates": [
          0.3897587,
          45.7402454
        ]
      },
      "properties": {
        "operateur": "SNCF Gares & Connexions",
        "name": "La Rochefoucauld",
        "official_name": "La Rochefoucauld",
        "type": "ter"
      }
    },
    {
      "type": "Feature",
      "geometry": {
        "type": "Point",
        "coordinates": [
          -1.0517344,
          48.8437186
        ]
      },
      "properties": {
        "operateur": "SNCF",
        "name": "Saint-Sever",
        "official_name": "Saint-Sever",
        "type": "ter"
      }
    },
    {
      "type": "Feature",
      "geometry": {
        "type": "Point",
        "coordinates": [
          -0.3588395,
          44.6489103
        ]
      },
      "properties": {
        "operateur": "SNCF Gares & Connexions",
        "name": "Podensac",
        "official_name": "Podensac",
        "type": "ter"
      }
    },
    {
      "type": "Feature",
      "geometry": {
        "type": "Point",
        "coordinates": [
          -0.4502003,
          44.7011715
        ]
      },
      "properties": {
        "operateur": "SNCF Gares & Connexions",
        "name": "Beautiran",
        "type": "ter"
      }
    },
    {
      "type": "Feature",
      "geometry": {
        "type": "Point",
        "coordinates": [
          -0.5556498,
          44.8255227
        ]
      },
      "properties": {
        "operateur": "SNCF Gares & Connexions",
        "name": "Bordeaux-Saint-Jean",
        "official_name": "Bordeaux Saint-Jean",
        "type": "ter"
      }
    },
    {
      "type": "Feature",
      "geometry": {
        "type": "Point",
        "coordinates": [
          2.9634373,
          42.5971233
        ]
      },
      "properties": {
        "operateur": "SNCF Gares & Connexions",
        "name": "Elne",
        "official_name": "Elne",
        "type": "ter"
      }
    },
    {
      "type": "Feature",
      "geometry": {
        "type": "Point",
        "coordinates": [
          3.1026057,
          42.5134608
        ]
      },
      "properties": {
        "operateur": "SNCF Gares & Connexions",
        "name": "Port-Vendres",
        "official_name": "Port-Vendres",
        "type": "ter"
      }
    },
    {
      "type": "Feature",
      "geometry": {
        "type": "Point",
        "coordinates": [
          0.9505129,
          49.5640283
        ]
      },
      "properties": {
        "operateur": "SNCF Gares & Connexions",
        "name": "Pavilly-Station",
        "official_name": "Pavilly",
        "type": "ter"
      }
    },
    {
      "type": "Feature",
      "geometry": {
        "type": "Point",
        "coordinates": [
          4.3696584,
          49.5042515
        ]
      },
      "properties": {
        "operateur": "SNCF Gares & Connexions",
        "name": "Rethel",
        "official_name": "Rethel",
        "type": "ter"
      }
    },
    {
      "type": "Feature",
      "geometry": {
        "type": "Point",
        "coordinates": [
          1.0984776,
          49.3245722
        ]
      },
      "properties": {
        "operateur": "SNCF Gares & Connexions",
        "name": "Tourville-la-Rivière",
        "official_name": "Tourville",
        "type": "ter"
      }
    },
    {
      "type": "Feature",
      "geometry": {
        "type": "Point",
        "coordinates": [
          -1.7825049,
          43.3522255
        ]
      },
      "properties": {
        "operateur": "Eusko Trenbideak – Ferrocarriles Vascos",
        "name": "Hendaia",
        "official_name": "Hendaia",
        "type": "ter"
      }
    },
    {
      "type": "Feature",
      "geometry": {
        "type": "Point",
        "coordinates": [
          2.7804752,
          50.1316397
        ]
      },
      "properties": {
        "operateur": "SNCF Gares & Connexions",
        "name": "Achiet",
        "official_name": "Achiet",
        "type": "ter"
      }
    },
    {
      "type": "Feature",
      "geometry": {
        "type": "Point",
        "coordinates": [
          2.3225017,
          48.9053425
        ]
      },
      "properties": {
        "operateur": "SNCF;RATP",
        "name": "Saint-Ouen",
        "official_name": "Saint-Ouen",
        "type": "ter"
      }
    },
    {
      "type": "Feature",
      "geometry": {
        "type": "Point",
        "coordinates": [
          2.3137969,
          48.9209417
        ]
      },
      "properties": {
        "operateur": "SNCF Gares & Connexions",
        "name": "Les Grésillons",
        "official_name": "Les Grésillons",
        "type": "ter"
      }
    },
    {
      "type": "Feature",
      "geometry": {
        "type": "Point",
        "coordinates": [
          2.5531414,
          48.8771262
        ]
      },
      "properties": {
        "operateur": "SNCF Gares & Connexions",
        "name": "Le Chénay Gagny",
        "type": "ter"
      }
    },
    {
      "type": "Feature",
      "geometry": {
        "type": "Point",
        "coordinates": [
          2.3137814,
          48.8880133
        ]
      },
      "properties": {
        "operateur": "SNCF Gares & Connexions",
        "name": "Pont Cardinet",
        "official_name": "Pont Cardinet",
        "type": "ter"
      }
    },
    {
      "type": "Feature",
      "geometry": {
        "type": "Point",
        "coordinates": [
          3.0595659,
          50.4276192
        ]
      },
      "properties": {
        "operateur": "SNCF Gares & Connexions",
        "name": "Leforest",
        "official_name": "Leforest",
        "type": "ter"
      }
    },
    {
      "type": "Feature",
      "geometry": {
        "type": "Point",
        "coordinates": [
          2.2460919,
          48.7174709
        ]
      },
      "properties": {
        "operateur": "RATP",
        "name": "Palaiseau",
        "type": "ter"
      }
    },
    {
      "type": "Feature",
      "geometry": {
        "type": "Point",
        "coordinates": [
          -1.0937304,
          47.0328413
        ]
      },
      "properties": {
        "operateur": "SNCF Gares & Connexions",
        "name": "Torfou - Le Longeron - Tiffauges",
        "official_name": "Torfou",
        "type": "ter"
      }
    },
    {
      "type": "Feature",
      "geometry": {
        "type": "Point",
        "coordinates": [
          2.3370805,
          48.8400137
        ]
      },
      "properties": {
        "operateur": "RATP",
        "name": "Port Royal",
        "type": "ter"
      }
    },
    {
      "type": "Feature",
      "geometry": {
        "type": "Point",
        "coordinates": [
          2.2922259,
          48.7876243
        ]
      },
      "properties": {
        "operateur": "",
        "name": "Fontenay-aux-Roses",
        "type": "ter"
      }
    },
    {
      "type": "Feature",
      "geometry": {
        "type": "Point",
        "coordinates": [
          2.2974266,
          48.7814457
        ]
      },
      "properties": {
        "operateur": "",
        "name": "Sceaux",
        "type": "ter"
      }
    },
    {
      "type": "Feature",
      "geometry": {
        "type": "Point",
        "coordinates": [
          2.1920634,
          48.7051397
        ]
      },
      "properties": {
        "operateur": "",
        "name": "Le Guichet",
        "type": "ter"
      }
    },
    {
      "type": "Feature",
      "geometry": {
        "type": "Point",
        "coordinates": [
          2.1819126,
          48.6976543
        ]
      },
      "properties": {
        "operateur": "RATP",
        "name": "Orsay-Ville",
        "type": "ter"
      }
    },
    {
      "type": "Feature",
      "geometry": {
        "type": "Point",
        "coordinates": [
          2.1527197,
          48.6949675
        ]
      },
      "properties": {
        "operateur": "",
        "name": "La Hacquinière",
        "type": "ter"
      }
    },
    {
      "type": "Feature",
      "geometry": {
        "type": "Point",
        "coordinates": [
          2.2917622,
          48.8182168
        ]
      },
      "properties": {
        "operateur": "SNCF Gares & Connexions",
        "name": "Vanves Malakoff",
        "official_name": "Vanves - Malakoff",
        "type": "ter"
      }
    },
    {
      "type": "Feature",
      "geometry": {
        "type": "Point",
        "coordinates": [
          1.6027417,
          48.7960262
        ]
      },
      "properties": {
        "operateur": "SNCF Gares & Connexions",
        "name": "Houdan",
        "official_name": "Houdan",
        "type": "ter"
      }
    },
    {
      "type": "Feature",
      "geometry": {
        "type": "Point",
        "coordinates": [
          1.5135796,
          48.768337
        ]
      },
      "properties": {
        "operateur": "SNCF Gares & Connexions",
        "name": "Marchezais - Broué",
        "official_name": "Marchezais - Broué",
        "type": "ter"
      }
    },
    {
      "type": "Feature",
      "geometry": {
        "type": "Point",
        "coordinates": [
          1.8572911,
          48.909283
        ]
      },
      "properties": {
        "operateur": "SNCF Gares & Connexions",
        "name": "Maule",
        "official_name": "Maule",
        "type": "ter"
      }
    },
    {
      "type": "Feature",
      "geometry": {
        "type": "Point",
        "coordinates": [
          1.7649063,
          48.8104197
        ]
      },
      "properties": {
        "operateur": "SNCF Gares & Connexions",
        "name": "Garancières - La Queue",
        "official_name": "Garancières - La Queue",
        "type": "ter"
      }
    },
    {
      "type": "Feature",
      "geometry": {
        "type": "Point",
        "coordinates": [
          -0.1008598,
          49.2911356
        ]
      },
      "properties": {
        "operateur": "SNCF Gares & Connexions",
        "name": "Dives-sur-Mer Port-Guillaume",
        "official_name": "Dives-sur-Mer Port Guillaume",
        "type": "ter"
      }
    },
    {
      "type": "Feature",
      "geometry": {
        "type": "Point",
        "coordinates": [
          1.9957332,
          48.535417
        ]
      },
      "properties": {
        "operateur": "SNCF Gares & Connexions",
        "name": "Dourdan - La Forêt",
        "official_name": "Dourdan La Forêt",
        "type": "ter"
      }
    },
    {
      "type": "Feature",
      "geometry": {
        "type": "Point",
        "coordinates": [
          2.0097162,
          48.5335903
        ]
      },
      "properties": {
        "operateur": "SNCF Gares & Connexions",
        "name": "Dourdan",
        "official_name": "Dourdan",
        "type": "ter"
      }
    },
    {
      "type": "Feature",
      "geometry": {
        "type": "Point",
        "coordinates": [
          2.0687979,
          48.5355118
        ]
      },
      "properties": {
        "operateur": "SNCF Gares & Connexions",
        "name": "Sermaise",
        "official_name": "Sermaise",
        "type": "ter"
      }
    },
    {
      "type": "Feature",
      "geometry": {
        "type": "Point",
        "coordinates": [
          2.2852018,
          48.9638242
        ]
      },
      "properties": {
        "operateur": "SNCF Gares & Connexions",
        "name": "Saint-Gratien",
        "official_name": "Saint-Gratien",
        "type": "ter"
      }
    },
    {
      "type": "Feature",
      "geometry": {
        "type": "Point",
        "coordinates": [
          1.4196508,
          43.5729445
        ]
      },
      "properties": {
        "operateur": "SNCF Gares & Connexions",
        "name": "Galliéni-Cancéropôle",
        "official_name": "Gallieni Cancéropôle",
        "type": "ter"
      }
    },
    {
      "type": "Feature",
      "geometry": {
        "type": "Point",
        "coordinates": [
          1.5982202,
          43.7159823
        ]
      },
      "properties": {
        "operateur": "SNCF Gares & Connexions",
        "name": "Montastruc-la-Conseillère",
        "official_name": "Montastruc-la-Conseillère",
        "type": "ter"
      }
    },
    {
      "type": "Feature",
      "geometry": {
        "type": "Point",
        "coordinates": [
          1.4503066,
          43.5796297
        ]
      },
      "properties": {
        "operateur": "SNCF Gares & Connexions",
        "name": "Toulouse-Saint-Agne",
        "official_name": "Saint-Agne",
        "type": "ter"
      }
    },
    {
      "type": "Feature",
      "geometry": {
        "type": "Point",
        "coordinates": [
          1.3714555,
          43.738333
        ]
      },
      "properties": {
        "operateur": "SNCF Gares & Connexions",
        "name": "Saint-Jory",
        "official_name": "Saint-Jory",
        "type": "ter"
      }
    },
    {
      "type": "Feature",
      "geometry": {
        "type": "Point",
        "coordinates": [
          1.3244065,
          43.464839
        ]
      },
      "properties": {
        "operateur": "SNCF Gares & Connexions",
        "name": "Muret",
        "official_name": "Muret",
        "type": "ter"
      }
    },
    {
      "type": "Feature",
      "geometry": {
        "type": "Point",
        "coordinates": [
          1.3891044,
          43.5279954
        ]
      },
      "properties": {
        "operateur": "SNCF Gares & Connexions",
        "name": "Portet Saint-Simon",
        "official_name": "Portet - Saint-Simon",
        "type": "ter"
      }
    },
    {
      "type": "Feature",
      "geometry": {
        "type": "Point",
        "coordinates": [
          1.2365292,
          43.6149277
        ]
      },
      "properties": {
        "operateur": "SNCF Gares & Connexions",
        "name": "Brax-Léguevin",
        "official_name": "Brax - Léguevin",
        "type": "ter"
      }
    },
    {
      "type": "Feature",
      "geometry": {
        "type": "Point",
        "coordinates": [
          1.2894485,
          43.6215089
        ]
      },
      "properties": {
        "operateur": "SNCF Gares & Connexions",
        "name": "Pibrac",
        "official_name": "Pibrac",
        "type": "ter"
      }
    },
    {
      "type": "Feature",
      "geometry": {
        "type": "Point",
        "coordinates": [
          1.3140875,
          43.6163516
        ]
      },
      "properties": {
        "operateur": "SNCF Gares & Connexions",
        "name": "Colomiers-Lycée International",
        "official_name": "Colomiers Lycée International",
        "type": "ter"
      }
    },
    {
      "type": "Feature",
      "geometry": {
        "type": "Point",
        "coordinates": [
          1.3338867,
          43.6035573
        ]
      },
      "properties": {
        "operateur": "SNCF Gares & Connexions",
        "name": "Colomiers",
        "official_name": "Colomiers",
        "type": "ter"
      }
    },
    {
      "type": "Feature",
      "geometry": {
        "type": "Point",
        "coordinates": [
          1.3529736,
          43.6025391
        ]
      },
      "properties": {
        "operateur": "SNCF Gares & Connexions",
        "name": "Les Ramassiers",
        "official_name": "Les Ramassiers",
        "type": "ter"
      }
    },
    {
      "type": "Feature",
      "geometry": {
        "type": "Point",
        "coordinates": [
          1.3718682,
          43.599779
        ]
      },
      "properties": {
        "operateur": "SNCF Gares & Connexions",
        "name": "Saint-Martin-du-Touch",
        "official_name": "Saint-Martin du Touch",
        "type": "ter"
      }
    },
    {
      "type": "Feature",
      "geometry": {
        "type": "Point",
        "coordinates": [
          1.384052,
          43.5966182
        ]
      },
      "properties": {
        "operateur": "SNCF Gares & Connexions",
        "name": "Lardenne",
        "official_name": "Lardenne",
        "type": "ter"
      }
    },
    {
      "type": "Feature",
      "geometry": {
        "type": "Point",
        "coordinates": [
          1.4017138,
          43.5955133
        ]
      },
      "properties": {
        "operateur": "SNCF Gares & Connexions",
        "name": "Le TOEC",
        "official_name": "Le TOEC",
        "type": "ter"
      }
    },
    {
      "type": "Feature",
      "geometry": {
        "type": "Point",
        "coordinates": [
          1.6206625,
          43.4534658
        ]
      },
      "properties": {
        "operateur": "SNCF Gares & Connexions",
        "name": "Baziège",
        "official_name": "Baziège",
        "type": "ter"
      }
    },
    {
      "type": "Feature",
      "geometry": {
        "type": "Point",
        "coordinates": [
          1.577786,
          43.4751566
        ]
      },
      "properties": {
        "operateur": "SNCF Gares & Connexions",
        "name": "Montlaur",
        "official_name": "Montlaur",
        "type": "ter"
      }
    },
    {
      "type": "Feature",
      "geometry": {
        "type": "Point",
        "coordinates": [
          1.5422792,
          43.5170763
        ]
      },
      "properties": {
        "operateur": "SNCF Gares & Connexions",
        "name": "Escalquens",
        "official_name": "Escalquens",
        "type": "ter"
      }
    },
    {
      "type": "Feature",
      "geometry": {
        "type": "Point",
        "coordinates": [
          1.5328211,
          43.5305699
        ]
      },
      "properties": {
        "operateur": "SNCF Gares & Connexions",
        "name": "Labège-Village",
        "official_name": "Labège Village",
        "type": "ter"
      }
    },
    {
      "type": "Feature",
      "geometry": {
        "type": "Point",
        "coordinates": [
          1.5128101,
          43.5474999
        ]
      },
      "properties": {
        "operateur": "SNCF Gares & Connexions",
        "name": "Labège-Innopole",
        "official_name": "Labège Innopole",
        "type": "ter"
      }
    },
    {
      "type": "Feature",
      "geometry": {
        "type": "Point",
        "coordinates": [
          1.4542101,
          43.6114306
        ]
      },
      "properties": {
        "operateur": "SNCF Gares & Connexions",
        "name": "Toulouse-Matabiau",
        "official_name": "Toulouse Matabiau",
        "type": "ter"
      }
    },
    {
      "type": "Feature",
      "geometry": {
        "type": "Point",
        "coordinates": [
          1.5239963,
          43.6450346
        ]
      },
      "properties": {
        "operateur": "SNCF Gares & Connexions",
        "name": "Montrabé",
        "official_name": "Montrabé",
        "type": "ter"
      }
    },
    {
      "type": "Feature",
      "geometry": {
        "type": "Point",
        "coordinates": [
          1.5677101,
          43.6960006
        ]
      },
      "properties": {
        "operateur": "SNCF Gares & Connexions",
        "name": "Gragnague",
        "official_name": "Gragnague",
        "type": "ter"
      }
    },
    {
      "type": "Feature",
      "geometry": {
        "type": "Point",
        "coordinates": [
          6.8688589,
          47.6187496
        ]
      },
      "properties": {
        "operateur": "SNCF Gares & Connexions",
        "name": "Danjoutin",
        "type": "ter"
      }
    },
    {
      "type": "Feature",
      "geometry": {
        "type": "Point",
        "coordinates": [
          6.9775077,
          47.5381088
        ]
      },
      "properties": {
        "operateur": "SNCF Gares & Connexions",
        "name": "Grandvillars",
        "official_name": "Grandvillars",
        "type": "ter"
      }
    },
    {
      "type": "Feature",
      "geometry": {
        "type": "Point",
        "coordinates": [
          6.9986138,
          47.5263992
        ]
      },
      "properties": {
        "operateur": "SNCF Gares & Connexions",
        "name": "Joncherey",
        "official_name": "Joncherey",
        "type": "ter"
      }
    },
    {
      "type": "Feature",
      "geometry": {
        "type": "Point",
        "coordinates": [
          6.8980328,
          47.5860474
        ]
      },
      "properties": {
        "operateur": "SNCF Gares & Connexions",
        "name": "Meroux",
        "official_name": "Meroux",
        "type": "ter"
      }
    },
    {
      "type": "Feature",
      "geometry": {
        "type": "Point",
        "coordinates": [
          3.4661026,
          43.317453
        ]
      },
      "properties": {
        "operateur": "SNCF Gares & Connexions",
        "name": "Agde",
        "official_name": "Agde",
        "type": "ter"
      }
    },
    {
      "type": "Feature",
      "geometry": {
        "type": "Point",
        "coordinates": [
          2.1934248,
          48.9685073
        ]
      },
      "properties": {
        "operateur": "SNCF Gares & Connexions",
        "name": "Cormeilles-en-Parisis",
        "official_name": "Cormeilles-en-Parisis",
        "type": "ter"
      }
    },
    {
      "type": "Feature",
      "geometry": {
        "type": "Point",
        "coordinates": [
          0.9537533,
          49.5492665
        ]
      },
      "properties": {
        "operateur": "SNCF Gares & Connexions",
        "name": "Barentin",
        "official_name": "Barentin",
        "type": "ter"
      }
    },
    {
      "type": "Feature",
      "geometry": {
        "type": "Point",
        "coordinates": [
          0.4174199,
          49.6035509
        ]
      },
      "properties": {
        "operateur": "SNCF Gares & Connexions",
        "name": "Bréauté - Beuzeville",
        "official_name": "Bréauté - Beuzeville",
        "type": "ter"
      }
    },
    {
      "type": "Feature",
      "geometry": {
        "type": "Point",
        "coordinates": [
          0.3541388,
          49.5835794
        ]
      },
      "properties": {
        "operateur": "SNCF Gares & Connexions",
        "name": "Virville-Manneville",
        "official_name": "Virville - Manneville",
        "type": "ter"
      }
    },
    {
      "type": "Feature",
      "geometry": {
        "type": "Point",
        "coordinates": [
          0.3304528,
          49.5607052
        ]
      },
      "properties": {
        "operateur": "SNCF Gares & Connexions",
        "name": "Étainhus-Saint-Romain",
        "official_name": "Étainhus - Saint-Romain",
        "type": "ter"
      }
    },
    {
      "type": "Feature",
      "geometry": {
        "type": "Point",
        "coordinates": [
          0.2523042,
          49.52856
        ]
      },
      "properties": {
        "operateur": "SNCF Gares & Connexions",
        "name": "Saint-Laurent - Gainneville",
        "official_name": "Saint-Laurent - Gainneville",
        "type": "ter"
      }
    },
    {
      "type": "Feature",
      "geometry": {
        "type": "Point",
        "coordinates": [
          1.0507607,
          49.479936
        ]
      },
      "properties": {
        "operateur": "SNCF Gares & Connexions",
        "name": "Maromme",
        "official_name": "Maromme",
        "type": "ter"
      }
    },
    {
      "type": "Feature",
      "geometry": {
        "type": "Point",
        "coordinates": [
          1.0396202,
          49.5133251
        ]
      },
      "properties": {
        "operateur": "SNCF Gares & Connexions",
        "name": "Malaunay - Le Houlme",
        "official_name": "Malaunay - Le Houlme",
        "type": "ter"
      }
    },
    {
      "type": "Feature",
      "geometry": {
        "type": "Point",
        "coordinates": [
          0.5971375,
          49.6083271
        ]
      },
      "properties": {
        "operateur": "SNCF Gares & Connexions",
        "name": "Foucart - Alvimare",
        "official_name": "Foucart - Alvimare",
        "type": "ter"
      }
    },
    {
      "type": "Feature",
      "geometry": {
        "type": "Point",
        "coordinates": [
          5.7423023,
          45.0854251
        ]
      },
      "properties": {
        "operateur": "SNCF Gares & Connexions",
        "name": "Jarrie-Vizille",
        "official_name": "Jarrie - Vizille",
        "type": "ter"
      }
    },
    {
      "type": "Feature",
      "geometry": {
        "type": "Point",
        "coordinates": [
          -0.4691395,
          47.4527137
        ]
      },
      "properties": {
        "operateur": "SNCF",
        "name": "Trélazé",
        "type": "ter"
      }
    },
    {
      "type": "Feature",
      "geometry": {
        "type": "Point",
        "coordinates": [
          1.7839741,
          48.9792986
        ]
      },
      "properties": {
        "operateur": "SNCF Gares & Connexions",
        "name": "Issou - Porcheville",
        "official_name": "Issou - Porcheville",
        "type": "ter"
      }
    },
    {
      "type": "Feature",
      "geometry": {
        "type": "Point",
        "coordinates": [
          1.8481883,
          48.9720918
        ]
      },
      "properties": {
        "operateur": "SNCF Gares & Connexions",
        "name": "Aubergenville Élisabethville",
        "official_name": "Aubergenville Élisabethville",
        "type": "ter"
      }
    },
    {
      "type": "Feature",
      "geometry": {
        "type": "Point",
        "coordinates": [
          2.1853912,
          48.9203204
        ]
      },
      "properties": {
        "operateur": "SNCF Gares & Connexions",
        "name": "Houilles Carrières-sur-Seine",
        "official_name": "Houilles - Carrières-sur-Seine",
        "type": "ter"
      }
    },
    {
      "type": "Feature",
      "geometry": {
        "type": "Point",
        "coordinates": [
          2.2580028,
          48.9135621
        ]
      },
      "properties": {
        "operateur": "SNCF Gares & Connexions",
        "name": "Les Vallées",
        "official_name": "Les Vallées",
        "type": "ter"
      }
    },
    {
      "type": "Feature",
      "geometry": {
        "type": "Point",
        "coordinates": [
          2.1444838,
          48.9458396
        ]
      },
      "properties": {
        "operateur": "SNCF Gares & Connexions",
        "name": "Maisons-Laffitte",
        "official_name": "Maisons-Laffitte",
        "type": "ter"
      }
    },
    {
      "type": "Feature",
      "geometry": {
        "type": "Point",
        "coordinates": [
          2.0924722,
          48.9552403
        ]
      },
      "properties": {
        "operateur": "SNCF Gares & Connexions",
        "name": "Achères Grand Cormier",
        "official_name": "Achères Grand Cormier",
        "type": "ter"
      }
    },
    {
      "type": "Feature",
      "geometry": {
        "type": "Point",
        "coordinates": [
          2.0951596,
          48.9001801
        ]
      },
      "properties": {
        "operateur": "RATP",
        "name": "Saint-Germain-en-Laye",
        "type": "ter"
      }
    },
    {
      "type": "Feature",
      "geometry": {
        "type": "Point",
        "coordinates": [
          5.6050216,
          44.8272536
        ]
      },
      "properties": {
        "operateur": "SNCF Gares & Connexions",
        "name": "Clelles-Mens",
        "official_name": "Clelles - Mens",
        "type": "ter"
      }
    },
    {
      "type": "Feature",
      "geometry": {
        "type": "Point",
        "coordinates": [
          5.6339727,
          44.9119942
        ]
      },
      "properties": {
        "operateur": "SNCF Gares & Connexions",
        "name": "Monestier-de-Clermont",
        "official_name": "Monestier-de-Clermont",
        "type": "ter"
      }
    },
    {
      "type": "Feature",
      "geometry": {
        "type": "Point",
        "coordinates": [
          5.6853625,
          45.0475897
        ]
      },
      "properties": {
        "operateur": "SNCF Gares & Connexions",
        "name": "Vif",
        "official_name": "Vif",
        "type": "ter"
      }
    },
    {
      "type": "Feature",
      "geometry": {
        "type": "Point",
        "coordinates": [
          5.7017017,
          45.0440492
        ]
      },
      "properties": {
        "operateur": "SNCF Gares & Connexions",
        "name": "Saint-Georges-de-Commiers",
        "official_name": "Saint-Georges-de-Commiers",
        "type": "ter"
      }
    },
    {
      "type": "Feature",
      "geometry": {
        "type": "Point",
        "coordinates": [
          2.0025401,
          47.9611211
        ]
      },
      "properties": {
        "operateur": "Mairie Marigny les Usages",
        "name": "Ancienne gare Marigny les Usages",
        "type": "ter"
      }
    },
    {
      "type": "Feature",
      "geometry": {
        "type": "Point",
        "coordinates": [
          2.7398051,
          45.5857563
        ]
      },
      "properties": {
        "operateur": "",
        "type": "ter"
      }
    },
    {
      "type": "Feature",
      "geometry": {
        "type": "Point",
        "coordinates": [
          2.7436974,
          45.5829409
        ]
      },
      "properties": {
        "operateur": "",
        "type": "ter"
      }
    },
    {
      "type": "Feature",
      "geometry": {
        "type": "Point",
        "coordinates": [
          -0.60692,
          43.178989
        ]
      },
      "properties": {
        "operateur": "SNCF Gares & Connexions",
        "name": "Bidos",
        "type": "ter"
      }
    },
    {
      "type": "Feature",
      "geometry": {
        "type": "Point",
        "coordinates": [
          2.3286951,
          48.8749979
        ]
      },
      "properties": {
        "operateur": "SNCF Gares & Connexions",
        "name": "Haussmann - Saint-Lazare",
        "type": "ter"
      }
    },
    {
      "type": "Feature",
      "geometry": {
        "type": "Point",
        "coordinates": [
          -61.516629,
          16.417846
        ]
      },
      "properties": {
        "operateur": "",
        "name": "Cluny",
        "type": "ter"
      }
    },
    {
      "type": "Feature",
      "geometry": {
        "type": "Point",
        "coordinates": [
          2.6983326,
          50.3225343
        ]
      },
      "properties": {
        "operateur": "SNCF Gares & Connexions",
        "name": "Marœuil",
        "official_name": "Marœuil",
        "type": "ter"
      }
    },
    {
      "type": "Feature",
      "geometry": {
        "type": "Point",
        "coordinates": [
          2.5927978,
          50.3529699
        ]
      },
      "properties": {
        "operateur": "SNCF Gares & Connexions",
        "name": "Aubigny-en-Artois",
        "official_name": "Aubigny-en-Artois",
        "type": "ter"
      }
    },
    {
      "type": "Feature",
      "geometry": {
        "type": "Point",
        "coordinates": [
          2.3393127,
          50.3791034
        ]
      },
      "properties": {
        "operateur": "SNCF Gares & Connexions",
        "name": "Saint-Pol-sur-Ternoise",
        "official_name": "Saint-Pol-sur-Ternoise",
        "type": "ter"
      }
    },
    {
      "type": "Feature",
      "geometry": {
        "type": "Point",
        "coordinates": [
          2.4320337,
          48.789033
        ]
      },
      "properties": {
        "operateur": "SNCF Gares & Connexions",
        "name": "Le Vert de Maisons",
        "official_name": "Le Vert de Maisons",
        "type": "ter"
      }
    },
    {
      "type": "Feature",
      "geometry": {
        "type": "Point",
        "coordinates": [
          2.2751737,
          48.856567
        ]
      },
      "properties": {
        "operateur": "SNCF Gares & Connexions",
        "name": "Boulainvilliers",
        "official_name": "Boulainvilliers",
        "type": "ter"
      }
    },
    {
      "type": "Feature",
      "geometry": {
        "type": "Point",
        "coordinates": [
          -3.2858029,
          47.7991635
        ]
      },
      "properties": {
        "operateur": "",
        "name": "Hennebont",
        "official_name": "Hennebont",
        "type": "ter"
      }
    },
    {
      "type": "Feature",
      "geometry": {
        "type": "Point",
        "coordinates": [
          2.0768413,
          48.868141
        ]
      },
      "properties": {
        "operateur": "SNCF Gares & Connexions",
        "name": "L'Étang-la-Ville",
        "official_name": "L'Etang la Ville",
        "type": "ter"
      }
    },
    {
      "type": "Feature",
      "geometry": {
        "type": "Point",
        "coordinates": [
          2.7715749,
          50.2106235
        ]
      },
      "properties": {
        "operateur": "SNCF Gares & Connexions",
        "name": "Boisleux",
        "official_name": "Boisleux",
        "type": "ter"
      }
    },
    {
      "type": "Feature",
      "geometry": {
        "type": "Point",
        "coordinates": [
          4.6065869,
          45.524372
        ]
      },
      "properties": {
        "operateur": "SNCF Gares & Connexions",
        "name": "Rive-de-Gier",
        "official_name": "Rive-de-Gier",
        "type": "ter"
      }
    },
    {
      "type": "Feature",
      "geometry": {
        "type": "Point",
        "coordinates": [
          4.8322476,
          45.68951
        ]
      },
      "properties": {
        "operateur": "SNCF Gares & Connexions",
        "name": "Irigny-Yvours",
        "official_name": "Irigny Yvours",
        "type": "ter"
      }
    },
    {
      "type": "Feature",
      "geometry": {
        "type": "Point",
        "coordinates": [
          0.8255735,
          44.1268099
        ]
      },
      "properties": {
        "operateur": "SNCF Gares & Connexions",
        "name": "Lamagistère",
        "official_name": "Lamagistère",
        "type": "ter"
      }
    },
    {
      "type": "Feature",
      "geometry": {
        "type": "Point",
        "coordinates": [
          1.9054788,
          49.2206998
        ]
      },
      "properties": {
        "operateur": "SNCF Gares & Connexions",
        "name": "Liancourt-Saint-Pierre",
        "official_name": "Liancourt-Saint-Pierre",
        "type": "ter"
      }
    },
    {
      "type": "Feature",
      "geometry": {
        "type": "Point",
        "coordinates": [
          1.9206561,
          49.2025321
        ]
      },
      "properties": {
        "operateur": "SNCF Gares & Connexions",
        "name": "Lavilletertre",
        "official_name": "Lavilletertre",
        "type": "ter"
      }
    },
    {
      "type": "Feature",
      "geometry": {
        "type": "Point",
        "coordinates": [
          1.8180509,
          49.2827145
        ]
      },
      "properties": {
        "operateur": "SNCF Gares & Connexions",
        "name": "Trie-Château",
        "official_name": "Trie-Château",
        "type": "ter"
      }
    },
    {
      "type": "Feature",
      "geometry": {
        "type": "Point",
        "coordinates": [
          1.8726888,
          49.261222
        ]
      },
      "properties": {
        "operateur": "SNCF Gares & Connexions",
        "name": "Chaumont-en-Vexin",
        "official_name": "Chaumont-en-Vexin",
        "type": "ter"
      }
    },
    {
      "type": "Feature",
      "geometry": {
        "type": "Point",
        "coordinates": [
          3.0990159,
          50.6420823
        ]
      },
      "properties": {
        "operateur": "Keolis Lille Métropole",
        "name": "Mons Sarts",
        "type": "ter"
      }
    },
    {
      "type": "Feature",
      "geometry": {
        "type": "Point",
        "coordinates": [
          3.0253521,
          48.9591658
        ]
      },
      "properties": {
        "operateur": "SNCF Gares & Connexions",
        "name": "Changis - Saint-Jean",
        "official_name": "Changis - Saint-Jean",
        "type": "ter"
      }
    },
    {
      "type": "Feature",
      "geometry": {
        "type": "Point",
        "coordinates": [
          3.4093438,
          49.0379102
        ]
      },
      "properties": {
        "operateur": "SNCF Gares & Connexions",
        "name": "Château-Thierry",
        "official_name": "Château-Thierry",
        "type": "ter"
      }
    },
    {
      "type": "Feature",
      "geometry": {
        "type": "Point",
        "coordinates": [
          3.3644772,
          48.9918997
        ]
      },
      "properties": {
        "operateur": "SNCF Gares & Connexions",
        "name": "Chézy-sur-Marne",
        "official_name": "Chézy-sur-Marne",
        "type": "ter"
      }
    },
    {
      "type": "Feature",
      "geometry": {
        "type": "Point",
        "coordinates": [
          2.9742955,
          50.6521156
        ]
      },
      "properties": {
        "operateur": "Keolis Lille Métropole",
        "name": "Saint-Philibert",
        "type": "ter"
      }
    },
    {
      "type": "Feature",
      "geometry": {
        "type": "Point",
        "coordinates": [
          4.8705529,
          46.3914733
        ]
      },
      "properties": {
        "operateur": "SNCF Gares & Connexions",
        "name": "Senozan",
        "official_name": "Senozan",
        "type": "ter"
      }
    },
    {
      "type": "Feature",
      "geometry": {
        "type": "Point",
        "coordinates": [
          4.9917298,
          46.2272658
        ]
      },
      "properties": {
        "operateur": "SNCF Gares & Connexions",
        "name": "Vonnas",
        "official_name": "Vonnas",
        "type": "ter"
      }
    },
    {
      "type": "Feature",
      "geometry": {
        "type": "Point",
        "coordinates": [
          3.5798029,
          47.8508043
        ]
      },
      "properties": {
        "operateur": "SNCF Gares & Connexions",
        "name": "Monéteau-Gurgy",
        "official_name": "Monéteau - Gurgy",
        "type": "ter"
      }
    },
    {
      "type": "Feature",
      "geometry": {
        "type": "Point",
        "coordinates": [
          5.3973924,
          46.1942052
        ]
      },
      "properties": {
        "operateur": "SNCF Gares & Connexions",
        "name": "Villereversure",
        "official_name": "Villereversure",
        "type": "ter"
      }
    },
    {
      "type": "Feature",
      "geometry": {
        "type": "Point",
        "coordinates": [
          5.3258063,
          46.1834373
        ]
      },
      "properties": {
        "operateur": "SNCF Gares & Connexions",
        "name": "Ceyzériat",
        "official_name": "Ceyzériat",
        "type": "ter"
      }
    },
    {
      "type": "Feature",
      "geometry": {
        "type": "Point",
        "coordinates": [
          5.5585178,
          46.1757489
        ]
      },
      "properties": {
        "operateur": "SNCF Gares & Connexions",
        "name": "Brion - Montréal-la-Cluse",
        "official_name": "Brion - Montréal-la-Cluse",
        "type": "ter"
      }
    },
    {
      "type": "Feature",
      "geometry": {
        "type": "Point",
        "coordinates": [
          5.4539911,
          46.213436
        ]
      },
      "properties": {
        "operateur": "SNCF Gares & Connexions",
        "name": "Cize - Bolozon",
        "official_name": "Cize - Bolozon",
        "type": "ter"
      }
    },
    {
      "type": "Feature",
      "geometry": {
        "type": "Point",
        "coordinates": [
          5.4211179,
          46.2203047
        ]
      },
      "properties": {
        "operateur": "SNCF Gares & Connexions",
        "name": "Simandre-sur-Suran",
        "official_name": "Simandre-sur-Suran",
        "type": "ter"
      }
    },
    {
      "type": "Feature",
      "geometry": {
        "type": "Point",
        "coordinates": [
          -1.0164955,
          45.6259067
        ]
      },
      "properties": {
        "operateur": "SNCF Gares & Connexions",
        "name": "Royan",
        "official_name": "Royan",
        "type": "ter"
      }
    },
    {
      "type": "Feature",
      "geometry": {
        "type": "Point",
        "coordinates": [
          -0.930052,
          45.6664895
        ]
      },
      "properties": {
        "operateur": "SNCF Gares & Connexions",
        "name": "Saujon",
        "official_name": "Saujon",
        "type": "ter"
      }
    },
    {
      "type": "Feature",
      "geometry": {
        "type": "Point",
        "coordinates": [
          -0.6173781,
          45.7489138
        ]
      },
      "properties": {
        "operateur": "SNCF Gares & Connexions",
        "name": "Saintes",
        "official_name": "Saintes",
        "type": "ter"
      }
    },
    {
      "type": "Feature",
      "geometry": {
        "type": "Point",
        "coordinates": [
          -0.526514,
          45.7007821
        ]
      },
      "properties": {
        "operateur": "SNCF Gares & Connexions",
        "name": "Beillant",
        "official_name": "Beillant",
        "type": "ter"
      }
    },
    {
      "type": "Feature",
      "geometry": {
        "type": "Point",
        "coordinates": [
          -0.3260667,
          45.6845573
        ]
      },
      "properties": {
        "operateur": "SNCF Gares & Connexions",
        "name": "Cognac",
        "official_name": "Cognac",
        "type": "ter"
      }
    },
    {
      "type": "Feature",
      "geometry": {
        "type": "Point",
        "coordinates": [
          -0.1769735,
          45.6708782
        ]
      },
      "properties": {
        "operateur": "SNCF Gares & Connexions",
        "name": "Jarnac-Charente",
        "official_name": "Jarnac",
        "type": "ter"
      }
    },
    {
      "type": "Feature",
      "geometry": {
        "type": "Point",
        "coordinates": [
          -0.0500892,
          45.59992
        ]
      },
      "properties": {
        "operateur": "SNCF Gares & Connexions",
        "name": "Châteauneuf-sur-Charente",
        "official_name": "Châteauneuf-sur-Charente",
        "type": "ter"
      }
    },
    {
      "type": "Feature",
      "geometry": {
        "type": "Point",
        "coordinates": [
          4.378239,
          45.4371102
        ]
      },
      "properties": {
        "operateur": "SNCF Gares & Connexions",
        "name": "Saint-Étienne-le-Clapier",
        "official_name": "Saint-Étienne Le Clapier",
        "type": "ter"
      }
    },
    {
      "type": "Feature",
      "geometry": {
        "type": "Point",
        "coordinates": [
          4.7718577,
          45.7523162
        ]
      },
      "properties": {
        "operateur": "SNCF",
        "name": "Alaï",
        "official_name": "Alaï",
        "type": "ter"
      }
    },
    {
      "type": "Feature",
      "geometry": {
        "type": "Point",
        "coordinates": [
          5.7198804,
          45.1527873
        ]
      },
      "properties": {
        "operateur": "SNCF Gares & Connexions",
        "name": "Échirolles",
        "official_name": "Échirolles",
        "type": "ter"
      }
    },
    {
      "type": "Feature",
      "geometry": {
        "type": "Point",
        "coordinates": [
          -0.8145875,
          46.7524287
        ]
      },
      "properties": {
        "operateur": "SNCF",
        "name": "Pouzauges",
        "official_name": "Pouzauges",
        "type": "ter"
      }
    },
    {
      "type": "Feature",
      "geometry": {
        "type": "Point",
        "coordinates": [
          0.7237876,
          47.3856704
        ]
      },
      "properties": {
        "operateur": "SNCF Gares & Connexions",
        "name": "Saint-Pierre-des-Corps",
        "official_name": "Saint-Pierre-des-Corps",
        "type": "ter"
      }
    },
    {
      "type": "Feature",
      "geometry": {
        "type": "Point",
        "coordinates": [
          0.8172711,
          47.3915567
        ]
      },
      "properties": {
        "operateur": "SNCF Gares & Connexions",
        "name": "Montlouis",
        "official_name": "Montlouis",
        "type": "ter"
      }
    },
    {
      "type": "Feature",
      "geometry": {
        "type": "Point",
        "coordinates": [
          0.8962749,
          47.4097448
        ]
      },
      "properties": {
        "operateur": "SNCF Gares & Connexions",
        "name": "Noizay",
        "official_name": "Noizay",
        "type": "ter"
      }
    },
    {
      "type": "Feature",
      "geometry": {
        "type": "Point",
        "coordinates": [
          0.9808456,
          47.4214344
        ]
      },
      "properties": {
        "operateur": "SNCF Gares & Connexions",
        "name": "Amboise",
        "official_name": "Amboise",
        "type": "ter"
      }
    },
    {
      "type": "Feature",
      "geometry": {
        "type": "Point",
        "coordinates": [
          1.0499561,
          47.4502238
        ]
      },
      "properties": {
        "operateur": "SNCF Gares & Connexions",
        "name": "Limeray",
        "official_name": "Limeray",
        "type": "ter"
      }
    },
    {
      "type": "Feature",
      "geometry": {
        "type": "Point",
        "coordinates": [
          1.1238013,
          47.4756806
        ]
      },
      "properties": {
        "operateur": "SNCF Gares & Connexions",
        "name": "Veuves - Monteaux",
        "official_name": "Veuves - Monteaux",
        "type": "ter"
      }
    },
    {
      "type": "Feature",
      "geometry": {
        "type": "Point",
        "coordinates": [
          1.1860812,
          47.4918812
        ]
      },
      "properties": {
        "operateur": "SNCF Gares & Connexions",
        "name": "Onzain - Chaumont-sur-Loire",
        "official_name": "Onzain - Chaumont-sur-Loire",
        "type": "ter"
      }
    },
    {
      "type": "Feature",
      "geometry": {
        "type": "Point",
        "coordinates": [
          1.2478068,
          47.5203396
        ]
      },
      "properties": {
        "operateur": "SNCF Gares & Connexions",
        "name": "Chouzy",
        "official_name": "Chouzy",
        "type": "ter"
      }
    },
    {
      "type": "Feature",
      "geometry": {
        "type": "Point",
        "coordinates": [
          1.3543982,
          47.6131837
        ]
      },
      "properties": {
        "operateur": "SNCF Gares & Connexions",
        "name": "La Chaussée-Saint-Victor",
        "official_name": "La Chaussée-Saint-Victor",
        "type": "ter"
      }
    },
    {
      "type": "Feature",
      "geometry": {
        "type": "Point",
        "coordinates": [
          1.4056438,
          47.6450483
        ]
      },
      "properties": {
        "operateur": "SNCF Gares & Connexions",
        "name": "Menars",
        "official_name": "Menars",
        "type": "ter"
      }
    },
    {
      "type": "Feature",
      "geometry": {
        "type": "Point",
        "coordinates": [
          1.4549355,
          47.6808695
        ]
      },
      "properties": {
        "operateur": "SNCF Gares & Connexions",
        "name": "Suèvres",
        "official_name": "Suèvres",
        "type": "ter"
      }
    },
    {
      "type": "Feature",
      "geometry": {
        "type": "Point",
        "coordinates": [
          1.7498131,
          47.8630875
        ]
      },
      "properties": {
        "operateur": "SNCF Gares & Connexions",
        "name": "Saint-Ay",
        "official_name": "Saint-Ay",
        "type": "ter"
      }
    },
    {
      "type": "Feature",
      "geometry": {
        "type": "Point",
        "coordinates": [
          1.7823996,
          47.8770798
        ]
      },
      "properties": {
        "operateur": "SNCF Gares & Connexions",
        "name": "Chaingy-Fourneaux-Plage",
        "official_name": "Chaingy Fourneaux Plage",
        "type": "ter"
      }
    },
    {
      "type": "Feature",
      "geometry": {
        "type": "Point",
        "coordinates": [
          1.6919085,
          47.829933
        ]
      },
      "properties": {
        "operateur": "SNCF Gares & Connexions",
        "name": "Meung-sur-Loire",
        "official_name": "Meung-sur-Loire",
        "type": "ter"
      }
    },
    {
      "type": "Feature",
      "geometry": {
        "type": "Point",
        "coordinates": [
          1.8271724,
          47.8930767
        ]
      },
      "properties": {
        "operateur": "SNCF Gares & Connexions",
        "name": "La Chapelle Saint-Mesmin",
        "official_name": "La Chapelle-Saint-Mesmin",
        "type": "ter"
      }
    },
    {
      "type": "Feature",
      "geometry": {
        "type": "Point",
        "coordinates": [
          1.9046608,
          47.9077953
        ]
      },
      "properties": {
        "operateur": "SNCF Gares & Connexions",
        "name": "Orléans",
        "official_name": "Orléans",
        "type": "ter"
      }
    },
    {
      "type": "Feature",
      "geometry": {
        "type": "Point",
        "coordinates": [
          2.3517783,
          43.2182119
        ]
      },
      "properties": {
        "operateur": "SNCF Gares & Connexions",
        "name": "Carcassonne",
        "official_name": "Carcassonne",
        "type": "ter"
      }
    },
    {
      "type": "Feature",
      "geometry": {
        "type": "Point",
        "coordinates": [
          2.6789401,
          48.5103464
        ]
      },
      "properties": {
        "operateur": "SNCF Gares & Connexions",
        "name": "Livry-sur-Seine",
        "official_name": "Livry-sur-Seine",
        "type": "ter"
      }
    },
    {
      "type": "Feature",
      "geometry": {
        "type": "Point",
        "coordinates": [
          2.6950521,
          48.4870605
        ]
      },
      "properties": {
        "operateur": "SNCF Gares & Connexions",
        "name": "Chartrettes",
        "official_name": "Chartrettes",
        "type": "ter"
      }
    },
    {
      "type": "Feature",
      "geometry": {
        "type": "Point",
        "coordinates": [
          2.6924587,
          48.3326758
        ]
      },
      "properties": {
        "operateur": "SNCF Gares & Connexions",
        "name": "Bourron-Marlotte - Grez",
        "official_name": "Bourron-Marlotte - Grez",
        "type": "ter"
      }
    },
    {
      "type": "Feature",
      "geometry": {
        "type": "Point",
        "coordinates": [
          -0.6677333,
          46.8175541
        ]
      },
      "properties": {
        "operateur": "SNCF Voyageurs",
        "name": "Cerizay",
        "official_name": "Cerizay",
        "type": "ter"
      }
    },
    {
      "type": "Feature",
      "geometry": {
        "type": "Point",
        "coordinates": [
          1.8243769,
          50.1021473
        ]
      },
      "properties": {
        "operateur": "SNCF Gares & Connexions",
        "name": "Abbeville",
        "official_name": "Abbeville",
        "type": "ter"
      }
    },
    {
      "type": "Feature",
      "geometry": {
        "type": "Point",
        "coordinates": [
          1.7339663,
          46.1367108
        ]
      },
      "properties": {
        "operateur": "SNCF",
        "name": "Montaigut (Creuse)",
        "official_name": "Montaigut-le-Blanc",
        "type": "ter"
      }
    },
    {
      "type": "Feature",
      "geometry": {
        "type": "Point",
        "coordinates": [
          3.1512449,
          50.6868931
        ]
      },
      "properties": {
        "operateur": "SNCF Gares & Connexions",
        "name": "Croix l'Allumette",
        "official_name": "Croix - L'Allumette",
        "type": "ter"
      }
    },
    {
      "type": "Feature",
      "geometry": {
        "type": "Point",
        "coordinates": [
          1.2644765,
          43.9241428
        ]
      },
      "properties": {
        "operateur": "SNCF Gares & Connexions",
        "name": "Montbartier",
        "official_name": "Montbartier",
        "type": "ter"
      }
    },
    {
      "type": "Feature",
      "geometry": {
        "type": "Point",
        "coordinates": [
          6.6365133,
          45.935849
        ]
      },
      "properties": {
        "operateur": "SNCF Gares & Connexions",
        "name": "Sallanches - Combloux - Megeve",
        "official_name": "Sallanches - Combloux - Megève",
        "type": "ter"
      }
    },
    {
      "type": "Feature",
      "geometry": {
        "type": "Point",
        "coordinates": [
          6.7014569,
          45.9065724
        ]
      },
      "properties": {
        "operateur": "SNCF Gares & Connexions",
        "name": "Saint-Gervais-les-Bains - Le Fayet",
        "official_name": "Saint-Gervais-les-Bains Le Fayet",
        "type": "ter"
      }
    },
    {
      "type": "Feature",
      "geometry": {
        "type": "Point",
        "coordinates": [
          6.3661954,
          46.2700199
        ]
      },
      "properties": {
        "operateur": "SNCF Gares & Connexions",
        "name": "Bons-en-Chablais",
        "official_name": "Bons-en-Chablais",
        "type": "ter"
      }
    },
    {
      "type": "Feature",
      "geometry": {
        "type": "Point",
        "coordinates": [
          6.4815697,
          46.3689635
        ]
      },
      "properties": {
        "operateur": "SNCF Gares & Connexions",
        "name": "Thonon-les-Bains",
        "official_name": "Thonon-les-Bains",
        "type": "ter"
      }
    },
    {
      "type": "Feature",
      "geometry": {
        "type": "Point",
        "coordinates": [
          6.1234176,
          45.9395669
        ]
      },
      "properties": {
        "operateur": "SNCF Gares & Connexions",
        "name": "Pringy",
        "official_name": "Pringy (Haute-Savoie)",
        "type": "ter"
      }
    },
    {
      "type": "Feature",
      "geometry": {
        "type": "Point",
        "coordinates": [
          6.3038639,
          46.0675335
        ]
      },
      "properties": {
        "operateur": "SNCF Gares & Connexions",
        "name": "La Roche-sur-Foron",
        "official_name": "La Roche-sur-Foron",
        "type": "ter"
      }
    },
    {
      "type": "Feature",
      "geometry": {
        "type": "Point",
        "coordinates": [
          6.2674954,
          46.1255781
        ]
      },
      "properties": {
        "operateur": "SNCF Gares & Connexions",
        "name": "Reignier",
        "official_name": "Reignier",
        "type": "ter"
      }
    },
    {
      "type": "Feature",
      "geometry": {
        "type": "Point",
        "coordinates": [
          2.7816954,
          50.286641
        ]
      },
      "properties": {
        "operateur": "SNCF Gares & Connexions",
        "name": "Arras",
        "official_name": "Arras",
        "type": "ter"
      }
    },
    {
      "type": "Feature",
      "geometry": {
        "type": "Point",
        "coordinates": [
          7.2044584,
          43.7635671
        ]
      },
      "properties": {
        "operateur": "Régie Régionale des Transports",
        "name": "Colomars - La Manda",
        "type": "ter"
      }
    },
    {
      "type": "Feature",
      "geometry": {
        "type": "Point",
        "coordinates": [
          5.8313668,
          45.9630561
        ]
      },
      "properties": {
        "operateur": "",
        "name": "Seyssel - Corbonod",
        "official_name": "Seyssel - Corbonod",
        "type": "ter"
      }
    },
    {
      "type": "Feature",
      "geometry": {
        "type": "Point",
        "coordinates": [
          4.6822507,
          45.8539781
        ]
      },
      "properties": {
        "operateur": "SNCF Gares & Connexions",
        "name": "Lozanne",
        "official_name": "Lozanne",
        "type": "ter"
      }
    },
    {
      "type": "Feature",
      "geometry": {
        "type": "Point",
        "coordinates": [
          4.7586206,
          45.7617013
        ]
      },
      "properties": {
        "operateur": "",
        "name": "Tassin",
        "official_name": "Tassin",
        "type": "ter"
      }
    },
    {
      "type": "Feature",
      "geometry": {
        "type": "Point",
        "coordinates": [
          4.2700401,
          43.6951124
        ]
      },
      "properties": {
        "operateur": "SNCF Gares & Connexions",
        "name": "Vauvert",
        "official_name": "Vauvert",
        "type": "ter"
      }
    },
    {
      "type": "Feature",
      "geometry": {
        "type": "Point",
        "coordinates": [
          4.6471462,
          43.8022132
        ]
      },
      "properties": {
        "operateur": "SNCF Gares & Connexions",
        "name": "Beaucaire",
        "official_name": "Beaucaire",
        "type": "ter"
      }
    },
    {
      "type": "Feature",
      "geometry": {
        "type": "Point",
        "coordinates": [
          4.2148046,
          43.9501803
        ]
      },
      "properties": {
        "operateur": "",
        "name": "Saint-Geniès-de-Malgoirès",
        "official_name": "Saint-Geniès-de-Malgoirès",
        "type": "ter"
      }
    },
    {
      "type": "Feature",
      "geometry": {
        "type": "Point",
        "coordinates": [
          4.1403485,
          43.5370128
        ]
      },
      "properties": {
        "operateur": "SNCF Voyageurs",
        "name": "Le Grau-du-Roi",
        "official_name": "Le Grau-du-Roi",
        "type": "ter"
      }
    },
    {
      "type": "Feature",
      "geometry": {
        "type": "Point",
        "coordinates": [
          3.1981096,
          46.0148696
        ]
      },
      "properties": {
        "operateur": "SNCF Gares & Connexions",
        "name": "Aigueperse",
        "official_name": "Aigueperse",
        "type": "ter"
      }
    },
    {
      "type": "Feature",
      "geometry": {
        "type": "Point",
        "coordinates": [
          -1.609194,
          43.425468
        ]
      },
      "properties": {
        "operateur": "SNCF Gares & Connexions",
        "name": "Guéthary",
        "official_name": "Guéthary",
        "type": "ter"
      }
    },
    {
      "type": "Feature",
      "geometry": {
        "type": "Point",
        "coordinates": [
          1.8442422,
          44.9275487
        ]
      },
      "properties": {
        "operateur": "SNCF Gares & Connexions",
        "name": "Bretenoux - Biars",
        "official_name": "Bretenoux - Biars",
        "type": "ter"
      }
    },
    {
      "type": "Feature",
      "geometry": {
        "type": "Point",
        "coordinates": [
          1.9044856,
          42.4590369
        ]
      },
      "properties": {
        "operateur": "SNCF Réseau",
        "name": "Latour-de-Carol - Enveitg",
        "official_name": "Latour-de-Carol - Enveitg",
        "type": "ter"
      }
    },
    {
      "type": "Feature",
      "geometry": {
        "type": "Point",
        "coordinates": [
          -1.6924045,
          49.3374458
        ]
      },
      "properties": {
        "operateur": "Train Touristique du Cotentin",
        "name": "Portbail",
        "type": "ter"
      }
    },
    {
      "type": "Feature",
      "geometry": {
        "type": "Point",
        "coordinates": [
          -1.7568367,
          49.3762649
        ]
      },
      "properties": {
        "operateur": "Train Touristique du Cotentin",
        "name": "Barneville",
        "type": "ter"
      }
    },
    {
      "type": "Feature",
      "geometry": {
        "type": "Point",
        "coordinates": [
          2.8339885,
          50.4071645
        ]
      },
      "properties": {
        "operateur": "SNCF Gares & Connexions",
        "name": "Avion",
        "official_name": "Avion",
        "type": "ter"
      }
    },
    {
      "type": "Feature",
      "geometry": {
        "type": "Point",
        "coordinates": [
          2.5107521,
          50.6813149
        ]
      },
      "properties": {
        "operateur": "SNCF Gares & Connexions",
        "name": "Steenbecque",
        "official_name": "Steenbecque",
        "type": "ter"
      }
    },
    {
      "type": "Feature",
      "geometry": {
        "type": "Point",
        "coordinates": [
          4.7952841,
          45.3716447
        ]
      },
      "properties": {
        "operateur": "SNCF Gares & Connexions",
        "name": "Péage-de-Roussillon",
        "official_name": "Le Péage-de-Roussillon",
        "type": "ter"
      }
    },
    {
      "type": "Feature",
      "geometry": {
        "type": "Point",
        "coordinates": [
          4.8727744,
          45.5195601
        ]
      },
      "properties": {
        "operateur": "SNCF Gares & Connexions",
        "name": "Vienne",
        "official_name": "Vienne",
        "type": "ter"
      }
    },
    {
      "type": "Feature",
      "geometry": {
        "type": "Point",
        "coordinates": [
          4.796197,
          45.6072001
        ]
      },
      "properties": {
        "operateur": "SNCF Gares & Connexions",
        "name": "Grigny Le Sablon",
        "official_name": "Grigny Le Sablon",
        "type": "ter"
      }
    },
    {
      "type": "Feature",
      "geometry": {
        "type": "Point",
        "coordinates": [
          5.3794819,
          49.1654599
        ]
      },
      "properties": {
        "operateur": "SNCF Gares & Connexions",
        "name": "Verdun",
        "official_name": "Verdun",
        "type": "ter"
      }
    },
    {
      "type": "Feature",
      "geometry": {
        "type": "Point",
        "coordinates": [
          -61.0096614,
          14.7749826
        ]
      },
      "properties": {
        "operateur": "",
        "name": "Le Train des Plantations",
        "type": "ter"
      }
    },
    {
      "type": "Feature",
      "geometry": {
        "type": "Point",
        "coordinates": [
          7.2641033,
          47.6548769
        ]
      },
      "properties": {
        "operateur": "SNCF Gares & Connexions",
        "name": "Tagolsheim",
        "official_name": "Tagolsheim",
        "type": "ter"
      }
    },
    {
      "type": "Feature",
      "geometry": {
        "type": "Point",
        "coordinates": [
          -0.3420814,
          47.841825
        ]
      },
      "properties": {
        "operateur": "SNCF Gares & Connexions",
        "name": "Sablé-sur-Sarthe",
        "official_name": "Sablé-sur-Sarthe",
        "type": "ter"
      }
    },
    {
      "type": "Feature",
      "geometry": {
        "type": "Point",
        "coordinates": [
          6.4825112,
          43.4556558
        ]
      },
      "properties": {
        "operateur": "SNCF Gares & Connexions",
        "name": "Les Arcs - Draguignan",
        "official_name": "Les Arcs - Draguignan",
        "type": "ter"
      }
    },
    {
      "type": "Feature",
      "geometry": {
        "type": "Point",
        "coordinates": [
          1.8114399,
          50.9019122
        ]
      },
      "properties": {
        "operateur": "SNCF Gares & Connexions",
        "name": "Calais - Fréthun",
        "official_name": "Calais - Fréthun",
        "type": "ter"
      }
    },
    {
      "type": "Feature",
      "geometry": {
        "type": "Point",
        "coordinates": [
          7.4063103,
          47.7488047
        ]
      },
      "properties": {
        "operateur": "SNCF Gares & Connexions",
        "name": "Rixheim",
        "official_name": "Rixheim",
        "type": "ter"
      }
    },
    {
      "type": "Feature",
      "geometry": {
        "type": "Point",
        "coordinates": [
          7.4182407,
          47.7377003
        ]
      },
      "properties": {
        "operateur": "SNCF Gares & Connexions",
        "name": "Habsheim",
        "official_name": "Habsheim",
        "type": "ter"
      }
    },
    {
      "type": "Feature",
      "geometry": {
        "type": "Point",
        "coordinates": [
          7.2944493,
          47.6944456
        ]
      },
      "properties": {
        "operateur": "SNCF Gares & Connexions",
        "name": "Zillisheim",
        "official_name": "Zillisheim",
        "type": "ter"
      }
    },
    {
      "type": "Feature",
      "geometry": {
        "type": "Point",
        "coordinates": [
          7.2633078,
          47.6416115
        ]
      },
      "properties": {
        "operateur": "SNCF Gares & Connexions",
        "name": "Walheim",
        "official_name": "Walheim",
        "type": "ter"
      }
    },
    {
      "type": "Feature",
      "geometry": {
        "type": "Point",
        "coordinates": [
          7.3046378,
          47.6987696
        ]
      },
      "properties": {
        "operateur": "SNCF Gares & Connexions",
        "name": "Flaxlanden",
        "official_name": "Flaxlanden",
        "type": "ter"
      }
    },
    {
      "type": "Feature",
      "geometry": {
        "type": "Point",
        "coordinates": [
          7.2685146,
          47.6763894
        ]
      },
      "properties": {
        "operateur": "SNCF Gares & Connexions",
        "name": "Illfurth",
        "official_name": "Illfurth",
        "type": "ter"
      }
    },
    {
      "type": "Feature",
      "geometry": {
        "type": "Point",
        "coordinates": [
          7.1248665,
          47.6277309
        ]
      },
      "properties": {
        "operateur": "SNCF Gares & Connexions",
        "name": "Dannemarie",
        "official_name": "Dannemarie",
        "type": "ter"
      }
    },
    {
      "type": "Feature",
      "geometry": {
        "type": "Point",
        "coordinates": [
          1.7877661,
          43.3638768
        ]
      },
      "properties": {
        "operateur": "SNCF Gares & Connexions",
        "name": "Avignonet",
        "official_name": "Avignonet",
        "type": "ter"
      }
    },
    {
      "type": "Feature",
      "geometry": {
        "type": "Point",
        "coordinates": [
          -1.5415303,
          47.3086005
        ]
      },
      "properties": {
        "operateur": "SNCF Gares & Connexions",
        "name": "La Chapelle - Aulnay",
        "official_name": "La Chapelle Aulnay",
        "type": "ter"
      }
    },
    {
      "type": "Feature",
      "geometry": {
        "type": "Point",
        "coordinates": [
          5.1506772,
          45.6275088
        ]
      },
      "properties": {
        "operateur": "SNCF Gares & Connexions",
        "name": "La Verpillière",
        "official_name": "La Verpillière",
        "type": "ter"
      }
    },
    {
      "type": "Feature",
      "geometry": {
        "type": "Point",
        "coordinates": [
          3.0056203,
          43.1906285
        ]
      },
      "properties": {
        "operateur": "SNCF Gares & Connexions",
        "name": "Narbonne",
        "official_name": "Narbonne",
        "type": "ter"
      }
    },
    {
      "type": "Feature",
      "geometry": {
        "type": "Point",
        "coordinates": [
          7.148427,
          43.6577275
        ]
      },
      "properties": {
        "operateur": "SNCF Gares & Connexions",
        "name": "Cagnes-sur-Mer",
        "official_name": "Cagnes-sur-Mer",
        "type": "ter"
      }
    },
    {
      "type": "Feature",
      "geometry": {
        "type": "Point",
        "coordinates": [
          3.9239637,
          43.595115
        ]
      },
      "properties": {
        "operateur": "SNCF Gares & Connexions",
        "name": "Montpellier-Sud-de-France",
        "official_name": "Montpellier Sud de France",
        "type": "ter"
      }
    },
    {
      "type": "Feature",
      "geometry": {
        "type": "Point",
        "coordinates": [
          2.6744171,
          50.4831087
        ]
      },
      "properties": {
        "operateur": "SNCF Gares & Connexions",
        "name": "Nœux-les-Mines",
        "official_name": "Nœux-les-Mines",
        "type": "ter"
      }
    },
    {
      "type": "Feature",
      "geometry": {
        "type": "Point",
        "coordinates": [
          7.566166,
          48.5454601
        ]
      },
      "properties": {
        "operateur": "SNCF Gares & Connexions",
        "name": "Duttlenheim",
        "official_name": "Duttlenheim",
        "type": "ter"
      }
    },
    {
      "type": "Feature",
      "geometry": {
        "type": "Point",
        "coordinates": [
          2.3120588,
          51.0023618
        ]
      },
      "properties": {
        "operateur": "SNCF Gares & Connexions",
        "name": "Grande-Synthe",
        "official_name": "Grande-Synthe",
        "type": "ter"
      }
    },
    {
      "type": "Feature",
      "geometry": {
        "type": "Point",
        "coordinates": [
          1.8988184,
          50.9454645
        ]
      },
      "properties": {
        "operateur": "SNCF Gares & Connexions",
        "name": "Beau Marais",
        "official_name": "Beau Marais",
        "type": "ter"
      }
    },
    {
      "type": "Feature",
      "geometry": {
        "type": "Point",
        "coordinates": [
          6.9819677,
          43.5510653
        ]
      },
      "properties": {
        "operateur": "SNCF Gares & Connexions",
        "name": "Le Bosquet",
        "official_name": "Le Bosquet",
        "type": "ter"
      }
    },
    {
      "type": "Feature",
      "geometry": {
        "type": "Point",
        "coordinates": [
          2.4758023,
          49.7769548
        ]
      },
      "properties": {
        "operateur": "SNCF Gares & Connexions",
        "name": "Moreuil",
        "official_name": "Moreuil",
        "type": "ter"
      }
    },
    {
      "type": "Feature",
      "geometry": {
        "type": "Point",
        "coordinates": [
          1.6101361,
          50.7155422
        ]
      },
      "properties": {
        "operateur": "SNCF Gares & Connexions",
        "name": "Boulogne Ville",
        "official_name": "Boulogne sur Mer",
        "type": "ter"
      }
    },
    {
      "type": "Feature",
      "geometry": {
        "type": "Point",
        "coordinates": [
          7.7795843,
          48.703055
        ]
      },
      "properties": {
        "operateur": "SNCF Gares & Connexions",
        "name": "Hoerdt",
        "official_name": "Hœrdt",
        "type": "ter"
      }
    },
    {
      "type": "Feature",
      "geometry": {
        "type": "Point",
        "coordinates": [
          0.0418587,
          46.4188842
        ]
      },
      "properties": {
        "operateur": "SNCF Gares & Connexions",
        "name": "Rouillé",
        "official_name": "Rouillé",
        "type": "ter"
      }
    },
    {
      "type": "Feature",
      "geometry": {
        "type": "Point",
        "coordinates": [
          -0.0519222,
          46.3996501
        ]
      },
      "properties": {
        "operateur": "SNCF Gares & Connexions",
        "name": "Pamproux",
        "official_name": "Pamproux",
        "type": "ter"
      }
    },
    {
      "type": "Feature",
      "geometry": {
        "type": "Point",
        "coordinates": [
          0.1165701,
          46.4356369
        ]
      },
      "properties": {
        "operateur": "SNCF Gares & Connexions",
        "name": "Lusignan",
        "official_name": "Lusignan",
        "type": "ter"
      }
    },
    {
      "type": "Feature",
      "geometry": {
        "type": "Point",
        "coordinates": [
          1.480857,
          48.4484362
        ]
      },
      "properties": {
        "operateur": "SNCF Gares & Connexions",
        "name": "Chartres",
        "official_name": "Chartres",
        "type": "ter"
      }
    },
    {
      "type": "Feature",
      "geometry": {
        "type": "Point",
        "coordinates": [
          3.1635328,
          47.0069381
        ]
      },
      "properties": {
        "operateur": "SNCF",
        "name": "Nevers-le-Banlay",
        "official_name": "Nevers Le Banlay",
        "type": "ter"
      }
    },
    {
      "type": "Feature",
      "geometry": {
        "type": "Point",
        "coordinates": [
          2.7879015,
          50.1694271
        ]
      },
      "properties": {
        "operateur": "SNCF Gares & Connexions",
        "name": "Courcelles-le-Comte",
        "official_name": "Courcelles-le-Comte",
        "type": "ter"
      }
    },
    {
      "type": "Feature",
      "geometry": {
        "type": "Point",
        "coordinates": [
          1.9397579,
          48.1930737
        ]
      },
      "properties": {
        "operateur": "SNCF Gares & Connexions",
        "name": "Toury",
        "official_name": "Toury",
        "type": "ter"
      }
    },
    {
      "type": "Feature",
      "geometry": {
        "type": "Point",
        "coordinates": [
          1.8793092,
          48.0266709
        ]
      },
      "properties": {
        "operateur": "SNCF Gares & Connexions",
        "name": "Chevilly",
        "official_name": "Chevilly",
        "type": "ter"
      }
    },
    {
      "type": "Feature",
      "geometry": {
        "type": "Point",
        "coordinates": [
          1.9730062,
          48.2565449
        ]
      },
      "properties": {
        "operateur": "SNCF Gares & Connexions",
        "name": "Boisseaux",
        "official_name": "Boisseaux",
        "type": "ter"
      }
    },
    {
      "type": "Feature",
      "geometry": {
        "type": "Point",
        "coordinates": [
          3.1342115,
          45.7670253
        ]
      },
      "properties": {
        "operateur": "SNCF",
        "name": "Clermont - La Pardieu",
        "official_name": "Clermont La Pardieu",
        "type": "ter"
      }
    },
    {
      "type": "Feature",
      "geometry": {
        "type": "Point",
        "coordinates": [
          3.0487061,
          45.794767
        ]
      },
      "properties": {
        "operateur": "SNCF",
        "name": "Durtol-Nohanent",
        "official_name": "Durtol - Nohanent",
        "type": "ter"
      }
    },
    {
      "type": "Feature",
      "geometry": {
        "type": "Point",
        "coordinates": [
          2.9319441,
          47.4139645
        ]
      },
      "properties": {
        "operateur": "SNCF Gares & Connexions",
        "name": "Cosne-sur-Loire",
        "official_name": "Cosne-sur-Loire",
        "type": "ter"
      }
    },
    {
      "type": "Feature",
      "geometry": {
        "type": "Point",
        "coordinates": [
          2.6443517,
          50.0057301
        ]
      },
      "properties": {
        "operateur": "SNCF Gares & Connexions",
        "name": "Albert",
        "official_name": "Albert",
        "type": "ter"
      }
    },
    {
      "type": "Feature",
      "geometry": {
        "type": "Point",
        "coordinates": [
          -1.0253133,
          48.1136067
        ]
      },
      "properties": {
        "operateur": "SNCF",
        "name": "Saint-Pierre-la-Cour",
        "official_name": "Saint-Pierre-la-Cour",
        "type": "ter"
      }
    },
    {
      "type": "Feature",
      "geometry": {
        "type": "Point",
        "coordinates": [
          7.0199539,
          43.554156
        ]
      },
      "properties": {
        "operateur": "SNCF Gares & Connexions",
        "name": "Cannes",
        "official_name": "Cannes",
        "type": "ter"
      }
    },
    {
      "type": "Feature",
      "geometry": {
        "type": "Point",
        "coordinates": [
          3.0128704,
          42.9327732
        ]
      },
      "properties": {
        "operateur": "SNCF Gares & Connexions",
        "name": "Leucate-La Franqui",
        "official_name": "Leucate La Franqui",
        "type": "ter"
      }
    },
    {
      "type": "Feature",
      "geometry": {
        "type": "Point",
        "coordinates": [
          -1.4703615,
          43.4970017
        ]
      },
      "properties": {
        "operateur": "SNCF Gares & Connexions",
        "name": "Bayonne",
        "official_name": "Bayonne",
        "type": "ter"
      }
    },
    {
      "type": "Feature",
      "geometry": {
        "type": "Point",
        "coordinates": [
          1.668303,
          47.8118542
        ]
      },
      "properties": {
        "operateur": "SNCF Gares & Connexions",
        "name": "Baule",
        "official_name": "Baule",
        "type": "ter"
      }
    },
    {
      "type": "Feature",
      "geometry": {
        "type": "Point",
        "coordinates": [
          2.2481297,
          42.94245
        ]
      },
      "properties": {
        "operateur": "SNCF Gares & Connexions",
        "name": "Couiza-Montazels",
        "official_name": "Couiza - Montazels",
        "type": "ter"
      }
    },
    {
      "type": "Feature",
      "geometry": {
        "type": "Point",
        "coordinates": [
          3.0141404,
          50.3362405
        ]
      },
      "properties": {
        "operateur": "SNCF Gares & Connexions",
        "name": "Brebières Sud",
        "official_name": "Brebières",
        "type": "ter"
      }
    },
    {
      "type": "Feature",
      "geometry": {
        "type": "Point",
        "coordinates": [
          3.9629284,
          43.6354474
        ]
      },
      "properties": {
        "operateur": "SNCF Gares & Connexions",
        "name": "Saint-Aunès",
        "official_name": "Saint-Aunès",
        "type": "ter"
      }
    },
    {
      "type": "Feature",
      "geometry": {
        "type": "Point",
        "coordinates": [
          6.7912553,
          48.4282982
        ]
      },
      "properties": {
        "operateur": "SNCF Gares & Connexions",
        "name": "Bertrichamps",
        "official_name": "Bertrichamps",
        "type": "ter"
      }
    },
    {
      "type": "Feature",
      "geometry": {
        "type": "Point",
        "coordinates": [
          6.3423367,
          47.1498566
        ]
      },
      "properties": {
        "operateur": "SNCF Gares & Connexions",
        "name": "Le Valdahon",
        "official_name": "Valdahon",
        "type": "ter"
      }
    },
    {
      "type": "Feature",
      "geometry": {
        "type": "Point",
        "coordinates": [
          0.7727712,
          49.0741765
        ]
      },
      "properties": {
        "operateur": "SNCF Gares & Connexions",
        "name": "Beaumont-le-Roger",
        "official_name": "Beaumont-le-Roger",
        "type": "ter"
      }
    },
    {
      "type": "Feature",
      "geometry": {
        "type": "Point",
        "coordinates": [
          2.1194279,
          43.2439953
        ]
      },
      "properties": {
        "operateur": "SNCF Gares & Connexions",
        "name": "Bram",
        "official_name": "Bram",
        "type": "ter"
      }
    },
    {
      "type": "Feature",
      "geometry": {
        "type": "Point",
        "coordinates": [
          6.8102554,
          48.4139644
        ]
      },
      "properties": {
        "operateur": "SNCF Gares & Connexions",
        "name": "Thiaville",
        "official_name": "Thiaville",
        "type": "ter"
      }
    },
    {
      "type": "Feature",
      "geometry": {
        "type": "Point",
        "coordinates": [
          0.7729692,
          45.1718418
        ]
      },
      "properties": {
        "operateur": "SNCF Gares & Connexions",
        "name": "Boulazac Isle Manoire",
        "official_name": "Boulazac",
        "type": "ter"
      }
    },
    {
      "type": "Feature",
      "geometry": {
        "type": "Point",
        "coordinates": [
          2.4952047,
          48.9321256
        ]
      },
      "properties": {
        "operateur": "SNCF Gares & Connexions",
        "name": "Aulnay-sous-Bois",
        "official_name": "Aulnay-sous-Bois",
        "type": "ter"
      }
    },
    {
      "type": "Feature",
      "geometry": {
        "type": "Point",
        "coordinates": [
          3.1470572,
          50.6228324
        ]
      },
      "properties": {
        "operateur": "SNCF Gares & Connexions",
        "name": "Annappes",
        "official_name": "Annappes",
        "type": "ter"
      }
    },
    {
      "type": "Feature",
      "geometry": {
        "type": "Point",
        "coordinates": [
          4.9993667,
          43.5810466
        ]
      },
      "properties": {
        "operateur": "SNCF Gares & Connexions",
        "name": "Miramas",
        "official_name": "Miramas",
        "type": "ter"
      }
    },
    {
      "type": "Feature",
      "geometry": {
        "type": "Point",
        "coordinates": [
          -0.6916578,
          47.3713233
        ]
      },
      "properties": {
        "operateur": "SNCF Gares & Connexions",
        "name": "La Possonnière",
        "official_name": "La Possonnière",
        "type": "ter"
      }
    },
    {
      "type": "Feature",
      "geometry": {
        "type": "Point",
        "coordinates": [
          0.1682161,
          44.5032021
        ]
      },
      "properties": {
        "operateur": "SNCF Gares & Connexions",
        "name": "Marmande",
        "official_name": "Marmande",
        "type": "ter"
      }
    },
    {
      "type": "Feature",
      "geometry": {
        "type": "Point",
        "coordinates": [
          2.4455185,
          49.324814
        ]
      },
      "properties": {
        "operateur": "SNCF Gares & Connexions",
        "name": "Liancourt - Rantigny",
        "official_name": "Liancourt - Rantigny",
        "type": "ter"
      }
    },
    {
      "type": "Feature",
      "geometry": {
        "type": "Point",
        "coordinates": [
          1.6432527,
          50.6235901
        ]
      },
      "properties": {
        "operateur": "SNCF Gares & Connexions",
        "name": "Neufchâtel-Hardelot",
        "official_name": "Neufchâtel-Hardelot",
        "type": "ter"
      }
    },
    {
      "type": "Feature",
      "geometry": {
        "type": "Point",
        "coordinates": [
          2.4492927,
          49.292639
        ]
      },
      "properties": {
        "operateur": "SNCF Gares & Connexions",
        "name": "Laigneville",
        "official_name": "Laigneville",
        "type": "ter"
      }
    },
    {
      "type": "Feature",
      "geometry": {
        "type": "Point",
        "coordinates": [
          1.4831349,
          45.0146511
        ]
      },
      "properties": {
        "operateur": "SNCF Gares & Connexions",
        "name": "Gignac-Cressensac (Lot)",
        "official_name": "Gignac - Cressensac",
        "type": "ter"
      }
    },
    {
      "type": "Feature",
      "geometry": {
        "type": "Point",
        "coordinates": [
          1.5705646,
          43.2395106
        ]
      },
      "properties": {
        "operateur": "SNCF Gares & Connexions",
        "name": "Saverdun",
        "official_name": "Saverdun",
        "type": "ter"
      }
    },
    {
      "type": "Feature",
      "geometry": {
        "type": "Point",
        "coordinates": [
          4.8325735,
          45.8749055
        ]
      },
      "properties": {
        "operateur": "SNCF Gares & Connexions",
        "name": "Gare Albigny - Neuville",
        "official_name": "Gare Albigny - Neuville",
        "type": "ter"
      }
    },
    {
      "type": "Feature",
      "geometry": {
        "type": "Point",
        "coordinates": [
          -0.2758914,
          47.3973706
        ]
      },
      "properties": {
        "operateur": "SNCF Gares & Connexions",
        "name": "La Ménitré",
        "official_name": "La Ménitré",
        "type": "ter"
      }
    },
    {
      "type": "Feature",
      "geometry": {
        "type": "Point",
        "coordinates": [
          1.3411846,
          44.0143078
        ]
      },
      "properties": {
        "operateur": "SNCF Gares & Connexions",
        "name": "Montauban Ville Bourbon",
        "official_name": "Montauban Ville Bourbon",
        "type": "ter"
      }
    },
    {
      "type": "Feature",
      "geometry": {
        "type": "Point",
        "coordinates": [
          5.158236,
          47.1705304
        ]
      },
      "properties": {
        "operateur": "SNCF Gares & Connexions",
        "name": "Aiserey",
        "official_name": "Aiserey",
        "type": "ter"
      }
    },
    {
      "type": "Feature",
      "geometry": {
        "type": "Point",
        "coordinates": [
          -1.4287316,
          43.5871745
        ]
      },
      "properties": {
        "operateur": "SNCF Gares & Connexions",
        "name": "Labenne - Capbreton",
        "official_name": "Labenne",
        "type": "ter"
      }
    },
    {
      "type": "Feature",
      "geometry": {
        "type": "Point",
        "coordinates": [
          1.3416175,
          43.7861011
        ]
      },
      "properties": {
        "operateur": "",
        "name": "Castelnau-d'Estrétefonds",
        "official_name": "Castelnau-d'Estrétefonds",
        "type": "ter"
      }
    },
    {
      "type": "Feature",
      "geometry": {
        "type": "Point",
        "coordinates": [
          3.0395332,
          47.1396943
        ]
      },
      "properties": {
        "operateur": "SNCF Gares & Connexions",
        "name": "La Marche",
        "official_name": "La Marche",
        "type": "ter"
      }
    },
    {
      "type": "Feature",
      "geometry": {
        "type": "Point",
        "coordinates": [
          -0.4688568,
          46.1767214
        ]
      },
      "properties": {
        "operateur": "SNCF Gares & Connexions",
        "name": "Beauvoir-sur-Niort",
        "official_name": "Beauvoir-sur-Niort",
        "type": "ter"
      }
    },
    {
      "type": "Feature",
      "geometry": {
        "type": "Point",
        "coordinates": [
          5.6444822,
          46.8234059
        ]
      },
      "properties": {
        "operateur": "SNCF Gares & Connexions",
        "name": "Saint-Lothain",
        "official_name": "Saint-Lothain",
        "type": "ter"
      }
    },
    {
      "type": "Feature",
      "geometry": {
        "type": "Point",
        "coordinates": [
          5.1045281,
          47.2241059
        ]
      },
      "properties": {
        "operateur": "SNCF Gares & Connexions",
        "name": "Saulon",
        "official_name": "Saulon",
        "type": "ter"
      }
    },
    {
      "type": "Feature",
      "geometry": {
        "type": "Point",
        "coordinates": [
          2.9051858,
          50.5117384
        ]
      },
      "properties": {
        "operateur": "SNCF Gares & Connexions",
        "name": "Bauvin – Provin",
        "official_name": "Bauvin - Provin",
        "type": "ter"
      }
    },
    {
      "type": "Feature",
      "geometry": {
        "type": "Point",
        "coordinates": [
          2.9363778,
          50.5745364
        ]
      },
      "properties": {
        "operateur": "SNCF Gares & Connexions",
        "name": "Wavrin",
        "official_name": "Wavrin",
        "type": "ter"
      }
    },
    {
      "type": "Feature",
      "geometry": {
        "type": "Point",
        "coordinates": [
          2.9900408,
          50.6069674
        ]
      },
      "properties": {
        "operateur": "SNCF Gares & Connexions",
        "name": "Haubourdin",
        "official_name": "Haubourdin",
        "type": "ter"
      }
    },
    {
      "type": "Feature",
      "geometry": {
        "type": "Point",
        "coordinates": [
          1.0982645,
          49.7159255
        ]
      },
      "properties": {
        "operateur": "SNCF Gares & Connexions",
        "name": "Auffay",
        "official_name": "Auffay",
        "type": "ter"
      }
    },
    {
      "type": "Feature",
      "geometry": {
        "type": "Point",
        "coordinates": [
          -2.0500625,
          47.4823703
        ]
      },
      "properties": {
        "operateur": "SNCF Gares & Connexions",
        "name": "Drefféac",
        "official_name": "Drefféac",
        "type": "ter"
      }
    },
    {
      "type": "Feature",
      "geometry": {
        "type": "Point",
        "coordinates": [
          -1.8139605,
          47.1054412
        ]
      },
      "properties": {
        "operateur": "SNCF Gares & Connexions",
        "name": "Sainte-Pazanne",
        "official_name": "Sainte-Pazanne",
        "type": "ter"
      }
    },
    {
      "type": "Feature",
      "geometry": {
        "type": "Point",
        "coordinates": [
          2.3523295,
          49.8635124
        ]
      },
      "properties": {
        "operateur": "SNCF Gares & Connexions",
        "name": "Longueau",
        "official_name": "Longueau",
        "type": "ter"
      }
    },
    {
      "type": "Feature",
      "geometry": {
        "type": "Point",
        "coordinates": [
          -4.2564781,
          48.4538255
        ]
      },
      "properties": {
        "operateur": "SNCF Gares & Connexions",
        "name": "Landerneau",
        "official_name": "Landerneau",
        "type": "ter"
      }
    },
    {
      "type": "Feature",
      "geometry": {
        "type": "Point",
        "coordinates": [
          -1.9523504,
          47.0471487
        ]
      },
      "properties": {
        "operateur": "SNCF Gares & Connexions",
        "name": "Bourgneuf-en-Retz",
        "official_name": "Bourgneuf-en-Retz",
        "type": "ter"
      }
    },
    {
      "type": "Feature",
      "geometry": {
        "type": "Point",
        "coordinates": [
          -2.0009581,
          47.0618825
        ]
      },
      "properties": {
        "operateur": "SNCF Gares & Connexions",
        "name": "Les Moutiers-en-Retz",
        "official_name": "Les Moutiers-en-Retz",
        "type": "ter"
      }
    },
    {
      "type": "Feature",
      "geometry": {
        "type": "Point",
        "coordinates": [
          -1.9419542,
          46.6965989
        ]
      },
      "properties": {
        "operateur": "SNCF Voyageurs",
        "name": "Saint-Gilles-Croix-de-Vie",
        "official_name": "Saint-Gilles-Croix-de-Vie",
        "type": "ter"
      }
    },
    {
      "type": "Feature",
      "geometry": {
        "type": "Point",
        "coordinates": [
          -2.0338614,
          47.0831649
        ]
      },
      "properties": {
        "operateur": "SNCF Gares & Connexions",
        "name": "La Bernerie-en-Retz",
        "official_name": "La Bernerie-en-Retz",
        "type": "ter"
      }
    },
    {
      "type": "Feature",
      "geometry": {
        "type": "Point",
        "coordinates": [
          2.8311152,
          50.3575781
        ]
      },
      "properties": {
        "operateur": "SNCF Gares & Connexions",
        "name": "Farbus",
        "official_name": "Farbus",
        "type": "ter"
      }
    },
    {
      "type": "Feature",
      "geometry": {
        "type": "Point",
        "coordinates": [
          1.114347,
          44.0403651
        ]
      },
      "properties": {
        "operateur": "SNCF Gares & Connexions",
        "name": "Castelsarrasin",
        "official_name": "Castelsarrasin",
        "type": "ter"
      }
    },
    {
      "type": "Feature",
      "geometry": {
        "type": "Point",
        "coordinates": [
          -0.3914312,
          43.2344509
        ]
      },
      "properties": {
        "operateur": "SNCF Gares & Connexions",
        "name": "Gan",
        "official_name": "Gan",
        "type": "ter"
      }
    },
    {
      "type": "Feature",
      "geometry": {
        "type": "Point",
        "coordinates": [
          1.5584373,
          47.1631601
        ]
      },
      "properties": {
        "operateur": "SNCF Gares & Connexions",
        "name": "Valençay",
        "official_name": "Valençay",
        "type": "ter"
      }
    },
    {
      "type": "Feature",
      "geometry": {
        "type": "Point",
        "coordinates": [
          -1.3063973,
          43.6577135
        ]
      },
      "properties": {
        "operateur": "SNCF",
        "name": "Saint-Vincent-de-Tyrosse",
        "official_name": "Saint-Vincent-de-Tyrosse",
        "type": "ter"
      }
    },
    {
      "type": "Feature",
      "geometry": {
        "type": "Point",
        "coordinates": [
          2.0763275,
          50.8755693
        ]
      },
      "properties": {
        "operateur": "SNCF Gares & Connexions",
        "name": "Audruicq",
        "official_name": "Audruicq",
        "type": "ter"
      }
    },
    {
      "type": "Feature",
      "geometry": {
        "type": "Point",
        "coordinates": [
          2.1576963,
          50.8620739
        ]
      },
      "properties": {
        "operateur": "SNCF Gares & Connexions",
        "name": "Ruminghem",
        "official_name": "Ruminghem",
        "type": "ter"
      }
    },
    {
      "type": "Feature",
      "geometry": {
        "type": "Point",
        "coordinates": [
          4.1309841,
          43.6795981
        ]
      },
      "properties": {
        "operateur": "SNCF Gares & Connexions",
        "name": "Lunel",
        "official_name": "Lunel",
        "type": "ter"
      }
    },
    {
      "type": "Feature",
      "geometry": {
        "type": "Point",
        "coordinates": [
          -0.2416231,
          43.1818438
        ]
      },
      "properties": {
        "operateur": "SNCF Gares & Connexions",
        "name": "Coarraze - Nay",
        "official_name": "Coarraze - Nay",
        "type": "ter"
      }
    },
    {
      "type": "Feature",
      "geometry": {
        "type": "Point",
        "coordinates": [
          1.2121761,
          43.2981491
        ]
      },
      "properties": {
        "operateur": "SNCF Gares & Connexions",
        "name": "Carbonne",
        "official_name": "Carbonne",
        "type": "ter"
      }
    },
    {
      "type": "Feature",
      "geometry": {
        "type": "Point",
        "coordinates": [
          -0.3697536,
          43.2914699
        ]
      },
      "properties": {
        "operateur": "SNCF Gares & Connexions",
        "name": "Pau",
        "official_name": "Pau",
        "type": "ter"
      }
    },
    {
      "type": "Feature",
      "geometry": {
        "type": "Point",
        "coordinates": [
          1.2826608,
          43.4043382
        ]
      },
      "properties": {
        "operateur": "SNCF Gares & Connexions",
        "name": "Le Fauga",
        "official_name": "Le Fauga",
        "type": "ter"
      }
    },
    {
      "type": "Feature",
      "geometry": {
        "type": "Point",
        "coordinates": [
          1.2520146,
          43.3564503
        ]
      },
      "properties": {
        "operateur": "SNCF Gares & Connexions",
        "name": "Longages - Noé",
        "official_name": "Longages - Noé",
        "type": "ter"
      }
    },
    {
      "type": "Feature",
      "geometry": {
        "type": "Point",
        "coordinates": [
          0.5734995,
          43.0780671
        ]
      },
      "properties": {
        "operateur": "SNCF Gares & Connexions",
        "name": "Montréjeau - Gourdan-Polignan",
        "official_name": "Montréjeau - Gourdan-Polignan",
        "type": "ter"
      }
    },
    {
      "type": "Feature",
      "geometry": {
        "type": "Point",
        "coordinates": [
          -0.1620274,
          43.1015767
        ]
      },
      "properties": {
        "operateur": "SNCF Gares & Connexions",
        "name": "Saint-Pé-de-Bigorre",
        "official_name": "Saint-Pé-de-Bigorre",
        "type": "ter"
      }
    },
    {
      "type": "Feature",
      "geometry": {
        "type": "Point",
        "coordinates": [
          -0.0214537,
          43.1833405
        ]
      },
      "properties": {
        "operateur": "SNCF Gares & Connexions",
        "name": "Ossun",
        "official_name": "Ossun",
        "type": "ter"
      }
    },
    {
      "type": "Feature",
      "geometry": {
        "type": "Point",
        "coordinates": [
          0.3872663,
          43.1142512
        ]
      },
      "properties": {
        "operateur": "SNCF Gares & Connexions",
        "name": "Lannemezan",
        "official_name": "Lannemezan",
        "type": "ter"
      }
    },
    {
      "type": "Feature",
      "geometry": {
        "type": "Point",
        "coordinates": [
          0.8530853,
          43.1050425
        ]
      },
      "properties": {
        "operateur": "SNCF Gares & Connexions",
        "name": "Labarthe-Inard",
        "official_name": "Labarthe-Inard",
        "type": "ter"
      }
    },
    {
      "type": "Feature",
      "geometry": {
        "type": "Point",
        "coordinates": [
          0.9134886,
          43.1190417
        ]
      },
      "properties": {
        "operateur": "SNCF Gares & Connexions",
        "name": "Lestelle",
        "official_name": "Lestelle",
        "type": "ter"
      }
    },
    {
      "type": "Feature",
      "geometry": {
        "type": "Point",
        "coordinates": [
          0.9339955,
          43.1384163
        ]
      },
      "properties": {
        "operateur": "SNCF Gares & Connexions",
        "name": "Saint-Martory",
        "official_name": "Saint-Martory",
        "type": "ter"
      }
    },
    {
      "type": "Feature",
      "geometry": {
        "type": "Point",
        "coordinates": [
          1.0830522,
          43.2129502
        ]
      },
      "properties": {
        "operateur": "SNCF Gares & Connexions",
        "name": "Cazères",
        "official_name": "Cazères sur Garonne",
        "type": "ter"
      }
    },
    {
      "type": "Feature",
      "geometry": {
        "type": "Point",
        "coordinates": [
          3.3698188,
          49.6579757
        ]
      },
      "properties": {
        "operateur": "SNCF Gares & Connexions",
        "name": "La Fère",
        "official_name": "La Fère",
        "type": "ter"
      }
    },
    {
      "type": "Feature",
      "geometry": {
        "type": "Point",
        "coordinates": [
          0.3120157,
          49.1818885
        ]
      },
      "properties": {
        "operateur": "",
        "type": "ter"
      }
    },
    {
      "type": "Feature",
      "geometry": {
        "type": "Point",
        "coordinates": [
          4.0601623,
          43.6727002
        ]
      },
      "properties": {
        "operateur": "SNCF Gares & Connexions",
        "name": "Valergues - Lansargues",
        "official_name": "Valergues - Lansargues",
        "type": "ter"
      }
    },
    {
      "type": "Feature",
      "geometry": {
        "type": "Point",
        "coordinates": [
          -2.0977051,
          47.1145045
        ]
      },
      "properties": {
        "operateur": "SNCF Gares & Connexions",
        "name": "Pornic",
        "official_name": "Pornic",
        "type": "ter"
      }
    },
    {
      "type": "Feature",
      "geometry": {
        "type": "Point",
        "coordinates": [
          7.4594999,
          47.6560655
        ]
      },
      "properties": {
        "operateur": "SNCF Gares & Connexions",
        "name": "Sierentz",
        "official_name": "Sierentz",
        "type": "ter"
      }
    },
    {
      "type": "Feature",
      "geometry": {
        "type": "Point",
        "coordinates": [
          -1.4572005,
          43.5685707
        ]
      },
      "properties": {
        "operateur": "SNCF Gares & Connexions",
        "name": "Ondres",
        "official_name": "Ondres",
        "type": "ter"
      }
    },
    {
      "type": "Feature",
      "geometry": {
        "type": "Point",
        "coordinates": [
          -1.4906332,
          43.5234264
        ]
      },
      "properties": {
        "operateur": "SNCF Gares & Connexions",
        "name": "Boucau",
        "official_name": "Boucau",
        "type": "ter"
      }
    },
    {
      "type": "Feature",
      "geometry": {
        "type": "Point",
        "coordinates": [
          -1.3696699,
          43.6278029
        ]
      },
      "properties": {
        "operateur": "SNCF",
        "name": "Bénesse-Maremne",
        "official_name": "Bénesse-Maremne",
        "type": "ter"
      }
    },
    {
      "type": "Feature",
      "geometry": {
        "type": "Point",
        "coordinates": [
          -1.1901015,
          43.6603149
        ]
      },
      "properties": {
        "operateur": "SNCF",
        "name": "Saubusse Les Bains",
        "official_name": "Saubusse",
        "type": "ter"
      }
    },
    {
      "type": "Feature",
      "geometry": {
        "type": "Point",
        "coordinates": [
          -1.2410924,
          43.6713034
        ]
      },
      "properties": {
        "operateur": "SNCF",
        "name": "Saint-Geours-de-Maremne",
        "official_name": "Saint-Geours",
        "type": "ter"
      }
    },
    {
      "type": "Feature",
      "geometry": {
        "type": "Point",
        "coordinates": [
          -1.3005397,
          43.4993494
        ]
      },
      "properties": {
        "operateur": "SNCF",
        "name": "Urt",
        "official_name": "Urt",
        "type": "ter"
      }
    },
    {
      "type": "Feature",
      "geometry": {
        "type": "Point",
        "coordinates": [
          2.8229762,
          50.3732357
        ]
      },
      "properties": {
        "operateur": "SNCF Gares & Connexions",
        "name": "Vimy",
        "official_name": "Vimy",
        "type": "ter"
      }
    },
    {
      "type": "Feature",
      "geometry": {
        "type": "Point",
        "coordinates": [
          -0.9462689,
          44.3292219
        ]
      },
      "properties": {
        "operateur": "SNCF Gares & Connexions",
        "name": "Ychoux",
        "official_name": "Ychoux",
        "type": "ter"
      }
    },
    {
      "type": "Feature",
      "geometry": {
        "type": "Point",
        "coordinates": [
          2.7112821,
          49.8226049
        ]
      },
      "properties": {
        "operateur": "SNCF Gares & Connexions",
        "name": "Rosières",
        "official_name": "Rosières",
        "type": "ter"
      }
    },
    {
      "type": "Feature",
      "geometry": {
        "type": "Point",
        "coordinates": [
          2.0352092,
          50.3781866
        ]
      },
      "properties": {
        "operateur": "SNCF Gares & Connexions",
        "name": "Hesdin",
        "official_name": "Hesdin",
        "type": "ter"
      }
    },
    {
      "type": "Feature",
      "geometry": {
        "type": "Point",
        "coordinates": [
          3.075714,
          50.638983
        ]
      },
      "properties": {
        "operateur": "SNCF Gares & Connexions",
        "name": "Lille-Europe",
        "official_name": "Lille Europe",
        "type": "ter"
      }
    },
    {
      "type": "Feature",
      "geometry": {
        "type": "Point",
        "coordinates": [
          3.0705299,
          50.6363801
        ]
      },
      "properties": {
        "operateur": "SNCF Gares & Connexions",
        "name": "Lille-Flandres",
        "official_name": "Gare de Lille Flandres",
        "type": "ter"
      }
    },
    {
      "type": "Feature",
      "geometry": {
        "type": "Point",
        "coordinates": [
          1.6423717,
          50.5168803
        ]
      },
      "properties": {
        "operateur": "SNCF Gares & Connexions",
        "name": "Étaples - Le Touquet",
        "official_name": "Étaples - Le Touquet",
        "type": "ter"
      }
    },
    {
      "type": "Feature",
      "geometry": {
        "type": "Point",
        "coordinates": [
          2.8053944,
          50.5278464
        ]
      },
      "properties": {
        "operateur": "SNCF Gares & Connexions",
        "name": "La Bassée",
        "official_name": "La Bassée",
        "type": "ter"
      }
    },
    {
      "type": "Feature",
      "geometry": {
        "type": "Point",
        "coordinates": [
          2.8367645,
          50.5414852
        ]
      },
      "properties": {
        "operateur": "SNCF Gares & Connexions",
        "name": "Salomé",
        "official_name": "Salomé",
        "type": "ter"
      }
    },
    {
      "type": "Feature",
      "geometry": {
        "type": "Point",
        "coordinates": [
          2.8667286,
          50.5478335
        ]
      },
      "properties": {
        "operateur": "SNCF Gares & Connexions",
        "name": "Marquillies",
        "official_name": "Marquillies",
        "type": "ter"
      }
    },
    {
      "type": "Feature",
      "geometry": {
        "type": "Point",
        "coordinates": [
          2.9137941,
          50.5516915
        ]
      },
      "properties": {
        "operateur": "SNCF Gares & Connexions",
        "name": "Don - Sainghin",
        "official_name": "Don - Sainghin",
        "type": "ter"
      }
    },
    {
      "type": "Feature",
      "geometry": {
        "type": "Point",
        "coordinates": [
          1.9369537,
          43.9284384
        ]
      },
      "properties": {
        "operateur": "SNCF Gares & Connexions",
        "name": "Tessonières",
        "official_name": "Tessonnières",
        "type": "ter"
      }
    },
    {
      "type": "Feature",
      "geometry": {
        "type": "Point",
        "coordinates": [
          3.1127074,
          50.3565161
        ]
      },
      "properties": {
        "operateur": "SNCF Gares & Connexions",
        "name": "Sin-le-Noble",
        "official_name": "Sin-le-Noble",
        "type": "ter"
      }
    },
    {
      "type": "Feature",
      "geometry": {
        "type": "Point",
        "coordinates": [
          3.1887542,
          50.3613775
        ]
      },
      "properties": {
        "operateur": "",
        "name": "Montigny-en-Ostrevent",
        "official_name": "Montigny-en-Ostrevent",
        "type": "ter"
      }
    },
    {
      "type": "Feature",
      "geometry": {
        "type": "Point",
        "coordinates": [
          3.084822,
          50.3978984
        ]
      },
      "properties": {
        "operateur": "SNCF Gares & Connexions",
        "name": "Pont-de-la-Deûle",
        "official_name": "Pont de la Deûle",
        "type": "ter"
      }
    },
    {
      "type": "Feature",
      "geometry": {
        "type": "Point",
        "coordinates": [
          0.166197,
          48.5999414
        ]
      },
      "properties": {
        "operateur": "SNCF Gares & Connexions",
        "name": "Sées",
        "official_name": "Sées",
        "type": "ter"
      }
    },
    {
      "type": "Feature",
      "geometry": {
        "type": "Point",
        "coordinates": [
          -1.4413796,
          49.0428304
        ]
      },
      "properties": {
        "operateur": "SNCF Gares & Connexions",
        "name": "Coutances",
        "official_name": "Coutances",
        "type": "ter"
      }
    },
    {
      "type": "Feature",
      "geometry": {
        "type": "Point",
        "coordinates": [
          -1.0503794,
          49.2269049
        ]
      },
      "properties": {
        "operateur": "SNCF Gares & Connexions",
        "name": "Lison",
        "official_name": "Lison",
        "type": "ter"
      }
    },
    {
      "type": "Feature",
      "geometry": {
        "type": "Point",
        "coordinates": [
          0.9291839,
          48.7427367
        ]
      },
      "properties": {
        "operateur": "SNCF Gares & Connexions",
        "name": "Verneuil-sur-Avre",
        "official_name": "Verneuil-sur-Avre",
        "type": "ter"
      }
    },
    {
      "type": "Feature",
      "geometry": {
        "type": "Point",
        "coordinates": [
          1.6481625,
          50.4157503
        ]
      },
      "properties": {
        "operateur": "SNCF Gares & Connexions",
        "name": "Rang-du-Fliers - Verton - Berck",
        "official_name": "Rang-du-Fliers - Verton - Berck",
        "type": "ter"
      }
    },
    {
      "type": "Feature",
      "geometry": {
        "type": "Point",
        "coordinates": [
          3.1220671,
          50.3125478
        ]
      },
      "properties": {
        "operateur": "SNCF Gares & Connexions",
        "name": "Cantin",
        "official_name": "Cantin",
        "type": "ter"
      }
    },
    {
      "type": "Feature",
      "geometry": {
        "type": "Point",
        "coordinates": [
          1.9761067,
          44.2219408
        ]
      },
      "properties": {
        "operateur": "SNCF",
        "name": "Najac",
        "official_name": "Najac",
        "type": "ter"
      }
    },
    {
      "type": "Feature",
      "geometry": {
        "type": "Point",
        "coordinates": [
          3.1584379,
          50.2685168
        ]
      },
      "properties": {
        "operateur": "SNCF Gares & Connexions",
        "name": "Aubigny-au-Bac",
        "official_name": "Aubigny-au-Bac",
        "type": "ter"
      }
    },
    {
      "type": "Feature",
      "geometry": {
        "type": "Point",
        "coordinates": [
          -0.8857969,
          48.0967445
        ]
      },
      "properties": {
        "operateur": "SNCF Gares & Connexions",
        "name": "Le Genest",
        "official_name": "Le Genest",
        "type": "ter"
      }
    },
    {
      "type": "Feature",
      "geometry": {
        "type": "Point",
        "coordinates": [
          1.0095674,
          45.8766375
        ]
      },
      "properties": {
        "operateur": "SNCF Gares & Connexions",
        "name": "Saint-Victurnien",
        "official_name": "Saint-Victurnien",
        "type": "ter"
      }
    },
    {
      "type": "Feature",
      "geometry": {
        "type": "Point",
        "coordinates": [
          0.900447,
          45.8813694
        ]
      },
      "properties": {
        "operateur": "SNCF Gares & Connexions",
        "name": "Saint-Junien",
        "official_name": "Saint-Junien",
        "type": "ter"
      }
    },
    {
      "type": "Feature",
      "geometry": {
        "type": "Point",
        "coordinates": [
          0.8117049,
          45.8696515
        ]
      },
      "properties": {
        "operateur": "SNCF Gares & Connexions",
        "name": "Saillat-sur-Vienne",
        "official_name": "Saillat - Chassenon",
        "type": "ter"
      }
    },
    {
      "type": "Feature",
      "geometry": {
        "type": "Point",
        "coordinates": [
          1.5185314,
          46.5923091
        ]
      },
      "properties": {
        "operateur": "SNCF Gares & Connexions",
        "name": "Argenton-sur-Creuse",
        "official_name": "Argenton-sur-Creuse",
        "type": "ter"
      }
    },
    {
      "type": "Feature",
      "geometry": {
        "type": "Point",
        "coordinates": [
          1.5465982,
          46.3859078
        ]
      },
      "properties": {
        "operateur": "SNCF Gares & Connexions",
        "name": "Saint-Sébastien",
        "official_name": "Saint-Sébastien",
        "type": "ter"
      }
    },
    {
      "type": "Feature",
      "geometry": {
        "type": "Point",
        "coordinates": [
          1.4923734,
          46.2398117
        ]
      },
      "properties": {
        "operateur": "SNCF Gares & Connexions",
        "name": "La Souterraine",
        "official_name": "La Souterraine",
        "type": "ter"
      }
    },
    {
      "type": "Feature",
      "geometry": {
        "type": "Point",
        "coordinates": [
          1.4731429,
          45.2589274
        ]
      },
      "properties": {
        "operateur": "SNCF Gares & Connexions",
        "name": "Allassac",
        "official_name": "Allassac",
        "type": "ter"
      }
    },
    {
      "type": "Feature",
      "geometry": {
        "type": "Point",
        "coordinates": [
          1.4067851,
          45.264729
        ]
      },
      "properties": {
        "operateur": "SNCF Gares & Connexions",
        "name": "Objat",
        "official_name": "Objat",
        "type": "ter"
      }
    },
    {
      "type": "Feature",
      "geometry": {
        "type": "Point",
        "coordinates": [
          1.172348,
          45.9273713
        ]
      },
      "properties": {
        "operateur": "SNCF",
        "name": "Nieul",
        "official_name": "Nieul",
        "type": "ter"
      }
    },
    {
      "type": "Feature",
      "geometry": {
        "type": "Point",
        "coordinates": [
          1.1699514,
          45.9594892
        ]
      },
      "properties": {
        "operateur": "SNCF",
        "name": "Peyrilhac-Saint-Jouvent",
        "official_name": "Peyrilhac - Saint-Jouvent",
        "type": "ter"
      }
    },
    {
      "type": "Feature",
      "geometry": {
        "type": "Point",
        "coordinates": [
          1.156625,
          46.0054965
        ]
      },
      "properties": {
        "operateur": "SNCF",
        "name": "Nantiat",
        "official_name": "Nantiat",
        "type": "ter"
      }
    },
    {
      "type": "Feature",
      "geometry": {
        "type": "Point",
        "coordinates": [
          0.4117566,
          46.5261914
        ]
      },
      "properties": {
        "operateur": "SNCF",
        "name": "Mignaloux-Nouaillé",
        "official_name": "Mignaloux - Nouaillé",
        "type": "ter"
      }
    },
    {
      "type": "Feature",
      "geometry": {
        "type": "Point",
        "coordinates": [
          2.1745902,
          46.1984378
        ]
      },
      "properties": {
        "operateur": "SNCF",
        "name": "Parsac-Gouzon",
        "official_name": "Parsac - Gouzon",
        "type": "ter"
      }
    },
    {
      "type": "Feature",
      "geometry": {
        "type": "Point",
        "coordinates": [
          2.0231212,
          46.1228048
        ]
      },
      "properties": {
        "operateur": "SNCF",
        "name": "Busseau-sur-Creuse",
        "official_name": "Busseau sur Creuse",
        "type": "ter"
      }
    },
    {
      "type": "Feature",
      "geometry": {
        "type": "Point",
        "coordinates": [
          1.673508,
          46.0911788
        ]
      },
      "properties": {
        "operateur": "SNCF",
        "name": "Vieilleville",
        "official_name": "Vieilleville",
        "type": "ter"
      }
    },
    {
      "type": "Feature",
      "geometry": {
        "type": "Point",
        "coordinates": [
          1.5855905,
          46.0942475
        ]
      },
      "properties": {
        "operateur": "SNCF",
        "name": "Marsac",
        "official_name": "Marsac (Creuse)",
        "type": "ter"
      }
    },
    {
      "type": "Feature",
      "geometry": {
        "type": "Point",
        "coordinates": [
          2.1396809,
          45.5434751
        ]
      },
      "properties": {
        "operateur": "SNCF",
        "name": "Jassonneix",
        "official_name": "Jassonneix",
        "type": "ter"
      }
    },
    {
      "type": "Feature",
      "geometry": {
        "type": "Point",
        "coordinates": [
          1.9776718,
          45.5848694
        ]
      },
      "properties": {
        "operateur": "SNCF",
        "name": "Perols",
        "official_name": "Pérols-sur-Vézère",
        "type": "ter"
      }
    },
    {
      "type": "Feature",
      "geometry": {
        "type": "Point",
        "coordinates": [
          1.8263238,
          45.6412591
        ]
      },
      "properties": {
        "operateur": "SNCF Gares & Connexions",
        "name": "Lacelle",
        "official_name": "Lacelle (Corrèze)",
        "type": "ter"
      }
    },
    {
      "type": "Feature",
      "geometry": {
        "type": "Point",
        "coordinates": [
          1.4400351,
          45.8642499
        ]
      },
      "properties": {
        "operateur": "SNCF",
        "name": "Brignac",
        "official_name": "Brignac",
        "type": "ter"
      }
    },
    {
      "type": "Feature",
      "geometry": {
        "type": "Point",
        "coordinates": [
          1.4000863,
          45.887217
        ]
      },
      "properties": {
        "operateur": "SNCF Gares & Connexions",
        "name": "Saint-Priest-Taurion",
        "official_name": "Saint-Priest-Taurion",
        "type": "ter"
      }
    },
    {
      "type": "Feature",
      "geometry": {
        "type": "Point",
        "coordinates": [
          1.9797036,
          45.3547096
        ]
      },
      "properties": {
        "operateur": "SNCF",
        "name": "Montaignac - Saint-Hippolyte",
        "official_name": "Montaignac-Saint-Hippolyte",
        "type": "ter"
      }
    },
    {
      "type": "Feature",
      "geometry": {
        "type": "Point",
        "coordinates": [
          1.6981777,
          45.2152019
        ]
      },
      "properties": {
        "operateur": "SNCF",
        "name": "Cornil",
        "official_name": "Cornil",
        "type": "ter"
      }
    },
    {
      "type": "Feature",
      "geometry": {
        "type": "Point",
        "coordinates": [
          1.6414073,
          45.1817712
        ]
      },
      "properties": {
        "operateur": "SNCF Gares & Connexions",
        "name": "Aubazine-Saint-Hilaire",
        "official_name": "Aubazines - Saint-Hilaire",
        "type": "ter"
      }
    },
    {
      "type": "Feature",
      "geometry": {
        "type": "Point",
        "coordinates": [
          1.6609684,
          43.4330477
        ]
      },
      "properties": {
        "operateur": "SNCF Gares & Connexions",
        "name": "Villenouvelle",
        "official_name": "Villenouvelle",
        "type": "ter"
      }
    },
    {
      "type": "Feature",
      "geometry": {
        "type": "Point",
        "coordinates": [
          6.8055654,
          48.6467322
        ]
      },
      "properties": {
        "operateur": "SNCF Gares & Connexions",
        "name": "Igney - Avricourt",
        "official_name": "Igney - Avricourt",
        "type": "ter"
      }
    },
    {
      "type": "Feature",
      "geometry": {
        "type": "Point",
        "coordinates": [
          1.1308074,
          45.6338387
        ]
      },
      "properties": {
        "operateur": "SNCF Gares & Connexions",
        "name": "Lafarge",
        "official_name": "Lafarge",
        "type": "ter"
      }
    },
    {
      "type": "Feature",
      "geometry": {
        "type": "Point",
        "coordinates": [
          0.8611735,
          45.3460331
        ]
      },
      "properties": {
        "operateur": "SNCF",
        "name": "Négrondes",
        "official_name": "Négrondes",
        "type": "ter"
      }
    },
    {
      "type": "Feature",
      "geometry": {
        "type": "Point",
        "coordinates": [
          0.7487316,
          45.2866149
        ]
      },
      "properties": {
        "operateur": "SNCF Gares & Connexions",
        "name": "Agonac",
        "official_name": "Agonac",
        "type": "ter"
      }
    },
    {
      "type": "Feature",
      "geometry": {
        "type": "Point",
        "coordinates": [
          0.6882227,
          45.2445699
        ]
      },
      "properties": {
        "operateur": "SNCF Gares & Connexions",
        "name": "Château l'Évêque",
        "official_name": "Château-l'Évêque",
        "type": "ter"
      }
    },
    {
      "type": "Feature",
      "geometry": {
        "type": "Point",
        "coordinates": [
          1.2046376,
          45.7782559
        ]
      },
      "properties": {
        "operateur": "SNCF",
        "name": "L'Aiguille",
        "official_name": "L'Aiguille",
        "type": "ter"
      }
    },
    {
      "type": "Feature",
      "geometry": {
        "type": "Point",
        "coordinates": [
          1.0686296,
          45.1600783
        ]
      },
      "properties": {
        "operateur": "SNCF Gares & Connexions",
        "name": "Thenon",
        "official_name": "Thenon",
        "type": "ter"
      }
    },
    {
      "type": "Feature",
      "geometry": {
        "type": "Point",
        "coordinates": [
          1.3654496,
          45.1396174
        ]
      },
      "properties": {
        "operateur": "SNCF",
        "name": "La Rivière-de-Mansac",
        "official_name": "La Rivière de Mansac",
        "type": "ter"
      }
    },
    {
      "type": "Feature",
      "geometry": {
        "type": "Point",
        "coordinates": [
          0.856094,
          45.1235097
        ]
      },
      "properties": {
        "operateur": "SNCF",
        "name": "Saint-Pierre-de-Chignac",
        "official_name": "Saint-Pierre-de-Chignac",
        "type": "ter"
      }
    },
    {
      "type": "Feature",
      "geometry": {
        "type": "Point",
        "coordinates": [
          0.8081078,
          45.138224
        ]
      },
      "properties": {
        "operateur": "SNCF Gares & Connexions",
        "name": "Niversac",
        "official_name": "Niversac",
        "type": "ter"
      }
    },
    {
      "type": "Feature",
      "geometry": {
        "type": "Point",
        "coordinates": [
          6.0506271,
          48.9002577
        ]
      },
      "properties": {
        "operateur": "SNCF Réseau",
        "name": "Pont-à-Mousson",
        "official_name": "Pont-à-Mousson",
        "type": "ter"
      }
    },
    {
      "type": "Feature",
      "geometry": {
        "type": "Point",
        "coordinates": [
          3.2346663,
          50.6185939
        ]
      },
      "properties": {
        "operateur": "",
        "name": "Baisieux",
        "official_name": "Baisieux",
        "type": "ter"
      }
    },
    {
      "type": "Feature",
      "geometry": {
        "type": "Point",
        "coordinates": [
          2.5426604,
          48.5644887
        ]
      },
      "properties": {
        "operateur": "SNCF Gares & Connexions",
        "name": "Saint-Fargeau",
        "official_name": "Saint-Fargeau",
        "type": "ter"
      }
    },
    {
      "type": "Feature",
      "geometry": {
        "type": "Point",
        "coordinates": [
          7.6897407,
          48.5323964
        ]
      },
      "properties": {
        "operateur": "SNCF Gares & Connexions",
        "name": "Graffenstaden",
        "official_name": "Graffenstaden",
        "type": "ter"
      }
    },
    {
      "type": "Feature",
      "geometry": {
        "type": "Point",
        "coordinates": [
          -0.5057405,
          44.7168584
        ]
      },
      "properties": {
        "operateur": "SNCF Gares & Connexions",
        "name": "Saint-Médard-d'Eyrans",
        "official_name": "Saint-Médard-d'Eyrans",
        "type": "ter"
      }
    },
    {
      "type": "Feature",
      "geometry": {
        "type": "Point",
        "coordinates": [
          7.4242544,
          48.5331389
        ]
      },
      "properties": {
        "operateur": "SNCF Gares & Connexions",
        "name": "Gresswiller",
        "official_name": "Gresswiller",
        "type": "ter"
      }
    },
    {
      "type": "Feature",
      "geometry": {
        "type": "Point",
        "coordinates": [
          7.3813088,
          48.527383
        ]
      },
      "properties": {
        "operateur": "SNCF Gares & Connexions",
        "name": "Heiligenberg - Mollkirch",
        "official_name": "Heiligenberg - Mollkirch",
        "type": "ter"
      }
    },
    {
      "type": "Feature",
      "geometry": {
        "type": "Point",
        "coordinates": [
          7.2941674,
          48.5180927
        ]
      },
      "properties": {
        "operateur": "SNCF Gares & Connexions",
        "name": "Lutzelhouse",
        "official_name": "Lutzelhouse",
        "type": "ter"
      }
    },
    {
      "type": "Feature",
      "geometry": {
        "type": "Point",
        "coordinates": [
          7.1653116,
          48.4075535
        ]
      },
      "properties": {
        "operateur": "SNCF Gares & Connexions",
        "name": "Saint-Blaise-la-Roche",
        "official_name": "Saint-Blaise-la-Roche - Poutay",
        "type": "ter"
      }
    },
    {
      "type": "Feature",
      "geometry": {
        "type": "Point",
        "coordinates": [
          0.375282,
          49.7594424
        ]
      },
      "properties": {
        "operateur": "SNCF Gares & Connexions",
        "name": "Fécamp",
        "official_name": "Fécamp",
        "type": "ter"
      }
    },
    {
      "type": "Feature",
      "geometry": {
        "type": "Point",
        "coordinates": [
          1.6257486,
          49.9324313
        ]
      },
      "properties": {
        "operateur": "SNCF Gares & Connexions",
        "name": "Blangy-sur-Bresle",
        "official_name": "Blangy-sur-Bresle",
        "type": "ter"
      }
    },
    {
      "type": "Feature",
      "geometry": {
        "type": "Point",
        "coordinates": [
          -1.116031,
          44.6399024
        ]
      },
      "properties": {
        "operateur": "SNCF Gares & Connexions",
        "name": "La Hume",
        "official_name": "La Hume",
        "type": "ter"
      }
    },
    {
      "type": "Feature",
      "geometry": {
        "type": "Point",
        "coordinates": [
          2.583951,
          48.595566
        ]
      },
      "properties": {
        "operateur": "SNCF Gares & Connexions",
        "name": "Savigny-le-Temple - Nandy",
        "official_name": "Savigny-le-Temple - Nandy",
        "type": "ter"
      }
    },
    {
      "type": "Feature",
      "geometry": {
        "type": "Point",
        "coordinates": [
          1.8503652,
          50.9533777
        ]
      },
      "properties": {
        "operateur": "SNCF Gares & Connexions",
        "name": "Calais-Ville",
        "official_name": "Calais",
        "type": "ter"
      }
    },
    {
      "type": "Feature",
      "geometry": {
        "type": "Point",
        "coordinates": [
          2.4924732,
          48.566179
        ]
      },
      "properties": {
        "operateur": "SNCF Gares & Connexions",
        "name": "Le Coudray - Montceaux",
        "official_name": "Le Coudray-Montceaux",
        "type": "ter"
      }
    },
    {
      "type": "Feature",
      "geometry": {
        "type": "Point",
        "coordinates": [
          7.073427,
          48.0137676
        ]
      },
      "properties": {
        "operateur": "SNCF Gares & Connexions",
        "name": "Metzeral",
        "official_name": "Metzeral",
        "type": "ter"
      }
    },
    {
      "type": "Feature",
      "geometry": {
        "type": "Point",
        "coordinates": [
          7.0874432,
          48.0244831
        ]
      },
      "properties": {
        "operateur": "SNCF Gares & Connexions",
        "name": "Muhlbach-sur-Munster",
        "official_name": "Muhlbach-sur-Munster",
        "type": "ter"
      }
    },
    {
      "type": "Feature",
      "geometry": {
        "type": "Point",
        "coordinates": [
          7.1039577,
          48.0284516
        ]
      },
      "properties": {
        "operateur": "SNCF Gares & Connexions",
        "name": "Breitenbach",
        "official_name": "Breitenbach",
        "type": "ter"
      }
    },
    {
      "type": "Feature",
      "geometry": {
        "type": "Point",
        "coordinates": [
          7.1186068,
          48.0352749
        ]
      },
      "properties": {
        "operateur": "SNCF Gares & Connexions",
        "name": "Luttenbach-près-Munster",
        "official_name": "Luttenbach-près-Munster",
        "type": "ter"
      }
    },
    {
      "type": "Feature",
      "geometry": {
        "type": "Point",
        "coordinates": [
          7.2979959,
          48.0889502
        ]
      },
      "properties": {
        "operateur": "SNCF Gares & Connexions",
        "name": "Ingersheim Cité Scolaire",
        "official_name": "Ingersheim Cité Scolaire",
        "type": "ter"
      }
    },
    {
      "type": "Feature",
      "geometry": {
        "type": "Point",
        "coordinates": [
          7.1349262,
          48.0380917
        ]
      },
      "properties": {
        "operateur": "SNCF Gares & Connexions",
        "name": "Munster",
        "official_name": "Munster",
        "type": "ter"
      }
    },
    {
      "type": "Feature",
      "geometry": {
        "type": "Point",
        "coordinates": [
          7.1528766,
          48.0391089
        ]
      },
      "properties": {
        "operateur": "SNCF Gares & Connexions",
        "name": "Munster Badischhof",
        "official_name": "Munster Badischhof",
        "type": "ter"
      }
    },
    {
      "type": "Feature",
      "geometry": {
        "type": "Point",
        "coordinates": [
          7.1748434,
          48.041517
        ]
      },
      "properties": {
        "operateur": "SNCF Gares & Connexions",
        "name": "Gunsbach - Griesbach",
        "official_name": "Gunsbach - Griesbach",
        "type": "ter"
      }
    },
    {
      "type": "Feature",
      "geometry": {
        "type": "Point",
        "coordinates": [
          7.2095655,
          48.0461302
        ]
      },
      "properties": {
        "operateur": "SNCF Gares & Connexions",
        "name": "Wihr-au-Val - Soultzbach",
        "official_name": "Wihr-au-Val - Soultzbach",
        "type": "ter"
      }
    },
    {
      "type": "Feature",
      "geometry": {
        "type": "Point",
        "coordinates": [
          7.2334025,
          48.0580114
        ]
      },
      "properties": {
        "operateur": "SNCF Gares & Connexions",
        "name": "Walbach - La Forge",
        "official_name": "Walbach",
        "type": "ter"
      }
    },
    {
      "type": "Feature",
      "geometry": {
        "type": "Point",
        "coordinates": [
          7.2610708,
          48.0759067
        ]
      },
      "properties": {
        "operateur": "SNCF Gares & Connexions",
        "name": "Saint-Gilles Lycée Haut-Rhin",
        "official_name": "Saint-Gilles Lycée (Haut-Rhin)",
        "type": "ter"
      }
    },
    {
      "type": "Feature",
      "geometry": {
        "type": "Point",
        "coordinates": [
          7.2793774,
          48.085598
        ]
      },
      "properties": {
        "operateur": "SNCF Gares & Connexions",
        "name": "Turckheim",
        "official_name": "Turckheim",
        "type": "ter"
      }
    },
    {
      "type": "Feature",
      "geometry": {
        "type": "Point",
        "coordinates": [
          7.3212244,
          48.0872736
        ]
      },
      "properties": {
        "operateur": "SNCF Gares & Connexions",
        "name": "Logelbach",
        "official_name": "Logelbach",
        "type": "ter"
      }
    },
    {
      "type": "Feature",
      "geometry": {
        "type": "Point",
        "coordinates": [
          7.3336678,
          48.0859722
        ]
      },
      "properties": {
        "operateur": "SNCF Gares & Connexions",
        "name": "Colmar Mésanges",
        "official_name": "Colmar Mésanges",
        "type": "ter"
      }
    },
    {
      "type": "Feature",
      "geometry": {
        "type": "Point",
        "coordinates": [
          7.3453008,
          48.0816901
        ]
      },
      "properties": {
        "operateur": "SNCF Gares & Connexions",
        "name": "Colmar Saint-Joseph",
        "official_name": "Colmar Saint-Joseph",
        "type": "ter"
      }
    },
    {
      "type": "Feature",
      "geometry": {
        "type": "Point",
        "coordinates": [
          -1.4564177,
          43.4313485
        ]
      },
      "properties": {
        "operateur": "SNCF Gares & Connexions",
        "name": "Villefranque",
        "official_name": "Villefranque",
        "type": "ter"
      }
    },
    {
      "type": "Feature",
      "geometry": {
        "type": "Point",
        "coordinates": [
          -1.4490194,
          43.4047983
        ]
      },
      "properties": {
        "operateur": "SNCF Gares & Connexions",
        "name": "Ustaritz",
        "official_name": "Ustaritz - Jatxou",
        "type": "ter"
      }
    },
    {
      "type": "Feature",
      "geometry": {
        "type": "Point",
        "coordinates": [
          -1.3964735,
          43.3655265
        ]
      },
      "properties": {
        "operateur": "SNCF Gares & Connexions",
        "name": "Cambo-les-Bains",
        "official_name": "Cambo-les-Bains",
        "type": "ter"
      }
    },
    {
      "type": "Feature",
      "geometry": {
        "type": "Point",
        "coordinates": [
          -1.4277341,
          43.3779682
        ]
      },
      "properties": {
        "operateur": "SNCF Gares & Connexions",
        "name": "Halsou-Larressore",
        "official_name": "Halsou - Larressore",
        "type": "ter"
      }
    },
    {
      "type": "Feature",
      "geometry": {
        "type": "Point",
        "coordinates": [
          -1.3453023,
          43.2682992
        ]
      },
      "properties": {
        "operateur": "SNCF Gares & Connexions",
        "name": "Bidarray-Pont-Noblia",
        "official_name": "Bidarray Pont Noblia",
        "type": "ter"
      }
    },
    {
      "type": "Feature",
      "geometry": {
        "type": "Point",
        "coordinates": [
          -1.3048238,
          43.2351789
        ]
      },
      "properties": {
        "operateur": "SNCF Gares & Connexions",
        "name": "Ossès-St Martin d'Arrossa",
        "official_name": "Ossès - Saint-Martin-d'Arrossa",
        "type": "ter"
      }
    },
    {
      "type": "Feature",
      "geometry": {
        "type": "Point",
        "coordinates": [
          -1.2865506,
          47.0859421
        ]
      },
      "properties": {
        "operateur": "SNCF Gares & Connexions",
        "name": "Clisson",
        "official_name": "Clisson",
        "type": "ter"
      }
    },
    {
      "type": "Feature",
      "geometry": {
        "type": "Point",
        "coordinates": [
          2.0599273,
          47.2269347
        ]
      },
      "properties": {
        "operateur": "SNCF Gares & Connexions",
        "name": "Vierzon",
        "official_name": "Vierzon",
        "type": "ter"
      }
    },
    {
      "type": "Feature",
      "geometry": {
        "type": "Point",
        "coordinates": [
          2.0996143,
          47.209883
        ]
      },
      "properties": {
        "operateur": "SNCF Gares & Connexions",
        "name": "Vierzon-Forges",
        "official_name": "Vierzon Forges",
        "type": "ter"
      }
    },
    {
      "type": "Feature",
      "geometry": {
        "type": "Point",
        "coordinates": [
          2.1624401,
          47.1757328
        ]
      },
      "properties": {
        "operateur": "SNCF Gares & Connexions",
        "name": "Foëcy",
        "official_name": "Foëcy",
        "type": "ter"
      }
    },
    {
      "type": "Feature",
      "geometry": {
        "type": "Point",
        "coordinates": [
          2.047429,
          47.0858319
        ]
      },
      "properties": {
        "operateur": "SNCF Gares & Connexions",
        "name": "Reuilly",
        "official_name": "Reuilly",
        "type": "ter"
      }
    },
    {
      "type": "Feature",
      "geometry": {
        "type": "Point",
        "coordinates": [
          2.2072983,
          47.1394936
        ]
      },
      "properties": {
        "operateur": "SNCF Gares & Connexions",
        "name": "Mehun-sur-Yèvre",
        "official_name": "Mehun-sur-Yèvre",
        "type": "ter"
      }
    },
    {
      "type": "Feature",
      "geometry": {
        "type": "Point",
        "coordinates": [
          -0.1451549,
          44.5801586
        ]
      },
      "properties": {
        "operateur": "SNCF Gares & Connexions",
        "name": "Caudrot",
        "official_name": "Caudrot",
        "type": "ter"
      }
    },
    {
      "type": "Feature",
      "geometry": {
        "type": "Point",
        "coordinates": [
          3.9906654,
          49.3466598
        ]
      },
      "properties": {
        "operateur": "SNCF Gares & Connexions",
        "name": "Loivre",
        "official_name": "Loivre",
        "type": "ter"
      }
    },
    {
      "type": "Feature",
      "geometry": {
        "type": "Point",
        "coordinates": [
          3.961122,
          49.4348604
        ]
      },
      "properties": {
        "operateur": "SNCF Gares & Connexions",
        "name": "Guignicourt",
        "official_name": "Guignicourt",
        "type": "ter"
      }
    },
    {
      "type": "Feature",
      "geometry": {
        "type": "Point",
        "coordinates": [
          3.9729325,
          49.408367
        ]
      },
      "properties": {
        "operateur": "SNCF Gares & Connexions",
        "name": "Aguilcourt - Variscourt",
        "official_name": "Aguilcourt - Variscourt",
        "type": "ter"
      }
    },
    {
      "type": "Feature",
      "geometry": {
        "type": "Point",
        "coordinates": [
          3.8576097,
          49.5269919
        ]
      },
      "properties": {
        "operateur": "SNCF Gares & Connexions",
        "name": "Saint-Erme",
        "official_name": "Saint-Erme",
        "type": "ter"
      }
    },
    {
      "type": "Feature",
      "geometry": {
        "type": "Point",
        "coordinates": [
          3.9105787,
          49.4846863
        ]
      },
      "properties": {
        "operateur": "SNCF Gares & Connexions",
        "name": "Amifontaine",
        "official_name": "Amifontaine",
        "type": "ter"
      }
    },
    {
      "type": "Feature",
      "geometry": {
        "type": "Point",
        "coordinates": [
          3.7752172,
          49.5561847
        ]
      },
      "properties": {
        "operateur": "SNCF Gares & Connexions",
        "name": "Coucy-lès-Eppes",
        "official_name": "Coucy-lès-Eppes",
        "type": "ter"
      }
    },
    {
      "type": "Feature",
      "geometry": {
        "type": "Point",
        "coordinates": [
          4.7447209,
          44.5590139
        ]
      },
      "properties": {
        "operateur": "",
        "name": "Montélimar",
        "official_name": "Montélimar",
        "type": "ter"
      }
    },
    {
      "type": "Feature",
      "geometry": {
        "type": "Point",
        "coordinates": [
          2.1928943,
          44.9641666
        ]
      },
      "properties": {
        "operateur": "SNCF Gares & Connexions",
        "name": "Laroquebrou",
        "official_name": "Laroquebrou",
        "type": "ter"
      }
    },
    {
      "type": "Feature",
      "geometry": {
        "type": "Point",
        "coordinates": [
          2.693772,
          42.6889497
        ]
      },
      "properties": {
        "operateur": "SNCF Gares & Connexions",
        "name": "Millas",
        "official_name": "Millas",
        "type": "ter"
      }
    },
    {
      "type": "Feature",
      "geometry": {
        "type": "Point",
        "coordinates": [
          2.7378292,
          42.6773175
        ]
      },
      "properties": {
        "operateur": "SNCF Gares & Connexions",
        "name": "Saint-Féliu-d'Avall",
        "official_name": "Saint-Féliu-d'Avall",
        "type": "ter"
      }
    },
    {
      "type": "Feature",
      "geometry": {
        "type": "Point",
        "coordinates": [
          2.7951877,
          42.6790242
        ]
      },
      "properties": {
        "operateur": "SNCF Gares & Connexions",
        "name": "Le Soler",
        "official_name": "Le Soler",
        "type": "ter"
      }
    },
    {
      "type": "Feature",
      "geometry": {
        "type": "Point",
        "coordinates": [
          6.9692266,
          47.9234422
        ]
      },
      "properties": {
        "operateur": "SNCF Gares & Connexions",
        "name": "Kruth",
        "official_name": "Kruth",
        "type": "ter"
      }
    },
    {
      "type": "Feature",
      "geometry": {
        "type": "Point",
        "coordinates": [
          6.9735824,
          47.9109281
        ]
      },
      "properties": {
        "operateur": "SNCF Gares & Connexions",
        "name": "Oderen",
        "official_name": "Oderen",
        "type": "ter"
      }
    },
    {
      "type": "Feature",
      "geometry": {
        "type": "Point",
        "coordinates": [
          7.0287068,
          47.8729253
        ]
      },
      "properties": {
        "operateur": "SNCF Gares & Connexions",
        "name": "Saint-Amarin",
        "official_name": "Saint-Amarin",
        "type": "ter"
      }
    },
    {
      "type": "Feature",
      "geometry": {
        "type": "Point",
        "coordinates": [
          6.9976161,
          47.8899397
        ]
      },
      "properties": {
        "operateur": "SNCF Gares & Connexions",
        "name": "Wesserling",
        "official_name": "Wesserling",
        "type": "ter"
      }
    },
    {
      "type": "Feature",
      "geometry": {
        "type": "Point",
        "coordinates": [
          6.9871152,
          47.8975902
        ]
      },
      "properties": {
        "operateur": "SNCF Gares & Connexions",
        "name": "Fellering",
        "official_name": "Fellering",
        "type": "ter"
      }
    },
    {
      "type": "Feature",
      "geometry": {
        "type": "Point",
        "coordinates": [
          7.0508683,
          47.8606924
        ]
      },
      "properties": {
        "operateur": "SNCF Gares & Connexions",
        "name": "Moosch",
        "official_name": "Moosch",
        "type": "ter"
      }
    },
    {
      "type": "Feature",
      "geometry": {
        "type": "Point",
        "coordinates": [
          7.012335,
          47.8816438
        ]
      },
      "properties": {
        "operateur": "SNCF Gares & Connexions",
        "name": "Ranspach",
        "official_name": "Ranspach",
        "type": "ter"
      }
    },
    {
      "type": "Feature",
      "geometry": {
        "type": "Point",
        "coordinates": [
          7.7181672,
          48.6657397
        ]
      },
      "properties": {
        "operateur": "SNCF Gares & Connexions",
        "name": "Vendenheim",
        "official_name": "Vendenheim",
        "type": "ter"
      }
    },
    {
      "type": "Feature",
      "geometry": {
        "type": "Point",
        "coordinates": [
          2.4796124,
          48.5735401
        ]
      },
      "properties": {
        "operateur": "SNCF Gares & Connexions",
        "name": "Le Plessis-Chenet",
        "official_name": "Le Plessis Chênet",
        "type": "ter"
      }
    },
    {
      "type": "Feature",
      "geometry": {
        "type": "Point",
        "coordinates": [
          -0.4964118,
          44.9289345
        ]
      },
      "properties": {
        "operateur": "SNCF Gares & Connexions",
        "name": "La Gorp",
        "official_name": "La Gorp",
        "type": "ter"
      }
    },
    {
      "type": "Feature",
      "geometry": {
        "type": "Point",
        "coordinates": [
          2.3622939,
          48.9179282
        ]
      },
      "properties": {
        "operateur": "SNCF Gares & Connexions",
        "name": "La Plaine - Stade de France",
        "official_name": "La Plaine Stade de France",
        "type": "ter"
      }
    },
    {
      "type": "Feature",
      "geometry": {
        "type": "Point",
        "coordinates": [
          1.2759922,
          43.865436
        ]
      },
      "properties": {
        "operateur": "",
        "name": "Dieupentale",
        "official_name": "Dieupentale",
        "type": "ter"
      }
    },
    {
      "type": "Feature",
      "geometry": {
        "type": "Point",
        "coordinates": [
          7.2451272,
          43.702986
        ]
      },
      "properties": {
        "operateur": "Régie Régionale des Transports",
        "name": "Saint-Philippe",
        "type": "ter"
      }
    },
    {
      "type": "Feature",
      "geometry": {
        "type": "Point",
        "coordinates": [
          6.7187595,
          48.2048775
        ]
      },
      "properties": {
        "operateur": "SNCF Gares & Connexions",
        "name": "Bruyères",
        "type": "ter"
      }
    },
    {
      "type": "Feature",
      "geometry": {
        "type": "Point",
        "coordinates": [
          6.5282465,
          48.1199262
        ]
      },
      "properties": {
        "operateur": "SNCF Gares & Connexions",
        "name": "Arches",
        "official_name": "Arches",
        "type": "ter"
      }
    },
    {
      "type": "Feature",
      "geometry": {
        "type": "Point",
        "coordinates": [
          2.429261,
          48.845439
        ]
      },
      "properties": {
        "operateur": "",
        "name": "Bérault",
        "type": "ter"
      }
    },
    {
      "type": "Feature",
      "geometry": {
        "type": "Point",
        "coordinates": [
          2.408086,
          48.8473367
        ]
      },
      "properties": {
        "operateur": "",
        "name": "Porte de Vincennes",
        "type": "ter"
      }
    },
    {
      "type": "Feature",
      "geometry": {
        "type": "Point",
        "coordinates": [
          1.7690042,
          50.4663687
        ]
      },
      "properties": {
        "operateur": "SNCF Gares & Connexions",
        "name": "Montreuil-sur-Mer",
        "official_name": "Montreuil (Pas-de-Calais)",
        "type": "ter"
      }
    },
    {
      "type": "Feature",
      "geometry": {
        "type": "Point",
        "coordinates": [
          1.8954112,
          50.4228683
        ]
      },
      "properties": {
        "operateur": "SNCF Gares & Connexions",
        "name": "Beaurainville",
        "official_name": "Beaurainville",
        "type": "ter"
      }
    },
    {
      "type": "Feature",
      "geometry": {
        "type": "Point",
        "coordinates": [
          6.2222464,
          49.0738309
        ]
      },
      "properties": {
        "operateur": "SNCF Gares & Connexions",
        "name": "Peltre",
        "official_name": "Peltre",
        "type": "ter"
      }
    },
    {
      "type": "Feature",
      "geometry": {
        "type": "Point",
        "coordinates": [
          -1.8651876,
          47.1057842
        ]
      },
      "properties": {
        "operateur": "SNCF Gares & Connexions",
        "name": "Saint-Hilaire-de-Chaléons",
        "type": "ter"
      }
    },
    {
      "type": "Feature",
      "geometry": {
        "type": "Point",
        "coordinates": [
          2.0691391,
          48.8724845
        ]
      },
      "properties": {
        "operateur": "SNCF Gares & Connexions",
        "name": "L'Étang - Les Sablons",
        "type": "ter"
      }
    },
    {
      "type": "Feature",
      "geometry": {
        "type": "Point",
        "coordinates": [
          -0.4939781,
          44.897798
        ]
      },
      "properties": {
        "operateur": "SNCF",
        "name": "Sainte-Eulalie - Carbon-Blanc",
        "official_name": "Sainte-Eulalie - Carbon-Blanc",
        "type": "ter"
      }
    },
    {
      "type": "Feature",
      "geometry": {
        "type": "Point",
        "coordinates": [
          -3.5530139,
          47.8694696
        ]
      },
      "properties": {
        "operateur": "SNCF Gares & Connexions",
        "name": "Quimperlé",
        "official_name": "Quimperlé",
        "type": "ter"
      }
    },
    {
      "type": "Feature",
      "geometry": {
        "type": "Point",
        "coordinates": [
          -1.8432766,
          48.5936849
        ]
      },
      "properties": {
        "operateur": "SNCF Gares & Connexions",
        "name": "La Fresnais",
        "official_name": "La Fresnais",
        "type": "ter"
      }
    },
    {
      "type": "Feature",
      "geometry": {
        "type": "Point",
        "coordinates": [
          -0.476784,
          48.1574401
        ]
      },
      "properties": {
        "operateur": "SNCF Gares & Connexions",
        "name": "Neau",
        "official_name": "Neau",
        "type": "ter"
      }
    },
    {
      "type": "Feature",
      "geometry": {
        "type": "Point",
        "coordinates": [
          -2.0042138,
          48.496104
        ]
      },
      "properties": {
        "operateur": "",
        "name": "La Hisse",
        "official_name": "La Hisse",
        "type": "ter"
      }
    },
    {
      "type": "Feature",
      "geometry": {
        "type": "Point",
        "coordinates": [
          -1.9148958,
          48.5314643
        ]
      },
      "properties": {
        "operateur": "SNCF Gares & Connexions",
        "name": "Miniac",
        "official_name": "Miniac",
        "type": "ter"
      }
    },
    {
      "type": "Feature",
      "geometry": {
        "type": "Point",
        "coordinates": [
          1.8334782,
          42.724926
        ]
      },
      "properties": {
        "operateur": "SNCF Gares & Connexions",
        "name": "Ax-les-Thermes",
        "official_name": "Ax-les-Thermes",
        "type": "ter"
      }
    },
    {
      "type": "Feature",
      "geometry": {
        "type": "Point",
        "coordinates": [
          4.3266324,
          45.9709244
        ]
      },
      "properties": {
        "operateur": "SNCF Gares & Connexions",
        "name": "Amplepuis",
        "official_name": "Amplepuis",
        "type": "ter"
      }
    },
    {
      "type": "Feature",
      "geometry": {
        "type": "Point",
        "coordinates": [
          4.2812176,
          46.0023372
        ]
      },
      "properties": {
        "operateur": "SNCF Gares & Connexions",
        "name": "Saint-Victor - Thizy",
        "official_name": "Saint-Victor - Thizy",
        "type": "ter"
      }
    },
    {
      "type": "Feature",
      "geometry": {
        "type": "Point",
        "coordinates": [
          3.0201808,
          50.5154152
        ]
      },
      "properties": {
        "operateur": "SNCF Gares & Connexions",
        "name": "Phalempin",
        "official_name": "Phalempin",
        "type": "ter"
      }
    },
    {
      "type": "Feature",
      "geometry": {
        "type": "Point",
        "coordinates": [
          6.9326668,
          46.0324757
        ]
      },
      "properties": {
        "operateur": "SNCF Gares & Connexions",
        "name": "Vallorcine",
        "official_name": "Vallorcine",
        "type": "ter"
      }
    },
    {
      "type": "Feature",
      "geometry": {
        "type": "Point",
        "coordinates": [
          -0.6274696,
          44.8427995
        ]
      },
      "properties": {
        "operateur": "SNCF Gares & Connexions",
        "name": "Caudéran-Mérignac",
        "official_name": "Caudéran - Mérignac",
        "type": "ter"
      }
    },
    {
      "type": "Feature",
      "geometry": {
        "type": "Point",
        "coordinates": [
          -0.6237518,
          44.9175914
        ]
      },
      "properties": {
        "operateur": "",
        "name": "Blanquefort",
        "official_name": "Blanquefort",
        "type": "ter"
      }
    },
    {
      "type": "Feature",
      "geometry": {
        "type": "Point",
        "coordinates": [
          -1.0690829,
          44.6406064
        ]
      },
      "properties": {
        "operateur": "SNCF Gares & Connexions",
        "name": "Gujan-Mestras",
        "official_name": "Gujan-Mestras",
        "type": "ter"
      }
    },
    {
      "type": "Feature",
      "geometry": {
        "type": "Point",
        "coordinates": [
          -0.966178,
          44.6372409
        ]
      },
      "properties": {
        "operateur": "SNCF Gares & Connexions",
        "name": "Facture-Biganos",
        "official_name": "Biganos Facture",
        "type": "ter"
      }
    },
    {
      "type": "Feature",
      "geometry": {
        "type": "Point",
        "coordinates": [
          -0.8537008,
          44.690421
        ]
      },
      "properties": {
        "operateur": "SNCF Gares & Connexions",
        "name": "Marcheprime",
        "official_name": "Marcheprime",
        "type": "ter"
      }
    },
    {
      "type": "Feature",
      "geometry": {
        "type": "Point",
        "coordinates": [
          -0.6595812,
          44.7934479
        ]
      },
      "properties": {
        "operateur": "SNCF Gares & Connexions",
        "name": "Pessac-Alouette",
        "official_name": "Pessac Alouette",
        "type": "ter"
      }
    },
    {
      "type": "Feature",
      "geometry": {
        "type": "Point",
        "coordinates": [
          -0.6993585,
          44.7720419
        ]
      },
      "properties": {
        "operateur": "SNCF Gares & Connexions",
        "name": "Gazinet-Cestas",
        "official_name": "Gazinet Cestas",
        "type": "ter"
      }
    },
    {
      "type": "Feature",
      "geometry": {
        "type": "Point",
        "coordinates": [
          -1.6343081,
          48.1814287
        ]
      },
      "properties": {
        "operateur": "SNCF Gares & Connexions",
        "name": "Betton",
        "official_name": "Betton",
        "type": "ter"
      }
    },
    {
      "type": "Feature",
      "geometry": {
        "type": "Point",
        "coordinates": [
          -1.4051196,
          48.1061895
        ]
      },
      "properties": {
        "operateur": "SNCF Gares & Connexions",
        "name": "Châteaubourg",
        "official_name": "Châteaubourg",
        "type": "ter"
      }
    },
    {
      "type": "Feature",
      "geometry": {
        "type": "Point",
        "coordinates": [
          -1.9488253,
          48.1389538
        ]
      },
      "properties": {
        "operateur": "SNCF Gares & Connexions",
        "name": "Montfort-sur-Meu",
        "official_name": "Montfort-sur-Meu",
        "type": "ter"
      }
    },
    {
      "type": "Feature",
      "geometry": {
        "type": "Point",
        "coordinates": [
          -2.0535367,
          48.4568951
        ]
      },
      "properties": {
        "operateur": "SNCF Gares & Connexions",
        "name": "Dinan",
        "official_name": "Dinan",
        "type": "ter"
      }
    },
    {
      "type": "Feature",
      "geometry": {
        "type": "Point",
        "coordinates": [
          3.1682172,
          50.7164853
        ]
      },
      "properties": {
        "operateur": "",
        "name": "Tourcoing",
        "official_name": "Tourcoing",
        "type": "ter"
      }
    },
    {
      "type": "Feature",
      "geometry": {
        "type": "Point",
        "coordinates": [
          1.6005962,
          45.0379199
        ]
      },
      "properties": {
        "operateur": "SNCF Gares & Connexions",
        "name": "Turenne",
        "official_name": "Turenne",
        "type": "ter"
      }
    },
    {
      "type": "Feature",
      "geometry": {
        "type": "Point",
        "coordinates": [
          4.2072019,
          43.9759411
        ]
      },
      "properties": {
        "operateur": "SNCF Gares & Connexions",
        "name": "Nozières - Brignon",
        "official_name": "Nozières - Brignon",
        "type": "ter"
      }
    },
    {
      "type": "Feature",
      "geometry": {
        "type": "Point",
        "coordinates": [
          7.2596054,
          43.7089508
        ]
      },
      "properties": {
        "operateur": "Régie Régionale des Transports",
        "name": "Nice - CP",
        "type": "ter"
      }
    },
    {
      "type": "Feature",
      "geometry": {
        "type": "Point",
        "coordinates": [
          1.2148401,
          44.035519
        ]
      },
      "properties": {
        "operateur": "SNCF Gares & Connexions",
        "name": "La Ville-Dieu",
        "official_name": "Lavilledieu",
        "type": "ter"
      }
    },
    {
      "type": "Feature",
      "geometry": {
        "type": "Point",
        "coordinates": [
          0.2186164,
          47.2512741
        ]
      },
      "properties": {
        "operateur": "SNCF Gares & Connexions",
        "name": "La Chapelle-sur-Loire",
        "official_name": "La Chapelle-sur-Loire",
        "type": "ter"
      }
    },
    {
      "type": "Feature",
      "geometry": {
        "type": "Point",
        "coordinates": [
          2.2655239,
          44.9203251
        ]
      },
      "properties": {
        "operateur": "SNCF Gares & Connexions",
        "name": "Lacapelle-Viescamp",
        "official_name": "Lacapelle-Viescamp",
        "type": "ter"
      }
    },
    {
      "type": "Feature",
      "geometry": {
        "type": "Point",
        "coordinates": [
          1.9315501,
          44.9511909
        ]
      },
      "properties": {
        "operateur": "SNCF Gares & Connexions",
        "name": "Laval-de-Cère",
        "official_name": "Laval-de-Cère",
        "type": "ter"
      }
    },
    {
      "type": "Feature",
      "geometry": {
        "type": "Point",
        "coordinates": [
          1.7063574,
          44.950178
        ]
      },
      "properties": {
        "operateur": "SNCF Gares & Connexions",
        "name": "Vayrac",
        "official_name": "Vayrac",
        "type": "ter"
      }
    },
    {
      "type": "Feature",
      "geometry": {
        "type": "Point",
        "coordinates": [
          1.7841148,
          44.9216242
        ]
      },
      "properties": {
        "operateur": "SNCF Gares & Connexions",
        "name": "Puybrun",
        "official_name": "Puybrun",
        "type": "ter"
      }
    },
    {
      "type": "Feature",
      "geometry": {
        "type": "Point",
        "coordinates": [
          3.5005787,
          45.2101845
        ]
      },
      "properties": {
        "operateur": "SNCF Gares & Connexions",
        "name": "Paulhaguet",
        "official_name": "Paulhaguet",
        "type": "ter"
      }
    },
    {
      "type": "Feature",
      "geometry": {
        "type": "Point",
        "coordinates": [
          3.7365186,
          45.1421387
        ]
      },
      "properties": {
        "operateur": "SNCF Gares & Connexions",
        "name": "Darsac",
        "official_name": "Darsac",
        "type": "ter"
      }
    },
    {
      "type": "Feature",
      "geometry": {
        "type": "Point",
        "coordinates": [
          3.610419,
          45.1228351
        ]
      },
      "properties": {
        "operateur": "SNCF Gares & Connexions",
        "name": "Lachaud-Curmilhac",
        "official_name": "Lachaud-Curmilhac",
        "type": "ter"
      }
    },
    {
      "type": "Feature",
      "geometry": {
        "type": "Point",
        "coordinates": [
          3.2069361,
          45.6649427
        ]
      },
      "properties": {
        "operateur": "",
        "name": "Vic-le-Comte",
        "official_name": "Vic-le-Comte",
        "type": "ter"
      }
    },
    {
      "type": "Feature",
      "geometry": {
        "type": "Point",
        "coordinates": [
          3.1933151,
          45.6882572
        ]
      },
      "properties": {
        "operateur": "",
        "name": "Les Martres-de-Veyre",
        "official_name": "Les Martres-de-Veyre",
        "type": "ter"
      }
    },
    {
      "type": "Feature",
      "geometry": {
        "type": "Point",
        "coordinates": [
          4.9941856,
          44.0373702
        ]
      },
      "properties": {
        "operateur": "SNCF Gares & Connexions",
        "name": "Monteux",
        "official_name": "Monteux",
        "type": "ter"
      }
    },
    {
      "type": "Feature",
      "geometry": {
        "type": "Point",
        "coordinates": [
          0.373028,
          46.65177
        ]
      },
      "properties": {
        "operateur": "SNCF Gares & Connexions",
        "name": "Chasseneuil-du-Poitou",
        "official_name": "Chasseneuil-du-Poitou",
        "type": "ter"
      }
    },
    {
      "type": "Feature",
      "geometry": {
        "type": "Point",
        "coordinates": [
          3.9054962,
          45.1214039
        ]
      },
      "properties": {
        "operateur": "SNCF Gares & Connexions",
        "name": "Lavoûte-sur-Loire",
        "official_name": "Lavoûte-sur-Loire",
        "type": "ter"
      }
    },
    {
      "type": "Feature",
      "geometry": {
        "type": "Point",
        "coordinates": [
          3.0404945,
          50.3428539
        ]
      },
      "properties": {
        "operateur": "SNCF Gares & Connexions",
        "name": "Corbehem",
        "official_name": "Corbehem",
        "type": "ter"
      }
    },
    {
      "type": "Feature",
      "geometry": {
        "type": "Point",
        "coordinates": [
          -3.1759085,
          48.22665
        ]
      },
      "properties": {
        "operateur": "",
        "name": "Gouarec",
        "type": "ter"
      }
    },
    {
      "type": "Feature",
      "geometry": {
        "type": "Point",
        "coordinates": [
          -3.1310436,
          48.2149452
        ]
      },
      "properties": {
        "operateur": "",
        "name": "Bon Repos",
        "type": "ter"
      }
    },
    {
      "type": "Feature",
      "geometry": {
        "type": "Point",
        "coordinates": [
          4.8292821,
          45.8487043
        ]
      },
      "properties": {
        "operateur": "SNCF Gares & Connexions",
        "name": "Couzon-au-Mont-d'Or",
        "official_name": "Couzon-au-Mont-d'Or",
        "type": "ter"
      }
    },
    {
      "type": "Feature",
      "geometry": {
        "type": "Point",
        "coordinates": [
          4.7183812,
          45.8592594
        ]
      },
      "properties": {
        "operateur": "SNCF Gares & Connexions",
        "name": "Civrieux d'Azergues",
        "official_name": "Civrieux-d'Azergues",
        "type": "ter"
      }
    },
    {
      "type": "Feature",
      "geometry": {
        "type": "Point",
        "coordinates": [
          3.1497435,
          43.6086201
        ]
      },
      "properties": {
        "operateur": "SNCF Gares & Connexions",
        "name": "Bédarieux",
        "official_name": "Bédarieux",
        "type": "ter"
      }
    },
    {
      "type": "Feature",
      "geometry": {
        "type": "Point",
        "coordinates": [
          3.0166443,
          43.970018
        ]
      },
      "properties": {
        "operateur": "SNCF Gares & Connexions",
        "name": "Tournemire - Roquefort",
        "official_name": "Tournemire - Roquefort",
        "type": "ter"
      }
    },
    {
      "type": "Feature",
      "geometry": {
        "type": "Point",
        "coordinates": [
          3.5020282,
          44.5222394
        ]
      },
      "properties": {
        "operateur": "SNCF Gares & Connexions",
        "name": "Mende",
        "official_name": "Mende",
        "type": "ter"
      }
    },
    {
      "type": "Feature",
      "geometry": {
        "type": "Point",
        "coordinates": [
          3.9114218,
          45.1829129
        ]
      },
      "properties": {
        "operateur": "SNCF Gares & Connexions",
        "name": "Vorey",
        "official_name": "Vorey",
        "type": "ter"
      }
    },
    {
      "type": "Feature",
      "geometry": {
        "type": "Point",
        "coordinates": [
          4.0361055,
          45.2012514
        ]
      },
      "properties": {
        "operateur": "SNCF Gares & Connexions",
        "name": "Retournac",
        "official_name": "Retournac",
        "type": "ter"
      }
    },
    {
      "type": "Feature",
      "geometry": {
        "type": "Point",
        "coordinates": [
          4.1983698,
          45.3711445
        ]
      },
      "properties": {
        "operateur": "SNCF Gares & Connexions",
        "name": "Aurec",
        "official_name": "Aurec",
        "type": "ter"
      }
    },
    {
      "type": "Feature",
      "geometry": {
        "type": "Point",
        "coordinates": [
          1.1456798,
          45.7964764
        ]
      },
      "properties": {
        "operateur": "SNCF Gares & Connexions",
        "name": "Aixe-sur-Vienne",
        "official_name": "Aixe-sur-Vienne",
        "type": "ter"
      }
    },
    {
      "type": "Feature",
      "geometry": {
        "type": "Point",
        "coordinates": [
          1.0261531,
          45.607648
        ]
      },
      "properties": {
        "operateur": "SNCF Gares & Connexions",
        "name": "Bussière-Galant",
        "official_name": "Bussière-Galant",
        "type": "ter"
      }
    },
    {
      "type": "Feature",
      "geometry": {
        "type": "Point",
        "coordinates": [
          2.4858285,
          42.6427724
        ]
      },
      "properties": {
        "operateur": "SNCF Gares & Connexions",
        "name": "Marquixanes",
        "official_name": "Marquixanes",
        "type": "ter"
      }
    },
    {
      "type": "Feature",
      "geometry": {
        "type": "Point",
        "coordinates": [
          2.5276073,
          42.6481528
        ]
      },
      "properties": {
        "operateur": "SNCF Gares & Connexions",
        "name": "Vinça",
        "official_name": "Vinça",
        "type": "ter"
      }
    },
    {
      "type": "Feature",
      "geometry": {
        "type": "Point",
        "coordinates": [
          4.7783989,
          45.9069605
        ]
      },
      "properties": {
        "operateur": "SNCF Gares & Connexions",
        "name": "Quincieux",
        "official_name": "Quincieux",
        "type": "ter"
      }
    },
    {
      "type": "Feature",
      "geometry": {
        "type": "Point",
        "coordinates": [
          1.3383879,
          48.073417
        ]
      },
      "properties": {
        "operateur": "SNCF Gares & Connexions",
        "name": "Châteaudun",
        "official_name": "Châteaudun",
        "type": "ter"
      }
    },
    {
      "type": "Feature",
      "geometry": {
        "type": "Point",
        "coordinates": [
          1.2434253,
          47.9921268
        ]
      },
      "properties": {
        "operateur": "SNCF Gares & Connexions",
        "name": "Cloyes-sur-le-Loir",
        "official_name": "Cloyes",
        "type": "ter"
      }
    },
    {
      "type": "Feature",
      "geometry": {
        "type": "Point",
        "coordinates": [
          1.7852649,
          50.8730127
        ]
      },
      "properties": {
        "operateur": "SNCF Gares & Connexions",
        "name": "Pihen",
        "official_name": "Pihen",
        "type": "ter"
      }
    },
    {
      "type": "Feature",
      "geometry": {
        "type": "Point",
        "coordinates": [
          1.7721973,
          50.8163381
        ]
      },
      "properties": {
        "operateur": "SNCF Gares & Connexions",
        "name": "Le Haut Banc",
        "official_name": "Le Haut Banc",
        "type": "ter"
      }
    },
    {
      "type": "Feature",
      "geometry": {
        "type": "Point",
        "coordinates": [
          2.0231521,
          50.8829713
        ]
      },
      "properties": {
        "operateur": "SNCF Gares & Connexions",
        "name": "Nortkerque",
        "official_name": "Nortkerque",
        "type": "ter"
      }
    },
    {
      "type": "Feature",
      "geometry": {
        "type": "Point",
        "coordinates": [
          5.0401037,
          43.5511053
        ]
      },
      "properties": {
        "operateur": "SNCF Gares & Connexions",
        "name": "Saint-Chamas",
        "official_name": "Saint-Chamas",
        "type": "ter"
      }
    },
    {
      "type": "Feature",
      "geometry": {
        "type": "Point",
        "coordinates": [
          5.2570243,
          43.3401363
        ]
      },
      "properties": {
        "operateur": "SNCF Gares & Connexions",
        "name": "Niolon",
        "official_name": "Niolon",
        "type": "ter"
      }
    },
    {
      "type": "Feature",
      "geometry": {
        "type": "Point",
        "coordinates": [
          2.1132183,
          42.5020571
        ]
      },
      "properties": {
        "operateur": "SNCF Gares & Connexions",
        "name": "Mont-Louis - La Cabanasse",
        "official_name": "Mont-Louis - La Cabanasse",
        "type": "ter"
      }
    },
    {
      "type": "Feature",
      "geometry": {
        "type": "Point",
        "coordinates": [
          1.8121621,
          50.849691
        ]
      },
      "properties": {
        "operateur": "SNCF Gares & Connexions",
        "name": "Caffiers",
        "official_name": "Caffiers",
        "type": "ter"
      }
    },
    {
      "type": "Feature",
      "geometry": {
        "type": "Point",
        "coordinates": [
          2.3714241,
          50.7320319
        ]
      },
      "properties": {
        "operateur": "SNCF Gares & Connexions",
        "name": "Renescure",
        "official_name": "Renescure",
        "type": "ter"
      }
    },
    {
      "type": "Feature",
      "geometry": {
        "type": "Point",
        "coordinates": [
          2.8410047,
          50.335122
        ]
      },
      "properties": {
        "operateur": "SNCF Gares & Connexions",
        "name": "Bailleul-Sir-Berthoult",
        "official_name": "Bailleul-Sir-Berthoult",
        "type": "ter"
      }
    },
    {
      "type": "Feature",
      "geometry": {
        "type": "Point",
        "coordinates": [
          2.4092284,
          50.7306703
        ]
      },
      "properties": {
        "operateur": "SNCF Gares & Connexions",
        "name": "Ebblinghem",
        "official_name": "Ebblinghem",
        "type": "ter"
      }
    },
    {
      "type": "Feature",
      "geometry": {
        "type": "Point",
        "coordinates": [
          2.6310647,
          50.7134992
        ]
      },
      "properties": {
        "operateur": "SNCF Gares & Connexions",
        "name": "Strazeele",
        "official_name": "Strazeele",
        "type": "ter"
      }
    },
    {
      "type": "Feature",
      "geometry": {
        "type": "Point",
        "coordinates": [
          1.6092935,
          50.7273392
        ]
      },
      "properties": {
        "operateur": "SNCF Gares & Connexions",
        "name": "Boulogne - Tintelleries",
        "official_name": "Boulogne Tintelleries",
        "type": "ter"
      }
    },
    {
      "type": "Feature",
      "geometry": {
        "type": "Point",
        "coordinates": [
          3.9139118,
          50.1320049
        ]
      },
      "properties": {
        "operateur": "SNCF Gares & Connexions",
        "name": "Saint-Hilaire",
        "official_name": "Saint-Hilaire",
        "type": "ter"
      }
    },
    {
      "type": "Feature",
      "geometry": {
        "type": "Point",
        "coordinates": [
          2.5210944,
          49.2983913
        ]
      },
      "properties": {
        "operateur": "SNCF Gares & Connexions",
        "name": "Rieux - Angicourt",
        "official_name": "Rieux - Angicourt",
        "type": "ter"
      }
    },
    {
      "type": "Feature",
      "geometry": {
        "type": "Point",
        "coordinates": [
          3.8366209,
          50.1845525
        ]
      },
      "properties": {
        "operateur": "SNCF Gares & Connexions",
        "name": "Leval",
        "official_name": "Leval",
        "type": "ter"
      }
    },
    {
      "type": "Feature",
      "geometry": {
        "type": "Point",
        "coordinates": [
          2.5825166,
          49.8531479
        ]
      },
      "properties": {
        "operateur": "SNCF Gares & Connexions",
        "name": "Marcelcave",
        "official_name": "Marcelcave",
        "type": "ter"
      }
    },
    {
      "type": "Feature",
      "geometry": {
        "type": "Point",
        "coordinates": [
          2.2417293,
          49.3544497
        ]
      },
      "properties": {
        "operateur": "SNCF Gares & Connexions",
        "name": "Hermes - Berthecourt",
        "official_name": "Hermes - Berthecourt",
        "type": "ter"
      }
    },
    {
      "type": "Feature",
      "geometry": {
        "type": "Point",
        "coordinates": [
          2.3844964,
          49.6264292
        ]
      },
      "properties": {
        "operateur": "SNCF Gares & Connexions",
        "name": "Breteuil-Embranchement",
        "official_name": "Breteuil",
        "type": "ter"
      }
    },
    {
      "type": "Feature",
      "geometry": {
        "type": "Point",
        "coordinates": [
          2.3640001,
          49.7545163
        ]
      },
      "properties": {
        "operateur": "SNCF Gares & Connexions",
        "name": "Ailly-sur-Noye",
        "official_name": "Ailly-sur-Noye",
        "type": "ter"
      }
    },
    {
      "type": "Feature",
      "geometry": {
        "type": "Point",
        "coordinates": [
          2.3486009,
          49.6965179
        ]
      },
      "properties": {
        "operateur": "SNCF Gares & Connexions",
        "name": "La Faloise",
        "official_name": "La Faloise",
        "type": "ter"
      }
    },
    {
      "type": "Feature",
      "geometry": {
        "type": "Point",
        "coordinates": [
          2.4370285,
          49.5723408
        ]
      },
      "properties": {
        "operateur": "SNCF Gares & Connexions",
        "name": "Gannes",
        "official_name": "Gannes",
        "type": "ter"
      }
    },
    {
      "type": "Feature",
      "geometry": {
        "type": "Point",
        "coordinates": [
          2.4258804,
          49.4681462
        ]
      },
      "properties": {
        "operateur": "SNCF Gares & Connexions",
        "name": "Saint-Remy-en-l'Eau",
        "official_name": "Saint-Remy-en-l'Eau",
        "type": "ter"
      }
    },
    {
      "type": "Feature",
      "geometry": {
        "type": "Point",
        "coordinates": [
          2.4179848,
          49.4446473
        ]
      },
      "properties": {
        "operateur": "SNCF Gares & Connexions",
        "name": "Avrechy",
        "official_name": "Avrechy",
        "type": "ter"
      }
    },
    {
      "type": "Feature",
      "geometry": {
        "type": "Point",
        "coordinates": [
          2.4256447,
          50.9689717
        ]
      },
      "properties": {
        "operateur": "SNCF Gares & Connexions",
        "name": "Bergues",
        "official_name": "Bergues",
        "type": "ter"
      }
    },
    {
      "type": "Feature",
      "geometry": {
        "type": "Point",
        "coordinates": [
          2.194364,
          50.9524005
        ]
      },
      "properties": {
        "operateur": "SNCF Gares & Connexions",
        "name": "Bourbourg",
        "official_name": "Bourbourg",
        "type": "ter"
      }
    },
    {
      "type": "Feature",
      "geometry": {
        "type": "Point",
        "coordinates": [
          5.3032121,
          46.0957525
        ]
      },
      "properties": {
        "operateur": "SNCF Gares & Connexions",
        "name": "Saint-Martin-du-Mont",
        "official_name": "Saint-Martin-du-Mont",
        "type": "ter"
      }
    },
    {
      "type": "Feature",
      "geometry": {
        "type": "Point",
        "coordinates": [
          2.1729494,
          49.3984016
        ]
      },
      "properties": {
        "operateur": "SNCF Gares & Connexions",
        "name": "Rochy-Condé",
        "official_name": "Rochy-Condé",
        "type": "ter"
      }
    },
    {
      "type": "Feature",
      "geometry": {
        "type": "Point",
        "coordinates": [
          2.2003303,
          49.3815268
        ]
      },
      "properties": {
        "operateur": "SNCF Gares & Connexions",
        "name": "Montreuil-sur-Thérain",
        "official_name": "Montreuil-sur-Thérain",
        "type": "ter"
      }
    },
    {
      "type": "Feature",
      "geometry": {
        "type": "Point",
        "coordinates": [
          2.3265688,
          49.320521
        ]
      },
      "properties": {
        "operateur": "SNCF Gares & Connexions",
        "name": "Mouy - Bury",
        "official_name": "Mouy - Bury",
        "type": "ter"
      }
    },
    {
      "type": "Feature",
      "geometry": {
        "type": "Point",
        "coordinates": [
          2.6828221,
          49.3373089
        ]
      },
      "properties": {
        "operateur": "SNCF Gares & Connexions",
        "name": "Chevrières",
        "official_name": "Chevrières",
        "type": "ter"
      }
    },
    {
      "type": "Feature",
      "geometry": {
        "type": "Point",
        "coordinates": [
          2.7176407,
          49.3425566
        ]
      },
      "properties": {
        "operateur": "SNCF Gares & Connexions",
        "name": "Longueil-Sainte-Marie",
        "official_name": "Longueil-Sainte-Marie",
        "type": "ter"
      }
    },
    {
      "type": "Feature",
      "geometry": {
        "type": "Point",
        "coordinates": [
          2.7532844,
          49.3594256
        ]
      },
      "properties": {
        "operateur": "SNCF Gares & Connexions",
        "name": "Le Meux - Lacroix-Saint-Ouen",
        "official_name": "Le Meux - Lacroix-Saint-Ouen",
        "type": "ter"
      }
    },
    {
      "type": "Feature",
      "geometry": {
        "type": "Point",
        "coordinates": [
          2.7773294,
          49.3868241
        ]
      },
      "properties": {
        "operateur": "SNCF Gares & Connexions",
        "name": "Jaux",
        "official_name": "Jaux",
        "type": "ter"
      }
    },
    {
      "type": "Feature",
      "geometry": {
        "type": "Point",
        "coordinates": [
          3.2775582,
          49.2910572
        ]
      },
      "properties": {
        "operateur": "SNCF Gares & Connexions",
        "name": "Vierzy",
        "official_name": "Vierzy",
        "type": "ter"
      }
    },
    {
      "type": "Feature",
      "geometry": {
        "type": "Point",
        "coordinates": [
          3.2299868,
          49.2725929
        ]
      },
      "properties": {
        "operateur": "SNCF Gares & Connexions",
        "name": "Longpont",
        "official_name": "Longpont",
        "type": "ter"
      }
    },
    {
      "type": "Feature",
      "geometry": {
        "type": "Point",
        "coordinates": [
          3.2158114,
          49.2551493
        ]
      },
      "properties": {
        "operateur": "SNCF Gares & Connexions",
        "name": "Corcy",
        "official_name": "Corcy",
        "type": "ter"
      }
    },
    {
      "type": "Feature",
      "geometry": {
        "type": "Point",
        "coordinates": [
          3.0938506,
          49.250125
        ]
      },
      "properties": {
        "operateur": "SNCF Gares & Connexions",
        "name": "Villers-Cotterêts",
        "official_name": "Villers-Cotterêts",
        "type": "ter"
      }
    },
    {
      "type": "Feature",
      "geometry": {
        "type": "Point",
        "coordinates": [
          0.5724091,
          48.1221504
        ]
      },
      "properties": {
        "operateur": "SNCF Gares & Connexions",
        "name": "Sceaux - Boëssé",
        "official_name": "Sceaux - Boëssé-le-Sec",
        "type": "ter"
      }
    },
    {
      "type": "Feature",
      "geometry": {
        "type": "Point",
        "coordinates": [
          2.0785753,
          48.8147704
        ]
      },
      "properties": {
        "operateur": "SNCF Gares & Connexions",
        "name": "Allée Royale",
        "type": "ter"
      }
    },
    {
      "type": "Feature",
      "geometry": {
        "type": "Point",
        "coordinates": [
          2.0771995,
          48.8063699
        ]
      },
      "properties": {
        "operateur": "SNCF Gares & Connexions",
        "name": "Les Portes de Saint-Cyr",
        "type": "ter"
      }
    },
    {
      "type": "Feature",
      "geometry": {
        "type": "Point",
        "coordinates": [
          5.1789222,
          43.5010572
        ]
      },
      "properties": {
        "operateur": "SNCF Gares & Connexions",
        "name": "Berre",
        "type": "ter"
      }
    },
    {
      "type": "Feature",
      "geometry": {
        "type": "Point",
        "coordinates": [
          2.4389122,
          48.8445832
        ]
      },
      "properties": {
        "operateur": "RATP",
        "name": "Château de Vincennes",
        "type": "ter"
      }
    },
    {
      "type": "Feature",
      "geometry": {
        "type": "Point",
        "coordinates": [
          3.2413055,
          50.1766932
        ]
      },
      "properties": {
        "operateur": "SNCF Gares & Connexions",
        "name": "Cambrai",
        "official_name": "Gare de Cambrai",
        "type": "ter"
      }
    },
    {
      "type": "Feature",
      "geometry": {
        "type": "Point",
        "coordinates": [
          -1.7277174,
          48.4161835
        ]
      },
      "properties": {
        "operateur": "SNCF Gares & Connexions",
        "name": "Combourg",
        "official_name": "Combourg",
        "type": "ter"
      }
    },
    {
      "type": "Feature",
      "geometry": {
        "type": "Point",
        "coordinates": [
          -1.685983,
          48.3507721
        ]
      },
      "properties": {
        "operateur": "SNCF Gares & Connexions",
        "name": "Dingé",
        "official_name": "Dingé",
        "type": "ter"
      }
    },
    {
      "type": "Feature",
      "geometry": {
        "type": "Point",
        "coordinates": [
          -1.1283581,
          46.1275818
        ]
      },
      "properties": {
        "operateur": "SNCF Gares & Connexions",
        "name": "Aytré Plage",
        "official_name": "Aytré Plage",
        "type": "ter"
      }
    },
    {
      "type": "Feature",
      "geometry": {
        "type": "Point",
        "coordinates": [
          -1.1156206,
          46.1078633
        ]
      },
      "properties": {
        "operateur": "SNCF Gares & Connexions",
        "name": "Angoulins sur Mer",
        "official_name": "Angoulins sur Mer",
        "type": "ter"
      }
    },
    {
      "type": "Feature",
      "geometry": {
        "type": "Point",
        "coordinates": [
          3.3941793,
          46.3154914
        ]
      },
      "properties": {
        "operateur": "SNCF Gares & Connexions",
        "name": "Varennes-sur-Allier",
        "official_name": "Varennes-sur-Allier",
        "type": "ter"
      }
    },
    {
      "type": "Feature",
      "geometry": {
        "type": "Point",
        "coordinates": [
          1.7411821,
          45.7398075
        ]
      },
      "properties": {
        "operateur": "SNCF Gares & Connexions",
        "name": "Eymoutiers",
        "official_name": "Eymoutiers Vassivière",
        "type": "ter"
      }
    },
    {
      "type": "Feature",
      "geometry": {
        "type": "Point",
        "coordinates": [
          5.0758051,
          45.7210285
        ]
      },
      "properties": {
        "operateur": "SNCF Gares & Connexions",
        "name": "Lyon-Saint-Exupéry TGV",
        "official_name": "Lyon Saint-Exupéry TGV",
        "type": "ter"
      }
    },
    {
      "type": "Feature",
      "geometry": {
        "type": "Point",
        "coordinates": [
          4.978434,
          44.9919317
        ]
      },
      "properties": {
        "operateur": "SNCF Gares & Connexions",
        "name": "Valence TGV Sud Rhône-Alpes",
        "official_name": "Valence TGV Rhône-Alpes Sud",
        "type": "ter"
      }
    },
    {
      "type": "Feature",
      "geometry": {
        "type": "Point",
        "coordinates": [
          5.5663993,
          43.2962054
        ]
      },
      "properties": {
        "operateur": "SNCF Gares & Connexions",
        "name": "Aubagne",
        "official_name": "Aubagne",
        "type": "ter"
      }
    },
    {
      "type": "Feature",
      "geometry": {
        "type": "Point",
        "coordinates": [
          6.0349896,
          43.1363226
        ]
      },
      "properties": {
        "operateur": "SNCF Gares & Connexions",
        "name": "La Pauline",
        "official_name": "La Pauline - Hyères",
        "type": "ter"
      }
    },
    {
      "type": "Feature",
      "geometry": {
        "type": "Point",
        "coordinates": [
          6.5829971,
          46.0612292
        ]
      },
      "properties": {
        "operateur": "SNCF Gares & Connexions",
        "name": "Cluses",
        "official_name": "Cluses",
        "type": "ter"
      }
    },
    {
      "type": "Feature",
      "geometry": {
        "type": "Point",
        "coordinates": [
          0.8198437,
          47.3715157
        ]
      },
      "properties": {
        "operateur": "SNCF Gares & Connexions",
        "name": "Veretz - Montlouis",
        "official_name": "Véretz - Montlouis",
        "type": "ter"
      }
    },
    {
      "type": "Feature",
      "geometry": {
        "type": "Point",
        "coordinates": [
          6.6213947,
          46.0168545
        ]
      },
      "properties": {
        "operateur": "SNCF Gares & Connexions",
        "name": "Magland",
        "official_name": "Magland",
        "type": "ter"
      }
    },
    {
      "type": "Feature",
      "geometry": {
        "type": "Point",
        "coordinates": [
          6.3755556,
          46.0591318
        ]
      },
      "properties": {
        "operateur": "SNCF Gares & Connexions",
        "name": "Saint-Pierre-en-Faucigny",
        "official_name": "Saint-Pierre-en-Faucigny",
        "type": "ter"
      }
    },
    {
      "type": "Feature",
      "geometry": {
        "type": "Point",
        "coordinates": [
          6.4167965,
          46.0776906
        ]
      },
      "properties": {
        "operateur": "SNCF Gares & Connexions",
        "name": "Bonneville",
        "official_name": "Bonneville",
        "type": "ter"
      }
    },
    {
      "type": "Feature",
      "geometry": {
        "type": "Point",
        "coordinates": [
          6.507767,
          46.0886787
        ]
      },
      "properties": {
        "operateur": "SNCF Gares & Connexions",
        "name": "Marignier",
        "official_name": "Marignier",
        "type": "ter"
      }
    },
    {
      "type": "Feature",
      "geometry": {
        "type": "Point",
        "coordinates": [
          6.0856176,
          46.1419562
        ]
      },
      "properties": {
        "operateur": "SNCF Gares & Connexions",
        "name": "Saint-Julien-en-Genevois",
        "official_name": "Saint-Julien-en-Genevois",
        "type": "ter"
      }
    },
    {
      "type": "Feature",
      "geometry": {
        "type": "Point",
        "coordinates": [
          5.6537118,
          45.8482239
        ]
      },
      "properties": {
        "operateur": "SNCF Gares & Connexions",
        "name": "Virieu-le-Grand - Belley",
        "official_name": "Virieu-le-Grand - Belley",
        "type": "ter"
      }
    },
    {
      "type": "Feature",
      "geometry": {
        "type": "Point",
        "coordinates": [
          5.5014491,
          45.9221905
        ]
      },
      "properties": {
        "operateur": "SNCF Gares & Connexions",
        "name": "Tenay/Hauteville",
        "official_name": "Tenay - Hauteville",
        "type": "ter"
      }
    },
    {
      "type": "Feature",
      "geometry": {
        "type": "Point",
        "coordinates": [
          6.471616,
          45.2169016
        ]
      },
      "properties": {
        "operateur": "SNCF Gares & Connexions",
        "name": "Saint-Michel - Valloire",
        "official_name": "Saint-Michel - Valloire",
        "type": "ter"
      }
    },
    {
      "type": "Feature",
      "geometry": {
        "type": "Point",
        "coordinates": [
          6.3540392,
          45.2779258
        ]
      },
      "properties": {
        "operateur": "SNCF Gares & Connexions",
        "name": "Saint-Jean-de-Maurienne - Vallée de l'Arvan",
        "official_name": "Saint-Jean-de-Maurienne Arvan",
        "type": "ter"
      }
    },
    {
      "type": "Feature",
      "geometry": {
        "type": "Point",
        "coordinates": [
          6.301744,
          45.3535569
        ]
      },
      "properties": {
        "operateur": "SNCF Gares & Connexions",
        "name": "Saint-Avre - La Chambre",
        "official_name": "Saint-Avre - La Chambre",
        "type": "ter"
      }
    },
    {
      "type": "Feature",
      "geometry": {
        "type": "Point",
        "coordinates": [
          6.5314321,
          45.4867109
        ]
      },
      "properties": {
        "operateur": "SNCF Gares & Connexions",
        "name": "Moûtiers-Salins-Brides-les-Bains",
        "official_name": "Moûtiers - Salins - Brides-les-Bains",
        "type": "ter"
      }
    },
    {
      "type": "Feature",
      "geometry": {
        "type": "Point",
        "coordinates": [
          6.6488919,
          45.5542648
        ]
      },
      "properties": {
        "operateur": "SNCF Gares & Connexions",
        "name": "Aime - La Plagne",
        "official_name": "Aime - La Plagne",
        "type": "ter"
      }
    },
    {
      "type": "Feature",
      "geometry": {
        "type": "Point",
        "coordinates": [
          6.7335894,
          45.5742435
        ]
      },
      "properties": {
        "operateur": "SNCF Gares & Connexions",
        "name": "Landry",
        "official_name": "Landry",
        "type": "ter"
      }
    },
    {
      "type": "Feature",
      "geometry": {
        "type": "Point",
        "coordinates": [
          0.3327114,
          46.5825218
        ]
      },
      "properties": {
        "operateur": "SNCF Gares & Connexions",
        "name": "Poitiers",
        "official_name": "Poitiers",
        "type": "ter"
      }
    },
    {
      "type": "Feature",
      "geometry": {
        "type": "Point",
        "coordinates": [
          5.6903773,
          48.3582182
        ]
      },
      "properties": {
        "operateur": "SNCF Gares & Connexions",
        "name": "Neufchâteau",
        "official_name": "Neufchâteau",
        "type": "ter"
      }
    },
    {
      "type": "Feature",
      "geometry": {
        "type": "Point",
        "coordinates": [
          3.5855623,
          47.7976069
        ]
      },
      "properties": {
        "operateur": "SNCF Gares & Connexions",
        "name": "Auxerre Saint-Gervais",
        "official_name": "Auxerre Saint-Gervais",
        "type": "ter"
      }
    },
    {
      "type": "Feature",
      "geometry": {
        "type": "Point",
        "coordinates": [
          5.5245183,
          45.5445651
        ]
      },
      "properties": {
        "operateur": "SNCF Gares & Connexions",
        "name": "Saint-André-le-Gaz",
        "official_name": "Saint-André-le-Gaz",
        "type": "ter"
      }
    },
    {
      "type": "Feature",
      "geometry": {
        "type": "Point",
        "coordinates": [
          5.5755269,
          45.5421594
        ]
      },
      "properties": {
        "operateur": "SNCF Gares & Connexions",
        "name": "Les Abrets - Fitilieu",
        "official_name": "Les Abrets - Fitilieu",
        "type": "ter"
      }
    },
    {
      "type": "Feature",
      "geometry": {
        "type": "Point",
        "coordinates": [
          5.6805945,
          45.5244669
        ]
      },
      "properties": {
        "operateur": "SNCF Gares & Connexions",
        "name": "Le Pont-de-Beauvoisin",
        "official_name": "Pont-de-Beauvoisin",
        "type": "ter"
      }
    },
    {
      "type": "Feature",
      "geometry": {
        "type": "Point",
        "coordinates": [
          5.7317507,
          45.5039677
        ]
      },
      "properties": {
        "operateur": "SNCF Gares & Connexions",
        "name": "Saint-Béron - La Bridoire",
        "official_name": "Saint-Béron - La Bridoire",
        "type": "ter"
      }
    },
    {
      "type": "Feature",
      "geometry": {
        "type": "Point",
        "coordinates": [
          5.7650045,
          45.5416222
        ]
      },
      "properties": {
        "operateur": "SNCF Gares & Connexions",
        "name": "Lépin le Lac - La Bauche",
        "official_name": "Lépin-le-Lac - La Bauche",
        "type": "ter"
      }
    },
    {
      "type": "Feature",
      "geometry": {
        "type": "Point",
        "coordinates": [
          5.8131771,
          45.5362506
        ]
      },
      "properties": {
        "operateur": "SNCF Gares & Connexions",
        "name": "Aiguebelette-le-Lac",
        "official_name": "Aiguebelette-le-Lac",
        "type": "ter"
      }
    },
    {
      "type": "Feature",
      "geometry": {
        "type": "Point",
        "coordinates": [
          5.3341179,
          46.4338226
        ]
      },
      "properties": {
        "operateur": "SNCF Gares & Connexions",
        "name": "Saint-Amour",
        "official_name": "Saint-Amour",
        "type": "ter"
      }
    },
    {
      "type": "Feature",
      "geometry": {
        "type": "Point",
        "coordinates": [
          5.9481825,
          45.8630205
        ]
      },
      "properties": {
        "operateur": "SNCF Gares & Connexions",
        "name": "Rumilly",
        "official_name": "Rumilly",
        "type": "ter"
      }
    },
    {
      "type": "Feature",
      "geometry": {
        "type": "Point",
        "coordinates": [
          5.1672573,
          48.7736604
        ]
      },
      "properties": {
        "operateur": "SNCF Gares & Connexions",
        "name": "Bar-le-Duc",
        "official_name": "Bar-le-Duc",
        "type": "ter"
      }
    },
    {
      "type": "Feature",
      "geometry": {
        "type": "Point",
        "coordinates": [
          4.8045748,
          45.8883795
        ]
      },
      "properties": {
        "operateur": "SNCF Gares & Connexions",
        "name": "Saint-Germain-au-Mont-d'Or",
        "official_name": "Saint-Germain-au-Mont-d'Or",
        "type": "ter"
      }
    },
    {
      "type": "Feature",
      "geometry": {
        "type": "Point",
        "coordinates": [
          3.7311458,
          47.9806059
        ]
      },
      "properties": {
        "operateur": "SNCF Gares & Connexions",
        "name": "Saint-Florentin - Vergigny",
        "official_name": "Saint-Florentin - Vergigny",
        "type": "ter"
      }
    },
    {
      "type": "Feature",
      "geometry": {
        "type": "Point",
        "coordinates": [
          5.2194792,
          45.6075064
        ]
      },
      "properties": {
        "operateur": "SNCF Gares & Connexions",
        "name": "L'Isle-d'Abeau",
        "official_name": "Gare de L'Isle-d'Abeau",
        "type": "ter"
      }
    },
    {
      "type": "Feature",
      "geometry": {
        "type": "Point",
        "coordinates": [
          5.3760881,
          45.5610346
        ]
      },
      "properties": {
        "operateur": "SNCF Gares & Connexions",
        "name": "Cessieu",
        "official_name": "Cessieu",
        "type": "ter"
      }
    },
    {
      "type": "Feature",
      "geometry": {
        "type": "Point",
        "coordinates": [
          5.5947406,
          45.3639416
        ]
      },
      "properties": {
        "operateur": "",
        "name": "Voiron",
        "official_name": "Voiron",
        "type": "ter"
      }
    },
    {
      "type": "Feature",
      "geometry": {
        "type": "Point",
        "coordinates": [
          4.9344965,
          45.6863723
        ]
      },
      "properties": {
        "operateur": "SNCF Gares & Connexions",
        "name": "Saint-Priest",
        "official_name": "Saint-Priest",
        "type": "ter"
      }
    },
    {
      "type": "Feature",
      "geometry": {
        "type": "Point",
        "coordinates": [
          4.841834,
          45.7449628
        ]
      },
      "properties": {
        "operateur": "SNCF Gares & Connexions",
        "name": "Lyon Jean Macé",
        "official_name": "Lyon Jean Macé",
        "type": "ter"
      }
    },
    {
      "type": "Feature",
      "geometry": {
        "type": "Point",
        "coordinates": [
          6.0438242,
          45.5030799
        ]
      },
      "properties": {
        "operateur": "SNCF Gares & Connexions",
        "name": "Montmélian",
        "official_name": "Montmélian",
        "type": "ter"
      }
    },
    {
      "type": "Feature",
      "geometry": {
        "type": "Point",
        "coordinates": [
          6.1564108,
          45.5571729
        ]
      },
      "properties": {
        "operateur": "SNCF Gares & Connexions",
        "name": "Saint-Pierre-d'Albigny",
        "official_name": "Saint-Pierre-d'Albigny",
        "type": "ter"
      }
    },
    {
      "type": "Feature",
      "geometry": {
        "type": "Point",
        "coordinates": [
          6.3069619,
          45.5437135
        ]
      },
      "properties": {
        "operateur": "SNCF Gares & Connexions",
        "name": "Aiguebelle",
        "official_name": "Aiguebelle",
        "type": "ter"
      }
    },
    {
      "type": "Feature",
      "geometry": {
        "type": "Point",
        "coordinates": [
          6.2923218,
          45.4568739
        ]
      },
      "properties": {
        "operateur": "SNCF Gares & Connexions",
        "name": "Épierre - Saint-Léger",
        "official_name": "Épierre - Saint-Léger",
        "type": "ter"
      }
    },
    {
      "type": "Feature",
      "geometry": {
        "type": "Point",
        "coordinates": [
          3.3029259,
          48.0268465
        ]
      },
      "properties": {
        "operateur": "SNCF Gares & Connexions",
        "name": "Saint-Julien-du-Sault",
        "official_name": "Saint-Julien-du-Sault",
        "type": "ter"
      }
    },
    {
      "type": "Feature",
      "geometry": {
        "type": "Point",
        "coordinates": [
          4.8744891,
          46.6406837
        ]
      },
      "properties": {
        "operateur": "SNCF Gares & Connexions",
        "name": "Sennecey-le-Grand",
        "official_name": "Sennecey-le-Grand",
        "type": "ter"
      }
    },
    {
      "type": "Feature",
      "geometry": {
        "type": "Point",
        "coordinates": [
          -3.033573,
          47.8328203
        ]
      },
      "properties": {
        "operateur": "CFCB",
        "name": "Lambel-Camors",
        "type": "ter"
      }
    },
    {
      "type": "Feature",
      "geometry": {
        "type": "Point",
        "coordinates": [
          6.0100814,
          43.1186996
        ]
      },
      "properties": {
        "operateur": "SNCF Gares & Connexions",
        "name": "La Garde",
        "official_name": "La Garde",
        "type": "ter"
      }
    },
    {
      "type": "Feature",
      "geometry": {
        "type": "Point",
        "coordinates": [
          6.0857023,
          43.2364251
        ]
      },
      "properties": {
        "operateur": "SNCF Gares & Connexions",
        "name": "Cuers - Pierrefeu",
        "official_name": "Cuers - Pierrefeu",
        "type": "ter"
      }
    },
    {
      "type": "Feature",
      "geometry": {
        "type": "Point",
        "coordinates": [
          6.433857,
          43.4309175
        ]
      },
      "properties": {
        "operateur": "SNCF Gares & Connexions",
        "name": "Vidauban",
        "official_name": "Vidauban",
        "type": "ter"
      }
    },
    {
      "type": "Feature",
      "geometry": {
        "type": "Point",
        "coordinates": [
          3.0539557,
          47.1131052
        ]
      },
      "properties": {
        "operateur": "SNCF Gares & Connexions",
        "name": "Tronsanges",
        "official_name": "Tronsanges",
        "type": "ter"
      }
    },
    {
      "type": "Feature",
      "geometry": {
        "type": "Point",
        "coordinates": [
          6.0464257,
          43.190805
        ]
      },
      "properties": {
        "operateur": "SNCF Gares & Connexions",
        "name": "Solliès-Pont",
        "official_name": "Solliès-Pont",
        "type": "ter"
      }
    },
    {
      "type": "Feature",
      "geometry": {
        "type": "Point",
        "coordinates": [
          6.138465,
          43.2830743
        ]
      },
      "properties": {
        "operateur": "SNCF Gares & Connexions",
        "name": "Puget-Ville",
        "official_name": "Puget-Ville",
        "type": "ter"
      }
    },
    {
      "type": "Feature",
      "geometry": {
        "type": "Point",
        "coordinates": [
          6.2248539,
          43.2984663
        ]
      },
      "properties": {
        "operateur": "SNCF Gares & Connexions",
        "name": "Pignans",
        "official_name": "Pignans",
        "type": "ter"
      }
    },
    {
      "type": "Feature",
      "geometry": {
        "type": "Point",
        "coordinates": [
          6.2817794,
          43.3171583
        ]
      },
      "properties": {
        "operateur": "SNCF Gares & Connexions",
        "name": "Gonfaron",
        "official_name": "Gonfaron",
        "type": "ter"
      }
    },
    {
      "type": "Feature",
      "geometry": {
        "type": "Point",
        "coordinates": [
          6.3430964,
          43.3902315
        ]
      },
      "properties": {
        "operateur": "SNCF Gares & Connexions",
        "name": "Le Luc - Le Cannet",
        "official_name": "Le Luc - Le Cannet",
        "type": "ter"
      }
    },
    {
      "type": "Feature",
      "geometry": {
        "type": "Point",
        "coordinates": [
          5.8249942,
          43.1224693
        ]
      },
      "properties": {
        "operateur": "SNCF Gares & Connexions",
        "name": "Ollioules-Sanary",
        "official_name": "Ollioules - Sanary-sur-Mer",
        "type": "ter"
      }
    },
    {
      "type": "Feature",
      "geometry": {
        "type": "Point",
        "coordinates": [
          2.6112619,
          46.3354758
        ]
      },
      "properties": {
        "operateur": "SNCF Gares & Connexions",
        "name": "Montluçon-Rimard",
        "official_name": "Montluçon Rimard",
        "type": "ter"
      }
    },
    {
      "type": "Feature",
      "geometry": {
        "type": "Point",
        "coordinates": [
          3.0665364,
          46.1992853
        ]
      },
      "properties": {
        "operateur": "SNCF Gares & Connexions",
        "name": "Bellenaves",
        "official_name": "Bellenaves",
        "type": "ter"
      }
    },
    {
      "type": "Feature",
      "geometry": {
        "type": "Point",
        "coordinates": [
          2.9849325,
          46.2241391
        ]
      },
      "properties": {
        "operateur": "SNCF Gares & Connexions",
        "name": "Louroux-de-Bouble",
        "official_name": "Louroux-de-Bouble",
        "type": "ter"
      }
    },
    {
      "type": "Feature",
      "geometry": {
        "type": "Point",
        "coordinates": [
          3.2048522,
          46.0975898
        ]
      },
      "properties": {
        "operateur": "SNCF Gares & Connexions",
        "name": "Gannat",
        "official_name": "Gannat",
        "type": "ter"
      }
    },
    {
      "type": "Feature",
      "geometry": {
        "type": "Point",
        "coordinates": [
          0.3352178,
          44.2987388
        ]
      },
      "properties": {
        "operateur": "SNCF Gares & Connexions",
        "name": "Aiguillon",
        "official_name": "Aiguillon",
        "type": "ter"
      }
    },
    {
      "type": "Feature",
      "geometry": {
        "type": "Point",
        "coordinates": [
          3.4903443,
          45.842782
        ]
      },
      "properties": {
        "operateur": "SNCF Gares & Connexions",
        "name": "Pont-de-Dore",
        "official_name": "Pont de Dore",
        "type": "ter"
      }
    },
    {
      "type": "Feature",
      "geometry": {
        "type": "Point",
        "coordinates": [
          1.6069116,
          42.9697481
        ]
      },
      "properties": {
        "operateur": "SNCF Gares & Connexions",
        "name": "Foix",
        "official_name": "Foix",
        "type": "ter"
      }
    },
    {
      "type": "Feature",
      "geometry": {
        "type": "Point",
        "coordinates": [
          1.6861566,
          42.786452
        ]
      },
      "properties": {
        "operateur": "SNCF",
        "name": "Les Cabannes",
        "official_name": "Les Cabannes",
        "type": "ter"
      }
    },
    {
      "type": "Feature",
      "geometry": {
        "type": "Point",
        "coordinates": [
          1.511809,
          44.3336454
        ]
      },
      "properties": {
        "operateur": "SNCF Gares & Connexions",
        "name": "Lalbenque - Fontanes",
        "official_name": "Lalbenque - Fontanes",
        "type": "ter"
      }
    },
    {
      "type": "Feature",
      "geometry": {
        "type": "Point",
        "coordinates": [
          1.9128943,
          48.1417241
        ]
      },
      "properties": {
        "operateur": "SNCF Gares & Connexions",
        "name": "Château-Gaillard",
        "official_name": "Château-Gaillard",
        "type": "ter"
      }
    },
    {
      "type": "Feature",
      "geometry": {
        "type": "Point",
        "coordinates": [
          2.9791705,
          45.1253278
        ]
      },
      "properties": {
        "operateur": "SNCF Gares & Connexions",
        "name": "Neussargues",
        "official_name": "Neussargues",
        "type": "ter"
      }
    },
    {
      "type": "Feature",
      "geometry": {
        "type": "Point",
        "coordinates": [
          2.0443901,
          47.3144079
        ]
      },
      "properties": {
        "operateur": "SNCF Gares & Connexions",
        "name": "Theillay",
        "official_name": "Theillay",
        "type": "ter"
      }
    },
    {
      "type": "Feature",
      "geometry": {
        "type": "Point",
        "coordinates": [
          1.347238,
          45.6995285
        ]
      },
      "properties": {
        "operateur": "SNCF Gares & Connexions",
        "name": "Pierre-Buffière",
        "official_name": "Pierre-Buffière",
        "type": "ter"
      }
    },
    {
      "type": "Feature",
      "geometry": {
        "type": "Point",
        "coordinates": [
          1.5414541,
          45.53616
        ]
      },
      "properties": {
        "operateur": "SNCF",
        "name": "Masseret",
        "official_name": "Masseret",
        "type": "ter"
      }
    },
    {
      "type": "Feature",
      "geometry": {
        "type": "Point",
        "coordinates": [
          1.5383971,
          45.5740382
        ]
      },
      "properties": {
        "operateur": "SNCF Gares & Connexions",
        "name": "La Porcherie",
        "official_name": "La Porcherie",
        "type": "ter"
      }
    },
    {
      "type": "Feature",
      "geometry": {
        "type": "Point",
        "coordinates": [
          1.4438058,
          45.6288025
        ]
      },
      "properties": {
        "operateur": "SNCF Gares & Connexions",
        "name": "Magnac-Vicq",
        "official_name": "Magnac - Vicq",
        "type": "ter"
      }
    },
    {
      "type": "Feature",
      "geometry": {
        "type": "Point",
        "coordinates": [
          1.3401205,
          44.6534268
        ]
      },
      "properties": {
        "operateur": "SNCF Gares & Connexions",
        "name": "Dégagnac",
        "official_name": "Dégagnac",
        "type": "ter"
      }
    },
    {
      "type": "Feature",
      "geometry": {
        "type": "Point",
        "coordinates": [
          2.7498691,
          47.000082
        ]
      },
      "properties": {
        "operateur": "SNCF Gares & Connexions",
        "name": "Bengy",
        "official_name": "Bengy",
        "type": "ter"
      }
    },
    {
      "type": "Feature",
      "geometry": {
        "type": "Point",
        "coordinates": [
          -1.0268753,
          45.9925893
        ]
      },
      "properties": {
        "operateur": "SNCF Gares & Connexions",
        "name": "Saint-Laurent-de-la-Prée - Fouras",
        "official_name": "Saint-Laurent-de-la-Prée - Fouras",
        "type": "ter"
      }
    },
    {
      "type": "Feature",
      "geometry": {
        "type": "Point",
        "coordinates": [
          3.1597439,
          50.6219831
        ]
      },
      "properties": {
        "operateur": "SNCF",
        "name": "Ascq",
        "official_name": "Ascq",
        "type": "ter"
      }
    },
    {
      "type": "Feature",
      "geometry": {
        "type": "Point",
        "coordinates": [
          1.416847,
          50.054323
        ]
      },
      "properties": {
        "operateur": "SNCF Gares & Connexions",
        "name": "Eu",
        "official_name": "Eu",
        "type": "ter"
      }
    },
    {
      "type": "Feature",
      "geometry": {
        "type": "Point",
        "coordinates": [
          4.2611918,
          45.3947974
        ]
      },
      "properties": {
        "operateur": "SNCF Gares & Connexions",
        "name": "Fraisses - Unieux",
        "official_name": "Fraisses - Unieux",
        "type": "ter"
      }
    },
    {
      "type": "Feature",
      "geometry": {
        "type": "Point",
        "coordinates": [
          3.9185849,
          45.1489705
        ]
      },
      "properties": {
        "operateur": "SNCF Gares & Connexions",
        "name": "Saint-Vincent-le-Château",
        "official_name": "Saint-Vincent le Château",
        "type": "ter"
      }
    },
    {
      "type": "Feature",
      "geometry": {
        "type": "Point",
        "coordinates": [
          2.6525778,
          47.0349075
        ]
      },
      "properties": {
        "operateur": "SNCF Gares & Connexions",
        "name": "Avord",
        "official_name": "Avord",
        "type": "ter"
      }
    },
    {
      "type": "Feature",
      "geometry": {
        "type": "Point",
        "coordinates": [
          2.2525862,
          46.992101
        ]
      },
      "properties": {
        "operateur": "SNCF Gares & Connexions",
        "name": "Saint-Florent-sur-Cher",
        "official_name": "Saint-Florent-sur-Cher",
        "type": "ter"
      }
    },
    {
      "type": "Feature",
      "geometry": {
        "type": "Point",
        "coordinates": [
          -0.400526,
          47.4343513
        ]
      },
      "properties": {
        "operateur": "SNCF Gares & Connexions",
        "name": "La Bohalle",
        "official_name": "La Bohalle",
        "type": "ter"
      }
    },
    {
      "type": "Feature",
      "geometry": {
        "type": "Point",
        "coordinates": [
          1.3774521,
          45.9046615
        ]
      },
      "properties": {
        "operateur": "SNCF",
        "name": "Les Bardys",
        "official_name": "Les Bardys",
        "type": "ter"
      }
    },
    {
      "type": "Feature",
      "geometry": {
        "type": "Point",
        "coordinates": [
          0.9523293,
          45.878226
        ]
      },
      "properties": {
        "operateur": "SNCF Gares & Connexions",
        "name": "Saint-Brice-sur-Vienne",
        "official_name": "Saint-Brice-sur-Vienne",
        "type": "ter"
      }
    },
    {
      "type": "Feature",
      "geometry": {
        "type": "Point",
        "coordinates": [
          1.212307,
          45.6213121
        ]
      },
      "properties": {
        "operateur": "SNCF Gares & Connexions",
        "name": "La Meyze",
        "official_name": "La Meyze",
        "type": "ter"
      }
    },
    {
      "type": "Feature",
      "geometry": {
        "type": "Point",
        "coordinates": [
          1.4799666,
          45.9942414
        ]
      },
      "properties": {
        "operateur": "SNCF",
        "name": "La Jonchère",
        "official_name": "La Jonchère",
        "type": "ter"
      }
    },
    {
      "type": "Feature",
      "geometry": {
        "type": "Point",
        "coordinates": [
          1.4324266,
          46.1714884
        ]
      },
      "properties": {
        "operateur": "SNCF Gares & Connexions",
        "name": "Fromental",
        "official_name": "Fromental",
        "type": "ter"
      }
    },
    {
      "type": "Feature",
      "geometry": {
        "type": "Point",
        "coordinates": [
          1.4321749,
          46.0837644
        ]
      },
      "properties": {
        "operateur": "SNCF",
        "name": "Bersac",
        "official_name": "Bersac",
        "type": "ter"
      }
    },
    {
      "type": "Feature",
      "geometry": {
        "type": "Point",
        "coordinates": [
          1.7719778,
          48.6259956
        ]
      },
      "properties": {
        "operateur": "SNCF Gares & Connexions",
        "name": "Gazeran",
        "official_name": "Gazeran",
        "type": "ter"
      }
    },
    {
      "type": "Feature",
      "geometry": {
        "type": "Point",
        "coordinates": [
          3.4787542,
          50.3900601
        ]
      },
      "properties": {
        "operateur": "SNCF Gares & Connexions",
        "name": "Raismes",
        "official_name": "Raismes",
        "type": "ter"
      }
    },
    {
      "type": "Feature",
      "geometry": {
        "type": "Point",
        "coordinates": [
          5.1512759,
          46.9963839
        ]
      },
      "properties": {
        "operateur": "SNCF Gares & Connexions",
        "name": "Seurre",
        "official_name": "Seurre",
        "type": "ter"
      }
    },
    {
      "type": "Feature",
      "geometry": {
        "type": "Point",
        "coordinates": [
          5.2010431,
          47.0462645
        ]
      },
      "properties": {
        "operateur": "SNCF Gares & Connexions",
        "name": "Pagny (Côte-d'Or)",
        "official_name": "Pagny",
        "type": "ter"
      }
    },
    {
      "type": "Feature",
      "geometry": {
        "type": "Point",
        "coordinates": [
          5.25517,
          47.087216
        ]
      },
      "properties": {
        "operateur": "SNCF Gares & Connexions",
        "name": "Chaugey",
        "official_name": "Chaugey",
        "type": "ter"
      }
    },
    {
      "type": "Feature",
      "geometry": {
        "type": "Point",
        "coordinates": [
          5.2440637,
          47.0997236
        ]
      },
      "properties": {
        "operateur": "SNCF Gares & Connexions",
        "name": "Saint-Jean de Losne",
        "official_name": "Saint-Jean-de-Losne",
        "type": "ter"
      }
    },
    {
      "type": "Feature",
      "geometry": {
        "type": "Point",
        "coordinates": [
          5.212149,
          47.1314562
        ]
      },
      "properties": {
        "operateur": "SNCF Gares & Connexions",
        "name": "Brazey en Plaine",
        "official_name": "Brazey-en-Plaine",
        "type": "ter"
      }
    },
    {
      "type": "Feature",
      "geometry": {
        "type": "Point",
        "coordinates": [
          3.2468463,
          46.6591371
        ]
      },
      "properties": {
        "operateur": "SNCF Gares & Connexions",
        "name": "Villeneuve-sur-Allier",
        "official_name": "Villeneuve-sur-Allier",
        "type": "ter"
      }
    },
    {
      "type": "Feature",
      "geometry": {
        "type": "Point",
        "coordinates": [
          2.2217699,
          49.0252145
        ]
      },
      "properties": {
        "operateur": "SNCF Gares & Connexions",
        "name": "Taverny",
        "official_name": "Taverny",
        "type": "ter"
      }
    },
    {
      "type": "Feature",
      "geometry": {
        "type": "Point",
        "coordinates": [
          -2.073832,
          47.3147972
        ]
      },
      "properties": {
        "operateur": "SNCF",
        "name": "Donges",
        "official_name": "Donges",
        "type": "ter"
      }
    },
    {
      "type": "Feature",
      "geometry": {
        "type": "Point",
        "coordinates": [
          4.481492,
          46.7593737
        ]
      },
      "properties": {
        "operateur": "SNCF Gares & Connexions",
        "name": "Montchanin",
        "official_name": "Montchanin",
        "type": "ter"
      }
    },
    {
      "type": "Feature",
      "geometry": {
        "type": "Point",
        "coordinates": [
          3.6733105,
          44.9189955
        ]
      },
      "properties": {
        "operateur": "SNCF Gares & Connexions",
        "name": "Alleyras",
        "official_name": "Alleyras",
        "type": "ter"
      }
    },
    {
      "type": "Feature",
      "geometry": {
        "type": "Point",
        "coordinates": [
          2.0037201,
          48.3115467
        ]
      },
      "properties": {
        "operateur": "SNCF Gares & Connexions",
        "name": "Angerville",
        "official_name": "Angerville",
        "type": "ter"
      }
    },
    {
      "type": "Feature",
      "geometry": {
        "type": "Point",
        "coordinates": [
          7.4494392,
          48.3824295
        ]
      },
      "properties": {
        "operateur": "SNCF Gares & Connexions",
        "name": "Eichhoffen",
        "official_name": "Eichhoffen",
        "type": "ter"
      }
    },
    {
      "type": "Feature",
      "geometry": {
        "type": "Point",
        "coordinates": [
          7.4787591,
          48.4327199
        ]
      },
      "properties": {
        "operateur": "SNCF Gares & Connexions",
        "name": "Goxwiller",
        "official_name": "Goxwiller",
        "type": "ter"
      }
    },
    {
      "type": "Feature",
      "geometry": {
        "type": "Point",
        "coordinates": [
          7.4931385,
          48.525003
        ]
      },
      "properties": {
        "operateur": "SNCF Gares & Connexions",
        "name": "Dorlisheim",
        "official_name": "Dorlisheim",
        "type": "ter"
      }
    },
    {
      "type": "Feature",
      "geometry": {
        "type": "Point",
        "coordinates": [
          7.4978162,
          48.4870127
        ]
      },
      "properties": {
        "operateur": "SNCF Gares & Connexions",
        "name": "Bischoffsheim",
        "official_name": "Bischoffsheim",
        "type": "ter"
      }
    },
    {
      "type": "Feature",
      "geometry": {
        "type": "Point",
        "coordinates": [
          0.5956811,
          49.0870897
        ]
      },
      "properties": {
        "operateur": "SNCF Gares & Connexions",
        "name": "Bernay",
        "official_name": "Bernay",
        "type": "ter"
      }
    },
    {
      "type": "Feature",
      "geometry": {
        "type": "Point",
        "coordinates": [
          7.4662922,
          48.4133973
        ]
      },
      "properties": {
        "operateur": "SNCF Gares & Connexions",
        "name": "Gertwiller",
        "official_name": "Gertwiller",
        "type": "ter"
      }
    },
    {
      "type": "Feature",
      "geometry": {
        "type": "Point",
        "coordinates": [
          4.0435474,
          49.0648258
        ]
      },
      "properties": {
        "operateur": "SNCF Gares & Connexions",
        "name": "Avenay-Val-d'Or",
        "official_name": "Avenay",
        "type": "ter"
      }
    },
    {
      "type": "Feature",
      "geometry": {
        "type": "Point",
        "coordinates": [
          4.0017626,
          49.0487694
        ]
      },
      "properties": {
        "operateur": "SNCF Gares & Connexions",
        "name": "Ay",
        "official_name": "Ay",
        "type": "ter"
      }
    },
    {
      "type": "Feature",
      "geometry": {
        "type": "Point",
        "coordinates": [
          7.3206684,
          48.0167362
        ]
      },
      "properties": {
        "operateur": "SNCF Gares & Connexions",
        "name": "Herrlisheim-près-Colmar",
        "official_name": "Herrlisheim-près-Colmar",
        "type": "ter"
      }
    },
    {
      "type": "Feature",
      "geometry": {
        "type": "Point",
        "coordinates": [
          5.6328221,
          43.1996146
        ]
      },
      "properties": {
        "operateur": "SNCF Gares & Connexions",
        "name": "La Ciotat-Ceyreste",
        "official_name": "La Ciotat - Ceyreste",
        "type": "ter"
      }
    },
    {
      "type": "Feature",
      "geometry": {
        "type": "Point",
        "coordinates": [
          3.9597572,
          49.0463653
        ]
      },
      "properties": {
        "operateur": "SNCF Gares & Connexions",
        "name": "Épernay",
        "official_name": "Épernay",
        "type": "ter"
      }
    },
    {
      "type": "Feature",
      "geometry": {
        "type": "Point",
        "coordinates": [
          2.9623577,
          50.5918458
        ]
      },
      "properties": {
        "operateur": "SNCF Gares & Connexions",
        "name": "Santes",
        "official_name": "Santes",
        "type": "ter"
      }
    },
    {
      "type": "Feature",
      "geometry": {
        "type": "Point",
        "coordinates": [
          3.6821332,
          49.3107499
        ]
      },
      "properties": {
        "operateur": "SNCF Gares & Connexions",
        "name": "Fismes",
        "official_name": "Fismes",
        "type": "ter"
      }
    },
    {
      "type": "Feature",
      "geometry": {
        "type": "Point",
        "coordinates": [
          3.7335008,
          49.309963
        ]
      },
      "properties": {
        "operateur": "SNCF Gares & Connexions",
        "name": "Magneux - Courlandon",
        "official_name": "Magneux - Courlandon",
        "type": "ter"
      }
    },
    {
      "type": "Feature",
      "geometry": {
        "type": "Point",
        "coordinates": [
          3.7666945,
          49.3083821
        ]
      },
      "properties": {
        "operateur": "SNCF Gares & Connexions",
        "name": "Breuil-Romain",
        "official_name": "Breuil - Romain",
        "type": "ter"
      }
    },
    {
      "type": "Feature",
      "geometry": {
        "type": "Point",
        "coordinates": [
          3.8193838,
          49.2900884
        ]
      },
      "properties": {
        "operateur": "SNCF Gares & Connexions",
        "name": "Jonchery-sur-Vesle",
        "official_name": "Jonchery-sur-Vesle",
        "type": "ter"
      }
    },
    {
      "type": "Feature",
      "geometry": {
        "type": "Point",
        "coordinates": [
          4.1741502,
          49.3610439
        ]
      },
      "properties": {
        "operateur": "SNCF Gares & Connexions",
        "name": "Bazancourt",
        "official_name": "Bazancourt",
        "type": "ter"
      }
    },
    {
      "type": "Feature",
      "geometry": {
        "type": "Point",
        "coordinates": [
          4.2568682,
          49.1512434
        ]
      },
      "properties": {
        "operateur": "SNCF Gares & Connexions",
        "name": "Sept-Saulx",
        "official_name": "Sept-Saulx",
        "type": "ter"
      }
    },
    {
      "type": "Feature",
      "geometry": {
        "type": "Point",
        "coordinates": [
          6.9951233,
          47.6101785
        ]
      },
      "properties": {
        "operateur": "SNCF Gares & Connexions",
        "name": "Petit-Croix",
        "official_name": "Petit-Croix",
        "type": "ter"
      }
    },
    {
      "type": "Feature",
      "geometry": {
        "type": "Point",
        "coordinates": [
          5.2911186,
          48.7181731
        ]
      },
      "properties": {
        "operateur": "SNCF Gares & Connexions",
        "name": "Nançois-Tronville",
        "official_name": "Nançois - Tronville",
        "type": "ter"
      }
    },
    {
      "type": "Feature",
      "geometry": {
        "type": "Point",
        "coordinates": [
          4.9855191,
          48.8240848
        ]
      },
      "properties": {
        "operateur": "SNCF Gares & Connexions",
        "name": "Revigny",
        "official_name": "Revigny",
        "type": "ter"
      }
    },
    {
      "type": "Feature",
      "geometry": {
        "type": "Point",
        "coordinates": [
          4.0930885,
          49.9849646
        ]
      },
      "properties": {
        "operateur": "SNCF Gares & Connexions",
        "name": "Anor",
        "official_name": "Anor",
        "type": "ter"
      }
    },
    {
      "type": "Feature",
      "geometry": {
        "type": "Point",
        "coordinates": [
          6.301602,
          48.3785027
        ]
      },
      "properties": {
        "operateur": "",
        "name": "Charmes (Vosges)",
        "official_name": "Charmes (Vosges)",
        "type": "ter"
      }
    },
    {
      "type": "Feature",
      "geometry": {
        "type": "Point",
        "coordinates": [
          5.5887513,
          48.7659107
        ]
      },
      "properties": {
        "operateur": "",
        "name": "Commercy",
        "official_name": "Commercy",
        "type": "ter"
      }
    },
    {
      "type": "Feature",
      "geometry": {
        "type": "Point",
        "coordinates": [
          5.9422544,
          48.2026237
        ]
      },
      "properties": {
        "operateur": "SNCF Gares & Connexions",
        "name": "Vittel",
        "official_name": "Vittel",
        "type": "ter"
      }
    },
    {
      "type": "Feature",
      "geometry": {
        "type": "Point",
        "coordinates": [
          1.9704778,
          50.3945876
        ]
      },
      "properties": {
        "operateur": "SNCF Gares & Connexions",
        "name": "Aubin-Saint-Vaast",
        "official_name": "Aubin-Saint-Vaast",
        "type": "ter"
      }
    },
    {
      "type": "Feature",
      "geometry": {
        "type": "Point",
        "coordinates": [
          1.930665,
          50.4080912
        ]
      },
      "properties": {
        "operateur": "SNCF Gares & Connexions",
        "name": "Maresquel",
        "official_name": "Maresquel",
        "type": "ter"
      }
    },
    {
      "type": "Feature",
      "geometry": {
        "type": "Point",
        "coordinates": [
          1.8314668,
          50.4470857
        ]
      },
      "properties": {
        "operateur": "SNCF Gares & Connexions",
        "name": "Brimeux",
        "official_name": "Brimeux",
        "type": "ter"
      }
    },
    {
      "type": "Feature",
      "geometry": {
        "type": "Point",
        "coordinates": [
          2.1022363,
          50.396328
        ]
      },
      "properties": {
        "operateur": "SNCF Gares & Connexions",
        "name": "Auchy-lès-Hesdin",
        "official_name": "Auchy-lès-Hesdin",
        "type": "ter"
      }
    },
    {
      "type": "Feature",
      "geometry": {
        "type": "Point",
        "coordinates": [
          2.1721571,
          50.4246841
        ]
      },
      "properties": {
        "operateur": "SNCF Gares & Connexions",
        "name": "Blangy-sur-Ternoise",
        "official_name": "Blangy-sur-Ternoise",
        "type": "ter"
      }
    },
    {
      "type": "Feature",
      "geometry": {
        "type": "Point",
        "coordinates": [
          5.6396744,
          49.2075397
        ]
      },
      "properties": {
        "operateur": "SNCF Gares & Connexions",
        "name": "Étain",
        "official_name": "Étain",
        "type": "ter"
      }
    },
    {
      "type": "Feature",
      "geometry": {
        "type": "Point",
        "coordinates": [
          6.1093855,
          48.8011141
        ]
      },
      "properties": {
        "operateur": "SNCF Gares & Connexions",
        "name": "Marbache",
        "official_name": "Marbache",
        "type": "ter"
      }
    },
    {
      "type": "Feature",
      "geometry": {
        "type": "Point",
        "coordinates": [
          6.0393959,
          48.9521168
        ]
      },
      "properties": {
        "operateur": "SNCF Gares & Connexions",
        "name": "Vandières",
        "official_name": "Vandières",
        "type": "ter"
      }
    },
    {
      "type": "Feature",
      "geometry": {
        "type": "Point",
        "coordinates": [
          2.2301338,
          49.9147288
        ]
      },
      "properties": {
        "operateur": "SNCF Gares & Connexions",
        "name": "Dreuil-lès-Amiens",
        "official_name": "Dreuil-lès-Amiens",
        "type": "ter"
      }
    },
    {
      "type": "Feature",
      "geometry": {
        "type": "Point",
        "coordinates": [
          3.9460625,
          50.1197591
        ]
      },
      "properties": {
        "operateur": "SNCF Gares & Connexions",
        "name": "Avesnelles",
        "official_name": "Avesnelles",
        "type": "ter"
      }
    },
    {
      "type": "Feature",
      "geometry": {
        "type": "Point",
        "coordinates": [
          4.0014736,
          50.0889989
        ]
      },
      "properties": {
        "operateur": "SNCF Gares & Connexions",
        "name": "Sains-du-Nord",
        "official_name": "Sains-du-Nord",
        "type": "ter"
      }
    },
    {
      "type": "Feature",
      "geometry": {
        "type": "Point",
        "coordinates": [
          3.8711853,
          50.146108
        ]
      },
      "properties": {
        "operateur": "SNCF Gares & Connexions",
        "name": "Dompierre",
        "official_name": "Dompierre-sur-Helpe",
        "type": "ter"
      }
    },
    {
      "type": "Feature",
      "geometry": {
        "type": "Point",
        "coordinates": [
          3.933017,
          50.1269589
        ]
      },
      "properties": {
        "operateur": "SNCF Gares & Connexions",
        "name": "Avesnes-sur-Helpe",
        "official_name": "Avesnes-sur-Helpe",
        "type": "ter"
      }
    },
    {
      "type": "Feature",
      "geometry": {
        "type": "Point",
        "coordinates": [
          3.5404703,
          50.0914063
        ]
      },
      "properties": {
        "operateur": "SNCF Gares & Connexions",
        "name": "Le Cateau",
        "official_name": "Le Cateau",
        "type": "ter"
      }
    },
    {
      "type": "Feature",
      "geometry": {
        "type": "Point",
        "coordinates": [
          5.3586542,
          43.3690258
        ]
      },
      "properties": {
        "operateur": "SNCF Gares & Connexions",
        "name": "Saint-Antoine",
        "official_name": "Saint-Antoine",
        "type": "ter"
      }
    },
    {
      "type": "Feature",
      "geometry": {
        "type": "Point",
        "coordinates": [
          1.3703855,
          48.7312104
        ]
      },
      "properties": {
        "operateur": "SNCF Gares & Connexions",
        "name": "Dreux",
        "official_name": "Dreux",
        "type": "ter"
      }
    },
    {
      "type": "Feature",
      "geometry": {
        "type": "Point",
        "coordinates": [
          3.667831,
          49.6487428
        ]
      },
      "properties": {
        "operateur": "SNCF Gares & Connexions",
        "name": "Verneuil-sur-Serre",
        "official_name": "Verneuil-sur-Serre",
        "type": "ter"
      }
    },
    {
      "type": "Feature",
      "geometry": {
        "type": "Point",
        "coordinates": [
          3.6558871,
          49.6307868
        ]
      },
      "properties": {
        "operateur": "SNCF Gares & Connexions",
        "name": "Barenton-Bugny",
        "official_name": "Barenton-Bugny",
        "type": "ter"
      }
    },
    {
      "type": "Feature",
      "geometry": {
        "type": "Point",
        "coordinates": [
          3.7206765,
          49.7261789
        ]
      },
      "properties": {
        "operateur": "SNCF Gares & Connexions",
        "name": "Voyenne",
        "official_name": "Voyenne",
        "type": "ter"
      }
    },
    {
      "type": "Feature",
      "geometry": {
        "type": "Point",
        "coordinates": [
          3.691997,
          49.7026104
        ]
      },
      "properties": {
        "operateur": "SNCF Gares & Connexions",
        "name": "Dercy - Froidmont",
        "official_name": "Dercy - Froidmont",
        "type": "ter"
      }
    },
    {
      "type": "Feature",
      "geometry": {
        "type": "Point",
        "coordinates": [
          3.9817031,
          49.8596329
        ]
      },
      "properties": {
        "operateur": "SNCF Gares & Connexions",
        "name": "La Bouteille",
        "official_name": "La Bouteille",
        "type": "ter"
      }
    },
    {
      "type": "Feature",
      "geometry": {
        "type": "Point",
        "coordinates": [
          4.0240885,
          49.890715
        ]
      },
      "properties": {
        "operateur": "SNCF Gares & Connexions",
        "name": "Origny-en-Thiérache",
        "official_name": "Origny-en-Thiérache",
        "type": "ter"
      }
    },
    {
      "type": "Feature",
      "geometry": {
        "type": "Point",
        "coordinates": [
          4.2066593,
          43.9073193
        ]
      },
      "properties": {
        "operateur": "SNCF Gares & Connexions",
        "name": "Fons-St-Mamert",
        "official_name": "Fons - Saint-Mamert",
        "type": "ter"
      }
    },
    {
      "type": "Feature",
      "geometry": {
        "type": "Point",
        "coordinates": [
          3.0702496,
          49.7396498
        ]
      },
      "properties": {
        "operateur": "SNCF Gares & Connexions",
        "name": "Ham",
        "official_name": "Ham",
        "type": "ter"
      }
    },
    {
      "type": "Feature",
      "geometry": {
        "type": "Point",
        "coordinates": [
          2.5213194,
          49.8627784
        ]
      },
      "properties": {
        "operateur": "SNCF Gares & Connexions",
        "name": "Villers-Bretonneux",
        "official_name": "Villers-Bretonneux",
        "type": "ter"
      }
    },
    {
      "type": "Feature",
      "geometry": {
        "type": "Point",
        "coordinates": [
          2.8008807,
          49.8074315
        ]
      },
      "properties": {
        "operateur": "SNCF Gares & Connexions",
        "name": "Chaulnes",
        "official_name": "Chaulnes",
        "type": "ter"
      }
    },
    {
      "type": "Feature",
      "geometry": {
        "type": "Point",
        "coordinates": [
          4.0138233,
          49.2425703
        ]
      },
      "properties": {
        "operateur": "SNCF Gares & Connexions",
        "name": "Franchet d'Esperey",
        "official_name": "Franchet d'Esperey",
        "type": "ter"
      }
    },
    {
      "type": "Feature",
      "geometry": {
        "type": "Point",
        "coordinates": [
          4.0227789,
          49.1281165
        ]
      },
      "properties": {
        "operateur": "SNCF Gares & Connexions",
        "name": "Germaine",
        "official_name": "Germaine",
        "type": "ter"
      }
    },
    {
      "type": "Feature",
      "geometry": {
        "type": "Point",
        "coordinates": [
          3.2902873,
          48.1375534
        ]
      },
      "properties": {
        "operateur": "SNCF Gares & Connexions",
        "name": "Étigny - Véron",
        "official_name": "Étigny - Véron",
        "type": "ter"
      }
    },
    {
      "type": "Feature",
      "geometry": {
        "type": "Point",
        "coordinates": [
          2.6117501,
          49.503334
        ]
      },
      "properties": {
        "operateur": "SNCF Gares & Connexions",
        "name": "Wacquemoulin",
        "official_name": "Wacquemoulin",
        "type": "ter"
      }
    },
    {
      "type": "Feature",
      "geometry": {
        "type": "Point",
        "coordinates": [
          2.7059291,
          49.4332568
        ]
      },
      "properties": {
        "operateur": "SNCF Gares & Connexions",
        "name": "Rémy",
        "official_name": "Remy (Oise)",
        "type": "ter"
      }
    },
    {
      "type": "Feature",
      "geometry": {
        "type": "Point",
        "coordinates": [
          2.2263344,
          48.8976883
        ]
      },
      "properties": {
        "operateur": "SNCF Gares & Connexions",
        "name": "Nanterre La Folie",
        "type": "ter"
      }
    },
    {
      "type": "Feature",
      "geometry": {
        "type": "Point",
        "coordinates": [
          5.9718868,
          43.1250283
        ]
      },
      "properties": {
        "operateur": "SNCF Gares & Connexions",
        "name": "Toulon Sainte-Musse",
        "type": "ter"
      }
    },
    {
      "type": "Feature",
      "geometry": {
        "type": "Point",
        "coordinates": [
          2.3925553,
          49.7997263
        ]
      },
      "properties": {
        "operateur": "SNCF Gares & Connexions",
        "name": "Dommartin - Remiencourt",
        "official_name": "Dommartin - Remiencourt",
        "type": "ter"
      }
    },
    {
      "type": "Feature",
      "geometry": {
        "type": "Point",
        "coordinates": [
          5.2438246,
          45.0714463
        ]
      },
      "properties": {
        "operateur": "",
        "name": "Saint-Hilaire - Saint-Nazaire",
        "official_name": "Saint-Hilaire - Saint-Nazaire",
        "type": "ter"
      }
    },
    {
      "type": "Feature",
      "geometry": {
        "type": "Point",
        "coordinates": [
          5.8072802,
          45.8242967
        ]
      },
      "properties": {
        "operateur": "SNCF Gares & Connexions",
        "name": "Vions - Chanaz",
        "official_name": "Vions - Chanaz",
        "type": "ter"
      }
    },
    {
      "type": "Feature",
      "geometry": {
        "type": "Point",
        "coordinates": [
          4.884044,
          46.4509068
        ]
      },
      "properties": {
        "operateur": "SNCF Gares & Connexions",
        "name": "Fleurville - Pont-de-Vaux",
        "official_name": "Fleurville - Pont-de-Vaux",
        "type": "ter"
      }
    },
    {
      "type": "Feature",
      "geometry": {
        "type": "Point",
        "coordinates": [
          4.760932,
          46.880422
        ]
      },
      "properties": {
        "operateur": "SNCF Gares & Connexions",
        "name": "Rully",
        "official_name": "Rully",
        "type": "ter"
      }
    },
    {
      "type": "Feature",
      "geometry": {
        "type": "Point",
        "coordinates": [
          6.1241092,
          43.108762
        ]
      },
      "properties": {
        "operateur": "SNCF Gares & Connexions",
        "name": "Hyères",
        "official_name": "Hyères",
        "type": "ter"
      }
    },
    {
      "type": "Feature",
      "geometry": {
        "type": "Point",
        "coordinates": [
          2.9410194,
          50.3163137
        ]
      },
      "properties": {
        "operateur": "SNCF Gares & Connexions",
        "name": "Biache-Saint-Vaast",
        "official_name": "Biache-Saint-Vaast",
        "type": "ter"
      }
    },
    {
      "type": "Feature",
      "geometry": {
        "type": "Point",
        "coordinates": [
          1.8626822,
          46.8826588
        ]
      },
      "properties": {
        "operateur": "SNCF Gares & Connexions",
        "name": "Neuvy-Pailloux",
        "official_name": "Neuvy-Pailloux",
        "type": "ter"
      }
    },
    {
      "type": "Feature",
      "geometry": {
        "type": "Point",
        "coordinates": [
          2.0301466,
          47.0028432
        ]
      },
      "properties": {
        "operateur": "SNCF Gares & Connexions",
        "name": "Sainte-Lizaigne",
        "official_name": "Sainte-Lizaigne",
        "type": "ter"
      }
    },
    {
      "type": "Feature",
      "geometry": {
        "type": "Point",
        "coordinates": [
          2.2826772,
          47.0999539
        ]
      },
      "properties": {
        "operateur": "SNCF Gares & Connexions",
        "name": "Marmagne",
        "official_name": "Marmagne",
        "type": "ter"
      }
    },
    {
      "type": "Feature",
      "geometry": {
        "type": "Point",
        "coordinates": [
          6.786804,
          43.9625071
        ]
      },
      "properties": {
        "operateur": "Régie Régionale des Transports",
        "name": "Plan-d'Entrevaux",
        "type": "ter"
      }
    },
    {
      "type": "Feature",
      "geometry": {
        "type": "Point",
        "coordinates": [
          3.3180428,
          46.8651963
        ]
      },
      "properties": {
        "operateur": "SNCF",
        "name": "Béard",
        "official_name": "Béard",
        "type": "ter"
      }
    },
    {
      "type": "Feature",
      "geometry": {
        "type": "Point",
        "coordinates": [
          5.3703149,
          43.4036815
        ]
      },
      "properties": {
        "operateur": "SNCF Gares & Connexions",
        "name": "Septèmes",
        "official_name": "Septèmes",
        "type": "ter"
      }
    },
    {
      "type": "Feature",
      "geometry": {
        "type": "Point",
        "coordinates": [
          4.978953,
          48.0870469
        ]
      },
      "properties": {
        "operateur": "SNCF Gares & Connexions",
        "name": "Bricon",
        "type": "ter"
      }
    },
    {
      "type": "Feature",
      "geometry": {
        "type": "Point",
        "coordinates": [
          1.0901356,
          43.6173609
        ]
      },
      "properties": {
        "operateur": "SNCF Gares & Connexions",
        "name": "L'Isle-Jourdain",
        "official_name": "L'Isle-Jourdain",
        "type": "ter"
      }
    },
    {
      "type": "Feature",
      "geometry": {
        "type": "Point",
        "coordinates": [
          2.2077706,
          50.8257436
        ]
      },
      "properties": {
        "operateur": "SNCF Gares & Connexions",
        "name": "Watten – Éperlecques",
        "official_name": "Watten - Éperlecques",
        "type": "ter"
      }
    },
    {
      "type": "Feature",
      "geometry": {
        "type": "Point",
        "coordinates": [
          -0.9108189,
          43.5246528
        ]
      },
      "properties": {
        "operateur": "",
        "name": "Puyoô",
        "official_name": "Puyoô",
        "type": "ter"
      }
    },
    {
      "type": "Feature",
      "geometry": {
        "type": "Point",
        "coordinates": [
          6.1575539,
          46.8576939
        ]
      },
      "properties": {
        "operateur": "SNCF Gares & Connexions",
        "name": "Frasne",
        "official_name": "Frasne",
        "type": "ter"
      }
    },
    {
      "type": "Feature",
      "geometry": {
        "type": "Point",
        "coordinates": [
          5.6366837,
          47.0360528
        ]
      },
      "properties": {
        "operateur": "SNCF Gares & Connexions",
        "name": "Montbarrey",
        "official_name": "Montbarrey",
        "type": "ter"
      }
    },
    {
      "type": "Feature",
      "geometry": {
        "type": "Point",
        "coordinates": [
          5.5395759,
          43.6441141
        ]
      },
      "properties": {
        "operateur": "SNCF Gares & Connexions",
        "name": "Meyrargues",
        "official_name": "Meyrargues",
        "type": "ter"
      }
    },
    {
      "type": "Feature",
      "geometry": {
        "type": "Point",
        "coordinates": [
          1.1283866,
          48.0998878
        ]
      },
      "properties": {
        "operateur": "SNCF Gares & Connexions",
        "name": "Arrou",
        "official_name": "Arrou",
        "type": "ter"
      }
    },
    {
      "type": "Feature",
      "geometry": {
        "type": "Point",
        "coordinates": [
          0.2270098,
          49.1506847
        ]
      },
      "properties": {
        "operateur": "SNCF Gares & Connexions",
        "name": "Le Grand Jardin",
        "official_name": "Le Grand Jardin",
        "type": "ter"
      }
    },
    {
      "type": "Feature",
      "geometry": {
        "type": "Point",
        "coordinates": [
          4.0136612,
          49.3295549
        ]
      },
      "properties": {
        "operateur": "SNCF Gares & Connexions",
        "name": "Courcy - Brimont",
        "official_name": "Courcy - Brimont",
        "type": "ter"
      }
    },
    {
      "type": "Feature",
      "geometry": {
        "type": "Point",
        "coordinates": [
          6.65952,
          48.5049354
        ]
      },
      "properties": {
        "operateur": "SNCF Gares & Connexions",
        "name": "Ménil Flin",
        "official_name": "Ménil Flin",
        "type": "ter"
      }
    },
    {
      "type": "Feature",
      "geometry": {
        "type": "Point",
        "coordinates": [
          3.7696597,
          49.7472727
        ]
      },
      "properties": {
        "operateur": "SNCF Gares & Connexions",
        "name": "Marle sur Serre",
        "official_name": "Marle sur Serre",
        "type": "ter"
      }
    },
    {
      "type": "Feature",
      "geometry": {
        "type": "Point",
        "coordinates": [
          1.4530478,
          48.4367106
        ]
      },
      "properties": {
        "operateur": "SNCF Gares & Connexions",
        "name": "Lucé",
        "official_name": "Lucé",
        "type": "ter"
      }
    },
    {
      "type": "Feature",
      "geometry": {
        "type": "Point",
        "coordinates": [
          4.0224264,
          49.2337228
        ]
      },
      "properties": {
        "operateur": "SNCF Gares & Connexions",
        "name": "Reims Maison Blanche",
        "official_name": "Reims Maison Blanche",
        "type": "ter"
      }
    },
    {
      "type": "Feature",
      "geometry": {
        "type": "Point",
        "coordinates": [
          6.2705353,
          47.1558914
        ]
      },
      "properties": {
        "operateur": "SNCF Gares & Connexions",
        "name": "Etalans",
        "official_name": "Étalans",
        "type": "ter"
      }
    },
    {
      "type": "Feature",
      "geometry": {
        "type": "Point",
        "coordinates": [
          6.1618911,
          47.2001413
        ]
      },
      "properties": {
        "operateur": "SNCF Gares & Connexions",
        "name": "Mamirolle",
        "official_name": "Mamirolle",
        "type": "ter"
      }
    },
    {
      "type": "Feature",
      "geometry": {
        "type": "Point",
        "coordinates": [
          6.0673285,
          47.2259693
        ]
      },
      "properties": {
        "operateur": "SNCF Gares & Connexions",
        "name": "Morre",
        "official_name": "Morre",
        "type": "ter"
      }
    },
    {
      "type": "Feature",
      "geometry": {
        "type": "Point",
        "coordinates": [
          6.4345659,
          47.1299028
        ]
      },
      "properties": {
        "operateur": "SNCF Gares & Connexions",
        "name": "Avoudrey",
        "official_name": "Avoudrey",
        "type": "ter"
      }
    },
    {
      "type": "Feature",
      "geometry": {
        "type": "Point",
        "coordinates": [
          6.3141091,
          47.1511627
        ]
      },
      "properties": {
        "operateur": "SNCF Gares & Connexions",
        "name": "Le Valdahon Camp Militaire",
        "official_name": "Valdahon Camp Militaire",
        "type": "ter"
      }
    },
    {
      "type": "Feature",
      "geometry": {
        "type": "Point",
        "coordinates": [
          6.4923781,
          47.0503616
        ]
      },
      "properties": {
        "operateur": "SNCF Gares & Connexions",
        "name": "Gilley",
        "official_name": "Gilley",
        "type": "ter"
      }
    },
    {
      "type": "Feature",
      "geometry": {
        "type": "Point",
        "coordinates": [
          -1.9058839,
          48.6145311
        ]
      },
      "properties": {
        "operateur": "SNCF Gares & Connexions",
        "name": "La Gouesnière - Cancale - Saint-Méloir-des-Ondes",
        "official_name": "La Gouesnière - Cancale - Saint-Méloir-des-Ondes",
        "type": "ter"
      }
    },
    {
      "type": "Feature",
      "geometry": {
        "type": "Point",
        "coordinates": [
          5.1238668,
          48.2368223
        ]
      },
      "properties": {
        "operateur": "SNCF Gares & Connexions",
        "name": "Vraincourt",
        "official_name": "Vraincourt",
        "type": "ter"
      }
    },
    {
      "type": "Feature",
      "geometry": {
        "type": "Point",
        "coordinates": [
          -0.7985976,
          45.8944755
        ]
      },
      "properties": {
        "operateur": "SNCF Gares & Connexions",
        "name": "Bords",
        "official_name": "Bords",
        "type": "ter"
      }
    },
    {
      "type": "Feature",
      "geometry": {
        "type": "Point",
        "coordinates": [
          -0.8980505,
          45.9433848
        ]
      },
      "properties": {
        "operateur": "SNCF Gares & Connexions",
        "name": "Tonnay-Charente",
        "official_name": "Tonnay-Charente",
        "type": "ter"
      }
    },
    {
      "type": "Feature",
      "geometry": {
        "type": "Point",
        "coordinates": [
          -0.3992247,
          45.0543754
        ]
      },
      "properties": {
        "operateur": "SNCF Gares & Connexions",
        "name": "Gauriaguet",
        "official_name": "Gauriaguet",
        "type": "ter"
      }
    },
    {
      "type": "Feature",
      "geometry": {
        "type": "Point",
        "coordinates": [
          -0.5391146,
          45.5781113
        ]
      },
      "properties": {
        "operateur": "SNCF Gares & Connexions",
        "name": "Pons",
        "official_name": "Pons",
        "type": "ter"
      }
    },
    {
      "type": "Feature",
      "geometry": {
        "type": "Point",
        "coordinates": [
          6.2802623,
          46.7765918
        ]
      },
      "properties": {
        "operateur": "SNCF Gares & Connexions",
        "name": "Labergement-Sainte-Marie",
        "official_name": "Labergement-Sainte-Marie",
        "type": "ter"
      }
    },
    {
      "type": "Feature",
      "geometry": {
        "type": "Point",
        "coordinates": [
          2.3181806,
          48.8339998
        ]
      },
      "properties": {
        "operateur": "",
        "name": "Pernety",
        "type": "ter"
      }
    },
    {
      "type": "Feature",
      "geometry": {
        "type": "Point",
        "coordinates": [
          6.2660486,
          46.8792374
        ]
      },
      "properties": {
        "operateur": "SNCF Gares & Connexions",
        "name": "Sainte-Colombe",
        "official_name": "Sainte-Colombe",
        "type": "ter"
      }
    },
    {
      "type": "Feature",
      "geometry": {
        "type": "Point",
        "coordinates": [
          6.2134223,
          46.8701302
        ]
      },
      "properties": {
        "operateur": "SNCF Gares & Connexions",
        "name": "La Rivière-Drugeon",
        "official_name": "La Rivière-Drugeon",
        "type": "ter"
      }
    },
    {
      "type": "Feature",
      "geometry": {
        "type": "Point",
        "coordinates": [
          1.9969361,
          49.5302854
        ]
      },
      "properties": {
        "operateur": "SNCF Gares & Connexions",
        "name": "Saint-Omer-en-Chaussée",
        "official_name": "Saint-Omer-en-Chaussée",
        "type": "ter"
      }
    },
    {
      "type": "Feature",
      "geometry": {
        "type": "Point",
        "coordinates": [
          1.9883927,
          49.5037895
        ]
      },
      "properties": {
        "operateur": "SNCF Gares & Connexions",
        "name": "Milly-sur-Thérain",
        "official_name": "Milly-sur-Thérain",
        "type": "ter"
      }
    },
    {
      "type": "Feature",
      "geometry": {
        "type": "Point",
        "coordinates": [
          2.2202347,
          49.3681641
        ]
      },
      "properties": {
        "operateur": "SNCF Gares & Connexions",
        "name": "Villers-Saint-Sépulcre",
        "official_name": "Villers-Saint-Sépulcre",
        "type": "ter"
      }
    },
    {
      "type": "Feature",
      "geometry": {
        "type": "Point",
        "coordinates": [
          2.2731782,
          49.3403226
        ]
      },
      "properties": {
        "operateur": "SNCF Gares & Connexions",
        "name": "Heilles - Mouchy",
        "official_name": "Heilles - Mouchy",
        "type": "ter"
      }
    },
    {
      "type": "Feature",
      "geometry": {
        "type": "Point",
        "coordinates": [
          5.2371148,
          43.4412293
        ]
      },
      "properties": {
        "operateur": "SNCF Gares & Connexions",
        "name": "Vitrolles Aéroport Marseille Provence",
        "official_name": "Vitrolles Aéroport Marseille Provence",
        "type": "ter"
      }
    },
    {
      "type": "Feature",
      "geometry": {
        "type": "Point",
        "coordinates": [
          5.9194569,
          46.7425433
        ]
      },
      "properties": {
        "operateur": "SNCF Gares & Connexions",
        "name": "Champagnole Paul-Émile Victor",
        "official_name": "Champagnole Paul-Émile Victor",
        "type": "ter"
      }
    },
    {
      "type": "Feature",
      "geometry": {
        "type": "Point",
        "coordinates": [
          5.9613631,
          46.6048568
        ]
      },
      "properties": {
        "operateur": "SNCF Gares & Connexions",
        "name": "La Chaumusse - Fort-du-Plasne",
        "official_name": "La Chaumusse - Fort-du-Plasne",
        "type": "ter"
      }
    },
    {
      "type": "Feature",
      "geometry": {
        "type": "Point",
        "coordinates": [
          5.943914,
          46.6545683
        ]
      },
      "properties": {
        "operateur": "SNCF Gares & Connexions",
        "name": "La Chaux-des-Crotenay",
        "official_name": "Chaux-des-Crotenay",
        "type": "ter"
      }
    },
    {
      "type": "Feature",
      "geometry": {
        "type": "Point",
        "coordinates": [
          3.5472134,
          47.5271321
        ]
      },
      "properties": {
        "operateur": "SNCF Gares & Connexions",
        "name": "Coulanges-sur-Yonne",
        "official_name": "Coulanges-sur-Yonne",
        "type": "ter"
      }
    },
    {
      "type": "Feature",
      "geometry": {
        "type": "Point",
        "coordinates": [
          3.6035894,
          47.7385721
        ]
      },
      "properties": {
        "operateur": "SNCF Gares & Connexions",
        "name": "Champs - Saint-Bris",
        "official_name": "Champs - Saint-Bris",
        "type": "ter"
      }
    },
    {
      "type": "Feature",
      "geometry": {
        "type": "Point",
        "coordinates": [
          5.3869379,
          46.5352083
        ]
      },
      "properties": {
        "operateur": "SNCF Gares & Connexions",
        "name": "Cousance",
        "official_name": "Cousance",
        "type": "ter"
      }
    },
    {
      "type": "Feature",
      "geometry": {
        "type": "Point",
        "coordinates": [
          6.0176687,
          46.5392397
        ]
      },
      "properties": {
        "operateur": "SNCF Gares & Connexions",
        "name": "Morbier",
        "official_name": "Morbier",
        "type": "ter"
      }
    },
    {
      "type": "Feature",
      "geometry": {
        "type": "Point",
        "coordinates": [
          4.5076542,
          43.8168238
        ]
      },
      "properties": {
        "operateur": "SNCF Gares & Connexions",
        "name": "Nîmes Pont du Gard",
        "official_name": "Nîmes Pont du Gard",
        "type": "ter"
      }
    },
    {
      "type": "Feature",
      "geometry": {
        "type": "Point",
        "coordinates": [
          -3.4431612,
          47.8029641
        ]
      },
      "properties": {
        "operateur": "SNCF Gares & Connexions",
        "name": "Gestel",
        "official_name": "Gestel",
        "type": "ter"
      }
    },
    {
      "type": "Feature",
      "geometry": {
        "type": "Point",
        "coordinates": [
          2.5171345,
          50.5049408
        ]
      },
      "properties": {
        "operateur": "SNCF Gares & Connexions",
        "name": "Vis à Marles",
        "official_name": "Vis à Marles",
        "type": "ter"
      }
    },
    {
      "type": "Feature",
      "geometry": {
        "type": "Point",
        "coordinates": [
          2.4811017,
          50.4827719
        ]
      },
      "properties": {
        "operateur": "SNCF Gares & Connexions",
        "name": "Calonne-Ricouart",
        "official_name": "Calonne-Ricouart",
        "type": "ter"
      }
    },
    {
      "type": "Feature",
      "geometry": {
        "type": "Point",
        "coordinates": [
          5.9741317,
          45.342234
        ]
      },
      "properties": {
        "operateur": "SNCF Gares & Connexions",
        "name": "Goncelin",
        "official_name": "Goncelin",
        "type": "ter"
      }
    },
    {
      "type": "Feature",
      "geometry": {
        "type": "Point",
        "coordinates": [
          4.7922121,
          43.9567791
        ]
      },
      "properties": {
        "operateur": "SNCF Gares & Connexions",
        "name": "Villeneuve-lès-Avignon",
        "type": "ter"
      }
    },
    {
      "type": "Feature",
      "geometry": {
        "type": "Point",
        "coordinates": [
          0.5353166,
          47.3068136
        ]
      },
      "properties": {
        "operateur": "SNCF Gares & Connexions",
        "name": "Druye",
        "official_name": "Druye",
        "type": "ter"
      }
    },
    {
      "type": "Feature",
      "geometry": {
        "type": "Point",
        "coordinates": [
          1.5527449,
          49.9819378
        ]
      },
      "properties": {
        "operateur": "SNCF Gares & Connexions",
        "name": "Longroy - Gamaches",
        "official_name": "Longroy - Gamaches",
        "type": "ter"
      }
    },
    {
      "type": "Feature",
      "geometry": {
        "type": "Point",
        "coordinates": [
          5.7037699,
          43.1853928
        ]
      },
      "properties": {
        "operateur": "SNCF Gares & Connexions",
        "name": "Saint-Cyr - Les Lecques - La Cadière",
        "official_name": "Saint-Cyr Les Lecques - La Cadière",
        "type": "ter"
      }
    },
    {
      "type": "Feature",
      "geometry": {
        "type": "Point",
        "coordinates": [
          0.73494,
          47.2915041
        ]
      },
      "properties": {
        "operateur": "SNCF Gares & Connexions",
        "name": "Veigné",
        "official_name": "Veigné",
        "type": "ter"
      }
    },
    {
      "type": "Feature",
      "geometry": {
        "type": "Point",
        "coordinates": [
          -0.0421731,
          43.1004509
        ]
      },
      "properties": {
        "operateur": "SNCF Gares & Connexions",
        "name": "Lourdes",
        "official_name": "Lourdes",
        "type": "ter"
      }
    },
    {
      "type": "Feature",
      "geometry": {
        "type": "Point",
        "coordinates": [
          3.535529,
          43.3181806
        ]
      },
      "properties": {
        "operateur": "SNCF Gares & Connexions",
        "name": "Marseillan-Plage",
        "official_name": "Marseillan Plage",
        "type": "ter"
      }
    },
    {
      "type": "Feature",
      "geometry": {
        "type": "Point",
        "coordinates": [
          7.1882302,
          43.7205255
        ]
      },
      "properties": {
        "operateur": "Régie Régionale des Transports",
        "name": "Lingostière",
        "type": "ter"
      }
    },
    {
      "type": "Feature",
      "geometry": {
        "type": "Point",
        "coordinates": [
          3.69653,
          43.412844
        ]
      },
      "properties": {
        "operateur": "SNCF Gares & Connexions",
        "name": "Sète",
        "official_name": "Sète",
        "type": "ter"
      }
    },
    {
      "type": "Feature",
      "geometry": {
        "type": "Point",
        "coordinates": [
          0.9647571,
          47.1823872
        ]
      },
      "properties": {
        "operateur": "SNCF Gares & Connexions",
        "name": "Chambourg",
        "official_name": "Chambourg",
        "type": "ter"
      }
    },
    {
      "type": "Feature",
      "geometry": {
        "type": "Point",
        "coordinates": [
          0.8678205,
          47.2377628
        ]
      },
      "properties": {
        "operateur": "SNCF Gares & Connexions",
        "name": "Courcay-Tauxigny",
        "official_name": "Courçay - Tauxigny",
        "type": "ter"
      }
    },
    {
      "type": "Feature",
      "geometry": {
        "type": "Point",
        "coordinates": [
          0.8339471,
          47.2624607
        ]
      },
      "properties": {
        "operateur": "SNCF Gares & Connexions",
        "name": "Cormery",
        "official_name": "Cormery",
        "type": "ter"
      }
    },
    {
      "type": "Feature",
      "geometry": {
        "type": "Point",
        "coordinates": [
          0.7816963,
          47.2841856
        ]
      },
      "properties": {
        "operateur": "SNCF Gares & Connexions",
        "name": "Esvres",
        "official_name": "Esvres sur Indre",
        "type": "ter"
      }
    },
    {
      "type": "Feature",
      "geometry": {
        "type": "Point",
        "coordinates": [
          7.3642659,
          43.8470021
        ]
      },
      "properties": {
        "operateur": "SNCF Gares & Connexions",
        "name": "Touët-de-l'Escarène",
        "official_name": "Touët-de-l'Escarène",
        "type": "ter"
      }
    },
    {
      "type": "Feature",
      "geometry": {
        "type": "Point",
        "coordinates": [
          7.4536189,
          43.8764203
        ]
      },
      "properties": {
        "operateur": "SNCF Gares & Connexions",
        "name": "Sospel",
        "official_name": "Sospel",
        "type": "ter"
      }
    },
    {
      "type": "Feature",
      "geometry": {
        "type": "Point",
        "coordinates": [
          7.3668656,
          43.7679243
        ]
      },
      "properties": {
        "operateur": "SNCF Gares & Connexions",
        "name": "Peillon Sainte-Thècle",
        "official_name": "Peillon Sainte-Thècle",
        "type": "ter"
      }
    },
    {
      "type": "Feature",
      "geometry": {
        "type": "Point",
        "coordinates": [
          3.2187759,
          43.3360992
        ]
      },
      "properties": {
        "operateur": "SNCF Gares & Connexions",
        "name": "Béziers",
        "official_name": "Béziers",
        "type": "ter"
      }
    },
    {
      "type": "Feature",
      "geometry": {
        "type": "Point",
        "coordinates": [
          4.657056,
          43.8010557
        ]
      },
      "properties": {
        "operateur": "SNCF Gares & Connexions",
        "name": "Tarascon",
        "official_name": "Tarascon sur Rhône",
        "type": "ter"
      }
    },
    {
      "type": "Feature",
      "geometry": {
        "type": "Point",
        "coordinates": [
          6.0686284,
          43.1449984
        ]
      },
      "properties": {
        "operateur": "SNCF Gares & Connexions",
        "name": "La Crau",
        "official_name": "La Crau",
        "type": "ter"
      }
    },
    {
      "type": "Feature",
      "geometry": {
        "type": "Point",
        "coordinates": [
          4.6322332,
          43.6848994
        ]
      },
      "properties": {
        "operateur": "SNCF Gares & Connexions",
        "name": "Arles",
        "official_name": "Arles",
        "type": "ter"
      }
    },
    {
      "type": "Feature",
      "geometry": {
        "type": "Point",
        "coordinates": [
          4.3662548,
          43.8323742
        ]
      },
      "properties": {
        "operateur": "SNCF Gares & Connexions",
        "name": "Nîmes Centre",
        "official_name": "Nîmes",
        "type": "ter"
      }
    },
    {
      "type": "Feature",
      "geometry": {
        "type": "Point",
        "coordinates": [
          5.7545579,
          44.5194122
        ]
      },
      "properties": {
        "operateur": "SNCF Gares & Connexions",
        "name": "Aspres-sur-Buëch",
        "official_name": "Aspres-sur-Buëch",
        "type": "ter"
      }
    },
    {
      "type": "Feature",
      "geometry": {
        "type": "Point",
        "coordinates": [
          5.8159141,
          44.531909
        ]
      },
      "properties": {
        "operateur": "SNCF Gares & Connexions",
        "name": "Veynes-Dévoluy",
        "official_name": "Veynes Dévoluy",
        "type": "ter"
      }
    },
    {
      "type": "Feature",
      "geometry": {
        "type": "Point",
        "coordinates": [
          5.7182968,
          44.4246613
        ]
      },
      "properties": {
        "operateur": "SNCF Gares & Connexions",
        "name": "Serres",
        "official_name": "Serres",
        "type": "ter"
      }
    },
    {
      "type": "Feature",
      "geometry": {
        "type": "Point",
        "coordinates": [
          1.9502837,
          43.3120742
        ]
      },
      "properties": {
        "operateur": "SNCF Gares & Connexions",
        "name": "Castelnaudary",
        "official_name": "Castelnaudary",
        "type": "ter"
      }
    },
    {
      "type": "Feature",
      "geometry": {
        "type": "Point",
        "coordinates": [
          2.2310696,
          43.5992306
        ]
      },
      "properties": {
        "operateur": "SNCF Gares & Connexions",
        "name": "Castres",
        "official_name": "Castres",
        "type": "ter"
      }
    },
    {
      "type": "Feature",
      "geometry": {
        "type": "Point",
        "coordinates": [
          1.7146184,
          43.3983419
        ]
      },
      "properties": {
        "operateur": "SNCF Gares & Connexions",
        "name": "Villefranche-de-Lauragais",
        "official_name": "Villefranche-de-Lauragais",
        "type": "ter"
      }
    },
    {
      "type": "Feature",
      "geometry": {
        "type": "Point",
        "coordinates": [
          3.0509129,
          43.233743
        ]
      },
      "properties": {
        "operateur": "SNCF Gares & Connexions",
        "name": "Coursan",
        "official_name": "Coursan",
        "type": "ter"
      }
    },
    {
      "type": "Feature",
      "geometry": {
        "type": "Point",
        "coordinates": [
          4.8934708,
          44.9278288
        ]
      },
      "properties": {
        "operateur": "SNCF Gares & Connexions",
        "name": "Valence-Ville",
        "official_name": "Valence",
        "type": "ter"
      }
    },
    {
      "type": "Feature",
      "geometry": {
        "type": "Point",
        "coordinates": [
          2.8677442,
          42.7663897
        ]
      },
      "properties": {
        "operateur": "SNCF Gares & Connexions",
        "name": "Rivesaltes",
        "official_name": "Rivesaltes",
        "type": "ter"
      }
    },
    {
      "type": "Feature",
      "geometry": {
        "type": "Point",
        "coordinates": [
          2.9174628,
          42.8355964
        ]
      },
      "properties": {
        "operateur": "SNCF Gares & Connexions",
        "name": "Salses",
        "official_name": "Salses",
        "type": "ter"
      }
    },
    {
      "type": "Feature",
      "geometry": {
        "type": "Point",
        "coordinates": [
          3.038785,
          43.0199491
        ]
      },
      "properties": {
        "operateur": "SNCF Gares & Connexions",
        "name": "Port-la-Nouvelle",
        "official_name": "Port-la-Nouvelle",
        "type": "ter"
      }
    },
    {
      "type": "Feature",
      "geometry": {
        "type": "Point",
        "coordinates": [
          4.8004947,
          43.6221642
        ]
      },
      "properties": {
        "operateur": "SNCF Gares & Connexions",
        "name": "Saint-Martin-de-Crau",
        "official_name": "Saint-Martin-de-Crau",
        "type": "ter"
      }
    },
    {
      "type": "Feature",
      "geometry": {
        "type": "Point",
        "coordinates": [
          3.0744071,
          44.1023925
        ]
      },
      "properties": {
        "operateur": "SNCF Gares & Connexions",
        "name": "Millau",
        "official_name": "Millau",
        "type": "ter"
      }
    },
    {
      "type": "Feature",
      "geometry": {
        "type": "Point",
        "coordinates": [
          5.7934423,
          43.8231386
        ]
      },
      "properties": {
        "operateur": "SNCF Gares & Connexions",
        "name": "Manosque-Gréoux",
        "official_name": "Manosque - Gréoux-les-Bains",
        "type": "ter"
      }
    },
    {
      "type": "Feature",
      "geometry": {
        "type": "Point",
        "coordinates": [
          5.8924438,
          43.9247716
        ]
      },
      "properties": {
        "operateur": "SNCF Gares & Connexions",
        "name": "La Brillanne-Oraison",
        "official_name": "La Brillanne - Oraison",
        "type": "ter"
      }
    },
    {
      "type": "Feature",
      "geometry": {
        "type": "Point",
        "coordinates": [
          5.5035974,
          43.6843731
        ]
      },
      "properties": {
        "operateur": "",
        "name": "Pertuis",
        "official_name": "Pertuis",
        "type": "ter"
      }
    },
    {
      "type": "Feature",
      "geometry": {
        "type": "Point",
        "coordinates": [
          5.0445765,
          44.0482445
        ]
      },
      "properties": {
        "operateur": "SNCF Gares & Connexions",
        "name": "Carpentras",
        "official_name": "Carpentras",
        "type": "ter"
      }
    },
    {
      "type": "Feature",
      "geometry": {
        "type": "Point",
        "coordinates": [
          4.8195142,
          44.1375439
        ]
      },
      "properties": {
        "operateur": "SNCF Gares & Connexions",
        "name": "Orange",
        "official_name": "Orange",
        "type": "ter"
      }
    },
    {
      "type": "Feature",
      "geometry": {
        "type": "Point",
        "coordinates": [
          3.1009334,
          45.7785851
        ]
      },
      "properties": {
        "operateur": "",
        "name": "Clermont-Ferrand",
        "official_name": "Clermont-Ferrand",
        "type": "ter"
      }
    },
    {
      "type": "Feature",
      "geometry": {
        "type": "Point",
        "coordinates": [
          6.372375,
          49.4589095
        ]
      },
      "properties": {
        "operateur": "SNCF Gares & Connexions",
        "name": "Apach",
        "official_name": "Apach",
        "type": "ter"
      }
    },
    {
      "type": "Feature",
      "geometry": {
        "type": "Point",
        "coordinates": [
          4.8397956,
          45.072313
        ]
      },
      "properties": {
        "operateur": "SNCF Gares & Connexions",
        "name": "Tain l'Hermitage - Tournon",
        "official_name": "Tain-l'Hermitage - Tournon",
        "type": "ter"
      }
    },
    {
      "type": "Feature",
      "geometry": {
        "type": "Point",
        "coordinates": [
          3.0781015,
          42.5268832
        ]
      },
      "properties": {
        "operateur": "SNCF Gares & Connexions",
        "name": "Collioure",
        "official_name": "Collioure",
        "type": "ter"
      }
    },
    {
      "type": "Feature",
      "geometry": {
        "type": "Point",
        "coordinates": [
          3.1635147,
          42.4415596
        ]
      },
      "properties": {
        "operateur": "SNCF Gares & Connexions",
        "name": "Cerbère",
        "official_name": "Cerbère",
        "type": "ter"
      }
    },
    {
      "type": "Feature",
      "geometry": {
        "type": "Point",
        "coordinates": [
          5.9975017,
          44.0614817
        ]
      },
      "properties": {
        "operateur": "SNCF Gares & Connexions",
        "name": "Château-Arnoux-Saint-Auban",
        "official_name": "Château-Arnoux-Saint-Auban",
        "type": "ter"
      }
    },
    {
      "type": "Feature",
      "geometry": {
        "type": "Point",
        "coordinates": [
          4.704055,
          44.3747039
        ]
      },
      "properties": {
        "operateur": "SNCF Gares & Connexions",
        "name": "Pierrelatte",
        "official_name": "Pierrelatte",
        "type": "ter"
      }
    },
    {
      "type": "Feature",
      "geometry": {
        "type": "Point",
        "coordinates": [
          4.6269652,
          44.1616575
        ]
      },
      "properties": {
        "operateur": "SNCF Gares & Connexions",
        "name": "Bagnols-sur-Cèze",
        "type": "ter"
      }
    },
    {
      "type": "Feature",
      "geometry": {
        "type": "Point",
        "coordinates": [
          4.7044794,
          44.4433387
        ]
      },
      "properties": {
        "operateur": "SNCF Gares & Connexions",
        "name": "Donzère",
        "official_name": "Donzère",
        "type": "ter"
      }
    },
    {
      "type": "Feature",
      "geometry": {
        "type": "Point",
        "coordinates": [
          4.8302676,
          44.7797105
        ]
      },
      "properties": {
        "operateur": "SNCF Gares & Connexions",
        "name": "Livron",
        "official_name": "Livron",
        "type": "ter"
      }
    },
    {
      "type": "Feature",
      "geometry": {
        "type": "Point",
        "coordinates": [
          6.0856595,
          44.5638545
        ]
      },
      "properties": {
        "operateur": "SNCF Gares & Connexions",
        "name": "Gap",
        "official_name": "Gap",
        "type": "ter"
      }
    },
    {
      "type": "Feature",
      "geometry": {
        "type": "Point",
        "coordinates": [
          5.0884425,
          43.6390736
        ]
      },
      "properties": {
        "operateur": "SNCF Gares & Connexions",
        "name": "Salon",
        "official_name": "Salon-de-Provence",
        "type": "ter"
      }
    },
    {
      "type": "Feature",
      "geometry": {
        "type": "Point",
        "coordinates": [
          5.0439749,
          43.8346308
        ]
      },
      "properties": {
        "operateur": "SNCF Gares & Connexions",
        "name": "Cavaillon",
        "official_name": "Cavaillon",
        "type": "ter"
      }
    },
    {
      "type": "Feature",
      "geometry": {
        "type": "Point",
        "coordinates": [
          -3.3669499,
          47.755113
        ]
      },
      "properties": {
        "operateur": "SNCF Gares & Connexions",
        "name": "Lorient",
        "official_name": "Lorient Bretagne Sud",
        "type": "ter"
      }
    },
    {
      "type": "Feature",
      "geometry": {
        "type": "Point",
        "coordinates": [
          5.4665782,
          43.2884219
        ]
      },
      "properties": {
        "operateur": "SNCF",
        "name": "Saint-Marcel",
        "official_name": "Saint-Marcel",
        "type": "ter"
      }
    },
    {
      "type": "Feature",
      "geometry": {
        "type": "Point",
        "coordinates": [
          5.5531719,
          43.2341325
        ]
      },
      "properties": {
        "operateur": "SNCF Gares & Connexions",
        "name": "Cassis",
        "official_name": "Cassis",
        "type": "ter"
      }
    },
    {
      "type": "Feature",
      "geometry": {
        "type": "Point",
        "coordinates": [
          5.0159295,
          44.7301082
        ]
      },
      "properties": {
        "operateur": "SNCF Gares & Connexions",
        "name": "Crest",
        "official_name": "Crest",
        "type": "ter"
      }
    },
    {
      "type": "Feature",
      "geometry": {
        "type": "Point",
        "coordinates": [
          0.333317,
          46.520305
        ]
      },
      "properties": {
        "operateur": "SNCF Gares & Connexions",
        "name": "Ligugé",
        "official_name": "Ligugé",
        "type": "ter"
      }
    },
    {
      "type": "Feature",
      "geometry": {
        "type": "Point",
        "coordinates": [
          0.1901473,
          46.0306165
        ]
      },
      "properties": {
        "operateur": "SNCF Gares & Connexions",
        "name": "Ruffec (Charente)",
        "official_name": "Ruffec (Charente)",
        "type": "ter"
      }
    },
    {
      "type": "Feature",
      "geometry": {
        "type": "Point",
        "coordinates": [
          -0.6140203,
          44.8709177
        ]
      },
      "properties": {
        "operateur": "SNCF Gares & Connexions",
        "name": "Le Bouscat Sainte-Germaine",
        "type": "ter"
      }
    },
    {
      "type": "Feature",
      "geometry": {
        "type": "Point",
        "coordinates": [
          0.3164309,
          47.6707104
        ]
      },
      "properties": {
        "operateur": "SNCF Gares & Connexions",
        "name": "Vaas",
        "official_name": "Vaas",
        "type": "ter"
      }
    },
    {
      "type": "Feature",
      "geometry": {
        "type": "Point",
        "coordinates": [
          1.1415015,
          48.4779702
        ]
      },
      "properties": {
        "operateur": "SNCF Gares & Connexions",
        "name": "Pontgouin",
        "official_name": "Pontgouin",
        "type": "ter"
      }
    },
    {
      "type": "Feature",
      "geometry": {
        "type": "Point",
        "coordinates": [
          0.8548546,
          49.0039418
        ]
      },
      "properties": {
        "operateur": "SNCF Gares & Connexions",
        "name": "Romilly-la-Puthenaye",
        "official_name": "Romilly-la-Puthenaye",
        "type": "ter"
      }
    },
    {
      "type": "Feature",
      "geometry": {
        "type": "Point",
        "coordinates": [
          0.5987158,
          47.0101695
        ]
      },
      "properties": {
        "operateur": "SNCF Gares & Connexions",
        "name": "Port-de-Piles",
        "official_name": "Port-de-Piles",
        "type": "ter"
      }
    },
    {
      "type": "Feature",
      "geometry": {
        "type": "Point",
        "coordinates": [
          1.7800726,
          48.4458848
        ]
      },
      "properties": {
        "operateur": "SNCF Gares & Connexions",
        "name": "Auneau",
        "official_name": "Auneau",
        "type": "ter"
      }
    },
    {
      "type": "Feature",
      "geometry": {
        "type": "Point",
        "coordinates": [
          0.7932376,
          47.4987733
        ]
      },
      "properties": {
        "operateur": "SNCF Gares & Connexions",
        "name": "Monnaie",
        "official_name": "Monnaie",
        "type": "ter"
      }
    },
    {
      "type": "Feature",
      "geometry": {
        "type": "Point",
        "coordinates": [
          0.1450595,
          48.2299752
        ]
      },
      "properties": {
        "operateur": "SNCF Gares & Connexions",
        "name": "Vivoin - Beaumont",
        "official_name": "Vivoin - Beaumont",
        "type": "ter"
      }
    },
    {
      "type": "Feature",
      "geometry": {
        "type": "Point",
        "coordinates": [
          5.7835522,
          44.9121456
        ]
      },
      "properties": {
        "operateur": "Edeis",
        "name": "Gare du Petit Train de la Mure",
        "type": "ter"
      }
    },
    {
      "type": "Feature",
      "geometry": {
        "type": "Point",
        "coordinates": [
          -1.7842443,
          49.3801073
        ]
      },
      "properties": {
        "operateur": "",
        "name": "Carteret",
        "type": "ter"
      }
    },
    {
      "type": "Feature",
      "geometry": {
        "type": "Point",
        "coordinates": [
          3.843385,
          50.1974069
        ]
      },
      "properties": {
        "operateur": "SNCF Gares & Connexions",
        "name": "Aulnoye-Aymeries",
        "official_name": "Aulnoye-Aymeries",
        "type": "ter"
      }
    },
    {
      "type": "Feature",
      "geometry": {
        "type": "Point",
        "coordinates": [
          3.3886506,
          50.3346765
        ]
      },
      "properties": {
        "operateur": "SNCF Gares & Connexions",
        "name": "Denain",
        "official_name": "Denain",
        "type": "ter"
      }
    },
    {
      "type": "Feature",
      "geometry": {
        "type": "Point",
        "coordinates": [
          2.7348941,
          50.7289713
        ]
      },
      "properties": {
        "operateur": "SNCF Gares & Connexions",
        "name": "Bailleul",
        "official_name": "Bailleul",
        "type": "ter"
      }
    },
    {
      "type": "Feature",
      "geometry": {
        "type": "Point",
        "coordinates": [
          2.8776133,
          50.6807858
        ]
      },
      "properties": {
        "operateur": "SNCF Gares & Connexions",
        "name": "Armentières",
        "official_name": "Armentières",
        "type": "ter"
      }
    },
    {
      "type": "Feature",
      "geometry": {
        "type": "Point",
        "coordinates": [
          5.1975594,
          43.3343581
        ]
      },
      "properties": {
        "operateur": "SNCF Gares & Connexions",
        "name": "La Redonne Ensuès",
        "official_name": "La Redonne Ensuès",
        "type": "ter"
      }
    },
    {
      "type": "Feature",
      "geometry": {
        "type": "Point",
        "coordinates": [
          0.9648689,
          46.338192
        ]
      },
      "properties": {
        "operateur": "SNCF Gares & Connexions",
        "name": "Lathus",
        "official_name": "Lathus",
        "type": "ter"
      }
    },
    {
      "type": "Feature",
      "geometry": {
        "type": "Point",
        "coordinates": [
          2.407699,
          44.4645782
        ]
      },
      "properties": {
        "operateur": "SNCF Gares & Connexions",
        "name": "Saint-Christophe",
        "official_name": "Saint-Christophe-Vallon",
        "type": "ter"
      }
    },
    {
      "type": "Feature",
      "geometry": {
        "type": "Point",
        "coordinates": [
          3.0783856,
          50.6045702
        ]
      },
      "properties": {
        "operateur": "SNCF Gares & Connexions",
        "name": "Ronchin",
        "official_name": "Ronchin",
        "type": "ter"
      }
    },
    {
      "type": "Feature",
      "geometry": {
        "type": "Point",
        "coordinates": [
          1.520634,
          43.3053077
        ]
      },
      "properties": {
        "operateur": "SNCF Gares & Connexions",
        "name": "Cintegabelle",
        "official_name": "Cintegabelle",
        "type": "ter"
      }
    },
    {
      "type": "Feature",
      "geometry": {
        "type": "Point",
        "coordinates": [
          1.6114438,
          43.1894201
        ]
      },
      "properties": {
        "operateur": "SNCF Gares & Connexions",
        "name": "Le Vernet d'Ariège",
        "official_name": "Le Vernet d'Ariège",
        "type": "ter"
      }
    },
    {
      "type": "Feature",
      "geometry": {
        "type": "Point",
        "coordinates": [
          5.1535981,
          43.3366765
        ]
      },
      "properties": {
        "operateur": "SNCF Gares & Connexions",
        "name": "Carry-le-Rouet",
        "official_name": "Carry-le-Rouet",
        "type": "ter"
      }
    },
    {
      "type": "Feature",
      "geometry": {
        "type": "Point",
        "coordinates": [
          1.6283061,
          43.0416023
        ]
      },
      "properties": {
        "operateur": "SNCF Gares & Connexions",
        "name": "Varilhes",
        "official_name": "Varilhes",
        "type": "ter"
      }
    },
    {
      "type": "Feature",
      "geometry": {
        "type": "Point",
        "coordinates": [
          3.0569861,
          44.3246336
        ]
      },
      "properties": {
        "operateur": "SNCF Gares & Connexions",
        "name": "Sévérac-le-Château",
        "official_name": "Sévérac-le-Château",
        "type": "ter"
      }
    },
    {
      "type": "Feature",
      "geometry": {
        "type": "Point",
        "coordinates": [
          3.1097091,
          43.8685341
        ]
      },
      "properties": {
        "operateur": "SNCF Gares & Connexions",
        "name": "Montpaon",
        "official_name": "Montpaon",
        "type": "ter"
      }
    },
    {
      "type": "Feature",
      "geometry": {
        "type": "Point",
        "coordinates": [
          3.6282525,
          44.5285221
        ]
      },
      "properties": {
        "operateur": "SNCF Gares & Connexions",
        "name": "Bagnols - Chadenet",
        "official_name": "Bagnols - Chadenet",
        "type": "ter"
      }
    },
    {
      "type": "Feature",
      "geometry": {
        "type": "Point",
        "coordinates": [
          3.1681169,
          45.7387684
        ]
      },
      "properties": {
        "operateur": "SNCF Gares & Connexions",
        "name": "Sarliève - Cournon",
        "official_name": "Sarliève Cournon",
        "type": "ter"
      }
    },
    {
      "type": "Feature",
      "geometry": {
        "type": "Point",
        "coordinates": [
          3.2882797,
          45.7845524
        ]
      },
      "properties": {
        "operateur": "SNCF Gares & Connexions",
        "name": "Vertaizon",
        "official_name": "Vertaizon",
        "type": "ter"
      }
    },
    {
      "type": "Feature",
      "geometry": {
        "type": "Point",
        "coordinates": [
          -0.7620913,
          46.1133407
        ]
      },
      "properties": {
        "operateur": "SNCF Gares & Connexions",
        "name": "Surgères",
        "official_name": "Surgères",
        "type": "ter"
      }
    },
    {
      "type": "Feature",
      "geometry": {
        "type": "Point",
        "coordinates": [
          -3.5621984,
          48.2779955
        ]
      },
      "properties": {
        "operateur": "",
        "name": "Carhaix",
        "official_name": "Carhaix",
        "type": "ter"
      }
    },
    {
      "type": "Feature",
      "geometry": {
        "type": "Point",
        "coordinates": [
          0.3905621,
          44.2504863
        ]
      },
      "properties": {
        "operateur": "SNCF Gares & Connexions",
        "name": "Port-Sainte-Marie",
        "official_name": "Port-Sainte-Marie",
        "type": "ter"
      }
    },
    {
      "type": "Feature",
      "geometry": {
        "type": "Point",
        "coordinates": [
          -0.0749522,
          49.070949
        ]
      },
      "properties": {
        "operateur": "SNCF Gares & Connexions",
        "name": "Mézidon - Canon",
        "official_name": "Mézidon",
        "type": "ter"
      }
    },
    {
      "type": "Feature",
      "geometry": {
        "type": "Point",
        "coordinates": [
          -0.441778,
          45.4386471
        ]
      },
      "properties": {
        "operateur": "SNCF Gares & Connexions",
        "name": "Jonzac",
        "official_name": "Jonzac",
        "type": "ter"
      }
    },
    {
      "type": "Feature",
      "geometry": {
        "type": "Point",
        "coordinates": [
          2.2594566,
          43.5425573
        ]
      },
      "properties": {
        "operateur": "SNCF Gares & Connexions",
        "name": "Labruguière",
        "official_name": "Labruguière",
        "type": "ter"
      }
    },
    {
      "type": "Feature",
      "geometry": {
        "type": "Point",
        "coordinates": [
          0.7069956,
          47.459661
        ]
      },
      "properties": {
        "operateur": "SNCF Gares & Connexions",
        "name": "Notre-Dame-d'Oé",
        "official_name": "Notre-Dame-d'Oé",
        "type": "ter"
      }
    },
    {
      "type": "Feature",
      "geometry": {
        "type": "Point",
        "coordinates": [
          2.271943,
          42.5546904
        ]
      },
      "properties": {
        "operateur": "SNCF Gares & Connexions",
        "name": "Olette - Canaveilles-les-Bains",
        "official_name": "Olette - Canaveilles les Bains",
        "type": "ter"
      }
    },
    {
      "type": "Feature",
      "geometry": {
        "type": "Point",
        "coordinates": [
          4.6363599,
          49.6500643
        ]
      },
      "properties": {
        "operateur": "SNCF Gares & Connexions",
        "name": "Poix-Terron",
        "official_name": "Poix-Terron",
        "type": "ter"
      }
    },
    {
      "type": "Feature",
      "geometry": {
        "type": "Point",
        "coordinates": [
          -1.3700408,
          48.690273
        ]
      },
      "properties": {
        "operateur": "SNCF Gares & Connexions",
        "name": "Avranches",
        "official_name": "Avranches",
        "type": "ter"
      }
    },
    {
      "type": "Feature",
      "geometry": {
        "type": "Point",
        "coordinates": [
          0.1747151,
          48.0134805
        ]
      },
      "properties": {
        "operateur": "SNCF Gares & Connexions",
        "name": "Le Mans-Hôpital",
        "official_name": "Le Mans-Hôpital",
        "type": "ter"
      }
    },
    {
      "type": "Feature",
      "geometry": {
        "type": "Point",
        "coordinates": [
          2.0384303,
          42.4911948
        ]
      },
      "properties": {
        "operateur": "SNCF Gares & Connexions",
        "name": "Font-Romeu-Odeillo-Via",
        "official_name": "Font-Romeu-Odeillo-Via",
        "type": "ter"
      }
    },
    {
      "type": "Feature",
      "geometry": {
        "type": "Point",
        "coordinates": [
          5.0196687,
          43.4088984
        ]
      },
      "properties": {
        "operateur": "SNCF Gares & Connexions",
        "name": "Croix Sainte",
        "official_name": "Croix Sainte",
        "type": "ter"
      }
    },
    {
      "type": "Feature",
      "geometry": {
        "type": "Point",
        "coordinates": [
          5.8808713,
          45.234545
        ]
      },
      "properties": {
        "operateur": "SNCF Gares & Connexions",
        "name": "Lancey",
        "official_name": "Lancey",
        "type": "ter"
      }
    },
    {
      "type": "Feature",
      "geometry": {
        "type": "Point",
        "coordinates": [
          5.7849348,
          45.1850579
        ]
      },
      "properties": {
        "operateur": "SNCF Gares & Connexions",
        "name": "Grenoble Universités - Gières",
        "official_name": "Grenoble Universités - Gières",
        "type": "ter"
      }
    },
    {
      "type": "Feature",
      "geometry": {
        "type": "Point",
        "coordinates": [
          5.9013413,
          45.2625277
        ]
      },
      "properties": {
        "operateur": "SNCF Gares & Connexions",
        "name": "Brignoud",
        "official_name": "Brignoud",
        "type": "ter"
      }
    },
    {
      "type": "Feature",
      "geometry": {
        "type": "Point",
        "coordinates": [
          6.007705,
          45.4341267
        ]
      },
      "properties": {
        "operateur": "SNCF Gares & Connexions",
        "name": "Pontcharra-sur-Bréda - Allevard",
        "official_name": "Pontcharra sur Bréda",
        "type": "ter"
      }
    },
    {
      "type": "Feature",
      "geometry": {
        "type": "Point",
        "coordinates": [
          0.6634539,
          45.1862705
        ]
      },
      "properties": {
        "operateur": "SNCF Gares & Connexions",
        "name": "Marsac-sur-l'Isle",
        "type": "ter"
      }
    },
    {
      "type": "Feature",
      "geometry": {
        "type": "Point",
        "coordinates": [
          5.0256298,
          43.3929443
        ]
      },
      "properties": {
        "operateur": "SNCF Gares & Connexions",
        "name": "Martigues",
        "official_name": "Martigues",
        "type": "ter"
      }
    },
    {
      "type": "Feature",
      "geometry": {
        "type": "Point",
        "coordinates": [
          2.9101405,
          50.4152435
        ]
      },
      "properties": {
        "operateur": "SNCF Gares & Connexions",
        "name": "Billy-Montigny",
        "official_name": "Billy-Montigny",
        "type": "ter"
      }
    },
    {
      "type": "Feature",
      "geometry": {
        "type": "Point",
        "coordinates": [
          7.5840056,
          44.0558738
        ]
      },
      "properties": {
        "operateur": "SNCF Gares & Connexions",
        "name": "Saint-Dalmas-de-Tende",
        "official_name": "Saint-Dalmas de Tende",
        "type": "ter"
      }
    },
    {
      "type": "Feature",
      "geometry": {
        "type": "Point",
        "coordinates": [
          1.0007106,
          47.1304512
        ]
      },
      "properties": {
        "operateur": "SNCF Gares & Connexions",
        "name": "Loches",
        "official_name": "Loches",
        "type": "ter"
      }
    },
    {
      "type": "Feature",
      "geometry": {
        "type": "Point",
        "coordinates": [
          1.6678061,
          47.2789081
        ]
      },
      "properties": {
        "operateur": "SNCF Gares & Connexions",
        "name": "Giévres",
        "official_name": "Gièvres",
        "type": "ter"
      }
    },
    {
      "type": "Feature",
      "geometry": {
        "type": "Point",
        "coordinates": [
          1.5901218,
          46.7357607
        ]
      },
      "properties": {
        "operateur": "SNCF Gares & Connexions",
        "name": "Luant",
        "official_name": "Luant",
        "type": "ter"
      }
    },
    {
      "type": "Feature",
      "geometry": {
        "type": "Point",
        "coordinates": [
          1.5076427,
          46.6264951
        ]
      },
      "properties": {
        "operateur": "SNCF Gares & Connexions",
        "name": "Chabenet",
        "official_name": "Chabenet",
        "type": "ter"
      }
    },
    {
      "type": "Feature",
      "geometry": {
        "type": "Point",
        "coordinates": [
          3.1379381,
          50.6786589
        ]
      },
      "properties": {
        "operateur": "SNCF Gares & Connexions",
        "name": "Croix - Wasquehal",
        "official_name": "Croix - Wasquehal",
        "type": "ter"
      }
    },
    {
      "type": "Feature",
      "geometry": {
        "type": "Point",
        "coordinates": [
          3.0064535,
          49.5771027
        ]
      },
      "properties": {
        "operateur": "SNCF Gares & Connexions",
        "name": "Noyon",
        "official_name": "Noyon",
        "type": "ter"
      }
    },
    {
      "type": "Feature",
      "geometry": {
        "type": "Point",
        "coordinates": [
          2.2726322,
          48.7235684
        ]
      },
      "properties": {
        "operateur": "SNCF Gares & Connexions",
        "name": "Massy-Europe",
        "type": "ter"
      }
    },
    {
      "type": "Feature",
      "geometry": {
        "type": "Point",
        "coordinates": [
          3.0907514,
          50.3718756
        ]
      },
      "properties": {
        "operateur": "SNCF Gares & Connexions",
        "name": "Douai",
        "official_name": "Douai",
        "type": "ter"
      }
    },
    {
      "type": "Feature",
      "geometry": {
        "type": "Point",
        "coordinates": [
          2.952221,
          50.4170006
        ]
      },
      "properties": {
        "operateur": "SNCF Gares & Connexions",
        "name": "Hénin-Beaumont",
        "official_name": "Hénin-Beaumont",
        "type": "ter"
      }
    },
    {
      "type": "Feature",
      "geometry": {
        "type": "Point",
        "coordinates": [
          2.9869594,
          50.4321871
        ]
      },
      "properties": {
        "operateur": "SNCF Gares & Connexions",
        "name": "Dourges",
        "official_name": "Dourges",
        "type": "ter"
      }
    },
    {
      "type": "Feature",
      "geometry": {
        "type": "Point",
        "coordinates": [
          3.0342795,
          50.6145546
        ]
      },
      "properties": {
        "operateur": "SNCF Gares & Connexions",
        "name": "Lille Centre Hospitalier Régional",
        "official_name": "Lille CHR",
        "type": "ter"
      }
    },
    {
      "type": "Feature",
      "geometry": {
        "type": "Point",
        "coordinates": [
          0.6676538,
          47.3542719
        ]
      },
      "properties": {
        "operateur": "SNCF Gares & Connexions",
        "name": "Joué-les-Tours",
        "official_name": "Joué-lès-Tours",
        "type": "ter"
      }
    },
    {
      "type": "Feature",
      "geometry": {
        "type": "Point",
        "coordinates": [
          3.3455166,
          44.4739849
        ]
      },
      "properties": {
        "operateur": "SNCF Gares & Connexions",
        "name": "Chanac",
        "official_name": "Chanac",
        "type": "ter"
      }
    },
    {
      "type": "Feature",
      "geometry": {
        "type": "Point",
        "coordinates": [
          6.6590437,
          45.1933301
        ]
      },
      "properties": {
        "operateur": "SNCF Gares & Connexions",
        "name": "Modane",
        "official_name": "Modane",
        "type": "ter"
      }
    },
    {
      "type": "Feature",
      "geometry": {
        "type": "Point",
        "coordinates": [
          0.8598549,
          47.3651913
        ]
      },
      "properties": {
        "operateur": "SNCF Gares & Connexions",
        "name": "Azay-sur-Cher",
        "official_name": "Azay-sur-Cher",
        "type": "ter"
      }
    },
    {
      "type": "Feature",
      "geometry": {
        "type": "Point",
        "coordinates": [
          1.6994314,
          46.8094504
        ]
      },
      "properties": {
        "operateur": "SNCF Gares & Connexions",
        "name": "Châteauroux",
        "official_name": "Châteauroux",
        "type": "ter"
      }
    },
    {
      "type": "Feature",
      "geometry": {
        "type": "Point",
        "coordinates": [
          3.1248805,
          42.4830177
        ]
      },
      "properties": {
        "operateur": "SNCF Gares & Connexions",
        "name": "Banyuls-sur-Mer",
        "official_name": "Banyuls-sur-Mer",
        "type": "ter"
      }
    },
    {
      "type": "Feature",
      "geometry": {
        "type": "Point",
        "coordinates": [
          0.5969637,
          47.3709212
        ]
      },
      "properties": {
        "operateur": "SNCF Gares & Connexions",
        "name": "Saint-Genouph",
        "official_name": "Saint-Genouph",
        "type": "ter"
      }
    },
    {
      "type": "Feature",
      "geometry": {
        "type": "Point",
        "coordinates": [
          7.7418405,
          48.6119032
        ]
      },
      "properties": {
        "operateur": "SNCF Gares & Connexions",
        "name": "Bischheim",
        "official_name": "Bischheim",
        "type": "ter"
      }
    },
    {
      "type": "Feature",
      "geometry": {
        "type": "Point",
        "coordinates": [
          6.9204062,
          46.0191714
        ]
      },
      "properties": {
        "operateur": "SNCF Gares & Connexions",
        "name": "Le Buet",
        "official_name": "Le Buet",
        "type": "ter"
      }
    },
    {
      "type": "Feature",
      "geometry": {
        "type": "Point",
        "coordinates": [
          2.362595,
          48.6653548
        ]
      },
      "properties": {
        "operateur": "SNCF Gares & Connexions",
        "name": "Côteaux de l'Orge",
        "type": "ter"
      }
    },
    {
      "type": "Feature",
      "geometry": {
        "type": "Point",
        "coordinates": [
          2.3956083,
          48.6341809
        ]
      },
      "properties": {
        "operateur": "SNCF Gares & Connexions",
        "name": "Bois de Saint-Eutrope",
        "type": "ter"
      }
    },
    {
      "type": "Feature",
      "geometry": {
        "type": "Point",
        "coordinates": [
          2.3548003,
          48.6679136
        ]
      },
      "properties": {
        "operateur": "SNCF Gares & Connexions",
        "name": "Parc du Château",
        "type": "ter"
      }
    },
    {
      "type": "Feature",
      "geometry": {
        "type": "Point",
        "coordinates": [
          2.3736175,
          48.6588088
        ]
      },
      "properties": {
        "operateur": "SNCF Gares & Connexions",
        "name": "Amédée Gordini",
        "type": "ter"
      }
    },
    {
      "type": "Feature",
      "geometry": {
        "type": "Point",
        "coordinates": [
          2.3833962,
          48.6521933
        ]
      },
      "properties": {
        "operateur": "SNCF Gares & Connexions",
        "name": "Ferme Neuve",
        "type": "ter"
      }
    },
    {
      "type": "Feature",
      "geometry": {
        "type": "Point",
        "coordinates": [
          2.4072531,
          48.6251847
        ]
      },
      "properties": {
        "operateur": "SNCF Gares & Connexions",
        "name": "Traité de Rome",
        "type": "ter"
      }
    },
    {
      "type": "Feature",
      "geometry": {
        "type": "Point",
        "coordinates": [
          2.4157859,
          48.6219788
        ]
      },
      "properties": {
        "operateur": "SNCF Gares & Connexions",
        "name": "Bois Briard",
        "type": "ter"
      }
    },
    {
      "type": "Feature",
      "geometry": {
        "type": "Point",
        "coordinates": [
          2.4254961,
          48.6249258
        ]
      },
      "properties": {
        "operateur": "SNCF Gares & Connexions",
        "name": "Évry-Courcouronnes T12",
        "type": "ter"
      }
    },
    {
      "type": "Feature",
      "geometry": {
        "type": "Point",
        "coordinates": [
          0.1014072,
          45.6050847
        ]
      },
      "properties": {
        "operateur": "SNCF Gares & Connexions",
        "name": "La Couronne Charente",
        "official_name": "La Couronne",
        "type": "ter"
      }
    },
    {
      "type": "Feature",
      "geometry": {
        "type": "Point",
        "coordinates": [
          1.4799711,
          45.6098783
        ]
      },
      "properties": {
        "operateur": "",
        "name": "Saint-Germain-les-Belles",
        "type": "ter"
      }
    },
    {
      "type": "Feature",
      "geometry": {
        "type": "Point",
        "coordinates": [
          5.0455446,
          43.7858539
        ]
      },
      "properties": {
        "operateur": "SNCF Gares & Connexions",
        "name": "Orgon",
        "official_name": "Orgon",
        "type": "ter"
      }
    },
    {
      "type": "Feature",
      "geometry": {
        "type": "Point",
        "coordinates": [
          2.2807856,
          48.70801
        ]
      },
      "properties": {
        "operateur": "SNCF Gares & Connexions",
        "name": "Champlan",
        "type": "ter"
      }
    },
    {
      "type": "Feature",
      "geometry": {
        "type": "Point",
        "coordinates": [
          1.5010071,
          50.1798491
        ]
      },
      "properties": {
        "operateur": "",
        "name": "Cayeux sur Mer-Brighton Plage",
        "type": "ter"
      }
    },
    {
      "type": "Feature",
      "geometry": {
        "type": "Point",
        "coordinates": [
          5.1100682,
          43.3329833
        ]
      },
      "properties": {
        "operateur": "SNCF Gares & Connexions",
        "name": "Sausset-Les-Pins",
        "official_name": "Sausset-les-Pins",
        "type": "ter"
      }
    },
    {
      "type": "Feature",
      "geometry": {
        "type": "Point",
        "coordinates": [
          6.3109992,
          49.0634226
        ]
      },
      "properties": {
        "operateur": "SNCF Gares & Connexions",
        "name": "Courcelles-sur-Nied",
        "official_name": "Courcelles-sur-Nied",
        "type": "ter"
      }
    },
    {
      "type": "Feature",
      "geometry": {
        "type": "Point",
        "coordinates": [
          -1.4073765,
          48.8298633
        ]
      },
      "properties": {
        "operateur": "SNCF Gares & Connexions",
        "name": "Folligny",
        "official_name": "Folligny",
        "type": "ter"
      }
    },
    {
      "type": "Feature",
      "geometry": {
        "type": "Point",
        "coordinates": [
          3.1207348,
          45.8899872
        ]
      },
      "properties": {
        "operateur": "SNCF Gares & Connexions",
        "name": "Riom - Châtel-Guyon",
        "official_name": "Riom - Châtel-Guyon",
        "type": "ter"
      }
    },
    {
      "type": "Feature",
      "geometry": {
        "type": "Point",
        "coordinates": [
          1.5283827,
          45.1523243
        ]
      },
      "properties": {
        "operateur": "SNCF",
        "name": "Brive-la-Gaillarde",
        "official_name": "Brive-la-Gaillarde",
        "type": "ter"
      }
    },
    {
      "type": "Feature",
      "geometry": {
        "type": "Point",
        "coordinates": [
          -3.0411092,
          47.982632
        ]
      },
      "properties": {
        "operateur": "CFCB",
        "name": "St-Nicolas des Eaux",
        "type": "ter"
      }
    },
    {
      "type": "Feature",
      "geometry": {
        "type": "Point",
        "coordinates": [
          -3.0657288,
          47.9469468
        ]
      },
      "properties": {
        "operateur": "CFCB",
        "name": "St-Rivalain",
        "type": "ter"
      }
    },
    {
      "type": "Feature",
      "geometry": {
        "type": "Point",
        "coordinates": [
          3.7288163,
          48.5143247
        ]
      },
      "properties": {
        "operateur": "SNCF Gares & Connexions",
        "name": "Romilly-sur-Seine",
        "official_name": "Romilly-sur-Seine",
        "type": "ter"
      }
    },
    {
      "type": "Feature",
      "geometry": {
        "type": "Point",
        "coordinates": [
          6.1443376,
          48.7553139
        ]
      },
      "properties": {
        "operateur": "",
        "name": "Frouard",
        "official_name": "Frouard",
        "type": "ter"
      }
    },
    {
      "type": "Feature",
      "geometry": {
        "type": "Point",
        "coordinates": [
          1.622251,
          48.2749924
        ]
      },
      "properties": {
        "operateur": "",
        "name": "Voves",
        "official_name": "Voves",
        "type": "ter"
      }
    },
    {
      "type": "Feature",
      "geometry": {
        "type": "Point",
        "coordinates": [
          5.1348759,
          47.1936488
        ]
      },
      "properties": {
        "operateur": "SNCF Gares & Connexions",
        "name": "Longecourt",
        "official_name": "Longecourt",
        "type": "ter"
      }
    },
    {
      "type": "Feature",
      "geometry": {
        "type": "Point",
        "coordinates": [
          -0.0309095,
          44.5799123
        ]
      },
      "properties": {
        "operateur": "SNCF Gares & Connexions",
        "name": "La Réole",
        "official_name": "La Réole",
        "type": "ter"
      }
    },
    {
      "type": "Feature",
      "geometry": {
        "type": "Point",
        "coordinates": [
          5.417796,
          45.8260318
        ]
      },
      "properties": {
        "operateur": "CFHR",
        "name": "Montalieu - Vallée Bleue",
        "type": "ter"
      }
    },
    {
      "type": "Feature",
      "geometry": {
        "type": "Point",
        "coordinates": [
          5.416374,
          45.8399364
        ]
      },
      "properties": {
        "operateur": "CFHR",
        "name": "La Source",
        "type": "ter"
      }
    },
    {
      "type": "Feature",
      "geometry": {
        "type": "Point",
        "coordinates": [
          5.4062964,
          45.8515472
        ]
      },
      "properties": {
        "operateur": "CFHR",
        "name": "Porcieu - Pont de Sault-Brénaz",
        "type": "ter"
      }
    },
    {
      "type": "Feature",
      "geometry": {
        "type": "Point",
        "coordinates": [
          5.0517193,
          43.3399417
        ]
      },
      "properties": {
        "operateur": "SNCF Gares & Connexions",
        "name": "La Couronne Carro",
        "official_name": "La Couronne Carro",
        "type": "ter"
      }
    },
    {
      "type": "Feature",
      "geometry": {
        "type": "Point",
        "coordinates": [
          5.6711212,
          45.2357174
        ]
      },
      "properties": {
        "operateur": "",
        "name": "Saint-Égrève - Saint-Robert",
        "official_name": "Saint-Égrève Saint-Robert",
        "type": "ter"
      }
    },
    {
      "type": "Feature",
      "geometry": {
        "type": "Point",
        "coordinates": [
          5.4279847,
          45.4383209
        ]
      },
      "properties": {
        "operateur": "SNCF Gares & Connexions",
        "name": "Châbons",
        "official_name": "Châbons",
        "type": "ter"
      }
    },
    {
      "type": "Feature",
      "geometry": {
        "type": "Point",
        "coordinates": [
          5.4104094,
          45.2080902
        ]
      },
      "properties": {
        "operateur": "SNCF Gares & Connexions",
        "name": "Vinay",
        "official_name": "Vinay",
        "type": "ter"
      }
    },
    {
      "type": "Feature",
      "geometry": {
        "type": "Point",
        "coordinates": [
          4.1441736,
          49.2032072
        ]
      },
      "properties": {
        "operateur": "",
        "name": "Gare de Sillery",
        "official_name": "Sillery",
        "type": "ter"
      }
    },
    {
      "type": "Feature",
      "geometry": {
        "type": "Point",
        "coordinates": [
          -2.5069508,
          47.2898097
        ]
      },
      "properties": {
        "operateur": "SNCF Gares & Connexions",
        "name": "Le Croisic",
        "official_name": "Le Croisic",
        "type": "ter"
      }
    },
    {
      "type": "Feature",
      "geometry": {
        "type": "Point",
        "coordinates": [
          5.0914608,
          43.6999604
        ]
      },
      "properties": {
        "operateur": "SNCF Gares & Connexions",
        "name": "Lamanon",
        "official_name": "Lamanon",
        "type": "ter"
      }
    },
    {
      "type": "Feature",
      "geometry": {
        "type": "Point",
        "coordinates": [
          -1.3022608,
          45.9676228
        ]
      },
      "properties": {
        "operateur": "",
        "name": "Ancienne gare de Sauzelle",
        "type": "ter"
      }
    },
    {
      "type": "Feature",
      "geometry": {
        "type": "Point",
        "coordinates": [
          4.8133829,
          45.7166841
        ]
      },
      "properties": {
        "operateur": "SNCF Gares & Connexions",
        "name": "Oullins",
        "official_name": "Oullins",
        "type": "ter"
      }
    },
    {
      "type": "Feature",
      "geometry": {
        "type": "Point",
        "coordinates": [
          3.7928809,
          47.5288727
        ]
      },
      "properties": {
        "operateur": "SNCF Gares & Connexions",
        "name": "Sermizelles - Vézelay",
        "official_name": "Sermizelles - Vézelay",
        "type": "ter"
      }
    },
    {
      "type": "Feature",
      "geometry": {
        "type": "Point",
        "coordinates": [
          -0.5551706,
          44.7993695
        ]
      },
      "properties": {
        "operateur": "",
        "name": "Bègles",
        "type": "ter"
      }
    },
    {
      "type": "Feature",
      "geometry": {
        "type": "Point",
        "coordinates": [
          5.00762,
          45.8339737
        ]
      },
      "properties": {
        "operateur": "SNCF Gares & Connexions",
        "name": "Beynost",
        "official_name": "Beynost",
        "type": "ter"
      }
    },
    {
      "type": "Feature",
      "geometry": {
        "type": "Point",
        "coordinates": [
          5.9513346,
          46.5748251
        ]
      },
      "properties": {
        "operateur": "SNCF",
        "name": "Gare de Saint-Laurent-en-Grandvaux",
        "official_name": "Saint-Laurent-en-Grandvaux",
        "type": "ter"
      }
    },
    {
      "type": "Feature",
      "geometry": {
        "type": "Point",
        "coordinates": [
          5.0732427,
          43.740885
        ]
      },
      "properties": {
        "operateur": "SNCF Gares & Connexions",
        "name": "Sénas",
        "official_name": "Sénas",
        "type": "ter"
      }
    },
    {
      "type": "Feature",
      "geometry": {
        "type": "Point",
        "coordinates": [
          5.1250781,
          45.8491508
        ]
      },
      "properties": {
        "operateur": "SNCF Gares & Connexions",
        "name": "La Valbonne",
        "official_name": "La Valbonne",
        "type": "ter"
      }
    },
    {
      "type": "Feature",
      "geometry": {
        "type": "Point",
        "coordinates": [
          -1.1177154,
          45.5081599
        ]
      },
      "properties": {
        "operateur": "SNCF Gares & Connexions",
        "name": "Soulac-sur-Mer",
        "official_name": "Soulac-sur-Mer",
        "type": "ter"
      }
    },
    {
      "type": "Feature",
      "geometry": {
        "type": "Point",
        "coordinates": [
          -0.5376716,
          44.7520845
        ]
      },
      "properties": {
        "operateur": "SNCF Gares & Connexions",
        "name": "Cadaujac",
        "official_name": "Cadaujac",
        "type": "ter"
      }
    },
    {
      "type": "Feature",
      "geometry": {
        "type": "Point",
        "coordinates": [
          4.6017078,
          45.8115425
        ]
      },
      "properties": {
        "operateur": "SNCF Gares & Connexions",
        "name": "Sain-Bel",
        "official_name": "Sain-Bel",
        "type": "ter"
      }
    },
    {
      "type": "Feature",
      "geometry": {
        "type": "Point",
        "coordinates": [
          -0.4963729,
          46.8383507
        ]
      },
      "properties": {
        "operateur": "SNCF Gares & Connexions",
        "name": "Bressuire",
        "official_name": "Bressuire",
        "type": "ter"
      }
    },
    {
      "type": "Feature",
      "geometry": {
        "type": "Point",
        "coordinates": [
          6.7302955,
          45.877887
        ]
      },
      "properties": {
        "operateur": "Compagnie du Mont-Blanc",
        "name": "Montivon",
        "type": "ter"
      }
    },
    {
      "type": "Feature",
      "geometry": {
        "type": "Point",
        "coordinates": [
          4.7696253,
          45.7337104
        ]
      },
      "properties": {
        "operateur": "SNCF Gares & Connexions",
        "name": "Francheville",
        "official_name": "Francheville",
        "type": "ter"
      }
    },
    {
      "type": "Feature",
      "geometry": {
        "type": "Point",
        "coordinates": [
          0.0451275,
          44.5628274
        ]
      },
      "properties": {
        "operateur": "SNCF",
        "name": "Lamothe-Landerron",
        "official_name": "Lamothe-Landerron",
        "type": "ter"
      }
    },
    {
      "type": "Feature",
      "geometry": {
        "type": "Point",
        "coordinates": [
          2.2181801,
          43.0684871
        ]
      },
      "properties": {
        "operateur": "SNCF",
        "name": "Limoux-Flassian",
        "official_name": "Limoux Flassian",
        "type": "ter"
      }
    },
    {
      "type": "Feature",
      "geometry": {
        "type": "Point",
        "coordinates": [
          2.2056643,
          42.9169431
        ]
      },
      "properties": {
        "operateur": "SNCF",
        "name": "Campagne",
        "official_name": "Campagne-sur-Aude",
        "type": "ter"
      }
    },
    {
      "type": "Feature",
      "geometry": {
        "type": "Point",
        "coordinates": [
          2.218262,
          42.9358455
        ]
      },
      "properties": {
        "operateur": "SNCF",
        "name": "Espéraza",
        "official_name": "Espéraza",
        "type": "ter"
      }
    },
    {
      "type": "Feature",
      "geometry": {
        "type": "Point",
        "coordinates": [
          2.3154183,
          44.1005176
        ]
      },
      "properties": {
        "operateur": "SNCF",
        "name": "Tanus",
        "official_name": "Tanus",
        "type": "ter"
      }
    },
    {
      "type": "Feature",
      "geometry": {
        "type": "Point",
        "coordinates": [
          5.473881,
          45.2561529
        ]
      },
      "properties": {
        "operateur": "SNCF",
        "name": "Poliénas",
        "official_name": "Poliénas",
        "type": "ter"
      }
    },
    {
      "type": "Feature",
      "geometry": {
        "type": "Point",
        "coordinates": [
          5.4722629,
          45.4918755
        ]
      },
      "properties": {
        "operateur": "SNCF",
        "name": "Virieu-sur-Bourbre",
        "official_name": "Virieu sur Bourbre",
        "type": "ter"
      }
    },
    {
      "type": "Feature",
      "geometry": {
        "type": "Point",
        "coordinates": [
          4.1876525,
          45.8178114
        ]
      },
      "properties": {
        "operateur": "SNCF",
        "name": "Balbigny",
        "official_name": "Balbigny",
        "type": "ter"
      }
    },
    {
      "type": "Feature",
      "geometry": {
        "type": "Point",
        "coordinates": [
          6.888243,
          48.3269789
        ]
      },
      "properties": {
        "operateur": "SNCF",
        "name": "St-Michel-sur-Meurthe",
        "official_name": "Saint-Michel-sur-Meurthe",
        "type": "ter"
      }
    },
    {
      "type": "Feature",
      "geometry": {
        "type": "Point",
        "coordinates": [
          6.132686,
          47.2839546
        ]
      },
      "properties": {
        "operateur": "SNCF Gares & Connexions",
        "name": "Novillars",
        "type": "ter"
      }
    },
    {
      "type": "Feature",
      "geometry": {
        "type": "Point",
        "coordinates": [
          0.9743326,
          45.5407657
        ]
      },
      "properties": {
        "operateur": "SNCF Gares & Connexions",
        "name": "La Coquille",
        "type": "ter"
      }
    },
    {
      "type": "Feature",
      "geometry": {
        "type": "Point",
        "coordinates": [
          0.7214016,
          47.2917551
        ]
      },
      "properties": {
        "operateur": "SNCF Gares & Connexions",
        "name": "Montbazon",
        "official_name": "Montbazon",
        "type": "ter"
      }
    },
    {
      "type": "Feature",
      "geometry": {
        "type": "Point",
        "coordinates": [
          0.1921387,
          47.9952473
        ]
      },
      "properties": {
        "operateur": "SNCF Gares & Connexions",
        "name": "Le Mans",
        "official_name": "Le Mans",
        "type": "ter"
      }
    },
    {
      "type": "Feature",
      "geometry": {
        "type": "Point",
        "coordinates": [
          -0.2363375,
          44.9158715
        ]
      },
      "properties": {
        "operateur": "SNCF Gares & Connexions",
        "name": "Libourne",
        "type": "ter"
      }
    },
    {
      "type": "Feature",
      "geometry": {
        "type": "Point",
        "coordinates": [
          -1.3714081,
          47.7171244
        ]
      },
      "properties": {
        "operateur": "SNCF Gares & Connexions",
        "name": "Châteaubriant Tram-Train",
        "type": "ter"
      }
    },
    {
      "type": "Feature",
      "geometry": {
        "type": "Point",
        "coordinates": [
          -1.3713813,
          47.7172397
        ]
      },
      "properties": {
        "operateur": "SNCF Gares & Connexions",
        "name": "Châteaubriant",
        "type": "ter"
      }
    },
    {
      "type": "Feature",
      "geometry": {
        "type": "Point",
        "coordinates": [
          0.1593282,
          45.0061961
        ]
      },
      "properties": {
        "operateur": "SNCF Gares & Connexions",
        "name": "Montpon-Ménestérol",
        "official_name": "Montpon-Ménestérol",
        "type": "ter"
      }
    },
    {
      "type": "Feature",
      "geometry": {
        "type": "Point",
        "coordinates": [
          1.1782651,
          45.6915328
        ]
      },
      "properties": {
        "operateur": "SNCF Gares & Connexions",
        "name": "Nexon",
        "official_name": "Nexon",
        "type": "ter"
      }
    },
    {
      "type": "Feature",
      "geometry": {
        "type": "Point",
        "coordinates": [
          1.4472857,
          45.1911378
        ]
      },
      "properties": {
        "operateur": "SNCF Gares & Connexions",
        "name": "Varetz",
        "type": "ter"
      }
    },
    {
      "type": "Feature",
      "geometry": {
        "type": "Point",
        "coordinates": [
          1.4298675,
          45.2156991
        ]
      },
      "properties": {
        "operateur": "SNCF Gares & Connexions",
        "type": "ter"
      }
    },
    {
      "type": "Feature",
      "geometry": {
        "type": "Point",
        "coordinates": [
          1.3986622,
          45.2487334
        ]
      },
      "properties": {
        "operateur": "SNCF Gares & Connexions",
        "name": "Saint-Aulaire",
        "type": "ter"
      }
    },
    {
      "type": "Feature",
      "geometry": {
        "type": "Point",
        "coordinates": [
          0.1990111,
          49.5136347
        ]
      },
      "properties": {
        "operateur": "SNCF Gares & Connexions",
        "name": "Harfleur",
        "type": "ter"
      }
    },
    {
      "type": "Feature",
      "geometry": {
        "type": "Point",
        "coordinates": [
          -0.1312864,
          45.03656
        ]
      },
      "properties": {
        "operateur": "SNCF Gares & Connexions",
        "name": "Coutras",
        "official_name": "Coutras",
        "type": "ter"
      }
    },
    {
      "type": "Feature",
      "geometry": {
        "type": "Point",
        "coordinates": [
          1.1023879,
          49.4128474
        ]
      },
      "properties": {
        "operateur": "SNCF Gares & Connexions",
        "name": "Sotteville",
        "official_name": "Sotteville",
        "type": "ter"
      }
    },
    {
      "type": "Feature",
      "geometry": {
        "type": "Point",
        "coordinates": [
          4.8523662,
          45.7056361
        ]
      },
      "properties": {
        "operateur": "SNCF Gares & Connexions",
        "name": "Saint-Fons",
        "official_name": "Saint-Fons",
        "type": "ter"
      }
    },
    {
      "type": "Feature",
      "geometry": {
        "type": "Point",
        "coordinates": [
          -1.67455,
          48.3073294
        ]
      },
      "properties": {
        "operateur": "SNCF Gares & Connexions",
        "name": "Montreuil-sur-Ille",
        "official_name": "Montreuil-sur-Ille",
        "type": "ter"
      }
    },
    {
      "type": "Feature",
      "geometry": {
        "type": "Point",
        "coordinates": [
          0.3537887,
          45.0344873
        ]
      },
      "properties": {
        "operateur": "SNCF Gares & Connexions",
        "name": "Mussidan",
        "type": "ter"
      }
    },
    {
      "type": "Feature",
      "geometry": {
        "type": "Point",
        "coordinates": [
          -0.8088278,
          47.1347429
        ]
      },
      "properties": {
        "operateur": "SNCF",
        "name": "Trémentines",
        "type": "ter"
      }
    },
    {
      "type": "Feature",
      "geometry": {
        "type": "Point",
        "coordinates": [
          -1.2532723,
          47.0583205
        ]
      },
      "properties": {
        "operateur": "SNCF Gares & Connexions",
        "name": "Cugand",
        "official_name": "Cugand",
        "type": "ter"
      }
    },
    {
      "type": "Feature",
      "geometry": {
        "type": "Point",
        "coordinates": [
          3.9741942,
          47.8594005
        ]
      },
      "properties": {
        "operateur": "",
        "name": "Tonnerre",
        "type": "ter"
      }
    },
    {
      "type": "Feature",
      "geometry": {
        "type": "Point",
        "coordinates": [
          -3.7063301,
          47.92662
        ]
      },
      "properties": {
        "operateur": "",
        "name": "Bannalec",
        "type": "ter"
      }
    },
    {
      "type": "Feature",
      "geometry": {
        "type": "Point",
        "coordinates": [
          -3.001243,
          47.680434
        ]
      },
      "properties": {
        "operateur": "",
        "name": "Auray",
        "type": "ter"
      }
    },
    {
      "type": "Feature",
      "geometry": {
        "type": "Point",
        "coordinates": [
          -1.5752989,
          47.9851716
        ]
      },
      "properties": {
        "operateur": "",
        "name": "Corps-Nuds",
        "type": "ter"
      }
    },
    {
      "type": "Feature",
      "geometry": {
        "type": "Point",
        "coordinates": [
          -1.5948549,
          48.0146818
        ]
      },
      "properties": {
        "operateur": "",
        "name": "Saint-Armel",
        "type": "ter"
      }
    },
    {
      "type": "Feature",
      "geometry": {
        "type": "Point",
        "coordinates": [
          -1.5966614,
          48.0471249
        ]
      },
      "properties": {
        "operateur": "",
        "name": "Vern",
        "type": "ter"
      }
    },
    {
      "type": "Feature",
      "geometry": {
        "type": "Point",
        "coordinates": [
          5.1458568,
          48.7937655
        ]
      },
      "properties": {
        "operateur": "Chemin de Fer Historique de la Voie Sacrée",
        "name": "Le Varinot",
        "type": "ter"
      }
    },
    {
      "type": "Feature",
      "geometry": {
        "type": "Point",
        "coordinates": [
          5.1621132,
          48.8192848
        ]
      },
      "properties": {
        "operateur": "Chemin de Fer Historique de la Voie Sacrée",
        "name": "Saint-Christophe – Voie Sacrée",
        "type": "ter"
      }
    },
    {
      "type": "Feature",
      "geometry": {
        "type": "Point",
        "coordinates": [
          4.9802627,
          43.5154048
        ]
      },
      "properties": {
        "operateur": "SNCF Gares & Connexions",
        "name": "Gare d'Istres",
        "official_name": "Gare ferroviaire d'Istres",
        "type": "ter"
      }
    },
    {
      "type": "Feature",
      "geometry": {
        "type": "Point",
        "coordinates": [
          4.9846166,
          43.4073118
        ]
      },
      "properties": {
        "operateur": "SNCF Gares & Connexions",
        "name": "Port-de-Bouc",
        "official_name": "Port-de-Bouc",
        "type": "ter"
      }
    },
    {
      "type": "Feature",
      "geometry": {
        "type": "Point",
        "coordinates": [
          4.769831,
          45.4502722
        ]
      },
      "properties": {
        "operateur": "SNCF Gares & Connexions",
        "name": "Saint-Clair - Les Roches",
        "type": "ter"
      }
    },
    {
      "type": "Feature",
      "geometry": {
        "type": "Point",
        "coordinates": [
          -0.2557466,
          44.5555541
        ]
      },
      "properties": {
        "operateur": "SNCF",
        "name": "Langon",
        "type": "ter"
      }
    },
    {
      "type": "Feature",
      "geometry": {
        "type": "Point",
        "coordinates": [
          5.3771136,
          43.3520051
        ]
      },
      "properties": {
        "operateur": "SNCF Gares & Connexions",
        "name": "Saint-Joseph-le-Castellas",
        "official_name": "Saint-Joseph Le Castellas",
        "type": "ter"
      }
    },
    {
      "type": "Feature",
      "geometry": {
        "type": "Point",
        "coordinates": [
          5.3906641,
          43.3392966
        ]
      },
      "properties": {
        "operateur": "SNCF Gares & Connexions",
        "name": "Sainte-Marthe-en-Provence",
        "official_name": "Sainte-Marthe en Provence",
        "type": "ter"
      }
    },
    {
      "type": "Feature",
      "geometry": {
        "type": "Point",
        "coordinates": [
          5.393064,
          43.3310818
        ]
      },
      "properties": {
        "operateur": "SNCF Gares & Connexions",
        "name": "Picon Busserine",
        "official_name": "Picon Busserine",
        "type": "ter"
      }
    },
    {
      "type": "Feature",
      "geometry": {
        "type": "Point",
        "coordinates": [
          3.2706793,
          44.8017084
        ]
      },
      "properties": {
        "operateur": "SNCF Gares & Connexions",
        "name": "Saint-Chély-d'Apcher",
        "official_name": "Saint-Chély-d'Apcher",
        "type": "ter"
      }
    },
    {
      "type": "Feature",
      "geometry": {
        "type": "Point",
        "coordinates": [
          0.6461254,
          47.3986833
        ]
      },
      "properties": {
        "operateur": "SNCF Gares & Connexions",
        "name": "Fondettes - Saint-Cyr-sur-Loire",
        "type": "ter"
      }
    },
    {
      "type": "Feature",
      "geometry": {
        "type": "Point",
        "coordinates": [
          4.8883031,
          45.7050554
        ]
      },
      "properties": {
        "operateur": "SNCF Gares & Connexions",
        "name": "Vénissieux",
        "official_name": "Vénissieux",
        "type": "ter"
      }
    },
    {
      "type": "Feature",
      "geometry": {
        "type": "Point",
        "coordinates": [
          4.9221063,
          44.0052942
        ]
      },
      "properties": {
        "operateur": "SNCF Gares & Connexions",
        "name": "Entraigues-sur-la-Sorgue",
        "official_name": "Entraigues-sur-la-Sorgue",
        "type": "ter"
      }
    },
    {
      "type": "Feature",
      "geometry": {
        "type": "Point",
        "coordinates": [
          4.8739387,
          43.9325302
        ]
      },
      "properties": {
        "operateur": "SNCF Gares & Connexions",
        "name": "Montfavet",
        "official_name": "Montfavet",
        "type": "ter"
      }
    },
    {
      "type": "Feature",
      "geometry": {
        "type": "Point",
        "coordinates": [
          4.9083425,
          43.9414274
        ]
      },
      "properties": {
        "operateur": "SNCF Gares & Connexions",
        "name": "Morières-lès-Avignon",
        "official_name": "Morières-lès-Avignon",
        "type": "ter"
      }
    },
    {
      "type": "Feature",
      "geometry": {
        "type": "Point",
        "coordinates": [
          4.9569053,
          43.9297521
        ]
      },
      "properties": {
        "operateur": "SNCF Gares & Connexions",
        "name": "Gadagne",
        "official_name": "Gadagne",
        "type": "ter"
      }
    },
    {
      "type": "Feature",
      "geometry": {
        "type": "Point",
        "coordinates": [
          4.9351742,
          43.9531254
        ]
      },
      "properties": {
        "operateur": "SNCF Gares & Connexions",
        "name": "Saint-Saturnin-lès-Avignon",
        "type": "ter"
      }
    },
    {
      "type": "Feature",
      "geometry": {
        "type": "Point",
        "coordinates": [
          4.9963039,
          43.9264084
        ]
      },
      "properties": {
        "operateur": "SNCF Gares & Connexions",
        "name": "Le Thor",
        "official_name": "Le Thor",
        "type": "ter"
      }
    },
    {
      "type": "Feature",
      "geometry": {
        "type": "Point",
        "coordinates": [
          5.047511,
          43.9172026
        ]
      },
      "properties": {
        "operateur": "SNCF Gares & Connexions",
        "name": "L'Isle-sur-la-Sorgue - Fontaine-de-Vaucluse",
        "official_name": "L'Isle-sur-la-Sorgue - Fontaine-de-Vaucluse",
        "type": "ter"
      }
    },
    {
      "type": "Feature",
      "geometry": {
        "type": "Point",
        "coordinates": [
          0.0693562,
          43.2402162
        ]
      },
      "properties": {
        "operateur": "SNCF Gares & Connexions",
        "name": "Tarbes",
        "official_name": "Tarbes",
        "type": "ter"
      }
    },
    {
      "type": "Feature",
      "geometry": {
        "type": "Point",
        "coordinates": [
          2.7857319,
          42.7764128
        ]
      },
      "properties": {
        "operateur": "",
        "name": "Cases-de-Pène",
        "type": "ter"
      }
    },
    {
      "type": "Feature",
      "geometry": {
        "type": "Point",
        "coordinates": [
          0.707548,
          45.1872716
        ]
      },
      "properties": {
        "operateur": "SNCF Gares & Connexions",
        "name": "Périgueux",
        "official_name": "Périgueux",
        "type": "ter"
      }
    },
    {
      "type": "Feature",
      "geometry": {
        "type": "Point",
        "coordinates": [
          5.5817279,
          45.3220757
        ]
      },
      "properties": {
        "operateur": "SNCF Gares & Connexions",
        "name": "Moirans",
        "official_name": "Moirans",
        "type": "ter"
      }
    },
    {
      "type": "Feature",
      "geometry": {
        "type": "Point",
        "coordinates": [
          4.8035346,
          45.7802777
        ]
      },
      "properties": {
        "operateur": "SNCF Gares & Connexions",
        "name": "Lyon Vaise",
        "official_name": "Lyon Vaise",
        "type": "ter"
      }
    },
    {
      "type": "Feature",
      "geometry": {
        "type": "Point",
        "coordinates": [
          -1.5873487,
          48.8384333
        ]
      },
      "properties": {
        "operateur": "SNCF Gares & Connexions",
        "name": "Granville",
        "official_name": "Granville",
        "type": "ter"
      }
    },
    {
      "type": "Feature",
      "geometry": {
        "type": "Point",
        "coordinates": [
          4.8266713,
          45.7661226
        ]
      },
      "properties": {
        "operateur": "SNCF Gares & Connexions",
        "name": "Lyon-Saint-Paul",
        "official_name": "Lyon Saint-Paul",
        "type": "ter"
      }
    },
    {
      "type": "Feature",
      "geometry": {
        "type": "Point",
        "coordinates": [
          -0.0257105,
          48.7384017
        ]
      },
      "properties": {
        "operateur": "SNCF Gares & Connexions",
        "name": "Argentan",
        "official_name": "Argentan",
        "type": "ter"
      }
    },
    {
      "type": "Feature",
      "geometry": {
        "type": "Point",
        "coordinates": [
          5.3231563,
          45.1504744
        ]
      },
      "properties": {
        "operateur": "SNCF Gares & Connexions",
        "name": "Saint-Marcellin",
        "official_name": "Saint-Marcellin (Isère)",
        "type": "ter"
      }
    },
    {
      "type": "Feature",
      "geometry": {
        "type": "Point",
        "coordinates": [
          -1.5458531,
          43.4591521
        ]
      },
      "properties": {
        "operateur": "SNCF Gares & Connexions",
        "name": "Biarritz",
        "official_name": "Biarritz",
        "type": "ter"
      }
    },
    {
      "type": "Feature",
      "geometry": {
        "type": "Point",
        "coordinates": [
          2.1519964,
          44.0486303
        ]
      },
      "properties": {
        "operateur": "SNCF Gares & Connexions",
        "name": "Carmaux",
        "official_name": "Carmaux",
        "type": "ter"
      }
    },
    {
      "type": "Feature",
      "geometry": {
        "type": "Point",
        "coordinates": [
          1.0791656,
          46.2110395
        ]
      },
      "properties": {
        "operateur": "SNCF Gares & Connexions",
        "name": "Le Dorat",
        "official_name": "Le Dorat",
        "type": "ter"
      }
    },
    {
      "type": "Feature",
      "geometry": {
        "type": "Point",
        "coordinates": [
          2.624337,
          42.6682258
        ]
      },
      "properties": {
        "operateur": "SNCF Gares & Connexions",
        "name": "Ille-sur-Têt",
        "official_name": "Ille-sur-Têt",
        "type": "ter"
      }
    },
    {
      "type": "Feature",
      "geometry": {
        "type": "Point",
        "coordinates": [
          4.8929972,
          44.0408079
        ]
      },
      "properties": {
        "operateur": "SNCF Gares & Connexions",
        "name": "Bédarrides",
        "official_name": "Bédarrides",
        "type": "ter"
      }
    },
    {
      "type": "Feature",
      "geometry": {
        "type": "Point",
        "coordinates": [
          4.8883246,
          44.0899823
        ]
      },
      "properties": {
        "operateur": "SNCF Gares & Connexions",
        "name": "Courthézon",
        "official_name": "Courthézon",
        "type": "ter"
      }
    },
    {
      "type": "Feature",
      "geometry": {
        "type": "Point",
        "coordinates": [
          5.4923209,
          45.3008692
        ]
      },
      "properties": {
        "operateur": "SNCF Gares & Connexions",
        "name": "Tullins-Fures",
        "official_name": "Tullins Fures",
        "type": "ter"
      }
    },
    {
      "type": "Feature",
      "geometry": {
        "type": "Point",
        "coordinates": [
          4.8170432,
          44.754534
        ]
      },
      "properties": {
        "operateur": "SNCF Gares & Connexions",
        "name": "Loriol",
        "official_name": "Loriol",
        "type": "ter"
      }
    },
    {
      "type": "Feature",
      "geometry": {
        "type": "Point",
        "coordinates": [
          5.6972231,
          44.670979
        ]
      },
      "properties": {
        "operateur": "SNCF Gares & Connexions",
        "name": "Lus-la-Croix-Haute",
        "official_name": "Lus-la-Croix-Haute",
        "type": "ter"
      }
    },
    {
      "type": "Feature",
      "geometry": {
        "type": "Point",
        "coordinates": [
          4.7792611,
          45.7658041
        ]
      },
      "properties": {
        "operateur": "SNCF Gares & Connexions",
        "name": "Écully la Demi-Lune",
        "type": "ter"
      }
    },
    {
      "type": "Feature",
      "geometry": {
        "type": "Point",
        "coordinates": [
          4.7017734,
          46.9105808
        ]
      },
      "properties": {
        "operateur": "SNCF Gares & Connexions",
        "name": "Santenay-les-Bains",
        "official_name": "Santenay les Bains",
        "type": "ter"
      }
    },
    {
      "type": "Feature",
      "geometry": {
        "type": "Point",
        "coordinates": [
          3.11169,
          46.7932085
        ]
      },
      "properties": {
        "operateur": "SNCF Gares & Connexions",
        "name": "Saint-Pierre-le-Moûtier",
        "official_name": "Saint-Pierre-le-Moûtier",
        "type": "ter"
      }
    },
    {
      "type": "Feature",
      "geometry": {
        "type": "Point",
        "coordinates": [
          2.7337128,
          47.6464546
        ]
      },
      "properties": {
        "operateur": "SNCF Gares & Connexions",
        "name": "Briare",
        "official_name": "Briare",
        "type": "ter"
      }
    },
    {
      "type": "Feature",
      "geometry": {
        "type": "Point",
        "coordinates": [
          -0.6123497,
          43.1947788
        ]
      },
      "properties": {
        "operateur": "",
        "name": "Oloron-Sainte-Marie",
        "official_name": "Oloron-Sainte-Marie",
        "type": "ter"
      }
    },
    {
      "type": "Feature",
      "geometry": {
        "type": "Point",
        "coordinates": [
          0.2389204,
          43.1836246
        ]
      },
      "properties": {
        "operateur": "SNCF Gares & Connexions",
        "name": "Tournay",
        "official_name": "Tournay",
        "type": "ter"
      }
    },
    {
      "type": "Feature",
      "geometry": {
        "type": "Point",
        "coordinates": [
          2.5960015,
          46.3378786
        ]
      },
      "properties": {
        "operateur": "SNCF",
        "name": "Montluçon-Ville",
        "official_name": "Montluçon",
        "type": "ter"
      }
    },
    {
      "type": "Feature",
      "geometry": {
        "type": "Point",
        "coordinates": [
          -1.1157237,
          43.5468358
        ]
      },
      "properties": {
        "operateur": "SNCF Gares & Connexions",
        "name": "Peyrehorade",
        "type": "ter"
      }
    },
    {
      "type": "Feature",
      "geometry": {
        "type": "Point",
        "coordinates": [
          -1.2254839,
          48.8342257
        ]
      },
      "properties": {
        "operateur": "SNCF Gares & Connexions",
        "name": "Villedieu-les-Poêles",
        "official_name": "Villedieu-les-Poêles",
        "type": "ter"
      }
    },
    {
      "type": "Feature",
      "geometry": {
        "type": "Point",
        "coordinates": [
          -0.573575,
          48.744637
        ]
      },
      "properties": {
        "operateur": "SNCF Gares & Connexions",
        "name": "Flers",
        "official_name": "Flers",
        "type": "ter"
      }
    },
    {
      "type": "Feature",
      "geometry": {
        "type": "Point",
        "coordinates": [
          -0.4404757,
          44.9909925
        ]
      },
      "properties": {
        "operateur": "SNCF Gares & Connexions",
        "name": "Saint-André-de-Cubzac",
        "official_name": "Saint-André-de-Cubzac",
        "type": "ter"
      }
    },
    {
      "type": "Feature",
      "geometry": {
        "type": "Point",
        "coordinates": [
          -0.3682572,
          48.7020156
        ]
      },
      "properties": {
        "operateur": "SNCF Gares & Connexions",
        "name": "Briouze",
        "official_name": "Briouze",
        "type": "ter"
      }
    },
    {
      "type": "Feature",
      "geometry": {
        "type": "Point",
        "coordinates": [
          -0.3820981,
          45.1052151
        ]
      },
      "properties": {
        "operateur": "SNCF Gares & Connexions",
        "name": "Cavignac",
        "official_name": "Cavignac",
        "type": "ter"
      }
    },
    {
      "type": "Feature",
      "geometry": {
        "type": "Point",
        "coordinates": [
          -0.3914684,
          45.1391609
        ]
      },
      "properties": {
        "operateur": "SNCF Gares & Connexions",
        "name": "Saint-Mariens - Saint-Yzan",
        "official_name": "Saint-Mariens - Saint-Yzan",
        "type": "ter"
      }
    },
    {
      "type": "Feature",
      "geometry": {
        "type": "Point",
        "coordinates": [
          -0.3960114,
          45.2805727
        ]
      },
      "properties": {
        "operateur": "SNCF Gares & Connexions",
        "name": "Montendre",
        "official_name": "Montendre",
        "type": "ter"
      }
    },
    {
      "type": "Feature",
      "geometry": {
        "type": "Point",
        "coordinates": [
          2.0223299,
          47.5938355
        ]
      },
      "properties": {
        "operateur": "SNCF Gares & Connexions",
        "name": "Lamotte-Beuvron",
        "official_name": "Lamotte-Beuvron",
        "type": "ter"
      }
    },
    {
      "type": "Feature",
      "geometry": {
        "type": "Point",
        "coordinates": [
          8.7391269,
          41.927395
        ]
      },
      "properties": {
        "operateur": "U Caminu di Ferru di a Corsica – Chemin de Fer de la Corse",
        "name": "Ajaccio",
        "type": "ter"
      }
    },
    {
      "type": "Feature",
      "geometry": {
        "type": "Point",
        "coordinates": [
          2.9486129,
          46.947606
        ]
      },
      "properties": {
        "operateur": "SNCF Gares & Connexions",
        "name": "La Guerche-sur-l'Aubois",
        "official_name": "La Guerche-sur-l'Aubois",
        "type": "ter"
      }
    },
    {
      "type": "Feature",
      "geometry": {
        "type": "Point",
        "coordinates": [
          1.5704011,
          45.4407064
        ]
      },
      "properties": {
        "operateur": "SNCF Gares & Connexions",
        "name": "Uzerche",
        "official_name": "Uzerche",
        "type": "ter"
      }
    },
    {
      "type": "Feature",
      "geometry": {
        "type": "Point",
        "coordinates": [
          0.522904,
          45.1389118
        ]
      },
      "properties": {
        "operateur": "SNCF Gares & Connexions",
        "name": "Saint-Astier",
        "official_name": "Saint-Astier",
        "type": "ter"
      }
    },
    {
      "type": "Feature",
      "geometry": {
        "type": "Point",
        "coordinates": [
          0.5992417,
          45.1659258
        ]
      },
      "properties": {
        "operateur": "SNCF",
        "name": "Razac-sur-l'Isle",
        "official_name": "Razac",
        "type": "ter"
      }
    },
    {
      "type": "Feature",
      "geometry": {
        "type": "Point",
        "coordinates": [
          -0.0026722,
          45.0114217
        ]
      },
      "properties": {
        "operateur": "SNCF Gares & Connexions",
        "name": "Saint-Seurin-sur-l'Isle",
        "official_name": "Saint-Seurin-sur-l'Isle",
        "type": "ter"
      }
    },
    {
      "type": "Feature",
      "geometry": {
        "type": "Point",
        "coordinates": [
          1.4446901,
          44.0919909
        ]
      },
      "properties": {
        "operateur": "SNCF Gares & Connexions",
        "name": "Albias",
        "official_name": "Albias",
        "type": "ter"
      }
    },
    {
      "type": "Feature",
      "geometry": {
        "type": "Point",
        "coordinates": [
          1.3894875,
          44.7419825
        ]
      },
      "properties": {
        "operateur": "SNCF Gares & Connexions",
        "name": "Gourdon",
        "official_name": "Gourdon",
        "type": "ter"
      }
    },
    {
      "type": "Feature",
      "geometry": {
        "type": "Point",
        "coordinates": [
          2.2184055,
          44.5556693
        ]
      },
      "properties": {
        "operateur": "SNCF Gares & Connexions",
        "name": "Viviez - Decazeville",
        "official_name": "Viviez - Decazeville",
        "type": "ter"
      }
    },
    {
      "type": "Feature",
      "geometry": {
        "type": "Point",
        "coordinates": [
          0.8916454,
          44.1117898
        ]
      },
      "properties": {
        "operateur": "SNCF Gares & Connexions",
        "name": "Valence d'Agen",
        "official_name": "Valence d'Agen",
        "type": "ter"
      }
    },
    {
      "type": "Feature",
      "geometry": {
        "type": "Point",
        "coordinates": [
          0.6209784,
          44.2083546
        ]
      },
      "properties": {
        "operateur": "SNCF Gares & Connexions",
        "name": "Agen",
        "official_name": "Agen",
        "type": "ter"
      }
    },
    {
      "type": "Feature",
      "geometry": {
        "type": "Point",
        "coordinates": [
          3.3858799,
          45.8210746
        ]
      },
      "properties": {
        "operateur": "SNCF Gares & Connexions",
        "name": "Lezoux",
        "official_name": "Lezoux",
        "type": "ter"
      }
    },
    {
      "type": "Feature",
      "geometry": {
        "type": "Point",
        "coordinates": [
          3.1466935,
          47.0055178
        ]
      },
      "properties": {
        "operateur": "SNCF Gares & Connexions",
        "name": "Nevers-les-Perrières",
        "official_name": "Les Perrières",
        "type": "ter"
      }
    },
    {
      "type": "Feature",
      "geometry": {
        "type": "Point",
        "coordinates": [
          0.7291793,
          43.1048776
        ]
      },
      "properties": {
        "operateur": "SNCF Gares & Connexions",
        "name": "Saint-Gaudens",
        "official_name": "Saint-Gaudens",
        "type": "ter"
      }
    },
    {
      "type": "Feature",
      "geometry": {
        "type": "Point",
        "coordinates": [
          1.4065517,
          45.9528038
        ]
      },
      "properties": {
        "operateur": "SNCF Gares & Connexions",
        "name": "Ambazac",
        "official_name": "Ambazac",
        "type": "ter"
      }
    },
    {
      "type": "Feature",
      "geometry": {
        "type": "Point",
        "coordinates": [
          1.4760699,
          46.0467881
        ]
      },
      "properties": {
        "operateur": "SNCF Gares & Connexions",
        "name": "Saint-Sulpice-Laurière",
        "official_name": "Saint-Sulpice-Laurière",
        "type": "ter"
      }
    },
    {
      "type": "Feature",
      "geometry": {
        "type": "Point",
        "coordinates": [
          1.5521863,
          46.4404876
        ]
      },
      "properties": {
        "operateur": "SNCF Gares & Connexions",
        "name": "Éguzon",
        "official_name": "Éguzon",
        "type": "ter"
      }
    },
    {
      "type": "Feature",
      "geometry": {
        "type": "Point",
        "coordinates": [
          1.9321722,
          47.7209308
        ]
      },
      "properties": {
        "operateur": "SNCF Gares & Connexions",
        "name": "La Ferté Saint-Aubin",
        "official_name": "La Ferté-Saint-Aubin",
        "type": "ter"
      }
    },
    {
      "type": "Feature",
      "geometry": {
        "type": "Point",
        "coordinates": [
          1.9474521,
          47.8191964
        ]
      },
      "properties": {
        "operateur": "SNCF Gares & Connexions",
        "name": "Saint-Cyr-en-Val La-Source",
        "official_name": "Saint-Cyr-en-Val La Source",
        "type": "ter"
      }
    },
    {
      "type": "Feature",
      "geometry": {
        "type": "Point",
        "coordinates": [
          1.0811422,
          49.9214244
        ]
      },
      "properties": {
        "operateur": "SNCF Gares & Connexions",
        "name": "Dieppe",
        "official_name": "Dieppe",
        "type": "ter"
      }
    },
    {
      "type": "Feature",
      "geometry": {
        "type": "Point",
        "coordinates": [
          -1.0658053,
          45.5670552
        ]
      },
      "properties": {
        "operateur": "SNCF Gares & Connexions",
        "name": "Pointe de Grave",
        "official_name": "Pointe de Grave",
        "type": "ter"
      }
    },
    {
      "type": "Feature",
      "geometry": {
        "type": "Point",
        "coordinates": [
          2.3574373,
          48.8813945
        ]
      },
      "properties": {
        "operateur": "SNCF Gares & Connexions",
        "name": "Paris Gare du Nord (RER)",
        "type": "ter"
      }
    },
    {
      "type": "Feature",
      "geometry": {
        "type": "Point",
        "coordinates": [
          2.3670025,
          48.8406307
        ]
      },
      "properties": {
        "operateur": "SNCF Gares & Connexions",
        "name": "Paris Austerlitz RER",
        "type": "ter"
      }
    },
    {
      "type": "Feature",
      "geometry": {
        "type": "Point",
        "coordinates": [
          3.554283,
          47.8974395
        ]
      },
      "properties": {
        "operateur": "SNCF Gares & Connexions",
        "name": "Chemilly - Appoigny",
        "type": "ter"
      }
    },
    {
      "type": "Feature",
      "geometry": {
        "type": "Point",
        "coordinates": [
          6.6325517,
          48.5195004
        ]
      },
      "properties": {
        "operateur": "SNCF Gares & Connexions",
        "name": "Chenevières",
        "type": "ter"
      }
    },
    {
      "type": "Feature",
      "geometry": {
        "type": "Point",
        "coordinates": [
          -3.1571702,
          48.7056605
        ]
      },
      "properties": {
        "operateur": "SNCF Gares & Connexions",
        "name": "Pontrieux",
        "type": "ter"
      }
    },
    {
      "type": "Feature",
      "geometry": {
        "type": "Point",
        "coordinates": [
          5.9484833,
          45.785996
        ]
      },
      "properties": {
        "operateur": "SNCF Gares & Connexions",
        "name": "Albens",
        "official_name": "Albens",
        "type": "ter"
      }
    },
    {
      "type": "Feature",
      "geometry": {
        "type": "Point",
        "coordinates": [
          7.2984724,
          47.7501301
        ]
      },
      "properties": {
        "operateur": "SNCF Gares & Connexions",
        "name": "Mulhouse Musées",
        "type": "ter"
      }
    },
    {
      "type": "Feature",
      "geometry": {
        "type": "Point",
        "coordinates": [
          7.317002,
          47.7435585
        ]
      },
      "properties": {
        "operateur": "SNCF Gares & Connexions",
        "name": "Mulhouse Zu Rhein",
        "type": "ter"
      }
    },
    {
      "type": "Feature",
      "geometry": {
        "type": "Point",
        "coordinates": [
          4.8528597,
          45.6659218
        ]
      },
      "properties": {
        "operateur": "SNCF Gares & Connexions",
        "name": "Feyzin",
        "official_name": "Feyzin",
        "type": "ter"
      }
    },
    {
      "type": "Feature",
      "geometry": {
        "type": "Point",
        "coordinates": [
          4.8178806,
          45.6273037
        ]
      },
      "properties": {
        "operateur": "SNCF Gares & Connexions",
        "name": "Sérézin",
        "official_name": "Sérézin",
        "type": "ter"
      }
    },
    {
      "type": "Feature",
      "geometry": {
        "type": "Point",
        "coordinates": [
          4.8682194,
          45.5401835
        ]
      },
      "properties": {
        "operateur": "SNCF Gares & Connexions",
        "name": "Vienne-Estressin",
        "official_name": "Estressin",
        "type": "ter"
      }
    },
    {
      "type": "Feature",
      "geometry": {
        "type": "Point",
        "coordinates": [
          4.8103863,
          45.2977676
        ]
      },
      "properties": {
        "operateur": "SNCF Gares & Connexions",
        "name": "Saint-Rambert-d'Albon",
        "official_name": "Saint-Rambert-d'Albon",
        "type": "ter"
      }
    },
    {
      "type": "Feature",
      "geometry": {
        "type": "Point",
        "coordinates": [
          4.814533,
          45.1857233
        ]
      },
      "properties": {
        "operateur": "SNCF Gares & Connexions",
        "name": "Saint-Vallier-sur-Rhône",
        "official_name": "Saint-Vallier sur Rhône",
        "type": "ter"
      }
    },
    {
      "type": "Feature",
      "geometry": {
        "type": "Point",
        "coordinates": [
          0.2213547,
          44.8367602
        ]
      },
      "properties": {
        "operateur": "SNCF Gares & Connexions",
        "name": "Sainte-Foy la Grande",
        "official_name": "Sainte-Foy-la-Grande",
        "type": "ter"
      }
    },
    {
      "type": "Feature",
      "geometry": {
        "type": "Point",
        "coordinates": [
          0.4892229,
          44.8573138
        ]
      },
      "properties": {
        "operateur": "SNCF Gares & Connexions",
        "name": "Bergerac",
        "official_name": "Bergerac",
        "type": "ter"
      }
    },
    {
      "type": "Feature",
      "geometry": {
        "type": "Point",
        "coordinates": [
          0.7427684,
          44.8396281
        ]
      },
      "properties": {
        "operateur": "SNCF",
        "name": "Lalinde",
        "official_name": "Lalinde",
        "type": "ter"
      }
    },
    {
      "type": "Feature",
      "geometry": {
        "type": "Point",
        "coordinates": [
          0.7899213,
          44.8558641
        ]
      },
      "properties": {
        "operateur": "SNCF",
        "name": "Mauzac",
        "official_name": "Mauzac",
        "type": "ter"
      }
    },
    {
      "type": "Feature",
      "geometry": {
        "type": "Point",
        "coordinates": [
          0.9844586,
          44.8197152
        ]
      },
      "properties": {
        "operateur": "SNCF",
        "name": "Siorac-en-Périgord",
        "type": "ter"
      }
    },
    {
      "type": "Feature",
      "geometry": {
        "type": "Point",
        "coordinates": [
          1.2202817,
          44.8770101
        ]
      },
      "properties": {
        "operateur": "SNCF Gares & Connexions",
        "name": "Sarlat",
        "official_name": "Sarlat",
        "type": "ter"
      }
    },
    {
      "type": "Feature",
      "geometry": {
        "type": "Point",
        "coordinates": [
          5.9467256,
          44.1902239
        ]
      },
      "properties": {
        "operateur": "SNCF Gares & Connexions",
        "name": "Sisteron",
        "official_name": "Sisteron",
        "type": "ter"
      }
    },
    {
      "type": "Feature",
      "geometry": {
        "type": "Point",
        "coordinates": [
          5.8188882,
          44.3166107
        ]
      },
      "properties": {
        "operateur": "SNCF Gares & Connexions",
        "name": "Laragne",
        "official_name": "Laragne",
        "type": "ter"
      }
    },
    {
      "type": "Feature",
      "geometry": {
        "type": "Point",
        "coordinates": [
          2.4108156,
          48.6967252
        ]
      },
      "properties": {
        "operateur": "",
        "name": "Gare de la baignade",
        "type": "ter"
      }
    },
    {
      "type": "Feature",
      "geometry": {
        "type": "Point",
        "coordinates": [
          2.3924102,
          48.6909449
        ]
      },
      "properties": {
        "operateur": "",
        "name": "Gare du port",
        "type": "ter"
      }
    }
  ]
}