{
  "type": "FeatureCollection",
  "features": [
    {
      "type": "Feature",
      "geometry": {
        "type": "Point",
        "coordinates": [
          -0.5863729,
          47.5037248
        ]
      },
      "properties": {
        "city": "Angers",
        "nom": "Acacias",
        "name": "Acacias",
        "type": "tram"
      }
    },
    {
      "type": "Feature",
      "geometry": {
        "type": "Point",
        "coordinates": [
          -0.5267875,
          47.4838284
        ]
      },
      "properties": {
        "city": "Angers",
        "nom": "Allonneau-Dunant",
        "name": "Allonneau-Dunant",
        "type": "tram"
      }
    },
    {
      "type": "Feature",
      "geometry": {
        "type": "Point",
        "coordinates": [
          -0.5960638,
          47.5115686
        ]
      },
      "properties": {
        "city": "Angers",
        "nom": "Avrillé - Ardenne",
        "name": "Avrillé - Ardenne",
        "type": "tram"
      }
    },
    {
      "type": "Feature",
      "geometry": {
        "type": "Point",
        "coordinates": [
          -0.5563736,
          47.4522149
        ]
      },
      "properties": {
        "city": "Angers",
        "nom": "Bamako",
        "name": "Bamako",
        "type": "tram"
      }
    },
    {
      "type": "Feature",
      "geometry": {
        "type": "Point",
        "coordinates": [
          -0.5916553,
          47.5087564
        ]
      },
      "properties": {
        "city": "Angers",
        "nom": "Bascule",
        "name": "Bascule",
        "type": "tram"
      }
    },
    {
      "type": "Feature",
      "geometry": {
        "type": "Point",
        "coordinates": [
          -0.5992376,
          47.476508
        ]
      },
      "properties": {
        "city": "Angers",
        "nom": "Beaussier",
        "name": "Beaussier",
        "type": "tram"
      }
    },
    {
      "type": "Feature",
      "geometry": {
        "type": "Point",
        "coordinates": [
          -0.6032147,
          47.477985
        ]
      },
      "properties": {
        "city": "Angers",
        "nom": "Belle-Beille Campus",
        "name": "Belle-Beille Campus",
        "type": "tram"
      }
    },
    {
      "type": "Feature",
      "geometry": {
        "type": "Point",
        "coordinates": [
          -0.5495913,
          47.4794654
        ]
      },
      "properties": {
        "city": "Angers",
        "nom": "Berges de Maine",
        "name": "Berges de Maine",
        "type": "tram"
      }
    },
    {
      "type": "Feature",
      "geometry": {
        "type": "Point",
        "coordinates": [
          -0.5831662,
          47.4996976
        ]
      },
      "properties": {
        "city": "Angers",
        "nom": "Bois du Roy",
        "name": "Bois du Roy",
        "type": "tram"
      }
    },
    {
      "type": "Feature",
      "geometry": {
        "type": "Point",
        "coordinates": [
          -0.5281757,
          47.478515
        ]
      },
      "properties": {
        "city": "Angers",
        "nom": "Brisepotière",
        "name": "Brisepotière",
        "type": "tram"
      }
    },
    {
      "type": "Feature",
      "geometry": {
        "type": "Point",
        "coordinates": [
          -0.5540275,
          47.4814902
        ]
      },
      "properties": {
        "city": "Angers",
        "nom": "CHU-Hôpital",
        "name": "CHU-Hôpital",
        "type": "tram"
      }
    },
    {
      "type": "Feature",
      "geometry": {
        "type": "Point",
        "coordinates": [
          -0.5551133,
          47.4869647
        ]
      },
      "properties": {
        "city": "Angers",
        "nom": "Capucins",
        "name": "Capucins",
        "type": "tram"
      }
    },
    {
      "type": "Feature",
      "geometry": {
        "type": "Point",
        "coordinates": [
          -0.5461509,
          47.4741877
        ]
      },
      "properties": {
        "city": "Angers",
        "nom": "Centre de Congrès",
        "name": "Centre de Congrès",
        "type": "tram"
      }
    },
    {
      "type": "Feature",
      "geometry": {
        "type": "Point",
        "coordinates": [
          -0.5382278,
          47.4713945
        ]
      },
      "properties": {
        "city": "Angers",
        "nom": "Conservatoire",
        "name": "Conservatoire",
        "type": "tram"
      }
    },
    {
      "type": "Feature",
      "geometry": {
        "type": "Point",
        "coordinates": [
          -0.528884,
          47.4751098
        ]
      },
      "properties": {
        "city": "Angers",
        "nom": "Deux-Croix",
        "name": "Deux-Croix",
        "type": "tram"
      }
    },
    {
      "type": "Feature",
      "geometry": {
        "type": "Point",
        "coordinates": [
          -0.5606715,
          47.4741809
        ]
      },
      "properties": {
        "city": "Angers",
        "nom": "Doutre-Maine",
        "name": "Doutre-Maine",
        "type": "tram"
      }
    },
    {
      "type": "Feature",
      "geometry": {
        "type": "Point",
        "coordinates": [
          -0.5271196,
          47.4866229
        ]
      },
      "properties": {
        "city": "Angers",
        "nom": "Europe",
        "name": "Europe",
        "type": "tram"
      }
    },
    {
      "type": "Feature",
      "geometry": {
        "type": "Point",
        "coordinates": [
          -0.5774033,
          47.4733447
        ]
      },
      "properties": {
        "city": "Angers",
        "nom": "Farcy",
        "name": "Farcy",
        "type": "tram"
      }
    },
    {
      "type": "Feature",
      "geometry": {
        "type": "Point",
        "coordinates": [
          -0.5525812,
          47.4668377
        ]
      },
      "properties": {
        "city": "Angers",
        "nom": "Foch-Haras",
        "name": "Foch-Haras",
        "type": "tram"
      }
    },
    {
      "type": "Feature",
      "geometry": {
        "type": "Point",
        "coordinates": [
          -0.5496713,
          47.4690032
        ]
      },
      "properties": {
        "city": "Angers",
        "nom": "Foch-Maison Bleue",
        "name": "Foch-Maison Bleue",
        "type": "tram"
      }
    },
    {
      "type": "Feature",
      "geometry": {
        "type": "Point",
        "coordinates": [
          -0.5605904,
          47.4921939
        ]
      },
      "properties": {
        "city": "Angers",
        "nom": "Hauts de Saint-Aubin",
        "name": "Hauts de Saint-Aubin",
        "type": "tram"
      }
    },
    {
      "type": "Feature",
      "geometry": {
        "type": "Point",
        "coordinates": [
          -0.5467215,
          47.4717254
        ]
      },
      "properties": {
        "city": "Angers",
        "nom": "Hôtel de Ville",
        "name": "Hôtel de Ville",
        "type": "tram"
      }
    },
    {
      "type": "Feature",
      "geometry": {
        "type": "Point",
        "coordinates": [
          -0.5521082,
          47.4905569
        ]
      },
      "properties": {
        "city": "Angers",
        "nom": "Jean Moulin",
        "name": "Jean Moulin",
        "type": "tram"
      }
    },
    {
      "type": "Feature",
      "geometry": {
        "type": "Point",
        "coordinates": [
          -0.5623376,
          47.4449674
        ]
      },
      "properties": {
        "city": "Angers",
        "nom": "Jean Vilar",
        "name": "Jean Vilar",
        "type": "tram"
      }
    },
    {
      "type": "Feature",
      "geometry": {
        "type": "Point",
        "coordinates": [
          -0.5628461,
          47.4486532
        ]
      },
      "properties": {
        "city": "Angers",
        "nom": "Jean XXIII",
        "name": "Jean XXIII",
        "type": "tram"
      }
    },
    {
      "type": "Feature",
      "geometry": {
        "type": "Point",
        "coordinates": [
          -0.5988622,
          47.4732142
        ]
      },
      "properties": {
        "city": "Angers",
        "nom": "La Barre",
        "name": "La Barre",
        "type": "tram"
      }
    },
    {
      "type": "Feature",
      "geometry": {
        "type": "Point",
        "coordinates": [
          -0.5546465,
          47.4608809
        ]
      },
      "properties": {
        "city": "Angers",
        "nom": "La Fayette",
        "name": "La Fayette",
        "type": "tram"
      }
    },
    {
      "type": "Feature",
      "geometry": {
        "type": "Point",
        "coordinates": [
          -0.5664734,
          47.4722904
        ]
      },
      "properties": {
        "city": "Angers",
        "nom": "Le Quai",
        "name": "Le Quai",
        "type": "tram"
      }
    },
    {
      "type": "Feature",
      "geometry": {
        "type": "Point",
        "coordinates": [
          -0.5554334,
          47.4645269
        ]
      },
      "properties": {
        "city": "Angers",
        "nom": "Les Gares",
        "name": "Les Gares",
        "type": "tram"
      }
    },
    {
      "type": "Feature",
      "geometry": {
        "type": "Point",
        "coordinates": [
          -0.555605,
          47.4740643
        ]
      },
      "properties": {
        "city": "Angers",
        "nom": "Molière",
        "name": "Molière",
        "type": "tram"
      }
    },
    {
      "type": "Feature",
      "geometry": {
        "type": "Point",
        "coordinates": [
          -0.5269073,
          47.488959
        ]
      },
      "properties": {
        "city": "Angers",
        "nom": "Monplaisir",
        "name": "Monplaisir",
        "type": "tram"
      }
    },
    {
      "type": "Feature",
      "geometry": {
        "type": "Point",
        "coordinates": [
          -0.5327905,
          47.4692129
        ]
      },
      "properties": {
        "city": "Angers",
        "nom": "Montaigne",
        "name": "Montaigne",
        "type": "tram"
      }
    },
    {
      "type": "Feature",
      "geometry": {
        "type": "Point",
        "coordinates": [
          -0.5925858,
          47.4734075
        ]
      },
      "properties": {
        "city": "Angers",
        "nom": "Patton",
        "name": "Patton",
        "type": "tram"
      }
    },
    {
      "type": "Feature",
      "geometry": {
        "type": "Point",
        "coordinates": [
          -0.5800233,
          47.4958167
        ]
      },
      "properties": {
        "city": "Angers",
        "nom": "Plateau Mayenne",
        "name": "Plateau Mayenne",
        "type": "tram"
      }
    },
    {
      "type": "Feature",
      "geometry": {
        "type": "Point",
        "coordinates": [
          -0.5516232,
          47.471154
        ]
      },
      "properties": {
        "city": "Angers",
        "nom": "Ralliement",
        "name": "Ralliement",
        "type": "tram"
      }
    },
    {
      "type": "Feature",
      "geometry": {
        "type": "Point",
        "coordinates": [
          -0.5539646,
          47.4438723
        ]
      },
      "properties": {
        "city": "Angers",
        "nom": "Roseraie",
        "name": "Roseraie",
        "type": "tram"
      }
    },
    {
      "type": "Feature",
      "geometry": {
        "type": "Point",
        "coordinates": [
          -0.5895033,
          47.5065665
        ]
      },
      "properties": {
        "city": "Angers",
        "nom": "Saint-Gilles",
        "name": "Saint-Gilles",
        "type": "tram"
      }
    },
    {
      "type": "Feature",
      "geometry": {
        "type": "Point",
        "coordinates": [
          -0.5507271,
          47.4761807
        ]
      },
      "properties": {
        "city": "Angers",
        "nom": "Saint-Serge - Université",
        "name": "Saint-Serge - Université",
        "type": "tram"
      }
    },
    {
      "type": "Feature",
      "geometry": {
        "type": "Point",
        "coordinates": [
          -0.5540954,
          47.4575997
        ]
      },
      "properties": {
        "city": "Angers",
        "nom": "Strasbourg",
        "name": "Strasbourg",
        "type": "tram"
      }
    },
    {
      "type": "Feature",
      "geometry": {
        "type": "Point",
        "coordinates": [
          -0.5747703,
          47.4941878
        ]
      },
      "properties": {
        "city": "Angers",
        "nom": "Terra Botanica",
        "name": "Terra Botanica",
        "type": "tram"
      }
    },
    {
      "type": "Feature",
      "geometry": {
        "type": "Point",
        "coordinates": [
          -0.5672678,
          47.4924718
        ]
      },
      "properties": {
        "city": "Angers",
        "nom": "Verneau",
        "name": "Verneau",
        "type": "tram"
      }
    },
    {
      "type": "Feature",
      "geometry": {
        "type": "Point",
        "coordinates": [
          -0.5854178,
          47.473568
        ]
      },
      "properties": {
        "city": "Angers",
        "nom": "Élysée",
        "name": "Élysée",
        "type": "tram"
      }
    },
    {
      "type": "Feature",
      "geometry": {
        "type": "Point",
        "coordinates": [
          4.8096064,
          43.9406633
        ]
      },
      "properties": {
        "city": "Avignon",
        "nom": "Arrousaire",
        "name": "Arrousaire",
        "type": "tram"
      }
    },
    {
      "type": "Feature",
      "geometry": {
        "type": "Point",
        "coordinates": [
          4.8340909,
          43.9304224
        ]
      },
      "properties": {
        "city": "Avignon",
        "nom": "Barbière",
        "name": "Barbière",
        "type": "tram"
      }
    },
    {
      "type": "Feature",
      "geometry": {
        "type": "Point",
        "coordinates": [
          4.8059998,
          43.9425957
        ]
      },
      "properties": {
        "city": "Avignon",
        "nom": "Gare Centre",
        "name": "Gare Centre",
        "type": "tram"
      }
    },
    {
      "type": "Feature",
      "geometry": {
        "type": "Point",
        "coordinates": [
          4.809717,
          43.9320044
        ]
      },
      "properties": {
        "city": "Avignon",
        "nom": "Jouveau",
        "name": "Jouveau",
        "type": "tram"
      }
    },
    {
      "type": "Feature",
      "geometry": {
        "type": "Point",
        "coordinates": [
          4.826111,
          43.930923
        ]
      },
      "properties": {
        "city": "Avignon",
        "nom": "Les Sources",
        "name": "Les Sources",
        "type": "tram"
      }
    },
    {
      "type": "Feature",
      "geometry": {
        "type": "Point",
        "coordinates": [
          4.8133193,
          43.9286993
        ]
      },
      "properties": {
        "city": "Avignon",
        "nom": "Olivades",
        "name": "Olivades",
        "type": "tram"
      }
    },
    {
      "type": "Feature",
      "geometry": {
        "type": "Point",
        "coordinates": [
          4.8102442,
          43.9363921
        ]
      },
      "properties": {
        "city": "Avignon",
        "nom": "Place St-Ruf",
        "name": "Place St-Ruf",
        "type": "tram"
      }
    },
    {
      "type": "Feature",
      "geometry": {
        "type": "Point",
        "coordinates": [
          4.8411073,
          43.9307093
        ]
      },
      "properties": {
        "city": "Avignon",
        "nom": "St-Chamand",
        "name": "St-Chamand",
        "type": "tram"
      }
    },
    {
      "type": "Feature",
      "geometry": {
        "type": "Point",
        "coordinates": [
          4.7999277,
          43.9432659
        ]
      },
      "properties": {
        "city": "Avignon",
        "nom": "St-Roch",
        "name": "St-Roch",
        "type": "tram"
      }
    },
    {
      "type": "Feature",
      "geometry": {
        "type": "Point",
        "coordinates": [
          4.8198208,
          43.9293663
        ]
      },
      "properties": {
        "city": "Avignon",
        "nom": "Trillade",
        "name": "Trillade",
        "type": "tram"
      }
    },
    {
      "type": "Feature",
      "geometry": {
        "type": "Point",
        "coordinates": [
          5.9735594,
          47.2197548
        ]
      },
      "properties": {
        "city": "Besancon",
        "nom": "Allende",
        "name": "Allende",
        "type": "tram"
      }
    },
    {
      "type": "Feature",
      "geometry": {
        "type": "Point",
        "coordinates": [
          6.0194134,
          47.2394258
        ]
      },
      "properties": {
        "city": "Besancon",
        "nom": "Battant",
        "name": "Battant",
        "type": "tram"
      }
    },
    {
      "type": "Feature",
      "geometry": {
        "type": "Point",
        "coordinates": [
          6.0056062,
          47.2284431
        ]
      },
      "properties": {
        "city": "Besancon",
        "nom": "Brûlard",
        "name": "Brûlard",
        "type": "tram"
      }
    },
    {
      "type": "Feature",
      "geometry": {
        "type": "Point",
        "coordinates": [
          6.0421154,
          47.2497984
        ]
      },
      "properties": {
        "city": "Besancon",
        "nom": "Brûlefoin",
        "name": "Brûlefoin",
        "type": "tram"
      }
    },
    {
      "type": "Feature",
      "geometry": {
        "type": "Point",
        "coordinates": [
          5.9636289,
          47.226379
        ]
      },
      "properties": {
        "city": "Besancon",
        "nom": "CHRU Minjoz",
        "name": "CHRU Minjoz",
        "type": "tram"
      }
    },
    {
      "type": "Feature",
      "geometry": {
        "type": "Point",
        "coordinates": [
          5.9638503,
          47.2264006
        ]
      },
      "properties": {
        "city": "Besancon",
        "nom": "CHU Minjoz",
        "name": "CHU Minjoz",
        "type": "tram"
      }
    },
    {
      "type": "Feature",
      "geometry": {
        "type": "Point",
        "coordinates": [
          6.0158943,
          47.2360101
        ]
      },
      "properties": {
        "city": "Besancon",
        "nom": "Canot",
        "name": "Canot",
        "type": "tram"
      }
    },
    {
      "type": "Feature",
      "geometry": {
        "type": "Point",
        "coordinates": [
          6.0609472,
          47.2612887
        ]
      },
      "properties": {
        "city": "Besancon",
        "nom": "Chalezeule",
        "name": "Chalezeule",
        "type": "tram"
      }
    },
    {
      "type": "Feature",
      "geometry": {
        "type": "Point",
        "coordinates": [
          6.0203009,
          47.2337531
        ]
      },
      "properties": {
        "city": "Besancon",
        "nom": "Chamars",
        "name": "Chamars",
        "type": "tram"
      }
    },
    {
      "type": "Feature",
      "geometry": {
        "type": "Point",
        "coordinates": [
          6.0422573,
          47.2572717
        ]
      },
      "properties": {
        "city": "Besancon",
        "nom": "Croix de Palente",
        "name": "Croix de Palente",
        "type": "tram"
      }
    },
    {
      "type": "Feature",
      "geometry": {
        "type": "Point",
        "coordinates": [
          6.0280513,
          47.2454919
        ]
      },
      "properties": {
        "city": "Besancon",
        "nom": "Flore",
        "name": "Flore",
        "type": "tram"
      }
    },
    {
      "type": "Feature",
      "geometry": {
        "type": "Point",
        "coordinates": [
          6.0336825,
          47.2459754
        ]
      },
      "properties": {
        "city": "Besancon",
        "nom": "Fontaine-Argent",
        "name": "Fontaine-Argent",
        "type": "tram"
      }
    },
    {
      "type": "Feature",
      "geometry": {
        "type": "Point",
        "coordinates": [
          6.0504365,
          47.2620662
        ]
      },
      "properties": {
        "city": "Besancon",
        "nom": "Fort Benoît",
        "name": "Fort Benoît",
        "type": "tram"
      }
    },
    {
      "type": "Feature",
      "geometry": {
        "type": "Point",
        "coordinates": [
          6.0221132,
          47.2462806
        ]
      },
      "properties": {
        "city": "Besancon",
        "nom": "Gare Viotte",
        "name": "Gare Viotte",
        "type": "tram"
      }
    },
    {
      "type": "Feature",
      "geometry": {
        "type": "Point",
        "coordinates": [
          5.9515079,
          47.2215978
        ]
      },
      "properties": {
        "city": "Besancon",
        "nom": "Hauts du Chazal",
        "name": "Hauts du Chazal",
        "type": "tram"
      }
    },
    {
      "type": "Feature",
      "geometry": {
        "type": "Point",
        "coordinates": [
          6.0429558,
          47.2531479
        ]
      },
      "properties": {
        "city": "Besancon",
        "nom": "Les Vaîtes",
        "name": "Les Vaîtes",
        "type": "tram"
      }
    },
    {
      "type": "Feature",
      "geometry": {
        "type": "Point",
        "coordinates": [
          6.0417102,
          47.2607347
        ]
      },
      "properties": {
        "city": "Besancon",
        "nom": "Lilas",
        "name": "Lilas",
        "type": "tram"
      }
    },
    {
      "type": "Feature",
      "geometry": {
        "type": "Point",
        "coordinates": [
          5.9598939,
          47.2259166
        ]
      },
      "properties": {
        "city": "Besancon",
        "nom": "Maison des Familles",
        "name": "Maison des Familles",
        "type": "tram"
      }
    },
    {
      "type": "Feature",
      "geometry": {
        "type": "Point",
        "coordinates": [
          5.9823829,
          47.2225576
        ]
      },
      "properties": {
        "city": "Besancon",
        "nom": "Malcombe",
        "name": "Malcombe",
        "type": "tram"
      }
    },
    {
      "type": "Feature",
      "geometry": {
        "type": "Point",
        "coordinates": [
          6.055576,
          47.2633159
        ]
      },
      "properties": {
        "city": "Besancon",
        "nom": "Marnières",
        "name": "Marnières",
        "type": "tram"
      }
    },
    {
      "type": "Feature",
      "geometry": {
        "type": "Point",
        "coordinates": [
          5.9781555,
          47.2206169
        ]
      },
      "properties": {
        "city": "Besancon",
        "nom": "Micropolis",
        "name": "Micropolis",
        "type": "tram"
      }
    },
    {
      "type": "Feature",
      "geometry": {
        "type": "Point",
        "coordinates": [
          6.0451971,
          47.2629069
        ]
      },
      "properties": {
        "city": "Besancon",
        "nom": "Orchamps",
        "name": "Orchamps",
        "type": "tram"
      }
    },
    {
      "type": "Feature",
      "geometry": {
        "type": "Point",
        "coordinates": [
          6.0298778,
          47.2428333
        ]
      },
      "properties": {
        "city": "Besancon",
        "nom": "Parc Micaud",
        "name": "Parc Micaud",
        "type": "tram"
      }
    },
    {
      "type": "Feature",
      "geometry": {
        "type": "Point",
        "coordinates": [
          6.0105681,
          47.2298454
        ]
      },
      "properties": {
        "city": "Besancon",
        "nom": "Polygone",
        "name": "Polygone",
        "type": "tram"
      }
    },
    {
      "type": "Feature",
      "geometry": {
        "type": "Point",
        "coordinates": [
          5.9560128,
          47.2236908
        ]
      },
      "properties": {
        "city": "Besancon",
        "nom": "Quai Tramway",
        "name": "Quai Tramway",
        "type": "tram"
      }
    },
    {
      "type": "Feature",
      "geometry": {
        "type": "Point",
        "coordinates": [
          5.9949817,
          47.224962
        ]
      },
      "properties": {
        "city": "Besancon",
        "nom": "Rosemont",
        "name": "Rosemont",
        "type": "tram"
      }
    },
    {
      "type": "Feature",
      "geometry": {
        "type": "Point",
        "coordinates": [
          6.0271549,
          47.2408736
        ]
      },
      "properties": {
        "city": "Besancon",
        "nom": "République",
        "name": "République",
        "type": "tram"
      }
    },
    {
      "type": "Feature",
      "geometry": {
        "type": "Point",
        "coordinates": [
          6.02282,
          47.2403884
        ]
      },
      "properties": {
        "city": "Besancon",
        "nom": "Révolution",
        "name": "Révolution",
        "type": "tram"
      }
    },
    {
      "type": "Feature",
      "geometry": {
        "type": "Point",
        "coordinates": [
          6.0449078,
          47.2559078
        ]
      },
      "properties": {
        "city": "Besancon",
        "nom": "Schweitzer",
        "name": "Schweitzer",
        "type": "tram"
      }
    },
    {
      "type": "Feature",
      "geometry": {
        "type": "Point",
        "coordinates": [
          6.0608832,
          47.2614235
        ]
      },
      "properties": {
        "city": "Besancon",
        "nom": "Station Tramway Chalezeule",
        "name": "Station Tramway Chalezeule",
        "type": "tram"
      }
    },
    {
      "type": "Feature",
      "geometry": {
        "type": "Point",
        "coordinates": [
          6.0505588,
          47.2620431
        ]
      },
      "properties": {
        "city": "Besancon",
        "nom": "Station tramway Fort Benoit",
        "name": "Station tramway Fort Benoit",
        "type": "tram"
      }
    },
    {
      "type": "Feature",
      "geometry": {
        "type": "Point",
        "coordinates": [
          6.0370612,
          47.2481729
        ]
      },
      "properties": {
        "city": "Besancon",
        "nom": "Tristan Bernard",
        "name": "Tristan Bernard",
        "type": "tram"
      }
    },
    {
      "type": "Feature",
      "geometry": {
        "type": "Point",
        "coordinates": [
          5.956026,
          47.2237143
        ]
      },
      "properties": {
        "city": "Besancon",
        "nom": "UFR Santé",
        "name": "UFR Santé",
        "type": "tram"
      }
    },
    {
      "type": "Feature",
      "geometry": {
        "type": "Point",
        "coordinates": [
          5.9726335,
          47.2223997
        ]
      },
      "properties": {
        "city": "Besancon",
        "nom": "Époisses",
        "name": "Époisses",
        "type": "tram"
      }
    },
    {
      "type": "Feature",
      "geometry": {
        "type": "Point",
        "coordinates": [
          5.9673144,
          47.2218404
        ]
      },
      "properties": {
        "city": "Besancon",
        "nom": "Île-de-France",
        "name": "Île-de-France",
        "type": "tram"
      }
    },
    {
      "type": "Feature",
      "geometry": {
        "type": "Point",
        "coordinates": [
          -0.54867,
          44.8666164
        ]
      },
      "properties": {
        "city": "Bordeaux",
        "nom": "Achard",
        "name": "Achard",
        "type": "tram"
      }
    },
    {
      "type": "Feature",
      "geometry": {
        "type": "Point",
        "coordinates": [
          -0.6339006,
          44.8302566
        ]
      },
      "properties": {
        "city": "Bordeaux",
        "nom": "Alfred de Vigny",
        "name": "Alfred de Vigny",
        "type": "tram"
      }
    },
    {
      "type": "Feature",
      "geometry": {
        "type": "Point",
        "coordinates": [
          -0.6023138,
          44.8059832
        ]
      },
      "properties": {
        "city": "Bordeaux",
        "nom": "Arts et Métiers",
        "name": "Arts et Métiers",
        "type": "tram"
      }
    },
    {
      "type": "Feature",
      "geometry": {
        "type": "Point",
        "coordinates": [
          -0.6027264,
          44.8792759
        ]
      },
      "properties": {
        "city": "Bordeaux",
        "nom": "Ausone",
        "name": "Ausone",
        "type": "tram"
      }
    },
    {
      "type": "Feature",
      "geometry": {
        "type": "Point",
        "coordinates": [
          -0.700896,
          44.8305813
        ]
      },
      "properties": {
        "city": "Bordeaux",
        "nom": "Aéroport",
        "name": "Aéroport",
        "type": "tram"
      }
    },
    {
      "type": "Feature",
      "geometry": {
        "type": "Point",
        "coordinates": [
          -0.5831198,
          44.8207867
        ]
      },
      "properties": {
        "city": "Bordeaux",
        "nom": "Barrière Saint-Genès",
        "name": "Barrière Saint-Genès",
        "type": "tram"
      }
    },
    {
      "type": "Feature",
      "geometry": {
        "type": "Point",
        "coordinates": [
          -0.5930516,
          44.8535669
        ]
      },
      "properties": {
        "city": "Bordeaux",
        "nom": "Barrière du Médoc",
        "name": "Barrière du Médoc",
        "type": "tram"
      }
    },
    {
      "type": "Feature",
      "geometry": {
        "type": "Point",
        "coordinates": [
          -0.5521089,
          44.8225525
        ]
      },
      "properties": {
        "city": "Bordeaux",
        "nom": "Belcier",
        "name": "Belcier",
        "type": "tram"
      }
    },
    {
      "type": "Feature",
      "geometry": {
        "type": "Point",
        "coordinates": [
          -0.5415388,
          44.8855479
        ]
      },
      "properties": {
        "city": "Bordeaux",
        "nom": "Berges de la Garonne",
        "name": "Berges de la Garonne",
        "type": "tram"
      }
    },
    {
      "type": "Feature",
      "geometry": {
        "type": "Point",
        "coordinates": [
          -0.5707626,
          44.8790308
        ]
      },
      "properties": {
        "city": "Bordeaux",
        "nom": "Berges du Lac",
        "name": "Berges du Lac",
        "type": "tram"
      }
    },
    {
      "type": "Feature",
      "geometry": {
        "type": "Point",
        "coordinates": [
          -0.578183,
          44.8250637
        ]
      },
      "properties": {
        "city": "Bordeaux",
        "nom": "Bergonié",
        "name": "Bergonié",
        "type": "tram"
      }
    },
    {
      "type": "Feature",
      "geometry": {
        "type": "Point",
        "coordinates": [
          -0.5193209,
          44.8760241
        ]
      },
      "properties": {
        "city": "Bordeaux",
        "nom": "Bois Fleuri",
        "name": "Bois Fleuri",
        "type": "tram"
      }
    },
    {
      "type": "Feature",
      "geometry": {
        "type": "Point",
        "coordinates": [
          -0.634042,
          44.7940731
        ]
      },
      "properties": {
        "city": "Bordeaux",
        "nom": "Bougnard",
        "name": "Bougnard",
        "type": "tram"
      }
    },
    {
      "type": "Feature",
      "geometry": {
        "type": "Point",
        "coordinates": [
          -0.5456537,
          44.8744775
        ]
      },
      "properties": {
        "city": "Bordeaux",
        "nom": "Brandenburg",
        "name": "Brandenburg",
        "type": "tram"
      }
    },
    {
      "type": "Feature",
      "geometry": {
        "type": "Point",
        "coordinates": [
          -0.5248986,
          44.8640675
        ]
      },
      "properties": {
        "city": "Bordeaux",
        "nom": "Buttinière",
        "name": "Buttinière",
        "type": "tram"
      }
    },
    {
      "type": "Feature",
      "geometry": {
        "type": "Point",
        "coordinates": [
          -0.5979903,
          44.8059866
        ]
      },
      "properties": {
        "city": "Bordeaux",
        "nom": "Béthanie",
        "name": "Béthanie",
        "type": "tram"
      }
    },
    {
      "type": "Feature",
      "geometry": {
        "type": "Point",
        "coordinates": [
          -0.5704987,
          44.8490618
        ]
      },
      "properties": {
        "city": "Bordeaux",
        "nom": "CAPC",
        "name": "CAPC",
        "type": "tram"
      }
    },
    {
      "type": "Feature",
      "geometry": {
        "type": "Point",
        "coordinates": [
          -0.6820379,
          44.8356858
        ]
      },
      "properties": {
        "city": "Bordeaux",
        "nom": "Cadéra Issartier",
        "name": "Cadéra Issartier",
        "type": "tram"
      }
    },
    {
      "type": "Feature",
      "geometry": {
        "type": "Point",
        "coordinates": [
          -0.5519846,
          44.802912
        ]
      },
      "properties": {
        "city": "Bordeaux",
        "nom": "Calais Centujean",
        "name": "Calais Centujean",
        "type": "tram"
      }
    },
    {
      "type": "Feature",
      "geometry": {
        "type": "Point",
        "coordinates": [
          -0.6006819,
          44.8612357
        ]
      },
      "properties": {
        "city": "Bordeaux",
        "nom": "Calypso",
        "name": "Calypso",
        "type": "tram"
      }
    },
    {
      "type": "Feature",
      "geometry": {
        "type": "Point",
        "coordinates": [
          -0.5745065,
          44.8547053
        ]
      },
      "properties": {
        "city": "Bordeaux",
        "nom": "Camille Godard",
        "name": "Camille Godard",
        "type": "tram"
      }
    },
    {
      "type": "Feature",
      "geometry": {
        "type": "Point",
        "coordinates": [
          -0.6347906,
          44.8003352
        ]
      },
      "properties": {
        "city": "Bordeaux",
        "nom": "Camponac Médiathèque",
        "name": "Camponac Médiathèque",
        "type": "tram"
      }
    },
    {
      "type": "Feature",
      "geometry": {
        "type": "Point",
        "coordinates": [
          -0.6673562,
          44.8918672
        ]
      },
      "properties": {
        "city": "Bordeaux",
        "nom": "Cantinolle",
        "name": "Cantinolle",
        "type": "tram"
      }
    },
    {
      "type": "Feature",
      "geometry": {
        "type": "Point",
        "coordinates": [
          -0.6516047,
          44.7892491
        ]
      },
      "properties": {
        "city": "Bordeaux",
        "nom": "Cap Métiers",
        "name": "Cap Métiers",
        "type": "tram"
      }
    },
    {
      "type": "Feature",
      "geometry": {
        "type": "Point",
        "coordinates": [
          -0.5503924,
          44.8198566
        ]
      },
      "properties": {
        "city": "Bordeaux",
        "nom": "Carle Vernet",
        "name": "Carle Vernet",
        "type": "tram"
      }
    },
    {
      "type": "Feature",
      "geometry": {
        "type": "Point",
        "coordinates": [
          -0.5315429,
          44.8577425
        ]
      },
      "properties": {
        "city": "Bordeaux",
        "nom": "Carnot Mairie de Cenon",
        "name": "Carnot Mairie de Cenon",
        "type": "tram"
      }
    },
    {
      "type": "Feature",
      "geometry": {
        "type": "Point",
        "coordinates": [
          -0.6896655,
          44.8351668
        ]
      },
      "properties": {
        "city": "Bordeaux",
        "nom": "Caroline Aigle",
        "name": "Caroline Aigle",
        "type": "tram"
      }
    },
    {
      "type": "Feature",
      "geometry": {
        "type": "Point",
        "coordinates": [
          -0.523887,
          44.8822095
        ]
      },
      "properties": {
        "city": "Bordeaux",
        "nom": "Carriet",
        "name": "Carriet",
        "type": "tram"
      }
    },
    {
      "type": "Feature",
      "geometry": {
        "type": "Point",
        "coordinates": [
          -0.534419,
          44.8559085
        ]
      },
      "properties": {
        "city": "Bordeaux",
        "nom": "Cenon Gare",
        "name": "Cenon Gare",
        "type": "tram"
      }
    },
    {
      "type": "Feature",
      "geometry": {
        "type": "Point",
        "coordinates": [
          -0.6216948,
          44.8763881
        ]
      },
      "properties": {
        "city": "Bordeaux",
        "nom": "Champ de courses - Treulon",
        "name": "Champ de courses - Treulon",
        "type": "tram"
      }
    },
    {
      "type": "Feature",
      "geometry": {
        "type": "Point",
        "coordinates": [
          -0.5675849,
          44.852807
        ]
      },
      "properties": {
        "city": "Bordeaux",
        "nom": "Chartrons",
        "name": "Chartrons",
        "type": "tram"
      }
    },
    {
      "type": "Feature",
      "geometry": {
        "type": "Point",
        "coordinates": [
          -0.6691811,
          44.8340729
        ]
      },
      "properties": {
        "city": "Bordeaux",
        "nom": "Chemin Long",
        "name": "Chemin Long",
        "type": "tram"
      }
    },
    {
      "type": "Feature",
      "geometry": {
        "type": "Point",
        "coordinates": [
          -0.6465917,
          44.7930619
        ]
      },
      "properties": {
        "city": "Bordeaux",
        "nom": "Châtaigneraie",
        "name": "Châtaigneraie",
        "type": "tram"
      }
    },
    {
      "type": "Feature",
      "geometry": {
        "type": "Point",
        "coordinates": [
          -0.5438002,
          44.8778729
        ]
      },
      "properties": {
        "city": "Bordeaux",
        "nom": "Claveau",
        "name": "Claveau",
        "type": "tram"
      }
    },
    {
      "type": "Feature",
      "geometry": {
        "type": "Point",
        "coordinates": [
          -0.5969852,
          44.8567831
        ]
      },
      "properties": {
        "city": "Bordeaux",
        "nom": "Courbet",
        "name": "Courbet",
        "type": "tram"
      }
    },
    {
      "type": "Feature",
      "geometry": {
        "type": "Point",
        "coordinates": [
          -0.5631824,
          44.8558874
        ]
      },
      "properties": {
        "city": "Bordeaux",
        "nom": "Cours du Médoc",
        "name": "Cours du Médoc",
        "type": "tram"
      }
    },
    {
      "type": "Feature",
      "geometry": {
        "type": "Point",
        "coordinates": [
          -0.5762656,
          44.8709489
        ]
      },
      "properties": {
        "city": "Bordeaux",
        "nom": "Cracovie",
        "name": "Cracovie",
        "type": "tram"
      }
    },
    {
      "type": "Feature",
      "geometry": {
        "type": "Point",
        "coordinates": [
          -0.5857494,
          44.8500077
        ]
      },
      "properties": {
        "city": "Bordeaux",
        "nom": "Croix de Seguey",
        "name": "Croix de Seguey",
        "type": "tram"
      }
    },
    {
      "type": "Feature",
      "geometry": {
        "type": "Point",
        "coordinates": [
          -0.6096412,
          44.8002585
        ]
      },
      "properties": {
        "city": "Bordeaux",
        "nom": "Doyen Brus",
        "name": "Doyen Brus",
        "type": "tram"
      }
    },
    {
      "type": "Feature",
      "geometry": {
        "type": "Point",
        "coordinates": [
          -0.6498361,
          44.8838984
        ]
      },
      "properties": {
        "city": "Bordeaux",
        "nom": "Eysines Centre",
        "name": "Eysines Centre",
        "type": "tram"
      }
    },
    {
      "type": "Feature",
      "geometry": {
        "type": "Point",
        "coordinates": [
          -0.5104138,
          44.8460131
        ]
      },
      "properties": {
        "city": "Bordeaux",
        "nom": "Floirac Dravemont",
        "name": "Floirac Dravemont",
        "type": "tram"
      }
    },
    {
      "type": "Feature",
      "geometry": {
        "type": "Point",
        "coordinates": [
          -0.5801032,
          44.8466428
        ]
      },
      "properties": {
        "city": "Bordeaux",
        "nom": "Fondaudège Museum",
        "name": "Fondaudège Museum",
        "type": "tram"
      }
    },
    {
      "type": "Feature",
      "geometry": {
        "type": "Point",
        "coordinates": [
          -0.6256553,
          44.8266811
        ]
      },
      "properties": {
        "city": "Bordeaux",
        "nom": "Fontaine d'Arlac",
        "name": "Fontaine d'Arlac",
        "type": "tram"
      }
    },
    {
      "type": "Feature",
      "geometry": {
        "type": "Point",
        "coordinates": [
          -0.6631019,
          44.7986673
        ]
      },
      "properties": {
        "city": "Bordeaux",
        "nom": "France Alouette",
        "name": "France Alouette",
        "type": "tram"
      }
    },
    {
      "type": "Feature",
      "geometry": {
        "type": "Point",
        "coordinates": [
          -0.6190184,
          44.9072454
        ]
      },
      "properties": {
        "city": "Bordeaux",
        "nom": "Frankton",
        "name": "Frankton",
        "type": "tram"
      }
    },
    {
      "type": "Feature",
      "geometry": {
        "type": "Point",
        "coordinates": [
          -0.6066912,
          44.8035485
        ]
      },
      "properties": {
        "city": "Bordeaux",
        "nom": "François Bordes",
        "name": "François Bordes",
        "type": "tram"
      }
    },
    {
      "type": "Feature",
      "geometry": {
        "type": "Point",
        "coordinates": [
          -0.6143385,
          44.8271195
        ]
      },
      "properties": {
        "city": "Bordeaux",
        "nom": "François Mitterrand",
        "name": "François Mitterrand",
        "type": "tram"
      }
    },
    {
      "type": "Feature",
      "geometry": {
        "type": "Point",
        "coordinates": [
          -0.6558925,
          44.8500418
        ]
      },
      "properties": {
        "city": "Bordeaux",
        "nom": "Frères Robinson",
        "name": "Frères Robinson",
        "type": "tram"
      }
    },
    {
      "type": "Feature",
      "geometry": {
        "type": "Point",
        "coordinates": [
          -0.5443485,
          44.8497836
        ]
      },
      "properties": {
        "city": "Bordeaux",
        "nom": "Galin",
        "name": "Galin",
        "type": "tram"
      }
    },
    {
      "type": "Feature",
      "geometry": {
        "type": "Point",
        "coordinates": [
          -0.5782763,
          44.8400831
        ]
      },
      "properties": {
        "city": "Bordeaux",
        "nom": "Gambetta - MADD",
        "name": "Gambetta - MADD",
        "type": "tram"
      }
    },
    {
      "type": "Feature",
      "geometry": {
        "type": "Point",
        "coordinates": [
          -0.6577658,
          44.7931508
        ]
      },
      "properties": {
        "city": "Bordeaux",
        "nom": "Gare Pessac Alouette",
        "name": "Gare Pessac Alouette",
        "type": "tram"
      }
    },
    {
      "type": "Feature",
      "geometry": {
        "type": "Point",
        "coordinates": [
          -0.5568095,
          44.8258975
        ]
      },
      "properties": {
        "city": "Bordeaux",
        "nom": "Gare Saint-Jean",
        "name": "Gare Saint-Jean",
        "type": "tram"
      }
    },
    {
      "type": "Feature",
      "geometry": {
        "type": "Point",
        "coordinates": [
          -0.6236461,
          44.9167874
        ]
      },
      "properties": {
        "city": "Bordeaux",
        "nom": "Gare de Blanquefort",
        "name": "Gare de Blanquefort",
        "type": "tram"
      }
    },
    {
      "type": "Feature",
      "geometry": {
        "type": "Point",
        "coordinates": [
          -0.6097738,
          44.887586
        ]
      },
      "properties": {
        "city": "Bordeaux",
        "nom": "Gare de Bruges",
        "name": "Gare de Bruges",
        "type": "tram"
      }
    },
    {
      "type": "Feature",
      "geometry": {
        "type": "Point",
        "coordinates": [
          -0.5518306,
          44.7982123
        ]
      },
      "properties": {
        "city": "Bordeaux",
        "nom": "Gare de Bègles",
        "name": "Gare de Bègles",
        "type": "tram"
      }
    },
    {
      "type": "Feature",
      "geometry": {
        "type": "Point",
        "coordinates": [
          -0.5931881,
          44.8330956
        ]
      },
      "properties": {
        "city": "Bordeaux",
        "nom": "Gaviniès",
        "name": "Gaviniès",
        "type": "tram"
      }
    },
    {
      "type": "Feature",
      "geometry": {
        "type": "Point",
        "coordinates": [
          -0.5753367,
          44.8623141
        ]
      },
      "properties": {
        "city": "Bordeaux",
        "nom": "Grand Parc",
        "name": "Grand Parc",
        "type": "tram"
      }
    },
    {
      "type": "Feature",
      "geometry": {
        "type": "Point",
        "coordinates": [
          -0.5752769,
          44.8420334
        ]
      },
      "properties": {
        "city": "Bordeaux",
        "nom": "Grand Théâtre",
        "name": "Grand Théâtre",
        "type": "tram"
      }
    },
    {
      "type": "Feature",
      "geometry": {
        "type": "Point",
        "coordinates": [
          -0.5202014,
          44.8727959
        ]
      },
      "properties": {
        "city": "Bordeaux",
        "nom": "Gravières",
        "name": "Gravières",
        "type": "tram"
      }
    },
    {
      "type": "Feature",
      "geometry": {
        "type": "Point",
        "coordinates": [
          -0.6284467,
          44.8739814
        ]
      },
      "properties": {
        "city": "Bordeaux",
        "nom": "Hippodrome",
        "name": "Hippodrome",
        "type": "tram"
      }
    },
    {
      "type": "Feature",
      "geometry": {
        "type": "Point",
        "coordinates": [
          -0.6283977,
          44.873924
        ]
      },
      "properties": {
        "city": "Bordeaux",
        "nom": "Hippodrome - Terminus partiel",
        "name": "Hippodrome - Terminus partiel",
        "type": "tram"
      }
    },
    {
      "type": "Feature",
      "geometry": {
        "type": "Point",
        "coordinates": [
          -0.6554379,
          44.7877242
        ]
      },
      "properties": {
        "city": "Bordeaux",
        "nom": "Hôpital Haut-Lévêque",
        "name": "Hôpital Haut-Lévêque",
        "type": "tram"
      }
    },
    {
      "type": "Feature",
      "geometry": {
        "type": "Point",
        "coordinates": [
          -0.6046127,
          44.8301583
        ]
      },
      "properties": {
        "city": "Bordeaux",
        "nom": "Hôpital Pellegrin",
        "name": "Hôpital Pellegrin",
        "type": "tram"
      }
    },
    {
      "type": "Feature",
      "geometry": {
        "type": "Point",
        "coordinates": [
          -0.5888474,
          44.8349157
        ]
      },
      "properties": {
        "city": "Bordeaux",
        "nom": "Hôtel de Police",
        "name": "Hôtel de Police",
        "type": "tram"
      }
    },
    {
      "type": "Feature",
      "geometry": {
        "type": "Point",
        "coordinates": [
          -0.5771402,
          44.8373101
        ]
      },
      "properties": {
        "city": "Bordeaux",
        "nom": "Hôtel de Ville",
        "name": "Hôtel de Ville",
        "type": "tram"
      }
    },
    {
      "type": "Feature",
      "geometry": {
        "type": "Point",
        "coordinates": [
          -0.6581965,
          44.8441926
        ]
      },
      "properties": {
        "city": "Bordeaux",
        "nom": "Hôtel de ville Mérignac",
        "name": "Hôtel de ville Mérignac",
        "type": "tram"
      }
    },
    {
      "type": "Feature",
      "geometry": {
        "type": "Point",
        "coordinates": [
          -0.5226499,
          44.8685419
        ]
      },
      "properties": {
        "city": "Bordeaux",
        "nom": "Iris",
        "name": "Iris",
        "type": "tram"
      }
    },
    {
      "type": "Feature",
      "geometry": {
        "type": "Point",
        "coordinates": [
          -0.555399,
          44.843006
        ]
      },
      "properties": {
        "city": "Bordeaux",
        "nom": "Jardin Botanique",
        "name": "Jardin Botanique",
        "type": "tram"
      }
    },
    {
      "type": "Feature",
      "geometry": {
        "type": "Point",
        "coordinates": [
          -0.5753679,
          44.8482619
        ]
      },
      "properties": {
        "city": "Bordeaux",
        "nom": "Jardin Public",
        "name": "Jardin Public",
        "type": "tram"
      }
    },
    {
      "type": "Feature",
      "geometry": {
        "type": "Point",
        "coordinates": [
          -0.5377508,
          44.8537645
        ]
      },
      "properties": {
        "city": "Bordeaux",
        "nom": "Jean Jaurès",
        "name": "Jean Jaurès",
        "type": "tram"
      }
    },
    {
      "type": "Feature",
      "geometry": {
        "type": "Point",
        "coordinates": [
          -0.5131257,
          44.854101
        ]
      },
      "properties": {
        "city": "Bordeaux",
        "nom": "Jean Zay",
        "name": "Jean Zay",
        "type": "tram"
      }
    },
    {
      "type": "Feature",
      "geometry": {
        "type": "Point",
        "coordinates": [
          -0.5512242,
          44.8111706
        ]
      },
      "properties": {
        "city": "Bordeaux",
        "nom": "La Belle Rose",
        "name": "La Belle Rose",
        "type": "tram"
      }
    },
    {
      "type": "Feature",
      "geometry": {
        "type": "Point",
        "coordinates": [
          -0.5531985,
          44.8607165
        ]
      },
      "properties": {
        "city": "Bordeaux",
        "nom": "La Cité du Vin",
        "name": "La Cité du Vin",
        "type": "tram"
      }
    },
    {
      "type": "Feature",
      "geometry": {
        "type": "Point",
        "coordinates": [
          -0.5172971,
          44.887729
        ]
      },
      "properties": {
        "city": "Bordeaux",
        "nom": "La Gardette (Bassens Carbon-Blanc)",
        "name": "La Gardette (Bassens Carbon-Blanc)",
        "type": "tram"
      }
    },
    {
      "type": "Feature",
      "geometry": {
        "type": "Point",
        "coordinates": [
          -0.5172379,
          44.8876522
        ]
      },
      "properties": {
        "city": "Bordeaux",
        "nom": "La Gardette Bassens - Cardon-Blanc",
        "name": "La Gardette Bassens - Cardon-Blanc",
        "type": "tram"
      }
    },
    {
      "type": "Feature",
      "geometry": {
        "type": "Point",
        "coordinates": [
          -0.5088987,
          44.8507931
        ]
      },
      "properties": {
        "city": "Bordeaux",
        "nom": "La Marègue",
        "name": "La Marègue",
        "type": "tram"
      }
    },
    {
      "type": "Feature",
      "geometry": {
        "type": "Point",
        "coordinates": [
          -0.5181705,
          44.8549925
        ]
      },
      "properties": {
        "city": "Bordeaux",
        "nom": "La Morlette",
        "name": "La Morlette",
        "type": "tram"
      }
    },
    {
      "type": "Feature",
      "geometry": {
        "type": "Point",
        "coordinates": [
          -0.5907571,
          44.872238
        ]
      },
      "properties": {
        "city": "Bordeaux",
        "nom": "La Vache",
        "name": "La Vache",
        "type": "tram"
      }
    },
    {
      "type": "Feature",
      "geometry": {
        "type": "Point",
        "coordinates": [
          -0.5178962,
          44.8791226
        ]
      },
      "properties": {
        "city": "Bordeaux",
        "nom": "Lauriers",
        "name": "Lauriers",
        "type": "tram"
      }
    },
    {
      "type": "Feature",
      "geometry": {
        "type": "Point",
        "coordinates": [
          -0.6682748,
          44.8585211
        ]
      },
      "properties": {
        "city": "Bordeaux",
        "nom": "Le Haillan Rostand",
        "name": "Le Haillan Rostand",
        "type": "tram"
      }
    },
    {
      "type": "Feature",
      "geometry": {
        "type": "Point",
        "coordinates": [
          -0.5742716,
          44.8740233
        ]
      },
      "properties": {
        "city": "Bordeaux",
        "nom": "Les Aubiers",
        "name": "Les Aubiers",
        "type": "tram"
      }
    },
    {
      "type": "Feature",
      "geometry": {
        "type": "Point",
        "coordinates": [
          -0.6091243,
          44.8690617
        ]
      },
      "properties": {
        "city": "Bordeaux",
        "nom": "Les Ecus",
        "name": "Les Ecus",
        "type": "tram"
      }
    },
    {
      "type": "Feature",
      "geometry": {
        "type": "Point",
        "coordinates": [
          -0.5588362,
          44.8579717
        ]
      },
      "properties": {
        "city": "Bordeaux",
        "nom": "Les Hangars",
        "name": "Les Hangars",
        "type": "tram"
      }
    },
    {
      "type": "Feature",
      "geometry": {
        "type": "Point",
        "coordinates": [
          -0.6598216,
          44.8569733
        ]
      },
      "properties": {
        "city": "Bordeaux",
        "nom": "Les Pins",
        "name": "Les Pins",
        "type": "tram"
      }
    },
    {
      "type": "Feature",
      "geometry": {
        "type": "Point",
        "coordinates": [
          -0.6599534,
          44.887982
        ]
      },
      "properties": {
        "city": "Bordeaux",
        "nom": "Les Sources",
        "name": "Les Sources",
        "type": "tram"
      }
    },
    {
      "type": "Feature",
      "geometry": {
        "type": "Point",
        "coordinates": [
          -0.5662076,
          44.7866004
        ]
      },
      "properties": {
        "city": "Bordeaux",
        "nom": "Lycée Václav Havel",
        "name": "Lycée Václav Havel",
        "type": "tram"
      }
    },
    {
      "type": "Feature",
      "geometry": {
        "type": "Point",
        "coordinates": [
          -0.6474347,
          44.8349683
        ]
      },
      "properties": {
        "city": "Bordeaux",
        "nom": "Lycées de Mérignac",
        "name": "Lycées de Mérignac",
        "type": "tram"
      }
    },
    {
      "type": "Feature",
      "geometry": {
        "type": "Point",
        "coordinates": [
          -0.5236096,
          44.8798421
        ]
      },
      "properties": {
        "city": "Bordeaux",
        "nom": "Mairie de Lormont",
        "name": "Mairie de Lormont",
        "type": "tram"
      }
    },
    {
      "type": "Feature",
      "geometry": {
        "type": "Point",
        "coordinates": [
          -0.6051005,
          44.8654405
        ]
      },
      "properties": {
        "city": "Bordeaux",
        "nom": "Mairie du Bouscat",
        "name": "Mairie du Bouscat",
        "type": "tram"
      }
    },
    {
      "type": "Feature",
      "geometry": {
        "type": "Point",
        "coordinates": [
          -0.6173597,
          44.7967973
        ]
      },
      "properties": {
        "city": "Bordeaux",
        "nom": "Montaigne Montesquieu",
        "name": "Montaigne Montesquieu",
        "type": "tram"
      }
    },
    {
      "type": "Feature",
      "geometry": {
        "type": "Point",
        "coordinates": [
          -0.5753438,
          44.8355045
        ]
      },
      "properties": {
        "city": "Bordeaux",
        "nom": "Musée d'Aquitaine",
        "name": "Musée d'Aquitaine",
        "type": "tram"
      }
    },
    {
      "type": "Feature",
      "geometry": {
        "type": "Point",
        "coordinates": [
          -0.5843035,
          44.8381731
        ]
      },
      "properties": {
        "city": "Bordeaux",
        "nom": "Mériadeck",
        "name": "Mériadeck",
        "type": "tram"
      }
    },
    {
      "type": "Feature",
      "geometry": {
        "type": "Point",
        "coordinates": [
          -0.6469012,
          44.8413886
        ]
      },
      "properties": {
        "city": "Bordeaux",
        "nom": "Mérignac Centre",
        "name": "Mérignac Centre",
        "type": "tram"
      }
    },
    {
      "type": "Feature",
      "geometry": {
        "type": "Point",
        "coordinates": [
          -0.6568016,
          44.831142
        ]
      },
      "properties": {
        "city": "Bordeaux",
        "nom": "Mérignac Soleil",
        "name": "Mérignac Soleil",
        "type": "tram"
      }
    },
    {
      "type": "Feature",
      "geometry": {
        "type": "Point",
        "coordinates": [
          -0.5473362,
          44.8709451
        ]
      },
      "properties": {
        "city": "Bordeaux",
        "nom": "New-York",
        "name": "New-York",
        "type": "tram"
      }
    },
    {
      "type": "Feature",
      "geometry": {
        "type": "Point",
        "coordinates": [
          -0.5815728,
          44.8362776
        ]
      },
      "properties": {
        "city": "Bordeaux",
        "nom": "Palais de Justice",
        "name": "Palais de Justice",
        "type": "tram"
      }
    },
    {
      "type": "Feature",
      "geometry": {
        "type": "Point",
        "coordinates": [
          -0.5671811,
          44.8893049
        ]
      },
      "properties": {
        "city": "Bordeaux",
        "nom": "Palais des Congrès",
        "name": "Palais des Congrès",
        "type": "tram"
      }
    },
    {
      "type": "Feature",
      "geometry": {
        "type": "Point",
        "coordinates": [
          -0.5197432,
          44.8622315
        ]
      },
      "properties": {
        "city": "Bordeaux",
        "nom": "Palmer",
        "name": "Palmer",
        "type": "tram"
      }
    },
    {
      "type": "Feature",
      "geometry": {
        "type": "Point",
        "coordinates": [
          -0.5596032,
          44.7940135
        ]
      },
      "properties": {
        "city": "Bordeaux",
        "nom": "Parc de Mussonville",
        "name": "Parc de Mussonville",
        "type": "tram"
      }
    },
    {
      "type": "Feature",
      "geometry": {
        "type": "Point",
        "coordinates": [
          -0.565824,
          44.8933138
        ]
      },
      "properties": {
        "city": "Bordeaux",
        "nom": "Parc des Expositions",
        "name": "Parc des Expositions",
        "type": "tram"
      }
    },
    {
      "type": "Feature",
      "geometry": {
        "type": "Point",
        "coordinates": [
          -0.592595,
          44.8072449
        ]
      },
      "properties": {
        "city": "Bordeaux",
        "nom": "Peixotto",
        "name": "Peixotto",
        "type": "tram"
      }
    },
    {
      "type": "Feature",
      "geometry": {
        "type": "Point",
        "coordinates": [
          -0.5197499,
          44.8587067
        ]
      },
      "properties": {
        "city": "Bordeaux",
        "nom": "Pelletan",
        "name": "Pelletan",
        "type": "tram"
      }
    },
    {
      "type": "Feature",
      "geometry": {
        "type": "Point",
        "coordinates": [
          -0.632759,
          44.8042139
        ]
      },
      "properties": {
        "city": "Bordeaux",
        "nom": "Pessac Centre",
        "name": "Pessac Centre",
        "type": "tram"
      }
    },
    {
      "type": "Feature",
      "geometry": {
        "type": "Point",
        "coordinates": [
          -0.6199546,
          44.8266049
        ]
      },
      "properties": {
        "city": "Bordeaux",
        "nom": "Peychotte",
        "name": "Peychotte",
        "type": "tram"
      }
    },
    {
      "type": "Feature",
      "geometry": {
        "type": "Point",
        "coordinates": [
          -0.6411359,
          44.8813599
        ]
      },
      "properties": {
        "city": "Bordeaux",
        "nom": "Picot",
        "name": "Picot",
        "type": "tram"
      }
    },
    {
      "type": "Feature",
      "geometry": {
        "type": "Point",
        "coordinates": [
          -0.6397968,
          44.8302116
        ]
      },
      "properties": {
        "city": "Bordeaux",
        "nom": "Pierre Mendès France",
        "name": "Pierre Mendès France",
        "type": "tram"
      }
    },
    {
      "type": "Feature",
      "geometry": {
        "type": "Point",
        "coordinates": [
          -0.6398204,
          44.8301527
        ]
      },
      "properties": {
        "city": "Bordeaux",
        "nom": "Pierre Mendès-France",
        "name": "Pierre Mendès-France",
        "type": "tram"
      }
    },
    {
      "type": "Feature",
      "geometry": {
        "type": "Point",
        "coordinates": [
          -0.6512813,
          44.8441857
        ]
      },
      "properties": {
        "city": "Bordeaux",
        "nom": "Pin Galant",
        "name": "Pin Galant",
        "type": "tram"
      }
    },
    {
      "type": "Feature",
      "geometry": {
        "type": "Point",
        "coordinates": [
          -0.5741287,
          44.8519828
        ]
      },
      "properties": {
        "city": "Bordeaux",
        "nom": "Place Paul Doumer",
        "name": "Place Paul Doumer",
        "type": "tram"
      }
    },
    {
      "type": "Feature",
      "geometry": {
        "type": "Point",
        "coordinates": [
          -0.5758425,
          44.8671353
        ]
      },
      "properties": {
        "city": "Bordeaux",
        "nom": "Place Ravezies - Le Bouscat",
        "name": "Place Ravezies - Le Bouscat",
        "type": "tram"
      }
    },
    {
      "type": "Feature",
      "geometry": {
        "type": "Point",
        "coordinates": [
          -0.5696866,
          44.8415653
        ]
      },
      "properties": {
        "city": "Bordeaux",
        "nom": "Place de la Bourse",
        "name": "Place de la Bourse",
        "type": "tram"
      }
    },
    {
      "type": "Feature",
      "geometry": {
        "type": "Point",
        "coordinates": [
          -0.569272,
          44.8379043
        ]
      },
      "properties": {
        "city": "Bordeaux",
        "nom": "Place du Palais",
        "name": "Place du Palais",
        "type": "tram"
      }
    },
    {
      "type": "Feature",
      "geometry": {
        "type": "Point",
        "coordinates": [
          -0.5663931,
          44.8371539
        ]
      },
      "properties": {
        "city": "Bordeaux",
        "nom": "Porte de Bourgogne",
        "name": "Porte de Bourgogne",
        "type": "tram"
      }
    },
    {
      "type": "Feature",
      "geometry": {
        "type": "Point",
        "coordinates": [
          -0.5703946,
          44.8830813
        ]
      },
      "properties": {
        "city": "Bordeaux",
        "nom": "Quarante Journaux",
        "name": "Quarante Journaux",
        "type": "tram"
      }
    },
    {
      "type": "Feature",
      "geometry": {
        "type": "Point",
        "coordinates": [
          -0.6448659,
          44.8326228
        ]
      },
      "properties": {
        "city": "Bordeaux",
        "nom": "Quatre Chemins",
        "name": "Quatre Chemins",
        "type": "tram"
      }
    },
    {
      "type": "Feature",
      "geometry": {
        "type": "Point",
        "coordinates": [
          -0.5737556,
          44.8440058
        ]
      },
      "properties": {
        "city": "Bordeaux",
        "nom": "Quinconces",
        "name": "Quinconces",
        "type": "tram"
      }
    },
    {
      "type": "Feature",
      "geometry": {
        "type": "Point",
        "coordinates": [
          -0.5707211,
          44.8445395
        ]
      },
      "properties": {
        "city": "Bordeaux",
        "nom": "Quinconces-Fleuve",
        "name": "Quinconces-Fleuve",
        "type": "tram"
      }
    },
    {
      "type": "Feature",
      "geometry": {
        "type": "Point",
        "coordinates": [
          -0.585641,
          44.8169375
        ]
      },
      "properties": {
        "city": "Bordeaux",
        "nom": "Roustaing",
        "name": "Roustaing",
        "type": "tram"
      }
    },
    {
      "type": "Feature",
      "geometry": {
        "type": "Point",
        "coordinates": [
          -0.6285211,
          44.793979
        ]
      },
      "properties": {
        "city": "Bordeaux",
        "nom": "Saige",
        "name": "Saige",
        "type": "tram"
      }
    },
    {
      "type": "Feature",
      "geometry": {
        "type": "Point",
        "coordinates": [
          -0.6103065,
          44.8287689
        ]
      },
      "properties": {
        "city": "Bordeaux",
        "nom": "Saint-Augustin",
        "name": "Saint-Augustin",
        "type": "tram"
      }
    },
    {
      "type": "Feature",
      "geometry": {
        "type": "Point",
        "coordinates": [
          -0.5892669,
          44.8374151
        ]
      },
      "properties": {
        "city": "Bordeaux",
        "nom": "Saint-Bruno - Hôtel de Région",
        "name": "Saint-Bruno - Hôtel de Région",
        "type": "tram"
      }
    },
    {
      "type": "Feature",
      "geometry": {
        "type": "Point",
        "coordinates": [
          -0.5633482,
          44.8344887
        ]
      },
      "properties": {
        "city": "Bordeaux",
        "nom": "Saint-Michel",
        "name": "Saint-Michel",
        "type": "tram"
      }
    },
    {
      "type": "Feature",
      "geometry": {
        "type": "Point",
        "coordinates": [
          -0.573968,
          44.8289804
        ]
      },
      "properties": {
        "city": "Bordeaux",
        "nom": "Saint-Nicolas",
        "name": "Saint-Nicolas",
        "type": "tram"
      }
    },
    {
      "type": "Feature",
      "geometry": {
        "type": "Point",
        "coordinates": [
          -0.5732788,
          44.8376139
        ]
      },
      "properties": {
        "city": "Bordeaux",
        "nom": "Sainte-Catherine",
        "name": "Sainte-Catherine",
        "type": "tram"
      }
    },
    {
      "type": "Feature",
      "geometry": {
        "type": "Point",
        "coordinates": [
          -0.5594304,
          44.8318255
        ]
      },
      "properties": {
        "city": "Bordeaux",
        "nom": "Sainte-Croix",
        "name": "Sainte-Croix",
        "type": "tram"
      }
    },
    {
      "type": "Feature",
      "geometry": {
        "type": "Point",
        "coordinates": [
          -0.6144114,
          44.8715463
        ]
      },
      "properties": {
        "city": "Bordeaux",
        "nom": "Sainte-Germaine",
        "name": "Sainte-Germaine",
        "type": "tram"
      }
    },
    {
      "type": "Feature",
      "geometry": {
        "type": "Point",
        "coordinates": [
          -0.6367773,
          44.879635
        ]
      },
      "properties": {
        "city": "Bordeaux",
        "nom": "Simone Veil",
        "name": "Simone Veil",
        "type": "tram"
      }
    },
    {
      "type": "Feature",
      "geometry": {
        "type": "Point",
        "coordinates": [
          -0.5991475,
          44.8312288
        ]
      },
      "properties": {
        "city": "Bordeaux",
        "nom": "Stade Chaban Delmas",
        "name": "Stade Chaban Delmas",
        "type": "tram"
      }
    },
    {
      "type": "Feature",
      "geometry": {
        "type": "Point",
        "coordinates": [
          -0.5515036,
          44.8079531
        ]
      },
      "properties": {
        "city": "Bordeaux",
        "nom": "Stade Musard",
        "name": "Stade Musard",
        "type": "tram"
      }
    },
    {
      "type": "Feature",
      "geometry": {
        "type": "Point",
        "coordinates": [
          -0.5598003,
          44.8403077
        ]
      },
      "properties": {
        "city": "Bordeaux",
        "nom": "Stalingrad",
        "name": "Stalingrad",
        "type": "tram"
      }
    },
    {
      "type": "Feature",
      "geometry": {
        "type": "Point",
        "coordinates": [
          -0.5909362,
          44.8119471
        ]
      },
      "properties": {
        "city": "Bordeaux",
        "nom": "Talence Centre-Forum",
        "name": "Talence Centre-Forum",
        "type": "tram"
      }
    },
    {
      "type": "Feature",
      "geometry": {
        "type": "Point",
        "coordinates": [
          -0.5585397,
          44.829039
        ]
      },
      "properties": {
        "city": "Bordeaux",
        "nom": "Tauzia",
        "name": "Tauzia",
        "type": "tram"
      }
    },
    {
      "type": "Feature",
      "geometry": {
        "type": "Point",
        "coordinates": [
          -0.5508445,
          44.8153145
        ]
      },
      "properties": {
        "city": "Bordeaux",
        "nom": "Terres Neuves",
        "name": "Terres Neuves",
        "type": "tram"
      }
    },
    {
      "type": "Feature",
      "geometry": {
        "type": "Point",
        "coordinates": [
          -0.550816,
          44.8458183
        ]
      },
      "properties": {
        "city": "Bordeaux",
        "nom": "Thiers-Benauge",
        "name": "Thiers-Benauge",
        "type": "tram"
      }
    },
    {
      "type": "Feature",
      "geometry": {
        "type": "Point",
        "coordinates": [
          -0.6214544,
          44.796318
        ]
      },
      "properties": {
        "city": "Bordeaux",
        "nom": "Unitec",
        "name": "Unitec",
        "type": "tram"
      }
    },
    {
      "type": "Feature",
      "geometry": {
        "type": "Point",
        "coordinates": [
          -0.5730721,
          44.8311955
        ]
      },
      "properties": {
        "city": "Bordeaux",
        "nom": "Victoire",
        "name": "Victoire",
        "type": "tram"
      }
    },
    {
      "type": "Feature",
      "geometry": {
        "type": "Point",
        "coordinates": [
          -0.5661921,
          44.7822116
        ]
      },
      "properties": {
        "city": "Bordeaux",
        "nom": "Villenave-Centre/Pont-de-la-Maye",
        "name": "Villenave-Centre/Pont-de-la-Maye",
        "type": "tram"
      }
    },
    {
      "type": "Feature",
      "geometry": {
        "type": "Point",
        "coordinates": [
          -0.5648584,
          44.7742301
        ]
      },
      "properties": {
        "city": "Bordeaux",
        "nom": "Villenave-Pyrénées",
        "name": "Villenave-Pyrénées",
        "type": "tram"
      }
    },
    {
      "type": "Feature",
      "geometry": {
        "type": "Point",
        "coordinates": [
          -0.5749409,
          44.8586914
        ]
      },
      "properties": {
        "city": "Bordeaux",
        "nom": "Émile Counord",
        "name": "Émile Counord",
        "type": "tram"
      }
    },
    {
      "type": "Feature",
      "geometry": {
        "type": "Point",
        "coordinates": [
          -4.4887751,
          48.3965381
        ]
      },
      "properties": {
        "city": "Brest",
        "nom": "Albert 1er",
        "name": "Albert 1er",
        "type": "tram"
      }
    },
    {
      "type": "Feature",
      "geometry": {
        "type": "Point",
        "coordinates": [
          -4.5248325,
          48.4012701
        ]
      },
      "properties": {
        "city": "Brest",
        "nom": "CHU La Cavale",
        "name": "CHU La Cavale",
        "type": "tram"
      }
    },
    {
      "type": "Feature",
      "geometry": {
        "type": "Point",
        "coordinates": [
          -4.4877427,
          48.3925511
        ]
      },
      "properties": {
        "city": "Brest",
        "nom": "CHU Morvan",
        "name": "CHU Morvan",
        "type": "tram"
      }
    },
    {
      "type": "Feature",
      "geometry": {
        "type": "Point",
        "coordinates": [
          -4.492538,
          48.3853623
        ]
      },
      "properties": {
        "city": "Brest",
        "nom": "Château",
        "name": "Château",
        "type": "tram"
      }
    },
    {
      "type": "Feature",
      "geometry": {
        "type": "Point",
        "coordinates": [
          -4.533616,
          48.3859966
        ]
      },
      "properties": {
        "city": "Brest",
        "nom": "Coat Tan",
        "name": "Coat Tan",
        "type": "tram"
      }
    },
    {
      "type": "Feature",
      "geometry": {
        "type": "Point",
        "coordinates": [
          -4.5101807,
          48.3905816
        ]
      },
      "properties": {
        "city": "Brest",
        "nom": "Dupuy de Lôme",
        "name": "Dupuy de Lôme",
        "type": "tram"
      }
    },
    {
      "type": "Feature",
      "geometry": {
        "type": "Point",
        "coordinates": [
          -4.4596545,
          48.4169201
        ]
      },
      "properties": {
        "city": "Brest",
        "nom": "Eau Blanche",
        "name": "Eau Blanche",
        "type": "tram"
      }
    },
    {
      "type": "Feature",
      "geometry": {
        "type": "Point",
        "coordinates": [
          -4.4711105,
          48.4112197
        ]
      },
      "properties": {
        "city": "Brest",
        "nom": "Europe",
        "name": "Europe",
        "type": "tram"
      }
    },
    {
      "type": "Feature",
      "geometry": {
        "type": "Point",
        "coordinates": [
          -4.5441447,
          48.3785796
        ]
      },
      "properties": {
        "city": "Brest",
        "nom": "Fort Montbarey",
        "name": "Fort Montbarey",
        "type": "tram"
      }
    },
    {
      "type": "Feature",
      "geometry": {
        "type": "Point",
        "coordinates": [
          -4.4810096,
          48.387925
        ]
      },
      "properties": {
        "city": "Brest",
        "nom": "Gares",
        "name": "Gares",
        "type": "tram"
      }
    },
    {
      "type": "Feature",
      "geometry": {
        "type": "Point",
        "coordinates": [
          -4.4828005,
          48.3922894
        ]
      },
      "properties": {
        "city": "Brest",
        "nom": "Jean Jaurès",
        "name": "Jean Jaurès",
        "type": "tram"
      }
    },
    {
      "type": "Feature",
      "geometry": {
        "type": "Point",
        "coordinates": [
          -4.5395274,
          48.3822658
        ]
      },
      "properties": {
        "city": "Brest",
        "nom": "Keranroux",
        "name": "Keranroux",
        "type": "tram"
      }
    },
    {
      "type": "Feature",
      "geometry": {
        "type": "Point",
        "coordinates": [
          -4.4669107,
          48.4244217
        ]
      },
      "properties": {
        "city": "Brest",
        "nom": "Kergaradec",
        "name": "Kergaradec",
        "type": "tram"
      }
    },
    {
      "type": "Feature",
      "geometry": {
        "type": "Point",
        "coordinates": [
          -4.5063286,
          48.4012183
        ]
      },
      "properties": {
        "city": "Brest",
        "nom": "Kergoat",
        "name": "Kergoat",
        "type": "tram"
      }
    },
    {
      "type": "Feature",
      "geometry": {
        "type": "Point",
        "coordinates": [
          -4.4531638,
          48.4187219
        ]
      },
      "properties": {
        "city": "Brest",
        "nom": "Kerlaurent",
        "name": "Kerlaurent",
        "type": "tram"
      }
    },
    {
      "type": "Feature",
      "geometry": {
        "type": "Point",
        "coordinates": [
          -4.5141435,
          48.4076556
        ]
      },
      "properties": {
        "city": "Brest",
        "nom": "Le Bergot",
        "name": "Le Bergot",
        "type": "tram"
      }
    },
    {
      "type": "Feature",
      "geometry": {
        "type": "Point",
        "coordinates": [
          -4.5046935,
          48.3906515
        ]
      },
      "properties": {
        "city": "Brest",
        "nom": "Les Capucins",
        "name": "Les Capucins",
        "type": "tram"
      }
    },
    {
      "type": "Feature",
      "geometry": {
        "type": "Point",
        "coordinates": [
          -4.4852091,
          48.3902465
        ]
      },
      "properties": {
        "city": "Brest",
        "nom": "Liberté",
        "name": "Liberté",
        "type": "tram"
      }
    },
    {
      "type": "Feature",
      "geometry": {
        "type": "Point",
        "coordinates": [
          -4.4851355,
          48.3897389
        ]
      },
      "properties": {
        "city": "Brest",
        "nom": "Liberté Quartz",
        "name": "Liberté Quartz",
        "type": "tram"
      }
    },
    {
      "type": "Feature",
      "geometry": {
        "type": "Point",
        "coordinates": [
          -4.5039084,
          48.3847873
        ]
      },
      "properties": {
        "city": "Brest",
        "nom": "Mac Orlan",
        "name": "Mac Orlan",
        "type": "tram"
      }
    },
    {
      "type": "Feature",
      "geometry": {
        "type": "Point",
        "coordinates": [
          -4.4678097,
          48.406758
        ]
      },
      "properties": {
        "city": "Brest",
        "nom": "Menez Paul",
        "name": "Menez Paul",
        "type": "tram"
      }
    },
    {
      "type": "Feature",
      "geometry": {
        "type": "Point",
        "coordinates": [
          -4.467676,
          48.4196004
        ]
      },
      "properties": {
        "city": "Brest",
        "nom": "Mesmerrien",
        "name": "Mesmerrien",
        "type": "tram"
      }
    },
    {
      "type": "Feature",
      "geometry": {
        "type": "Point",
        "coordinates": [
          -4.4763629,
          48.3964893
        ]
      },
      "properties": {
        "city": "Brest",
        "nom": "Octroi",
        "name": "Octroi",
        "type": "tram"
      }
    },
    {
      "type": "Feature",
      "geometry": {
        "type": "Point",
        "coordinates": [
          -4.5091985,
          48.4041541
        ]
      },
      "properties": {
        "city": "Brest",
        "nom": "Patinoire",
        "name": "Patinoire",
        "type": "tram"
      }
    },
    {
      "type": "Feature",
      "geometry": {
        "type": "Point",
        "coordinates": [
          -4.472879,
          48.3987784
        ]
      },
      "properties": {
        "city": "Brest",
        "nom": "Pilier Rouge",
        "name": "Pilier Rouge",
        "type": "tram"
      }
    },
    {
      "type": "Feature",
      "geometry": {
        "type": "Point",
        "coordinates": [
          -4.4680753,
          48.4019859
        ]
      },
      "properties": {
        "city": "Brest",
        "nom": "Place de Strasbourg",
        "name": "Place de Strasbourg",
        "type": "tram"
      }
    },
    {
      "type": "Feature",
      "geometry": {
        "type": "Point",
        "coordinates": [
          -4.5187923,
          48.3871921
        ]
      },
      "properties": {
        "city": "Brest",
        "nom": "Polygone",
        "name": "Polygone",
        "type": "tram"
      }
    },
    {
      "type": "Feature",
      "geometry": {
        "type": "Point",
        "coordinates": [
          -4.4717079,
          48.4150392
        ]
      },
      "properties": {
        "city": "Brest",
        "nom": "Pontanézen",
        "name": "Pontanézen",
        "type": "tram"
      }
    },
    {
      "type": "Feature",
      "geometry": {
        "type": "Point",
        "coordinates": [
          -4.4681046,
          48.4308011
        ]
      },
      "properties": {
        "city": "Brest",
        "nom": "Porte de Gouesnou",
        "name": "Porte de Gouesnou",
        "type": "tram"
      }
    },
    {
      "type": "Feature",
      "geometry": {
        "type": "Point",
        "coordinates": [
          -4.4441957,
          48.4191496
        ]
      },
      "properties": {
        "city": "Brest",
        "nom": "Porte de Guipavas",
        "name": "Porte de Guipavas",
        "type": "tram"
      }
    },
    {
      "type": "Feature",
      "geometry": {
        "type": "Point",
        "coordinates": [
          -4.5536545,
          48.3761943
        ]
      },
      "properties": {
        "city": "Brest",
        "nom": "Porte de Plouzané",
        "name": "Porte de Plouzané",
        "type": "tram"
      }
    },
    {
      "type": "Feature",
      "geometry": {
        "type": "Point",
        "coordinates": [
          -4.499466,
          48.3841867
        ]
      },
      "properties": {
        "city": "Brest",
        "nom": "Recouvrance",
        "name": "Recouvrance",
        "type": "tram"
      }
    },
    {
      "type": "Feature",
      "geometry": {
        "type": "Point",
        "coordinates": [
          -4.5207636,
          48.4069547
        ]
      },
      "properties": {
        "city": "Brest",
        "nom": "Rives de Penfeld",
        "name": "Rives de Penfeld",
        "type": "tram"
      }
    },
    {
      "type": "Feature",
      "geometry": {
        "type": "Point",
        "coordinates": [
          -4.5043769,
          48.3873648
        ]
      },
      "properties": {
        "city": "Brest",
        "nom": "Saint-Exupéry",
        "name": "Saint-Exupéry",
        "type": "tram"
      }
    },
    {
      "type": "Feature",
      "geometry": {
        "type": "Point",
        "coordinates": [
          -4.480075,
          48.3940831
        ]
      },
      "properties": {
        "city": "Brest",
        "nom": "Saint-Martin",
        "name": "Saint-Martin",
        "type": "tram"
      }
    },
    {
      "type": "Feature",
      "geometry": {
        "type": "Point",
        "coordinates": [
          -4.4889528,
          48.3881719
        ]
      },
      "properties": {
        "city": "Brest",
        "nom": "Siam",
        "name": "Siam",
        "type": "tram"
      }
    },
    {
      "type": "Feature",
      "geometry": {
        "type": "Point",
        "coordinates": [
          -4.5003838,
          48.4008724
        ]
      },
      "properties": {
        "city": "Brest",
        "nom": "Université",
        "name": "Université",
        "type": "tram"
      }
    },
    {
      "type": "Feature",
      "geometry": {
        "type": "Point",
        "coordinates": [
          -4.5268494,
          48.3869468
        ]
      },
      "properties": {
        "city": "Brest",
        "nom": "Vali Hir",
        "name": "Vali Hir",
        "type": "tram"
      }
    },
    {
      "type": "Feature",
      "geometry": {
        "type": "Point",
        "coordinates": [
          -4.4949785,
          48.3989692
        ]
      },
      "properties": {
        "city": "Brest",
        "nom": "Yves Le Gallo - Cité U",
        "name": "Yves Le Gallo - Cité U",
        "type": "tram"
      }
    },
    {
      "type": "Feature",
      "geometry": {
        "type": "Point",
        "coordinates": [
          -0.3500027,
          49.1630788
        ]
      },
      "properties": {
        "city": "Caen",
        "nom": "Aviation",
        "name": "Aviation",
        "type": "tram"
      }
    },
    {
      "type": "Feature",
      "geometry": {
        "type": "Point",
        "coordinates": [
          -0.3576608,
          49.1823709
        ]
      },
      "properties": {
        "city": "Caen",
        "nom": "Bernières",
        "name": "Bernières",
        "type": "tram"
      }
    },
    {
      "type": "Feature",
      "geometry": {
        "type": "Point",
        "coordinates": [
          -0.3595087,
          49.2041475
        ]
      },
      "properties": {
        "city": "Caen",
        "nom": "CHU",
        "name": "CHU",
        "type": "tram"
      }
    },
    {
      "type": "Feature",
      "geometry": {
        "type": "Point",
        "coordinates": [
          -0.3564492,
          49.2113605
        ]
      },
      "properties": {
        "city": "Caen",
        "nom": "CITIS",
        "name": "CITIS",
        "type": "tram"
      }
    },
    {
      "type": "Feature",
      "geometry": {
        "type": "Point",
        "coordinates": [
          -0.3638357,
          49.1937638
        ]
      },
      "properties": {
        "city": "Caen",
        "nom": "CROUS-SUAPS",
        "name": "CROUS-SUAPS",
        "type": "tram"
      }
    },
    {
      "type": "Feature",
      "geometry": {
        "type": "Point",
        "coordinates": [
          -0.332682,
          49.2024838
        ]
      },
      "properties": {
        "city": "Caen",
        "nom": "Café des Images",
        "name": "Café des Images",
        "type": "tram"
      }
    },
    {
      "type": "Feature",
      "geometry": {
        "type": "Point",
        "coordinates": [
          -0.3639871,
          49.198074
        ]
      },
      "properties": {
        "city": "Caen",
        "nom": "Calvaire Saint-Pierre",
        "name": "Calvaire Saint-Pierre",
        "type": "tram"
      }
    },
    {
      "type": "Feature",
      "geometry": {
        "type": "Point",
        "coordinates": [
          -0.3644763,
          49.2126557
        ]
      },
      "properties": {
        "city": "Caen",
        "nom": "Campus 2",
        "name": "Campus 2",
        "type": "tram"
      }
    },
    {
      "type": "Feature",
      "geometry": {
        "type": "Point",
        "coordinates": [
          -0.3589418,
          49.2089539
        ]
      },
      "properties": {
        "city": "Caen",
        "nom": "Campus 4",
        "name": "Campus 4",
        "type": "tram"
      }
    },
    {
      "type": "Feature",
      "geometry": {
        "type": "Point",
        "coordinates": [
          -0.3636397,
          49.1851804
        ]
      },
      "properties": {
        "city": "Caen",
        "nom": "Château Quatrans",
        "name": "Château Quatrans",
        "type": "tram"
      }
    },
    {
      "type": "Feature",
      "geometry": {
        "type": "Point",
        "coordinates": [
          -0.3404698,
          49.2027626
        ]
      },
      "properties": {
        "city": "Caen",
        "nom": "Château d'Eau",
        "name": "Château d'Eau",
        "type": "tram"
      }
    },
    {
      "type": "Feature",
      "geometry": {
        "type": "Point",
        "coordinates": [
          -0.3539165,
          49.1996544
        ]
      },
      "properties": {
        "city": "Caen",
        "nom": "Cité U Lebisey",
        "name": "Cité U Lebisey",
        "type": "tram"
      }
    },
    {
      "type": "Feature",
      "geometry": {
        "type": "Point",
        "coordinates": [
          -0.3609608,
          49.1580351
        ]
      },
      "properties": {
        "city": "Caen",
        "nom": "Collège Hawking",
        "name": "Collège Hawking",
        "type": "tram"
      }
    },
    {
      "type": "Feature",
      "geometry": {
        "type": "Point",
        "coordinates": [
          -0.3417129,
          49.1567731
        ]
      },
      "properties": {
        "city": "Caen",
        "nom": "Concorde",
        "name": "Concorde",
        "type": "tram"
      }
    },
    {
      "type": "Feature",
      "geometry": {
        "type": "Point",
        "coordinates": [
          -0.3596408,
          49.1984507
        ]
      },
      "properties": {
        "city": "Caen",
        "nom": "Copernic",
        "name": "Copernic",
        "type": "tram"
      }
    },
    {
      "type": "Feature",
      "geometry": {
        "type": "Point",
        "coordinates": [
          -0.3623552,
          49.2109526
        ]
      },
      "properties": {
        "city": "Caen",
        "nom": "Côte de Nacre",
        "name": "Côte de Nacre",
        "type": "tram"
      }
    },
    {
      "type": "Feature",
      "geometry": {
        "type": "Point",
        "coordinates": [
          -0.3504613,
          49.1784804
        ]
      },
      "properties": {
        "city": "Caen",
        "nom": "Gare - Rives de l'Orne",
        "name": "Gare - Rives de l'Orne",
        "type": "tram"
      }
    },
    {
      "type": "Feature",
      "geometry": {
        "type": "Point",
        "coordinates": [
          -0.3481761,
          49.175925
        ]
      },
      "properties": {
        "city": "Caen",
        "nom": "Gare SNCF",
        "name": "Gare SNCF",
        "type": "tram"
      }
    },
    {
      "type": "Feature",
      "geometry": {
        "type": "Point",
        "coordinates": [
          -0.3600074,
          49.1613375
        ]
      },
      "properties": {
        "city": "Caen",
        "nom": "Grâce de Dieu",
        "name": "Grâce de Dieu",
        "type": "tram"
      }
    },
    {
      "type": "Feature",
      "geometry": {
        "type": "Point",
        "coordinates": [
          -0.343809,
          49.1682335
        ]
      },
      "properties": {
        "city": "Caen",
        "nom": "Guynemer",
        "name": "Guynemer",
        "type": "tram"
      }
    },
    {
      "type": "Feature",
      "geometry": {
        "type": "Point",
        "coordinates": [
          -0.3612202,
          49.1527849
        ]
      },
      "properties": {
        "city": "Caen",
        "nom": "Hauts de l'Orne",
        "name": "Hauts de l'Orne",
        "type": "tram"
      }
    },
    {
      "type": "Feature",
      "geometry": {
        "type": "Point",
        "coordinates": [
          -0.3509658,
          49.1499987
        ]
      },
      "properties": {
        "city": "Caen",
        "nom": "Jean Vilar",
        "name": "Jean Vilar",
        "type": "tram"
      }
    },
    {
      "type": "Feature",
      "geometry": {
        "type": "Point",
        "coordinates": [
          -0.3443307,
          49.1732387
        ]
      },
      "properties": {
        "city": "Caen",
        "nom": "Leroy",
        "name": "Leroy",
        "type": "tram"
      }
    },
    {
      "type": "Feature",
      "geometry": {
        "type": "Point",
        "coordinates": [
          -0.3432914,
          49.1606458
        ]
      },
      "properties": {
        "city": "Caen",
        "nom": "Liberté",
        "name": "Liberté",
        "type": "tram"
      }
    },
    {
      "type": "Feature",
      "geometry": {
        "type": "Point",
        "coordinates": [
          -0.34194,
          49.1709934
        ]
      },
      "properties": {
        "city": "Caen",
        "nom": "Lux-Lépine",
        "name": "Lux-Lépine",
        "type": "tram"
      }
    },
    {
      "type": "Feature",
      "geometry": {
        "type": "Point",
        "coordinates": [
          -0.3460183,
          49.1543645
        ]
      },
      "properties": {
        "city": "Caen",
        "nom": "Modigliani",
        "name": "Modigliani",
        "type": "tram"
      }
    },
    {
      "type": "Feature",
      "geometry": {
        "type": "Point",
        "coordinates": [
          -0.3474014,
          49.1993688
        ]
      },
      "properties": {
        "city": "Caen",
        "nom": "Pierre Heuzé",
        "name": "Pierre Heuzé",
        "type": "tram"
      }
    },
    {
      "type": "Feature",
      "geometry": {
        "type": "Point",
        "coordinates": [
          -0.3366304,
          49.2026048
        ]
      },
      "properties": {
        "city": "Caen",
        "nom": "Place de l'Europe",
        "name": "Place de l'Europe",
        "type": "tram"
      }
    },
    {
      "type": "Feature",
      "geometry": {
        "type": "Point",
        "coordinates": [
          -0.3661691,
          49.1870073
        ]
      },
      "properties": {
        "city": "Caen",
        "nom": "Place de la Mare",
        "name": "Place de la Mare",
        "type": "tram"
      }
    },
    {
      "type": "Feature",
      "geometry": {
        "type": "Point",
        "coordinates": [
          -0.3429831,
          49.1654113
        ]
      },
      "properties": {
        "city": "Caen",
        "nom": "Poincaré",
        "name": "Poincaré",
        "type": "tram"
      }
    },
    {
      "type": "Feature",
      "geometry": {
        "type": "Point",
        "coordinates": [
          -0.348041,
          49.181647
        ]
      },
      "properties": {
        "city": "Caen",
        "nom": "Presqu'île",
        "name": "Presqu'île",
        "type": "tram"
      }
    },
    {
      "type": "Feature",
      "geometry": {
        "type": "Point",
        "coordinates": [
          -0.3535311,
          49.1784668
        ]
      },
      "properties": {
        "city": "Caen",
        "nom": "Quai de Juillet",
        "name": "Quai de Juillet",
        "type": "tram"
      }
    },
    {
      "type": "Feature",
      "geometry": {
        "type": "Point",
        "coordinates": [
          -0.3543879,
          49.1620478
        ]
      },
      "properties": {
        "city": "Caen",
        "nom": "Rostand Fresnel",
        "name": "Rostand Fresnel",
        "type": "tram"
      }
    },
    {
      "type": "Feature",
      "geometry": {
        "type": "Point",
        "coordinates": [
          -0.3559252,
          49.1807305
        ]
      },
      "properties": {
        "city": "Caen",
        "nom": "Résistance Saint-Jean",
        "name": "Résistance Saint-Jean",
        "type": "tram"
      }
    },
    {
      "type": "Feature",
      "geometry": {
        "type": "Point",
        "coordinates": [
          -0.3292924,
          49.2036395
        ]
      },
      "properties": {
        "city": "Caen",
        "nom": "Saint-Clair",
        "name": "Saint-Clair",
        "type": "tram"
      }
    },
    {
      "type": "Feature",
      "geometry": {
        "type": "Point",
        "coordinates": [
          -0.3598945,
          49.1838291
        ]
      },
      "properties": {
        "city": "Caen",
        "nom": "Saint-Pierre",
        "name": "Saint-Pierre",
        "type": "tram"
      }
    },
    {
      "type": "Feature",
      "geometry": {
        "type": "Point",
        "coordinates": [
          -0.3640639,
          49.1888678
        ]
      },
      "properties": {
        "city": "Caen",
        "nom": "Université",
        "name": "Université",
        "type": "tram"
      }
    },
    {
      "type": "Feature",
      "geometry": {
        "type": "Point",
        "coordinates": [
          3.1014921,
          45.7853664
        ]
      },
      "properties": {
        "city": "Clermont-Ferrand",
        "nom": "1er Mai",
        "name": "1er Mai",
        "type": "tram"
      }
    },
    {
      "type": "Feature",
      "geometry": {
        "type": "Point",
        "coordinates": [
          3.0825929,
          45.7733019
        ]
      },
      "properties": {
        "city": "Clermont-Ferrand",
        "nom": "Bibliothèque de l'Hôtel-Dieu",
        "name": "Bibliothèque de l'Hôtel-Dieu",
        "type": "tram"
      }
    },
    {
      "type": "Feature",
      "geometry": {
        "type": "Point",
        "coordinates": [
          3.0896232,
          45.7613717
        ]
      },
      "properties": {
        "city": "Clermont-Ferrand",
        "nom": "CHU G. Montpied",
        "name": "CHU G. Montpied",
        "type": "tram"
      }
    },
    {
      "type": "Feature",
      "geometry": {
        "type": "Point",
        "coordinates": [
          3.0895601,
          45.7613651
        ]
      },
      "properties": {
        "city": "Clermont-Ferrand",
        "nom": "CHU Gabriel Montpied",
        "name": "CHU Gabriel Montpied",
        "type": "tram"
      }
    },
    {
      "type": "Feature",
      "geometry": {
        "type": "Point",
        "coordinates": [
          3.1122337,
          45.8148965
        ]
      },
      "properties": {
        "city": "Clermont-Ferrand",
        "nom": "Champratel",
        "name": "Champratel",
        "type": "tram"
      }
    },
    {
      "type": "Feature",
      "geometry": {
        "type": "Point",
        "coordinates": [
          3.1066689,
          45.807457
        ]
      },
      "properties": {
        "city": "Clermont-Ferrand",
        "nom": "Collège A. Camus",
        "name": "Collège A. Camus",
        "type": "tram"
      }
    },
    {
      "type": "Feature",
      "geometry": {
        "type": "Point",
        "coordinates": [
          3.1067308,
          45.807454
        ]
      },
      "properties": {
        "city": "Clermont-Ferrand",
        "nom": "Collège Albert Camus",
        "name": "Collège Albert Camus",
        "type": "tram"
      }
    },
    {
      "type": "Feature",
      "geometry": {
        "type": "Point",
        "coordinates": [
          3.1068748,
          45.8143464
        ]
      },
      "properties": {
        "city": "Clermont-Ferrand",
        "nom": "Croix de Neyrat",
        "name": "Croix de Neyrat",
        "type": "tram"
      }
    },
    {
      "type": "Feature",
      "geometry": {
        "type": "Point",
        "coordinates": [
          3.1088528,
          45.7611342
        ]
      },
      "properties": {
        "city": "Clermont-Ferrand",
        "nom": "Cézeaux Pellez",
        "name": "Cézeaux Pellez",
        "type": "tram"
      }
    },
    {
      "type": "Feature",
      "geometry": {
        "type": "Point",
        "coordinates": [
          3.0904616,
          45.7812036
        ]
      },
      "properties": {
        "city": "Clermont-Ferrand",
        "nom": "Delille Montlosier",
        "name": "Delille Montlosier",
        "type": "tram"
      }
    },
    {
      "type": "Feature",
      "geometry": {
        "type": "Point",
        "coordinates": [
          3.1219554,
          45.7623088
        ]
      },
      "properties": {
        "city": "Clermont-Ferrand",
        "nom": "Fontaine du Bac",
        "name": "Fontaine du Bac",
        "type": "tram"
      }
    },
    {
      "type": "Feature",
      "geometry": {
        "type": "Point",
        "coordinates": [
          3.0818161,
          45.7797168
        ]
      },
      "properties": {
        "city": "Clermont-Ferrand",
        "nom": "Gaillard",
        "name": "Gaillard",
        "type": "tram"
      }
    },
    {
      "type": "Feature",
      "geometry": {
        "type": "Point",
        "coordinates": [
          3.1101253,
          45.7896142
        ]
      },
      "properties": {
        "city": "Clermont-Ferrand",
        "nom": "Gravière",
        "name": "Gravière",
        "type": "tram"
      }
    },
    {
      "type": "Feature",
      "geometry": {
        "type": "Point",
        "coordinates": [
          3.1071202,
          45.8107374
        ]
      },
      "properties": {
        "city": "Clermont-Ferrand",
        "nom": "Hauts de Chanturgue",
        "name": "Hauts de Chanturgue",
        "type": "tram"
      }
    },
    {
      "type": "Feature",
      "geometry": {
        "type": "Point",
        "coordinates": [
          3.0849984,
          45.7805853
        ]
      },
      "properties": {
        "city": "Clermont-Ferrand",
        "nom": "Hôtel de Ville",
        "name": "Hôtel de Ville",
        "type": "tram"
      }
    },
    {
      "type": "Feature",
      "geometry": {
        "type": "Point",
        "coordinates": [
          3.0817865,
          45.7767584
        ]
      },
      "properties": {
        "city": "Clermont-Ferrand",
        "nom": "Jaude",
        "name": "Jaude",
        "type": "tram"
      }
    },
    {
      "type": "Feature",
      "geometry": {
        "type": "Point",
        "coordinates": [
          3.1041294,
          45.7607586
        ]
      },
      "properties": {
        "city": "Clermont-Ferrand",
        "nom": "La Chaux",
        "name": "La Chaux",
        "type": "tram"
      }
    },
    {
      "type": "Feature",
      "geometry": {
        "type": "Point",
        "coordinates": [
          3.1342104,
          45.7667881
        ]
      },
      "properties": {
        "city": "Clermont-Ferrand",
        "nom": "La Pardieu Gare",
        "name": "La Pardieu Gare",
        "type": "tram"
      }
    },
    {
      "type": "Feature",
      "geometry": {
        "type": "Point",
        "coordinates": [
          3.1146924,
          45.8117757
        ]
      },
      "properties": {
        "city": "Clermont-Ferrand",
        "nom": "La Plaine",
        "name": "La Plaine",
        "type": "tram"
      }
    },
    {
      "type": "Feature",
      "geometry": {
        "type": "Point",
        "coordinates": [
          3.0942536,
          45.7824334
        ]
      },
      "properties": {
        "city": "Clermont-Ferrand",
        "nom": "Les Carmes",
        "name": "Les Carmes",
        "type": "tram"
      }
    },
    {
      "type": "Feature",
      "geometry": {
        "type": "Point",
        "coordinates": [
          3.1133753,
          45.7989505
        ]
      },
      "properties": {
        "city": "Clermont-Ferrand",
        "nom": "Les Pistes",
        "name": "Les Pistes",
        "type": "tram"
      }
    },
    {
      "type": "Feature",
      "geometry": {
        "type": "Point",
        "coordinates": [
          3.1276011,
          45.8127472
        ]
      },
      "properties": {
        "city": "Clermont-Ferrand",
        "nom": "Les Vergnes",
        "name": "Les Vergnes",
        "type": "tram"
      }
    },
    {
      "type": "Feature",
      "geometry": {
        "type": "Point",
        "coordinates": [
          3.1066979,
          45.802619
        ]
      },
      "properties": {
        "city": "Clermont-Ferrand",
        "nom": "Les Vignes",
        "name": "Les Vignes",
        "type": "tram"
      }
    },
    {
      "type": "Feature",
      "geometry": {
        "type": "Point",
        "coordinates": [
          3.110442,
          45.8016392
        ]
      },
      "properties": {
        "city": "Clermont-Ferrand",
        "nom": "Lycée A. Brugière",
        "name": "Lycée A. Brugière",
        "type": "tram"
      }
    },
    {
      "type": "Feature",
      "geometry": {
        "type": "Point",
        "coordinates": [
          3.1104554,
          45.8016745
        ]
      },
      "properties": {
        "city": "Clermont-Ferrand",
        "nom": "Lycée Ambroise Brugière",
        "name": "Lycée Ambroise Brugière",
        "type": "tram"
      }
    },
    {
      "type": "Feature",
      "geometry": {
        "type": "Point",
        "coordinates": [
          3.1296412,
          45.7635361
        ]
      },
      "properties": {
        "city": "Clermont-Ferrand",
        "nom": "Lycée La Fayette",
        "name": "Lycée La Fayette",
        "type": "tram"
      }
    },
    {
      "type": "Feature",
      "geometry": {
        "type": "Point",
        "coordinates": [
          3.0984352,
          45.7627945
        ]
      },
      "properties": {
        "city": "Clermont-Ferrand",
        "nom": "Léon Blum",
        "name": "Léon Blum",
        "type": "tram"
      }
    },
    {
      "type": "Feature",
      "geometry": {
        "type": "Point",
        "coordinates": [
          3.0849375,
          45.7708778
        ]
      },
      "properties": {
        "city": "Clermont-Ferrand",
        "nom": "Maison de la Culture",
        "name": "Maison de la Culture",
        "type": "tram"
      }
    },
    {
      "type": "Feature",
      "geometry": {
        "type": "Point",
        "coordinates": [
          3.1199754,
          45.7608782
        ]
      },
      "properties": {
        "city": "Clermont-Ferrand",
        "nom": "Margeride",
        "name": "Margeride",
        "type": "tram"
      }
    },
    {
      "type": "Feature",
      "geometry": {
        "type": "Point",
        "coordinates": [
          3.1145484,
          45.7914974
        ]
      },
      "properties": {
        "city": "Clermont-Ferrand",
        "nom": "Montferrand La Fontaine",
        "name": "Montferrand La Fontaine",
        "type": "tram"
      }
    },
    {
      "type": "Feature",
      "geometry": {
        "type": "Point",
        "coordinates": [
          3.117387,
          45.7938012
        ]
      },
      "properties": {
        "city": "Clermont-Ferrand",
        "nom": "Musée d'Art Roger Quilliot",
        "name": "Musée d'Art Roger Quilliot",
        "type": "tram"
      }
    },
    {
      "type": "Feature",
      "geometry": {
        "type": "Point",
        "coordinates": [
          3.0890325,
          45.7648802
        ]
      },
      "properties": {
        "city": "Clermont-Ferrand",
        "nom": "Saint-Jacques Dolet",
        "name": "Saint-Jacques Dolet",
        "type": "tram"
      }
    },
    {
      "type": "Feature",
      "geometry": {
        "type": "Point",
        "coordinates": [
          3.0946449,
          45.7612376
        ]
      },
      "properties": {
        "city": "Clermont-Ferrand",
        "nom": "Saint-Jacques Loucheur",
        "name": "Saint-Jacques Loucheur",
        "type": "tram"
      }
    },
    {
      "type": "Feature",
      "geometry": {
        "type": "Point",
        "coordinates": [
          3.0890116,
          45.7648656
        ]
      },
      "properties": {
        "city": "Clermont-Ferrand",
        "nom": "St Jacques Dolet",
        "name": "St Jacques Dolet",
        "type": "tram"
      }
    },
    {
      "type": "Feature",
      "geometry": {
        "type": "Point",
        "coordinates": [
          3.0946548,
          45.7612257
        ]
      },
      "properties": {
        "city": "Clermont-Ferrand",
        "nom": "St Jacques Loucheur",
        "name": "St Jacques Loucheur",
        "type": "tram"
      }
    },
    {
      "type": "Feature",
      "geometry": {
        "type": "Point",
        "coordinates": [
          3.1210803,
          45.813048
        ]
      },
      "properties": {
        "city": "Clermont-Ferrand",
        "nom": "Stade G. Montpied",
        "name": "Stade G. Montpied",
        "type": "tram"
      }
    },
    {
      "type": "Feature",
      "geometry": {
        "type": "Point",
        "coordinates": [
          3.1210852,
          45.8130641
        ]
      },
      "properties": {
        "city": "Clermont-Ferrand",
        "nom": "Stade Gabriel Montpied",
        "name": "Stade Gabriel Montpied",
        "type": "tram"
      }
    },
    {
      "type": "Feature",
      "geometry": {
        "type": "Point",
        "coordinates": [
          3.1063237,
          45.7877005
        ]
      },
      "properties": {
        "city": "Clermont-Ferrand",
        "nom": "Stade M. Michelin",
        "name": "Stade M. Michelin",
        "type": "tram"
      }
    },
    {
      "type": "Feature",
      "geometry": {
        "type": "Point",
        "coordinates": [
          3.1063202,
          45.7877185
        ]
      },
      "properties": {
        "city": "Clermont-Ferrand",
        "nom": "Stade Marcel Michelin",
        "name": "Stade Marcel Michelin",
        "type": "tram"
      }
    },
    {
      "type": "Feature",
      "geometry": {
        "type": "Point",
        "coordinates": [
          3.0889669,
          45.7711976
        ]
      },
      "properties": {
        "city": "Clermont-Ferrand",
        "nom": "UCA - Campus Centre",
        "name": "UCA - Campus Centre",
        "type": "tram"
      }
    },
    {
      "type": "Feature",
      "geometry": {
        "type": "Point",
        "coordinates": [
          3.1138008,
          45.7589121
        ]
      },
      "properties": {
        "city": "Clermont-Ferrand",
        "nom": "UCA - Campus Cézeaux",
        "name": "UCA - Campus Cézeaux",
        "type": "tram"
      }
    },
    {
      "type": "Feature",
      "geometry": {
        "type": "Point",
        "coordinates": [
          5.0287507,
          47.3146128
        ]
      },
      "properties": {
        "city": "Dijon",
        "nom": "1er Mai",
        "name": "1er Mai",
        "type": "tram"
      }
    },
    {
      "type": "Feature",
      "geometry": {
        "type": "Point",
        "coordinates": [
          5.0521061,
          47.3285827
        ]
      },
      "properties": {
        "city": "Dijon",
        "nom": "Auditorium",
        "name": "Auditorium",
        "type": "tram"
      }
    },
    {
      "type": "Feature",
      "geometry": {
        "type": "Point",
        "coordinates": [
          5.0234998,
          47.3053261
        ]
      },
      "properties": {
        "city": "Dijon",
        "nom": "Bourroches",
        "name": "Bourroches",
        "type": "tram"
      }
    },
    {
      "type": "Feature",
      "geometry": {
        "type": "Point",
        "coordinates": [
          5.0675499,
          47.3200998
        ]
      },
      "properties": {
        "city": "Dijon",
        "nom": "CHU - Hôpitaux",
        "name": "CHU - Hôpitaux",
        "type": "tram"
      }
    },
    {
      "type": "Feature",
      "geometry": {
        "type": "Point",
        "coordinates": [
          5.0945461,
          47.3135636
        ]
      },
      "properties": {
        "city": "Dijon",
        "nom": "Cap Vert",
        "name": "Cap Vert",
        "type": "tram"
      }
    },
    {
      "type": "Feature",
      "geometry": {
        "type": "Point",
        "coordinates": [
          5.0210036,
          47.300917
        ]
      },
      "properties": {
        "city": "Dijon",
        "nom": "Carraz",
        "name": "Carraz",
        "type": "tram"
      }
    },
    {
      "type": "Feature",
      "geometry": {
        "type": "Point",
        "coordinates": [
          5.0064409,
          47.2944412
        ]
      },
      "properties": {
        "city": "Dijon",
        "nom": "Chenôve Centre",
        "name": "Chenôve Centre",
        "type": "tram"
      }
    },
    {
      "type": "Feature",
      "geometry": {
        "type": "Point",
        "coordinates": [
          5.0341631,
          47.3237375
        ]
      },
      "properties": {
        "city": "Dijon",
        "nom": "Darcy",
        "name": "Darcy",
        "type": "tram"
      }
    },
    {
      "type": "Feature",
      "geometry": {
        "type": "Point",
        "coordinates": [
          5.0284132,
          47.3233009
        ]
      },
      "properties": {
        "city": "Dijon",
        "nom": "Dijon Gare",
        "name": "Dijon Gare",
        "type": "tram"
      }
    },
    {
      "type": "Feature",
      "geometry": {
        "type": "Point",
        "coordinates": [
          5.0467366,
          47.3654735
        ]
      },
      "properties": {
        "city": "Dijon",
        "nom": "Dijon Valmy",
        "name": "Dijon Valmy",
        "type": "tram"
      }
    },
    {
      "type": "Feature",
      "geometry": {
        "type": "Point",
        "coordinates": [
          5.0439758,
          47.3330195
        ]
      },
      "properties": {
        "city": "Dijon",
        "nom": "Drapeau",
        "name": "Drapeau",
        "type": "tram"
      }
    },
    {
      "type": "Feature",
      "geometry": {
        "type": "Point",
        "coordinates": [
          5.0671504,
          47.315327
        ]
      },
      "properties": {
        "city": "Dijon",
        "nom": "Erasme",
        "name": "Erasme",
        "type": "tram"
      }
    },
    {
      "type": "Feature",
      "geometry": {
        "type": "Point",
        "coordinates": [
          5.0461731,
          47.3532117
        ]
      },
      "properties": {
        "city": "Dijon",
        "nom": "Europe - Simone Veil",
        "name": "Europe - Simone Veil",
        "type": "tram"
      }
    },
    {
      "type": "Feature",
      "geometry": {
        "type": "Point",
        "coordinates": [
          5.0304296,
          47.3235313
        ]
      },
      "properties": {
        "city": "Dijon",
        "nom": "Foch Gare",
        "name": "Foch Gare",
        "type": "tram"
      }
    },
    {
      "type": "Feature",
      "geometry": {
        "type": "Point",
        "coordinates": [
          5.0494648,
          47.3653103
        ]
      },
      "properties": {
        "city": "Dijon",
        "nom": "Giroud",
        "name": "Giroud",
        "type": "tram"
      }
    },
    {
      "type": "Feature",
      "geometry": {
        "type": "Point",
        "coordinates": [
          5.0389722,
          47.325318
        ]
      },
      "properties": {
        "city": "Dijon",
        "nom": "Godrans Les Halles",
        "name": "Godrans Les Halles",
        "type": "tram"
      }
    },
    {
      "type": "Feature",
      "geometry": {
        "type": "Point",
        "coordinates": [
          5.1036282,
          47.3123686
        ]
      },
      "properties": {
        "city": "Dijon",
        "nom": "Grand Marché",
        "name": "Grand Marché",
        "type": "tram"
      }
    },
    {
      "type": "Feature",
      "geometry": {
        "type": "Point",
        "coordinates": [
          5.0643507,
          47.3288704
        ]
      },
      "properties": {
        "city": "Dijon",
        "nom": "Grésilles Trimolet",
        "name": "Grésilles Trimolet",
        "type": "tram"
      }
    },
    {
      "type": "Feature",
      "geometry": {
        "type": "Point",
        "coordinates": [
          5.0264537,
          47.3105592
        ]
      },
      "properties": {
        "city": "Dijon",
        "nom": "Jaurès",
        "name": "Jaurès",
        "type": "tram"
      }
    },
    {
      "type": "Feature",
      "geometry": {
        "type": "Point",
        "coordinates": [
          5.0445668,
          47.3391022
        ]
      },
      "properties": {
        "city": "Dijon",
        "nom": "Junot",
        "name": "Junot",
        "type": "tram"
      }
    },
    {
      "type": "Feature",
      "geometry": {
        "type": "Point",
        "coordinates": [
          5.0104364,
          47.2996875
        ]
      },
      "properties": {
        "city": "Dijon",
        "nom": "Le Mail",
        "name": "Le Mail",
        "type": "tram"
      }
    },
    {
      "type": "Feature",
      "geometry": {
        "type": "Point",
        "coordinates": [
          5.0767475,
          47.3148586
        ]
      },
      "properties": {
        "city": "Dijon",
        "nom": "Mazen - Sully",
        "name": "Mazen - Sully",
        "type": "tram"
      }
    },
    {
      "type": "Feature",
      "geometry": {
        "type": "Point",
        "coordinates": [
          5.0313376,
          47.3173833
        ]
      },
      "properties": {
        "city": "Dijon",
        "nom": "Monge Cité de la Gastronomie",
        "name": "Monge Cité de la Gastronomie",
        "type": "tram"
      }
    },
    {
      "type": "Feature",
      "geometry": {
        "type": "Point",
        "coordinates": [
          5.0452863,
          47.3464897
        ]
      },
      "properties": {
        "city": "Dijon",
        "nom": "Nation",
        "name": "Nation",
        "type": "tram"
      }
    },
    {
      "type": "Feature",
      "geometry": {
        "type": "Point",
        "coordinates": [
          5.065281,
          47.3225718
        ]
      },
      "properties": {
        "city": "Dijon",
        "nom": "Parc des Sports",
        "name": "Parc des Sports",
        "type": "tram"
      }
    },
    {
      "type": "Feature",
      "geometry": {
        "type": "Point",
        "coordinates": [
          5.0819744,
          47.314975
        ]
      },
      "properties": {
        "city": "Dijon",
        "nom": "Piscine Olympique",
        "name": "Piscine Olympique",
        "type": "tram"
      }
    },
    {
      "type": "Feature",
      "geometry": {
        "type": "Point",
        "coordinates": [
          5.058743,
          47.3288511
        ]
      },
      "properties": {
        "city": "Dijon",
        "nom": "Poincaré",
        "name": "Poincaré",
        "type": "tram"
      }
    },
    {
      "type": "Feature",
      "geometry": {
        "type": "Point",
        "coordinates": [
          5.0510004,
          47.3612863
        ]
      },
      "properties": {
        "city": "Dijon",
        "nom": "Pôle Santé",
        "name": "Pôle Santé",
        "type": "tram"
      }
    },
    {
      "type": "Feature",
      "geometry": {
        "type": "Point",
        "coordinates": [
          5.1100019,
          47.3138452
        ]
      },
      "properties": {
        "city": "Dijon",
        "nom": "Quetigny Centre La Parenthèse",
        "name": "Quetigny Centre La Parenthèse",
        "type": "tram"
      }
    },
    {
      "type": "Feature",
      "geometry": {
        "type": "Point",
        "coordinates": [
          5.0442052,
          47.3268051
        ]
      },
      "properties": {
        "city": "Dijon",
        "nom": "République",
        "name": "République",
        "type": "tram"
      }
    },
    {
      "type": "Feature",
      "geometry": {
        "type": "Point",
        "coordinates": [
          5.0523024,
          47.3553669
        ]
      },
      "properties": {
        "city": "Dijon",
        "nom": "Toison d'Or",
        "name": "Toison d'Or",
        "type": "tram"
      }
    },
    {
      "type": "Feature",
      "geometry": {
        "type": "Point",
        "coordinates": [
          5.0731888,
          47.311534
        ]
      },
      "properties": {
        "city": "Dijon",
        "nom": "Université",
        "name": "Université",
        "type": "tram"
      }
    },
    {
      "type": "Feature",
      "geometry": {
        "type": "Point",
        "coordinates": [
          5.0150823,
          47.3018427
        ]
      },
      "properties": {
        "city": "Dijon",
        "nom": "Valendons",
        "name": "Valendons",
        "type": "tram"
      }
    },
    {
      "type": "Feature",
      "geometry": {
        "type": "Point",
        "coordinates": [
          5.0566118,
          47.3565419
        ]
      },
      "properties": {
        "city": "Dijon",
        "nom": "Zénith",
        "name": "Zénith",
        "type": "tram"
      }
    },
    {
      "type": "Feature",
      "geometry": {
        "type": "Point",
        "coordinates": [
          5.7317202,
          45.1816377
        ]
      },
      "properties": {
        "city": "Grenoble",
        "nom": "Albert 1er de Belgique",
        "name": "Albert 1er de Belgique",
        "type": "tram"
      }
    },
    {
      "type": "Feature",
      "geometry": {
        "type": "Point",
        "coordinates": [
          5.7143251,
          45.1739832
        ]
      },
      "properties": {
        "city": "Grenoble",
        "nom": "Alliés",
        "name": "Alliés",
        "type": "tram"
      }
    },
    {
      "type": "Feature",
      "geometry": {
        "type": "Point",
        "coordinates": [
          5.7203361,
          45.1894023
        ]
      },
      "properties": {
        "city": "Grenoble",
        "nom": "Alsace - Lorraine",
        "name": "Alsace - Lorraine",
        "type": "tram"
      }
    },
    {
      "type": "Feature",
      "geometry": {
        "type": "Point",
        "coordinates": [
          5.716875,
          45.1956601
        ]
      },
      "properties": {
        "city": "Grenoble",
        "nom": "Annie Fratellini - Esplanade",
        "name": "Annie Fratellini - Esplanade",
        "type": "tram"
      }
    },
    {
      "type": "Feature",
      "geometry": {
        "type": "Point",
        "coordinates": [
          5.7305119,
          45.1634652
        ]
      },
      "properties": {
        "city": "Grenoble",
        "nom": "Arlequin",
        "name": "Arlequin",
        "type": "tram"
      }
    },
    {
      "type": "Feature",
      "geometry": {
        "type": "Point",
        "coordinates": [
          5.7153742,
          45.1424083
        ]
      },
      "properties": {
        "city": "Grenoble",
        "nom": "Auguste Delaune",
        "name": "Auguste Delaune",
        "type": "tram"
      }
    },
    {
      "type": "Feature",
      "geometry": {
        "type": "Point",
        "coordinates": [
          5.7066603,
          45.1888062
        ]
      },
      "properties": {
        "city": "Grenoble",
        "nom": "Berriat - Le Magasin",
        "name": "Berriat - Le Magasin",
        "type": "tram"
      }
    },
    {
      "type": "Feature",
      "geometry": {
        "type": "Point",
        "coordinates": [
          5.7067394,
          45.1888419
        ]
      },
      "properties": {
        "city": "Grenoble",
        "nom": "Berriat-Le Magasin",
        "name": "Berriat-Le Magasin",
        "type": "tram"
      }
    },
    {
      "type": "Feature",
      "geometry": {
        "type": "Point",
        "coordinates": [
          5.7168878,
          45.1988173
        ]
      },
      "properties": {
        "city": "Grenoble",
        "nom": "Casamaures Village",
        "name": "Casamaures Village",
        "type": "tram"
      }
    },
    {
      "type": "Feature",
      "geometry": {
        "type": "Point",
        "coordinates": [
          5.6801918,
          45.1938623
        ]
      },
      "properties": {
        "city": "Grenoble",
        "nom": "Charles Michels",
        "name": "Charles Michels",
        "type": "tram"
      }
    },
    {
      "type": "Feature",
      "geometry": {
        "type": "Point",
        "coordinates": [
          5.7317282,
          45.1845327
        ]
      },
      "properties": {
        "city": "Grenoble",
        "nom": "Chavant",
        "name": "Chavant",
        "type": "tram"
      }
    },
    {
      "type": "Feature",
      "geometry": {
        "type": "Point",
        "coordinates": [
          5.7111904,
          45.1948871
        ]
      },
      "properties": {
        "city": "Grenoble",
        "nom": "Cité Internationale",
        "name": "Cité Internationale",
        "type": "tram"
      }
    },
    {
      "type": "Feature",
      "geometry": {
        "type": "Point",
        "coordinates": [
          5.7131871,
          45.1384593
        ]
      },
      "properties": {
        "city": "Grenoble",
        "nom": "Denis Papin",
        "name": "Denis Papin",
        "type": "tram"
      }
    },
    {
      "type": "Feature",
      "geometry": {
        "type": "Point",
        "coordinates": [
          5.7080807,
          45.1367975
        ]
      },
      "properties": {
        "city": "Grenoble",
        "nom": "Edmée Chandon",
        "name": "Edmée Chandon",
        "type": "tram"
      }
    },
    {
      "type": "Feature",
      "geometry": {
        "type": "Point",
        "coordinates": [
          5.7551633,
          45.1793916
        ]
      },
      "properties": {
        "city": "Grenoble",
        "nom": "Edouard Vaillant",
        "name": "Edouard Vaillant",
        "type": "tram"
      }
    },
    {
      "type": "Feature",
      "geometry": {
        "type": "Point",
        "coordinates": [
          5.7192191,
          45.1559416
        ]
      },
      "properties": {
        "city": "Grenoble",
        "nom": "Essarts - La Butte",
        "name": "Essarts - La Butte",
        "type": "tram"
      }
    },
    {
      "type": "Feature",
      "geometry": {
        "type": "Point",
        "coordinates": [
          5.7179921,
          45.1848578
        ]
      },
      "properties": {
        "city": "Grenoble",
        "nom": "Estacade - Condorcet",
        "name": "Estacade - Condorcet",
        "type": "tram"
      }
    },
    {
      "type": "Feature",
      "geometry": {
        "type": "Point",
        "coordinates": [
          5.6942524,
          45.1765075
        ]
      },
      "properties": {
        "city": "Grenoble",
        "nom": "Fauconnière",
        "name": "Fauconnière",
        "type": "tram"
      }
    },
    {
      "type": "Feature",
      "geometry": {
        "type": "Point",
        "coordinates": [
          5.6890815,
          45.2229152
        ]
      },
      "properties": {
        "city": "Grenoble",
        "nom": "Fiancey - Prédieu",
        "name": "Fiancey - Prédieu",
        "type": "tram"
      }
    },
    {
      "type": "Feature",
      "geometry": {
        "type": "Point",
        "coordinates": [
          5.7444483,
          45.1870116
        ]
      },
      "properties": {
        "city": "Grenoble",
        "nom": "Flandrin - Valmy",
        "name": "Flandrin - Valmy",
        "type": "tram"
      }
    },
    {
      "type": "Feature",
      "geometry": {
        "type": "Point",
        "coordinates": [
          5.7225636,
          45.1807999
        ]
      },
      "properties": {
        "city": "Grenoble",
        "nom": "Foch - Ferrié",
        "name": "Foch - Ferrié",
        "type": "tram"
      }
    },
    {
      "type": "Feature",
      "geometry": {
        "type": "Point",
        "coordinates": [
          5.722558,
          45.1807862
        ]
      },
      "properties": {
        "city": "Grenoble",
        "nom": "Foch - Férrié",
        "name": "Foch - Férrié",
        "type": "tram"
      }
    },
    {
      "type": "Feature",
      "geometry": {
        "type": "Point",
        "coordinates": [
          5.6874779,
          45.1912766
        ]
      },
      "properties": {
        "city": "Grenoble",
        "nom": "Fontaine - Hôtel de Ville - La Source",
        "name": "Fontaine - Hôtel de Ville - La Source",
        "type": "tram"
      }
    },
    {
      "type": "Feature",
      "geometry": {
        "type": "Point",
        "coordinates": [
          5.7645939,
          45.1923179
        ]
      },
      "properties": {
        "city": "Grenoble",
        "nom": "Gabriel Fauré - MUSE",
        "name": "Gabriel Fauré - MUSE",
        "type": "tram"
      }
    },
    {
      "type": "Feature",
      "geometry": {
        "type": "Point",
        "coordinates": [
          5.7855882,
          45.185447
        ]
      },
      "properties": {
        "city": "Grenoble",
        "nom": "Gières - Gare - Universités",
        "name": "Gières - Gare - Universités",
        "type": "tram"
      }
    },
    {
      "type": "Feature",
      "geometry": {
        "type": "Point",
        "coordinates": [
          5.6941954,
          45.1721204
        ]
      },
      "properties": {
        "city": "Grenoble",
        "nom": "Grand Pré",
        "name": "Grand Pré",
        "type": "tram"
      }
    },
    {
      "type": "Feature",
      "geometry": {
        "type": "Point",
        "coordinates": [
          5.7498299,
          45.1990562
        ]
      },
      "properties": {
        "city": "Grenoble",
        "nom": "Grand Sablon",
        "name": "Grand Sablon",
        "type": "tram"
      }
    },
    {
      "type": "Feature",
      "geometry": {
        "type": "Point",
        "coordinates": [
          5.7321696,
          45.1590543
        ]
      },
      "properties": {
        "city": "Grenoble",
        "nom": "Grand'place",
        "name": "Grand'place",
        "type": "tram"
      }
    },
    {
      "type": "Feature",
      "geometry": {
        "type": "Point",
        "coordinates": [
          5.7150515,
          45.1901535
        ]
      },
      "properties": {
        "city": "Grenoble",
        "nom": "Grenoble - Gares",
        "name": "Grenoble - Gares",
        "type": "tram"
      }
    },
    {
      "type": "Feature",
      "geometry": {
        "type": "Point",
        "coordinates": [
          5.7378795,
          45.1874928
        ]
      },
      "properties": {
        "city": "Grenoble",
        "nom": "Grenoble - Hôtel de Ville",
        "name": "Grenoble - Hôtel de Ville",
        "type": "tram"
      }
    },
    {
      "type": "Feature",
      "geometry": {
        "type": "Point",
        "coordinates": [
          5.7281332,
          45.1823282
        ]
      },
      "properties": {
        "city": "Grenoble",
        "nom": "Gustave Rivet",
        "name": "Gustave Rivet",
        "type": "tram"
      }
    },
    {
      "type": "Feature",
      "geometry": {
        "type": "Point",
        "coordinates": [
          5.698384,
          45.2139065
        ]
      },
      "properties": {
        "city": "Grenoble",
        "nom": "Horloge",
        "name": "Horloge",
        "type": "tram"
      }
    },
    {
      "type": "Feature",
      "geometry": {
        "type": "Point",
        "coordinates": [
          5.7282758,
          45.1901756
        ]
      },
      "properties": {
        "city": "Grenoble",
        "nom": "Hubert Dubedout - Maison du tourisme",
        "name": "Hubert Dubedout - Maison du tourisme",
        "type": "tram"
      }
    },
    {
      "type": "Feature",
      "geometry": {
        "type": "Point",
        "coordinates": [
          5.7412319,
          45.2006102
        ]
      },
      "properties": {
        "city": "Grenoble",
        "nom": "Hôpital Couple Enfant",
        "name": "Hôpital Couple Enfant",
        "type": "tram"
      }
    },
    {
      "type": "Feature",
      "geometry": {
        "type": "Point",
        "coordinates": [
          5.7454919,
          45.2003165
        ]
      },
      "properties": {
        "city": "Grenoble",
        "nom": "Hôpital Michallon Grésivaudan",
        "name": "Hôpital Michallon Grésivaudan",
        "type": "tram"
      }
    },
    {
      "type": "Feature",
      "geometry": {
        "type": "Point",
        "coordinates": [
          5.6712139,
          45.2422762
        ]
      },
      "properties": {
        "city": "Grenoble",
        "nom": "Karben",
        "name": "Karben",
        "type": "tram"
      }
    },
    {
      "type": "Feature",
      "geometry": {
        "type": "Point",
        "coordinates": [
          5.7037148,
          45.1378452
        ]
      },
      "properties": {
        "city": "Grenoble",
        "nom": "L'Étoile",
        "name": "L'Étoile",
        "type": "tram"
      }
    },
    {
      "type": "Feature",
      "geometry": {
        "type": "Point",
        "coordinates": [
          5.731189,
          45.1662743
        ]
      },
      "properties": {
        "city": "Grenoble",
        "nom": "La Bruyère - Parc Jean Verlhac",
        "name": "La Bruyère - Parc Jean Verlhac",
        "type": "tram"
      }
    },
    {
      "type": "Feature",
      "geometry": {
        "type": "Point",
        "coordinates": [
          5.6759649,
          45.2354563
        ]
      },
      "properties": {
        "city": "Grenoble",
        "nom": "La Pinéa - Saint-Robert",
        "name": "La Pinéa - Saint-Robert",
        "type": "tram"
      }
    },
    {
      "type": "Feature",
      "geometry": {
        "type": "Point",
        "coordinates": [
          5.6723467,
          45.1970717
        ]
      },
      "properties": {
        "city": "Grenoble",
        "nom": "La Poya",
        "name": "La Poya",
        "type": "tram"
      }
    },
    {
      "type": "Feature",
      "geometry": {
        "type": "Point",
        "coordinates": [
          5.7179901,
          45.1487503
        ]
      },
      "properties": {
        "city": "Grenoble",
        "nom": "La Rampe - Centre-Ville",
        "name": "La Rampe - Centre-Ville",
        "type": "tram"
      }
    },
    {
      "type": "Feature",
      "geometry": {
        "type": "Point",
        "coordinates": [
          5.6866516,
          45.2256891
        ]
      },
      "properties": {
        "city": "Grenoble",
        "nom": "Le Muret",
        "name": "Le Muret",
        "type": "tram"
      }
    },
    {
      "type": "Feature",
      "geometry": {
        "type": "Point",
        "coordinates": [
          5.6904944,
          45.1663442
        ]
      },
      "properties": {
        "city": "Grenoble",
        "nom": "Le Prisme",
        "name": "Le Prisme",
        "type": "tram"
      }
    },
    {
      "type": "Feature",
      "geometry": {
        "type": "Point",
        "coordinates": [
          5.6983684,
          45.1891077
        ]
      },
      "properties": {
        "city": "Grenoble",
        "nom": "Les Fontainades - Le Vog",
        "name": "Les Fontainades - Le Vog",
        "type": "tram"
      }
    },
    {
      "type": "Feature",
      "geometry": {
        "type": "Point",
        "coordinates": [
          5.7278277,
          45.1569295
        ]
      },
      "properties": {
        "city": "Grenoble",
        "nom": "Les Granges",
        "name": "Les Granges",
        "type": "tram"
      }
    },
    {
      "type": "Feature",
      "geometry": {
        "type": "Point",
        "coordinates": [
          5.6942097,
          45.1892135
        ]
      },
      "properties": {
        "city": "Grenoble",
        "nom": "Louis Maisonnat",
        "name": "Louis Maisonnat",
        "type": "tram"
      }
    },
    {
      "type": "Feature",
      "geometry": {
        "type": "Point",
        "coordinates": [
          5.7127694,
          45.1693642
        ]
      },
      "properties": {
        "city": "Grenoble",
        "nom": "Louise Michel",
        "name": "Louise Michel",
        "type": "tram"
      }
    },
    {
      "type": "Feature",
      "geometry": {
        "type": "Point",
        "coordinates": [
          5.7320207,
          45.1734925
        ]
      },
      "properties": {
        "city": "Grenoble",
        "nom": "MC2 - Maison de la Culture",
        "name": "MC2 - Maison de la Culture",
        "type": "tram"
      }
    },
    {
      "type": "Feature",
      "geometry": {
        "type": "Point",
        "coordinates": [
          5.7542704,
          45.1844856
        ]
      },
      "properties": {
        "city": "Grenoble",
        "nom": "Maison Communale",
        "name": "Maison Communale",
        "type": "tram"
      }
    },
    {
      "type": "Feature",
      "geometry": {
        "type": "Point",
        "coordinates": [
          5.732218,
          45.1694654
        ]
      },
      "properties": {
        "city": "Grenoble",
        "nom": "Malherbe",
        "name": "Malherbe",
        "type": "tram"
      }
    },
    {
      "type": "Feature",
      "geometry": {
        "type": "Point",
        "coordinates": [
          5.7171104,
          45.1456253
        ]
      },
      "properties": {
        "city": "Grenoble",
        "nom": "Marie Curie",
        "name": "Marie Curie",
        "type": "tram"
      }
    },
    {
      "type": "Feature",
      "geometry": {
        "type": "Point",
        "coordinates": [
          5.7045072,
          45.2021494
        ]
      },
      "properties": {
        "city": "Grenoble",
        "nom": "Marie-Louise Paris – CEA",
        "name": "Marie-Louise Paris – CEA",
        "type": "tram"
      }
    },
    {
      "type": "Feature",
      "geometry": {
        "type": "Point",
        "coordinates": [
          5.6942847,
          45.167618
        ]
      },
      "properties": {
        "city": "Grenoble",
        "nom": "Mas des Îles",
        "name": "Mas des Îles",
        "type": "tram"
      }
    },
    {
      "type": "Feature",
      "geometry": {
        "type": "Point",
        "coordinates": [
          5.7791564,
          45.1846933
        ]
      },
      "properties": {
        "city": "Grenoble",
        "nom": "Mayencin - Champ Roman",
        "name": "Mayencin - Champ Roman",
        "type": "tram"
      }
    },
    {
      "type": "Feature",
      "geometry": {
        "type": "Point",
        "coordinates": [
          5.7318343,
          45.1789337
        ]
      },
      "properties": {
        "city": "Grenoble",
        "nom": "Mounier",
        "name": "Mounier",
        "type": "tram"
      }
    },
    {
      "type": "Feature",
      "geometry": {
        "type": "Point",
        "coordinates": [
          5.7565762,
          45.1868286
        ]
      },
      "properties": {
        "city": "Grenoble",
        "nom": "Neyrpic - Belledonne",
        "name": "Neyrpic - Belledonne",
        "type": "tram"
      }
    },
    {
      "type": "Feature",
      "geometry": {
        "type": "Point",
        "coordinates": [
          5.7321842,
          45.1935478
        ]
      },
      "properties": {
        "city": "Grenoble",
        "nom": "Notre Dame - Musée",
        "name": "Notre Dame - Musée",
        "type": "tram"
      }
    },
    {
      "type": "Feature",
      "geometry": {
        "type": "Point",
        "coordinates": [
          5.7321954,
          45.1936545
        ]
      },
      "properties": {
        "city": "Grenoble",
        "nom": "Notre-Dame - Musée",
        "name": "Notre-Dame - Musée",
        "type": "tram"
      }
    },
    {
      "type": "Feature",
      "geometry": {
        "type": "Point",
        "coordinates": [
          5.7321321,
          45.1936447
        ]
      },
      "properties": {
        "city": "Grenoble",
        "nom": "Notre-Dame Musée",
        "name": "Notre-Dame Musée",
        "type": "tram"
      }
    },
    {
      "type": "Feature",
      "geometry": {
        "type": "Point",
        "coordinates": [
          5.6936399,
          45.2176711
        ]
      },
      "properties": {
        "city": "Grenoble",
        "nom": "Néron",
        "name": "Néron",
        "type": "tram"
      }
    },
    {
      "type": "Feature",
      "geometry": {
        "type": "Point",
        "coordinates": [
          5.6995414,
          45.2059605
        ]
      },
      "properties": {
        "city": "Grenoble",
        "nom": "Oxford",
        "name": "Oxford",
        "type": "tram"
      }
    },
    {
      "type": "Feature",
      "geometry": {
        "type": "Point",
        "coordinates": [
          5.7117139,
          45.1911935
        ]
      },
      "properties": {
        "city": "Grenoble",
        "nom": "Palais de Justice – Gare",
        "name": "Palais de Justice – Gare",
        "type": "tram"
      }
    },
    {
      "type": "Feature",
      "geometry": {
        "type": "Point",
        "coordinates": [
          5.7117409,
          45.1912131
        ]
      },
      "properties": {
        "city": "Grenoble",
        "nom": "Palais de justice Gare",
        "name": "Palais de justice Gare",
        "type": "tram"
      }
    },
    {
      "type": "Feature",
      "geometry": {
        "type": "Point",
        "coordinates": [
          5.6616797,
          45.2548812
        ]
      },
      "properties": {
        "city": "Grenoble",
        "nom": "Palluel",
        "name": "Palluel",
        "type": "tram"
      }
    },
    {
      "type": "Feature",
      "geometry": {
        "type": "Point",
        "coordinates": [
          5.7572846,
          45.175131
        ]
      },
      "properties": {
        "city": "Grenoble",
        "nom": "Parc Jo Blanchon",
        "name": "Parc Jo Blanchon",
        "type": "tram"
      }
    },
    {
      "type": "Feature",
      "geometry": {
        "type": "Point",
        "coordinates": [
          5.7845663,
          45.1875705
        ]
      },
      "properties": {
        "city": "Grenoble",
        "nom": "Plaine des Sports",
        "name": "Plaine des Sports",
        "type": "tram"
      }
    },
    {
      "type": "Feature",
      "geometry": {
        "type": "Point",
        "coordinates": [
          5.6825852,
          45.2299084
        ]
      },
      "properties": {
        "city": "Grenoble",
        "nom": "Pont de Vence",
        "name": "Pont de Vence",
        "type": "tram"
      }
    },
    {
      "type": "Feature",
      "geometry": {
        "type": "Point",
        "coordinates": [
          5.7513509,
          45.1877406
        ]
      },
      "properties": {
        "city": "Grenoble",
        "nom": "Péri - Brossolette",
        "name": "Péri - Brossolette",
        "type": "tram"
      }
    },
    {
      "type": "Feature",
      "geometry": {
        "type": "Point",
        "coordinates": [
          5.7328343,
          45.1571768
        ]
      },
      "properties": {
        "city": "Grenoble",
        "nom": "Pôle Sud - Alpexpo",
        "name": "Pôle Sud - Alpexpo",
        "type": "tram"
      }
    },
    {
      "type": "Feature",
      "geometry": {
        "type": "Point",
        "coordinates": [
          5.6665962,
          45.248247
        ]
      },
      "properties": {
        "city": "Grenoble",
        "nom": "Rafour",
        "name": "Rafour",
        "type": "tram"
      }
    },
    {
      "type": "Feature",
      "geometry": {
        "type": "Point",
        "coordinates": [
          5.7138428,
          45.188377
        ]
      },
      "properties": {
        "city": "Grenoble",
        "nom": "Saint-Bruno",
        "name": "Saint-Bruno",
        "type": "tram"
      }
    },
    {
      "type": "Feature",
      "geometry": {
        "type": "Point",
        "coordinates": [
          5.7067612,
          45.2077691
        ]
      },
      "properties": {
        "city": "Grenoble",
        "nom": "Saint-Martin-le-Vinoux - Hôtel de Ville",
        "name": "Saint-Martin-le-Vinoux - Hôtel de Ville",
        "type": "tram"
      }
    },
    {
      "type": "Feature",
      "geometry": {
        "type": "Point",
        "coordinates": [
          5.7306694,
          45.1913491
        ]
      },
      "properties": {
        "city": "Grenoble",
        "nom": "Sainte-Claire - Les Halles",
        "name": "Sainte-Claire - Les Halles",
        "type": "tram"
      }
    },
    {
      "type": "Feature",
      "geometry": {
        "type": "Point",
        "coordinates": [
          5.7306104,
          45.1913649
        ]
      },
      "properties": {
        "city": "Grenoble",
        "nom": "Sainte-Claire les Halles",
        "name": "Sainte-Claire les Halles",
        "type": "tram"
      }
    },
    {
      "type": "Feature",
      "geometry": {
        "type": "Point",
        "coordinates": [
          5.6964728,
          45.1801955
        ]
      },
      "properties": {
        "city": "Grenoble",
        "nom": "Seyssinet Pariset - Hôtel de Ville",
        "name": "Seyssinet Pariset - Hôtel de Ville",
        "type": "tram"
      }
    },
    {
      "type": "Feature",
      "geometry": {
        "type": "Point",
        "coordinates": [
          5.6963643,
          45.1802279
        ]
      },
      "properties": {
        "city": "Grenoble",
        "nom": "Seyssinet-Pariset Hôtel de Ville",
        "name": "Seyssinet-Pariset Hôtel de Ville",
        "type": "tram"
      }
    },
    {
      "type": "Feature",
      "geometry": {
        "type": "Point",
        "coordinates": [
          5.6905332,
          45.1663635
        ]
      },
      "properties": {
        "city": "Grenoble",
        "nom": "Seyssins - Le Prisme",
        "name": "Seyssins - Le Prisme",
        "type": "tram"
      }
    },
    {
      "type": "Feature",
      "geometry": {
        "type": "Point",
        "coordinates": [
          5.7220731,
          45.1583285
        ]
      },
      "properties": {
        "city": "Grenoble",
        "nom": "Surieux",
        "name": "Surieux",
        "type": "tram"
      }
    },
    {
      "type": "Feature",
      "geometry": {
        "type": "Point",
        "coordinates": [
          5.770957,
          45.1923234
        ]
      },
      "properties": {
        "city": "Grenoble",
        "nom": "Université - Bibliothèques",
        "name": "Université - Bibliothèques",
        "type": "tram"
      }
    },
    {
      "type": "Feature",
      "geometry": {
        "type": "Point",
        "coordinates": [
          5.7744482,
          45.189118
        ]
      },
      "properties": {
        "city": "Grenoble",
        "nom": "Université - Condillac",
        "name": "Université - Condillac",
        "type": "tram"
      }
    },
    {
      "type": "Feature",
      "geometry": {
        "type": "Point",
        "coordinates": [
          5.7587284,
          45.1910807
        ]
      },
      "properties": {
        "city": "Grenoble",
        "nom": "Université - Les Taillées",
        "name": "Université - Les Taillées",
        "type": "tram"
      }
    },
    {
      "type": "Feature",
      "geometry": {
        "type": "Point",
        "coordinates": [
          5.7062309,
          45.1800554
        ]
      },
      "properties": {
        "city": "Grenoble",
        "nom": "Vallier - Catane",
        "name": "Vallier - Catane",
        "type": "tram"
      }
    },
    {
      "type": "Feature",
      "geometry": {
        "type": "Point",
        "coordinates": [
          5.7107603,
          45.1801221
        ]
      },
      "properties": {
        "city": "Grenoble",
        "nom": "Vallier - Docteur Calmette",
        "name": "Vallier - Docteur Calmette",
        "type": "tram"
      }
    },
    {
      "type": "Feature",
      "geometry": {
        "type": "Point",
        "coordinates": [
          5.7156192,
          45.1802924
        ]
      },
      "properties": {
        "city": "Grenoble",
        "nom": "Vallier - Libération",
        "name": "Vallier - Libération",
        "type": "tram"
      }
    },
    {
      "type": "Feature",
      "geometry": {
        "type": "Point",
        "coordinates": [
          5.7062265,
          45.1801063
        ]
      },
      "properties": {
        "city": "Grenoble",
        "nom": "Vallier-Catane",
        "name": "Vallier-Catane",
        "type": "tram"
      }
    },
    {
      "type": "Feature",
      "geometry": {
        "type": "Point",
        "coordinates": [
          5.7107527,
          45.1801744
        ]
      },
      "properties": {
        "city": "Grenoble",
        "nom": "Vallier-Docteur Calmette",
        "name": "Vallier-Docteur Calmette",
        "type": "tram"
      }
    },
    {
      "type": "Feature",
      "geometry": {
        "type": "Point",
        "coordinates": [
          5.7156102,
          45.1803607
        ]
      },
      "properties": {
        "city": "Grenoble",
        "nom": "Vallier-Libération",
        "name": "Vallier-Libération",
        "type": "tram"
      }
    },
    {
      "type": "Feature",
      "geometry": {
        "type": "Point",
        "coordinates": [
          5.7315163,
          45.1882626
        ]
      },
      "properties": {
        "city": "Grenoble",
        "nom": "Verdun-Préfecture",
        "name": "Verdun-Préfecture",
        "type": "tram"
      }
    },
    {
      "type": "Feature",
      "geometry": {
        "type": "Point",
        "coordinates": [
          5.7251056,
          45.1898164
        ]
      },
      "properties": {
        "city": "Grenoble",
        "nom": "Victor Hugo",
        "name": "Victor Hugo",
        "type": "tram"
      }
    },
    {
      "type": "Feature",
      "geometry": {
        "type": "Point",
        "coordinates": [
          5.7184674,
          45.153079
        ]
      },
      "properties": {
        "city": "Grenoble",
        "nom": "Échirolles - Gare",
        "name": "Échirolles - Gare",
        "type": "tram"
      }
    },
    {
      "type": "Feature",
      "geometry": {
        "type": "Point",
        "coordinates": [
          5.7551694,
          45.1794122
        ]
      },
      "properties": {
        "city": "Grenoble",
        "nom": "Édouard Vaillant",
        "name": "Édouard Vaillant",
        "type": "tram"
      }
    },
    {
      "type": "Feature",
      "geometry": {
        "type": "Point",
        "coordinates": [
          5.7577716,
          45.1721503
        ]
      },
      "properties": {
        "city": "Grenoble",
        "nom": "Étienne Grappe",
        "name": "Étienne Grappe",
        "type": "tram"
      }
    },
    {
      "type": "Feature",
      "geometry": {
        "type": "Point",
        "coordinates": [
          5.7367666,
          45.197252
        ]
      },
      "properties": {
        "city": "Grenoble",
        "nom": "Île Verte",
        "name": "Île Verte",
        "type": "tram"
      }
    },
    {
      "type": "Feature",
      "geometry": {
        "type": "Point",
        "coordinates": [
          0.1707875,
          49.5158594
        ]
      },
      "properties": {
        "city": "Le Havre",
        "nom": "Atrium",
        "name": "Atrium",
        "type": "tram"
      }
    },
    {
      "type": "Feature",
      "geometry": {
        "type": "Point",
        "coordinates": [
          0.1155422,
          49.5293644
        ]
      },
      "properties": {
        "city": "Le Havre",
        "nom": "Bigne à Fosse",
        "name": "Bigne à Fosse",
        "type": "tram"
      }
    },
    {
      "type": "Feature",
      "geometry": {
        "type": "Point",
        "coordinates": [
          0.1576724,
          49.5092515
        ]
      },
      "properties": {
        "city": "Le Havre",
        "nom": "Curie",
        "name": "Curie",
        "type": "tram"
      }
    },
    {
      "type": "Feature",
      "geometry": {
        "type": "Point",
        "coordinates": [
          0.1488953,
          49.5092003
        ]
      },
      "properties": {
        "city": "Le Havre",
        "nom": "Frileuse",
        "name": "Frileuse",
        "type": "tram"
      }
    },
    {
      "type": "Feature",
      "geometry": {
        "type": "Point",
        "coordinates": [
          0.1243157,
          49.4926272
        ]
      },
      "properties": {
        "city": "Le Havre",
        "nom": "Gares",
        "name": "Gares",
        "type": "tram"
      }
    },
    {
      "type": "Feature",
      "geometry": {
        "type": "Point",
        "coordinates": [
          0.1058796,
          49.5299138
        ]
      },
      "properties": {
        "city": "Le Havre",
        "nom": "Grand Hameau",
        "name": "Grand Hameau",
        "type": "tram"
      }
    },
    {
      "type": "Feature",
      "geometry": {
        "type": "Point",
        "coordinates": [
          0.1086327,
          49.4933306
        ]
      },
      "properties": {
        "city": "Le Havre",
        "nom": "Hôtel de Ville",
        "name": "Hôtel de Ville",
        "type": "tram"
      }
    },
    {
      "type": "Feature",
      "geometry": {
        "type": "Point",
        "coordinates": [
          0.0959162,
          49.493924
        ]
      },
      "properties": {
        "city": "Le Havre",
        "nom": "La Plage",
        "name": "La Plage",
        "type": "tram"
      }
    },
    {
      "type": "Feature",
      "geometry": {
        "type": "Point",
        "coordinates": [
          0.1165028,
          49.5187307
        ]
      },
      "properties": {
        "city": "Le Havre",
        "nom": "Mare Rouge",
        "name": "Mare Rouge",
        "type": "tram"
      }
    },
    {
      "type": "Feature",
      "geometry": {
        "type": "Point",
        "coordinates": [
          0.1281846,
          49.5112462
        ]
      },
      "properties": {
        "city": "Le Havre",
        "nom": "Mare au Clerc",
        "name": "Mare au Clerc",
        "type": "tram"
      }
    },
    {
      "type": "Feature",
      "geometry": {
        "type": "Point",
        "coordinates": [
          0.11383,
          49.5225722
        ]
      },
      "properties": {
        "city": "Le Havre",
        "nom": "Mont Gaillard",
        "name": "Mont Gaillard",
        "type": "tram"
      }
    },
    {
      "type": "Feature",
      "geometry": {
        "type": "Point",
        "coordinates": [
          0.1182869,
          49.4925524
        ]
      },
      "properties": {
        "city": "Le Havre",
        "nom": "Palais de Justice",
        "name": "Palais de Justice",
        "type": "tram"
      }
    },
    {
      "type": "Feature",
      "geometry": {
        "type": "Point",
        "coordinates": [
          0.138129,
          49.5086131
        ]
      },
      "properties": {
        "city": "Le Havre",
        "nom": "Place Jenner",
        "name": "Place Jenner",
        "type": "tram"
      }
    },
    {
      "type": "Feature",
      "geometry": {
        "type": "Point",
        "coordinates": [
          0.1800705,
          49.5083491
        ]
      },
      "properties": {
        "city": "Le Havre",
        "nom": "Pré Fleuri",
        "name": "Pré Fleuri",
        "type": "tram"
      }
    },
    {
      "type": "Feature",
      "geometry": {
        "type": "Point",
        "coordinates": [
          0.1154576,
          49.5258542
        ]
      },
      "properties": {
        "city": "Le Havre",
        "nom": "Queneau",
        "name": "Queneau",
        "type": "tram"
      }
    },
    {
      "type": "Feature",
      "geometry": {
        "type": "Point",
        "coordinates": [
          0.1296663,
          49.4994782
        ]
      },
      "properties": {
        "city": "Le Havre",
        "nom": "Rond-Point",
        "name": "Rond-Point",
        "type": "tram"
      }
    },
    {
      "type": "Feature",
      "geometry": {
        "type": "Point",
        "coordinates": [
          0.121253,
          49.5155001
        ]
      },
      "properties": {
        "city": "Le Havre",
        "nom": "Sacré Cœur",
        "name": "Sacré Cœur",
        "type": "tram"
      }
    },
    {
      "type": "Feature",
      "geometry": {
        "type": "Point",
        "coordinates": [
          0.1746924,
          49.5119361
        ]
      },
      "properties": {
        "city": "Le Havre",
        "nom": "Saint-Pierre",
        "name": "Saint-Pierre",
        "type": "tram"
      }
    },
    {
      "type": "Feature",
      "geometry": {
        "type": "Point",
        "coordinates": [
          0.1017349,
          49.493443
        ]
      },
      "properties": {
        "city": "Le Havre",
        "nom": "Saint-Roch",
        "name": "Saint-Roch",
        "type": "tram"
      }
    },
    {
      "type": "Feature",
      "geometry": {
        "type": "Point",
        "coordinates": [
          0.1640696,
          49.5140113
        ]
      },
      "properties": {
        "city": "Le Havre",
        "nom": "Schuman",
        "name": "Schuman",
        "type": "tram"
      }
    },
    {
      "type": "Feature",
      "geometry": {
        "type": "Point",
        "coordinates": [
          0.1272456,
          49.4963786
        ]
      },
      "properties": {
        "city": "Le Havre",
        "nom": "Université",
        "name": "Université",
        "type": "tram"
      }
    },
    {
      "type": "Feature",
      "geometry": {
        "type": "Point",
        "coordinates": [
          0.1640025,
          49.5093548
        ]
      },
      "properties": {
        "city": "Le Havre",
        "nom": "Verlaine",
        "name": "Verlaine",
        "type": "tram"
      }
    },
    {
      "type": "Feature",
      "geometry": {
        "type": "Point",
        "coordinates": [
          4.7709434,
          45.751462
        ]
      },
      "properties": {
        "city": "Lyon",
        "nom": "Alaï",
        "name": "Alaï",
        "type": "tram"
      }
    },
    {
      "type": "Feature",
      "geometry": {
        "type": "Point",
        "coordinates": [
          4.9360835,
          45.6995925
        ]
      },
      "properties": {
        "city": "Lyon",
        "nom": "Alfred de Vigny",
        "name": "Alfred de Vigny",
        "type": "tram"
      }
    },
    {
      "type": "Feature",
      "geometry": {
        "type": "Point",
        "coordinates": [
          4.8839712,
          45.7414928
        ]
      },
      "properties": {
        "city": "Lyon",
        "nom": "Ambroise Paré",
        "name": "Ambroise Paré",
        "type": "tram"
      }
    },
    {
      "type": "Feature",
      "geometry": {
        "type": "Point",
        "coordinates": [
          4.8617906,
          45.7543642
        ]
      },
      "properties": {
        "city": "Lyon",
        "nom": "Archives Départementales",
        "name": "Archives Départementales",
        "type": "tram"
      }
    },
    {
      "type": "Feature",
      "geometry": {
        "type": "Point",
        "coordinates": [
          4.8682643,
          45.7368196
        ]
      },
      "properties": {
        "city": "Lyon",
        "nom": "Bachut - Mairie du 8e",
        "name": "Bachut - Mairie du 8e",
        "type": "tram"
      }
    },
    {
      "type": "Feature",
      "geometry": {
        "type": "Point",
        "coordinates": [
          4.867256,
          45.7298419
        ]
      },
      "properties": {
        "city": "Lyon",
        "nom": "Beauvisage - C.I.S.L.",
        "name": "Beauvisage - C.I.S.L.",
        "type": "tram"
      }
    },
    {
      "type": "Feature",
      "geometry": {
        "type": "Point",
        "coordinates": [
          4.8627491,
          45.7277125
        ]
      },
      "properties": {
        "city": "Lyon",
        "nom": "Beauvisage - Pressensé",
        "name": "Beauvisage - Pressensé",
        "type": "tram"
      }
    },
    {
      "type": "Feature",
      "geometry": {
        "type": "Point",
        "coordinates": [
          4.9104685,
          45.7584382
        ]
      },
      "properties": {
        "city": "Lyon",
        "nom": "Bel Air - Les Brosses",
        "name": "Bel Air - Les Brosses",
        "type": "tram"
      }
    },
    {
      "type": "Feature",
      "geometry": {
        "type": "Point",
        "coordinates": [
          4.9044755,
          45.7349162
        ]
      },
      "properties": {
        "city": "Lyon",
        "nom": "Boutasse - Camille Rousset",
        "name": "Boutasse - Camille Rousset",
        "type": "tram"
      }
    },
    {
      "type": "Feature",
      "geometry": {
        "type": "Point",
        "coordinates": [
          4.836359,
          45.7470699
        ]
      },
      "properties": {
        "city": "Lyon",
        "nom": "Centre Berthelot",
        "name": "Centre Berthelot",
        "type": "tram"
      }
    },
    {
      "type": "Feature",
      "geometry": {
        "type": "Point",
        "coordinates": [
          4.8363374,
          45.74703
        ]
      },
      "properties": {
        "city": "Lyon",
        "nom": "Centre Berthelot - Sciences Po Lyon",
        "name": "Centre Berthelot - Sciences Po Lyon",
        "type": "tram"
      }
    },
    {
      "type": "Feature",
      "geometry": {
        "type": "Point",
        "coordinates": [
          4.8436092,
          45.7296535
        ]
      },
      "properties": {
        "city": "Lyon",
        "nom": "Challemel Lacour - Artillerie",
        "name": "Challemel Lacour - Artillerie",
        "type": "tram"
      }
    },
    {
      "type": "Feature",
      "geometry": {
        "type": "Point",
        "coordinates": [
          4.863054,
          45.7709503
        ]
      },
      "properties": {
        "city": "Lyon",
        "nom": "Charpennes - Charles Hernu",
        "name": "Charpennes - Charles Hernu",
        "type": "tram"
      }
    },
    {
      "type": "Feature",
      "geometry": {
        "type": "Point",
        "coordinates": [
          4.9347255,
          45.7393688
        ]
      },
      "properties": {
        "city": "Lyon",
        "nom": "Chassieu - ZAC du Chêne",
        "name": "Chassieu - ZAC du Chêne",
        "type": "tram"
      }
    },
    {
      "type": "Feature",
      "geometry": {
        "type": "Point",
        "coordinates": [
          4.861941,
          45.7666845
        ]
      },
      "properties": {
        "city": "Lyon",
        "nom": "Collège Bellecombe",
        "name": "Collège Bellecombe",
        "type": "tram"
      }
    },
    {
      "type": "Feature",
      "geometry": {
        "type": "Point",
        "coordinates": [
          4.8669658,
          45.7779464
        ]
      },
      "properties": {
        "city": "Lyon",
        "nom": "Condorcet",
        "name": "Condorcet",
        "type": "tram"
      }
    },
    {
      "type": "Feature",
      "geometry": {
        "type": "Point",
        "coordinates": [
          4.9497138,
          45.6936521
        ]
      },
      "properties": {
        "city": "Lyon",
        "nom": "Cordière",
        "name": "Cordière",
        "type": "tram"
      }
    },
    {
      "type": "Feature",
      "geometry": {
        "type": "Point",
        "coordinates": [
          4.8832536,
          45.7836714
        ]
      },
      "properties": {
        "city": "Lyon",
        "nom": "Croix-Luizet",
        "name": "Croix-Luizet",
        "type": "tram"
      }
    },
    {
      "type": "Feature",
      "geometry": {
        "type": "Point",
        "coordinates": [
          4.8876491,
          45.7000467
        ]
      },
      "properties": {
        "city": "Lyon",
        "nom": "Croizat - Paul Bert",
        "name": "Croizat - Paul Bert",
        "type": "tram"
      }
    },
    {
      "type": "Feature",
      "geometry": {
        "type": "Point",
        "coordinates": [
          4.8643379,
          45.6926515
        ]
      },
      "properties": {
        "city": "Lyon",
        "nom": "Darnaise",
        "name": "Darnaise",
        "type": "tram"
      }
    },
    {
      "type": "Feature",
      "geometry": {
        "type": "Point",
        "coordinates": [
          4.868752,
          45.7529655
        ]
      },
      "properties": {
        "city": "Lyon",
        "nom": "Dauphiné - Lacassagne",
        "name": "Dauphiné - Lacassagne",
        "type": "tram"
      }
    },
    {
      "type": "Feature",
      "geometry": {
        "type": "Point",
        "coordinates": [
          4.8688544,
          45.7528624
        ]
      },
      "properties": {
        "city": "Lyon",
        "nom": "Dauphiné-Lacassagne",
        "name": "Dauphiné-Lacassagne",
        "type": "tram"
      }
    },
    {
      "type": "Feature",
      "geometry": {
        "type": "Point",
        "coordinates": [
          4.9169831,
          45.7357549
        ]
      },
      "properties": {
        "city": "Lyon",
        "nom": "De Tassigny - Curial",
        "name": "De Tassigny - Curial",
        "type": "tram"
      }
    },
    {
      "type": "Feature",
      "geometry": {
        "type": "Point",
        "coordinates": [
          4.9169994,
          45.7357721
        ]
      },
      "properties": {
        "city": "Lyon",
        "nom": "De Tassigny-Curial",
        "name": "De Tassigny-Curial",
        "type": "tram"
      }
    },
    {
      "type": "Feature",
      "geometry": {
        "type": "Point",
        "coordinates": [
          4.8346207,
          45.7311865
        ]
      },
      "properties": {
        "city": "Lyon",
        "nom": "Debourg",
        "name": "Debourg",
        "type": "tram"
      }
    },
    {
      "type": "Feature",
      "geometry": {
        "type": "Point",
        "coordinates": [
          4.89323,
          45.7388311
        ]
      },
      "properties": {
        "city": "Lyon",
        "nom": "Desgenettes",
        "name": "Desgenettes",
        "type": "tram"
      }
    },
    {
      "type": "Feature",
      "geometry": {
        "type": "Point",
        "coordinates": [
          4.8681589,
          45.6984273
        ]
      },
      "properties": {
        "city": "Lyon",
        "nom": "Division Leclerc",
        "name": "Division Leclerc",
        "type": "tram"
      }
    },
    {
      "type": "Feature",
      "geometry": {
        "type": "Point",
        "coordinates": [
          4.9819082,
          45.7687551
        ]
      },
      "properties": {
        "city": "Lyon",
        "nom": "Décines - OL Vallée",
        "name": "Décines - OL Vallée",
        "type": "tram"
      }
    },
    {
      "type": "Feature",
      "geometry": {
        "type": "Point",
        "coordinates": [
          4.9558949,
          45.7718491
        ]
      },
      "properties": {
        "city": "Lyon",
        "nom": "Décines Centre",
        "name": "Décines Centre",
        "type": "tram"
      }
    },
    {
      "type": "Feature",
      "geometry": {
        "type": "Point",
        "coordinates": [
          4.9760016,
          45.7747283
        ]
      },
      "properties": {
        "city": "Lyon",
        "nom": "Décines Grand Large",
        "name": "Décines Grand Large",
        "type": "tram"
      }
    },
    {
      "type": "Feature",
      "geometry": {
        "type": "Point",
        "coordinates": [
          4.9375951,
          45.764933
        ]
      },
      "properties": {
        "city": "Lyon",
        "nom": "Décines Roosevelt",
        "name": "Décines Roosevelt",
        "type": "tram"
      }
    },
    {
      "type": "Feature",
      "geometry": {
        "type": "Point",
        "coordinates": [
          4.828837,
          45.7313929
        ]
      },
      "properties": {
        "city": "Lyon",
        "nom": "ENS Lyon",
        "name": "ENS Lyon",
        "type": "tram"
      }
    },
    {
      "type": "Feature",
      "geometry": {
        "type": "Point",
        "coordinates": [
          4.9406114,
          45.6944774
        ]
      },
      "properties": {
        "city": "Lyon",
        "nom": "Esplanade des Arts",
        "name": "Esplanade des Arts",
        "type": "tram"
      }
    },
    {
      "type": "Feature",
      "geometry": {
        "type": "Point",
        "coordinates": [
          4.890012,
          45.735539
        ]
      },
      "properties": {
        "city": "Lyon",
        "nom": "Essarts - Laennec",
        "name": "Essarts - Laennec",
        "type": "tram"
      }
    },
    {
      "type": "Feature",
      "geometry": {
        "type": "Point",
        "coordinates": [
          4.8981907,
          45.7371987
        ]
      },
      "properties": {
        "city": "Lyon",
        "nom": "Essarts-Iris",
        "name": "Essarts-Iris",
        "type": "tram"
      }
    },
    {
      "type": "Feature",
      "geometry": {
        "type": "Point",
        "coordinates": [
          4.948031,
          45.7318727
        ]
      },
      "properties": {
        "city": "Lyon",
        "nom": "Eurexpo",
        "name": "Eurexpo",
        "type": "tram"
      }
    },
    {
      "type": "Feature",
      "geometry": {
        "type": "Point",
        "coordinates": [
          4.9480173,
          45.7319771
        ]
      },
      "properties": {
        "city": "Lyon",
        "nom": "Eurexpo Entrée Principale",
        "name": "Eurexpo Entrée Principale",
        "type": "tram"
      }
    },
    {
      "type": "Feature",
      "geometry": {
        "type": "Point",
        "coordinates": [
          4.9181638,
          45.719607
        ]
      },
      "properties": {
        "city": "Lyon",
        "nom": "Europe Université",
        "name": "Europe Université",
        "type": "tram"
      }
    },
    {
      "type": "Feature",
      "geometry": {
        "type": "Point",
        "coordinates": [
          4.8619126,
          45.7602344
        ]
      },
      "properties": {
        "city": "Lyon",
        "nom": "Gare Part-Dieu - Villette",
        "name": "Gare Part-Dieu - Villette",
        "type": "tram"
      }
    },
    {
      "type": "Feature",
      "geometry": {
        "type": "Point",
        "coordinates": [
          4.8579173,
          45.7616011
        ]
      },
      "properties": {
        "city": "Lyon",
        "nom": "Gare Part-Dieu - Vivier Merle",
        "name": "Gare Part-Dieu - Vivier Merle",
        "type": "tram"
      }
    },
    {
      "type": "Feature",
      "geometry": {
        "type": "Point",
        "coordinates": [
          4.891764,
          45.7558919
        ]
      },
      "properties": {
        "city": "Lyon",
        "nom": "Gare de Villeurbanne",
        "name": "Gare de Villeurbanne",
        "type": "tram"
      }
    },
    {
      "type": "Feature",
      "geometry": {
        "type": "Point",
        "coordinates": [
          4.8877581,
          45.7056646
        ]
      },
      "properties": {
        "city": "Lyon",
        "nom": "Gare de Vénissieux",
        "name": "Gare de Vénissieux",
        "type": "tram"
      }
    },
    {
      "type": "Feature",
      "geometry": {
        "type": "Point",
        "coordinates": [
          4.8469101,
          45.743706
        ]
      },
      "properties": {
        "city": "Lyon",
        "nom": "Garibaldi - Berthelot",
        "name": "Garibaldi - Berthelot",
        "type": "tram"
      }
    },
    {
      "type": "Feature",
      "geometry": {
        "type": "Point",
        "coordinates": [
          4.8468802,
          45.7436641
        ]
      },
      "properties": {
        "city": "Lyon",
        "nom": "Garibaldi Berthelot",
        "name": "Garibaldi Berthelot",
        "type": "tram"
      }
    },
    {
      "type": "Feature",
      "geometry": {
        "type": "Point",
        "coordinates": [
          4.8790908,
          45.7722779
        ]
      },
      "properties": {
        "city": "Lyon",
        "nom": "Geneviève De Gaulle",
        "name": "Geneviève De Gaulle",
        "type": "tram"
      }
    },
    {
      "type": "Feature",
      "geometry": {
        "type": "Point",
        "coordinates": [
          4.8883151,
          45.7590908
        ]
      },
      "properties": {
        "city": "Lyon",
        "nom": "Grandclément",
        "name": "Grandclément",
        "type": "tram"
      }
    },
    {
      "type": "Feature",
      "geometry": {
        "type": "Point",
        "coordinates": [
          4.8795885,
          45.7424421
        ]
      },
      "properties": {
        "city": "Lyon",
        "nom": "Grange Blanche",
        "name": "Grange Blanche",
        "type": "tram"
      }
    },
    {
      "type": "Feature",
      "geometry": {
        "type": "Point",
        "coordinates": [
          4.8734011,
          45.7313384
        ]
      },
      "properties": {
        "city": "Lyon",
        "nom": "Grange Rouge - Santy",
        "name": "Grange Rouge - Santy",
        "type": "tram"
      }
    },
    {
      "type": "Feature",
      "geometry": {
        "type": "Point",
        "coordinates": [
          4.8802573,
          45.7689187
        ]
      },
      "properties": {
        "city": "Lyon",
        "nom": "Gratte-Ciel",
        "name": "Gratte-Ciel",
        "type": "tram"
      }
    },
    {
      "type": "Feature",
      "geometry": {
        "type": "Point",
        "coordinates": [
          4.8425387,
          45.7549452
        ]
      },
      "properties": {
        "city": "Lyon",
        "nom": "Guillotière",
        "name": "Guillotière",
        "type": "tram"
      }
    },
    {
      "type": "Feature",
      "geometry": {
        "type": "Point",
        "coordinates": [
          4.8228408,
          45.7317251
        ]
      },
      "properties": {
        "city": "Lyon",
        "nom": "Halle Tony Garnier",
        "name": "Halle Tony Garnier",
        "type": "tram"
      }
    },
    {
      "type": "Feature",
      "geometry": {
        "type": "Point",
        "coordinates": [
          4.9375534,
          45.7081123
        ]
      },
      "properties": {
        "city": "Lyon",
        "nom": "Hauts de Feuilly",
        "name": "Hauts de Feuilly",
        "type": "tram"
      }
    },
    {
      "type": "Feature",
      "geometry": {
        "type": "Point",
        "coordinates": [
          4.8754428,
          45.6937696
        ]
      },
      "properties": {
        "city": "Lyon",
        "nom": "Herriot - Cagne",
        "name": "Herriot - Cagne",
        "type": "tram"
      }
    },
    {
      "type": "Feature",
      "geometry": {
        "type": "Point",
        "coordinates": [
          4.865184,
          45.6882795
        ]
      },
      "properties": {
        "city": "Lyon",
        "nom": "Hôpital Feyzin Vénissieux",
        "name": "Hôpital Feyzin Vénissieux",
        "type": "tram"
      }
    },
    {
      "type": "Feature",
      "geometry": {
        "type": "Point",
        "coordinates": [
          4.8967299,
          45.7475261
        ]
      },
      "properties": {
        "city": "Lyon",
        "nom": "Hôpitaux Est - Pinel",
        "name": "Hôpitaux Est - Pinel",
        "type": "tram"
      }
    },
    {
      "type": "Feature",
      "geometry": {
        "type": "Point",
        "coordinates": [
          4.8190408,
          45.7405673
        ]
      },
      "properties": {
        "city": "Lyon",
        "nom": "Hôtel de Région Montrochet",
        "name": "Hôtel de Région Montrochet",
        "type": "tram"
      }
    },
    {
      "type": "Feature",
      "geometry": {
        "type": "Point",
        "coordinates": [
          4.909094,
          45.7333853
        ]
      },
      "properties": {
        "city": "Lyon",
        "nom": "Hôtel de Ville - Bron",
        "name": "Hôtel de Ville - Bron",
        "type": "tram"
      }
    },
    {
      "type": "Feature",
      "geometry": {
        "type": "Point",
        "coordinates": [
          4.8803271,
          45.7659067
        ]
      },
      "properties": {
        "city": "Lyon",
        "nom": "Hôtel de Ville - TNP",
        "name": "Hôtel de Ville - TNP",
        "type": "tram"
      }
    },
    {
      "type": "Feature",
      "geometry": {
        "type": "Point",
        "coordinates": [
          4.8776632,
          45.7824397
        ]
      },
      "properties": {
        "city": "Lyon",
        "nom": "INSA - Einstein",
        "name": "INSA - Einstein",
        "type": "tram"
      }
    },
    {
      "type": "Feature",
      "geometry": {
        "type": "Point",
        "coordinates": [
          4.8819277,
          45.7869337
        ]
      },
      "properties": {
        "city": "Lyon",
        "nom": "IUT - Feyssine",
        "name": "IUT - Feyssine",
        "type": "tram"
      }
    },
    {
      "type": "Feature",
      "geometry": {
        "type": "Point",
        "coordinates": [
          4.8422859,
          45.7451296
        ]
      },
      "properties": {
        "city": "Lyon",
        "nom": "Jean Macé",
        "name": "Jean Macé",
        "type": "tram"
      }
    },
    {
      "type": "Feature",
      "geometry": {
        "type": "Point",
        "coordinates": [
          4.8745674,
          45.740229
        ]
      },
      "properties": {
        "city": "Lyon",
        "nom": "Jean XXIII - Maryse Bastié",
        "name": "Jean XXIII - Maryse Bastié",
        "type": "tram"
      }
    },
    {
      "type": "Feature",
      "geometry": {
        "type": "Point",
        "coordinates": [
          4.8587789,
          45.7398554
        ]
      },
      "properties": {
        "city": "Lyon",
        "nom": "Jet d'eau - Mendès France",
        "name": "Jet d'eau - Mendès France",
        "type": "tram"
      }
    },
    {
      "type": "Feature",
      "geometry": {
        "type": "Point",
        "coordinates": [
          4.8784129,
          45.7155233
        ]
      },
      "properties": {
        "city": "Lyon",
        "nom": "Joliot Curie - Marcel Sembat",
        "name": "Joliot Curie - Marcel Sembat",
        "type": "tram"
      }
    },
    {
      "type": "Feature",
      "geometry": {
        "type": "Point",
        "coordinates": [
          4.8784371,
          45.715515
        ]
      },
      "properties": {
        "city": "Lyon",
        "nom": "Joliot-Curie - Marcel Sembat",
        "name": "Joliot-Curie - Marcel Sembat",
        "type": "tram"
      }
    },
    {
      "type": "Feature",
      "geometry": {
        "type": "Point",
        "coordinates": [
          4.8979695,
          45.7524433
        ]
      },
      "properties": {
        "city": "Lyon",
        "nom": "Kimmerling - Genêts",
        "name": "Kimmerling - Genêts",
        "type": "tram"
      }
    },
    {
      "type": "Feature",
      "geometry": {
        "type": "Point",
        "coordinates": [
          4.8821497,
          45.7111586
        ]
      },
      "properties": {
        "city": "Lyon",
        "nom": "La Borelle",
        "name": "La Borelle",
        "type": "tram"
      }
    },
    {
      "type": "Feature",
      "geometry": {
        "type": "Point",
        "coordinates": [
          4.8721478,
          45.7814923
        ]
      },
      "properties": {
        "city": "Lyon",
        "nom": "La Doua - Gaston Berger",
        "name": "La Doua - Gaston Berger",
        "type": "tram"
      }
    },
    {
      "type": "Feature",
      "geometry": {
        "type": "Point",
        "coordinates": [
          4.8640433,
          45.7740693
        ]
      },
      "properties": {
        "city": "Lyon",
        "nom": "Le Tonkin",
        "name": "Le Tonkin",
        "type": "tram"
      }
    },
    {
      "type": "Feature",
      "geometry": {
        "type": "Point",
        "coordinates": [
          4.9147395,
          45.7315216
        ]
      },
      "properties": {
        "city": "Lyon",
        "nom": "Les Alizés",
        "name": "Les Alizés",
        "type": "tram"
      }
    },
    {
      "type": "Feature",
      "geometry": {
        "type": "Point",
        "coordinates": [
          4.8424556,
          45.758858
        ]
      },
      "properties": {
        "city": "Lyon",
        "nom": "Liberté",
        "name": "Liberté",
        "type": "tram"
      }
    },
    {
      "type": "Feature",
      "geometry": {
        "type": "Point",
        "coordinates": [
          4.7750902,
          45.7581225
        ]
      },
      "properties": {
        "city": "Lyon",
        "nom": "Libération",
        "name": "Libération",
        "type": "tram"
      }
    },
    {
      "type": "Feature",
      "geometry": {
        "type": "Point",
        "coordinates": [
          4.859058,
          45.7456554
        ]
      },
      "properties": {
        "city": "Lyon",
        "nom": "Lycée Colbert",
        "name": "Lycée Colbert",
        "type": "tram"
      }
    },
    {
      "type": "Feature",
      "geometry": {
        "type": "Point",
        "coordinates": [
          4.8799064,
          45.6949124
        ]
      },
      "properties": {
        "city": "Lyon",
        "nom": "Lycée Jacques Brel",
        "name": "Lycée Jacques Brel",
        "type": "tram"
      }
    },
    {
      "type": "Feature",
      "geometry": {
        "type": "Point",
        "coordinates": [
          4.9221983,
          45.7380057
        ]
      },
      "properties": {
        "city": "Lyon",
        "nom": "Lycée Jean-Paul Sartre",
        "name": "Lycée Jean-Paul Sartre",
        "type": "tram"
      }
    },
    {
      "type": "Feature",
      "geometry": {
        "type": "Point",
        "coordinates": [
          4.8617905,
          45.7368618
        ]
      },
      "properties": {
        "city": "Lyon",
        "nom": "Lycée Lumière",
        "name": "Lycée Lumière",
        "type": "tram"
      }
    },
    {
      "type": "Feature",
      "geometry": {
        "type": "Point",
        "coordinates": [
          4.8617597,
          45.6968368
        ]
      },
      "properties": {
        "city": "Lyon",
        "nom": "Lénine - Corsière",
        "name": "Lénine - Corsière",
        "type": "tram"
      }
    },
    {
      "type": "Feature",
      "geometry": {
        "type": "Point",
        "coordinates": [
          4.860344,
          45.7501481
        ]
      },
      "properties": {
        "city": "Lyon",
        "nom": "Manufacture Montluc",
        "name": "Manufacture Montluc",
        "type": "tram"
      }
    },
    {
      "type": "Feature",
      "geometry": {
        "type": "Point",
        "coordinates": [
          4.8845462,
          45.6964885
        ]
      },
      "properties": {
        "city": "Lyon",
        "nom": "Marcel Houël - Hôtel de Ville",
        "name": "Marcel Houël - Hôtel de Ville",
        "type": "tram"
      }
    },
    {
      "type": "Feature",
      "geometry": {
        "type": "Point",
        "coordinates": [
          4.8632933,
          45.6998412
        ]
      },
      "properties": {
        "city": "Lyon",
        "nom": "Maurice Thorez",
        "name": "Maurice Thorez",
        "type": "tram"
      }
    },
    {
      "type": "Feature",
      "geometry": {
        "type": "Point",
        "coordinates": [
          4.8785039,
          45.7330628
        ]
      },
      "properties": {
        "city": "Lyon",
        "nom": "Mermoz - Californie",
        "name": "Mermoz - Californie",
        "type": "tram"
      }
    },
    {
      "type": "Feature",
      "geometry": {
        "type": "Point",
        "coordinates": [
          4.8824109,
          45.7321922
        ]
      },
      "properties": {
        "city": "Lyon",
        "nom": "Mermoz - Moselle",
        "name": "Mermoz - Moselle",
        "type": "tram"
      }
    },
    {
      "type": "Feature",
      "geometry": {
        "type": "Point",
        "coordinates": [
          4.8867778,
          45.7308132
        ]
      },
      "properties": {
        "city": "Lyon",
        "nom": "Mermoz - Pinel",
        "name": "Mermoz - Pinel",
        "type": "tram"
      }
    },
    {
      "type": "Feature",
      "geometry": {
        "type": "Point",
        "coordinates": [
          5.0131031,
          45.7699317
        ]
      },
      "properties": {
        "city": "Lyon",
        "nom": "Meyzieu - Lycée Colonel Beltrame",
        "name": "Meyzieu - Lycée Colonel Beltrame",
        "type": "tram"
      }
    },
    {
      "type": "Feature",
      "geometry": {
        "type": "Point",
        "coordinates": [
          5.0316904,
          45.7677379
        ]
      },
      "properties": {
        "city": "Lyon",
        "nom": "Meyzieu - Z.I.",
        "name": "Meyzieu - Z.I.",
        "type": "tram"
      }
    },
    {
      "type": "Feature",
      "geometry": {
        "type": "Point",
        "coordinates": [
          5.0316492,
          45.7676075
        ]
      },
      "properties": {
        "city": "Lyon",
        "nom": "Meyzieu - Zone Industrielle",
        "name": "Meyzieu - Zone Industrielle",
        "type": "tram"
      }
    },
    {
      "type": "Feature",
      "geometry": {
        "type": "Point",
        "coordinates": [
          4.9988075,
          45.7717081
        ]
      },
      "properties": {
        "city": "Lyon",
        "nom": "Meyzieu Gare",
        "name": "Meyzieu Gare",
        "type": "tram"
      }
    },
    {
      "type": "Feature",
      "geometry": {
        "type": "Point",
        "coordinates": [
          5.0350008,
          45.7661681
        ]
      },
      "properties": {
        "city": "Lyon",
        "nom": "Meyzieu les Panettes",
        "name": "Meyzieu les Panettes",
        "type": "tram"
      }
    },
    {
      "type": "Feature",
      "geometry": {
        "type": "Point",
        "coordinates": [
          4.853089,
          45.729543
        ]
      },
      "properties": {
        "city": "Lyon",
        "nom": "Moulin à Vent",
        "name": "Moulin à Vent",
        "type": "tram"
      }
    },
    {
      "type": "Feature",
      "geometry": {
        "type": "Point",
        "coordinates": [
          4.8189123,
          45.7336611
        ]
      },
      "properties": {
        "city": "Lyon",
        "nom": "Musée des Confluences",
        "name": "Musée des Confluences",
        "type": "tram"
      }
    },
    {
      "type": "Feature",
      "geometry": {
        "type": "Point",
        "coordinates": [
          4.7825545,
          45.7565964
        ]
      },
      "properties": {
        "city": "Lyon",
        "nom": "Ménival",
        "name": "Ménival",
        "type": "tram"
      }
    },
    {
      "type": "Feature",
      "geometry": {
        "type": "Point",
        "coordinates": [
          4.8483963,
          45.7603239
        ]
      },
      "properties": {
        "city": "Lyon",
        "nom": "Palais de Justice - Mairie du 3e",
        "name": "Palais de Justice - Mairie du 3e",
        "type": "tram"
      }
    },
    {
      "type": "Feature",
      "geometry": {
        "type": "Point",
        "coordinates": [
          4.9312632,
          45.714386
        ]
      },
      "properties": {
        "city": "Lyon",
        "nom": "Parc Technologique",
        "name": "Parc Technologique",
        "type": "tram"
      }
    },
    {
      "type": "Feature",
      "geometry": {
        "type": "Point",
        "coordinates": [
          4.9266318,
          45.7390015
        ]
      },
      "properties": {
        "city": "Lyon",
        "nom": "Parc du Chêne",
        "name": "Parc du Chêne",
        "type": "tram"
      }
    },
    {
      "type": "Feature",
      "geometry": {
        "type": "Point",
        "coordinates": [
          4.9152145,
          45.7221009
        ]
      },
      "properties": {
        "city": "Lyon",
        "nom": "Parilly - Université - Hippodrome",
        "name": "Parilly - Université - Hippodrome",
        "type": "tram"
      }
    },
    {
      "type": "Feature",
      "geometry": {
        "type": "Point",
        "coordinates": [
          4.8619019,
          45.7566882
        ]
      },
      "properties": {
        "city": "Lyon",
        "nom": "Part Dieu Villette Sud",
        "name": "Part Dieu Villette Sud",
        "type": "tram"
      }
    },
    {
      "type": "Feature",
      "geometry": {
        "type": "Point",
        "coordinates": [
          4.8538132,
          45.7606742
        ]
      },
      "properties": {
        "city": "Lyon",
        "nom": "Part-Dieu - Auditorium",
        "name": "Part-Dieu - Auditorium",
        "type": "tram"
      }
    },
    {
      "type": "Feature",
      "geometry": {
        "type": "Point",
        "coordinates": [
          4.8270476,
          45.7495322
        ]
      },
      "properties": {
        "city": "Lyon",
        "nom": "Perrache",
        "name": "Perrache",
        "type": "tram"
      }
    },
    {
      "type": "Feature",
      "geometry": {
        "type": "Point",
        "coordinates": [
          4.8587794,
          45.731034
        ]
      },
      "properties": {
        "city": "Lyon",
        "nom": "Petite Guille",
        "name": "Petite Guille",
        "type": "tram"
      }
    },
    {
      "type": "Feature",
      "geometry": {
        "type": "Point",
        "coordinates": [
          4.8245818,
          45.7470663
        ]
      },
      "properties": {
        "city": "Lyon",
        "nom": "Place des Archives",
        "name": "Place des Archives",
        "type": "tram"
      }
    },
    {
      "type": "Feature",
      "geometry": {
        "type": "Point",
        "coordinates": [
          4.9257559,
          45.7184298
        ]
      },
      "properties": {
        "city": "Lyon",
        "nom": "Porte des Alpes",
        "name": "Porte des Alpes",
        "type": "tram"
      }
    },
    {
      "type": "Feature",
      "geometry": {
        "type": "Point",
        "coordinates": [
          4.8353169,
          45.7496772
        ]
      },
      "properties": {
        "city": "Lyon",
        "nom": "Quai Claude Bernard",
        "name": "Quai Claude Bernard",
        "type": "tram"
      }
    },
    {
      "type": "Feature",
      "geometry": {
        "type": "Point",
        "coordinates": [
          4.91564,
          45.7275325
        ]
      },
      "properties": {
        "city": "Lyon",
        "nom": "Rebufer",
        "name": "Rebufer",
        "type": "tram"
      }
    },
    {
      "type": "Feature",
      "geometry": {
        "type": "Point",
        "coordinates": [
          4.8849958,
          45.7545197
        ]
      },
      "properties": {
        "city": "Lyon",
        "nom": "Reconnaissance - Balzac",
        "name": "Reconnaissance - Balzac",
        "type": "tram"
      }
    },
    {
      "type": "Feature",
      "geometry": {
        "type": "Point",
        "coordinates": [
          4.8770555,
          45.7764488
        ]
      },
      "properties": {
        "city": "Lyon",
        "nom": "Roger Planchon",
        "name": "Roger Planchon",
        "type": "tram"
      }
    },
    {
      "type": "Feature",
      "geometry": {
        "type": "Point",
        "coordinates": [
          4.8517674,
          45.7421032
        ]
      },
      "properties": {
        "city": "Lyon",
        "nom": "Route de Vienne",
        "name": "Route de Vienne",
        "type": "tram"
      }
    },
    {
      "type": "Feature",
      "geometry": {
        "type": "Point",
        "coordinates": [
          4.8389606,
          45.7511473
        ]
      },
      "properties": {
        "city": "Lyon",
        "nom": "Rue de l'Université",
        "name": "Rue de l'Université",
        "type": "tram"
      }
    },
    {
      "type": "Feature",
      "geometry": {
        "type": "Point",
        "coordinates": [
          4.8410584,
          45.7528829
        ]
      },
      "properties": {
        "city": "Lyon",
        "nom": "Saint-André",
        "name": "Saint-André",
        "type": "tram"
      }
    },
    {
      "type": "Feature",
      "geometry": {
        "type": "Point",
        "coordinates": [
          4.8815798,
          45.757982
        ]
      },
      "properties": {
        "city": "Lyon",
        "nom": "Saint-Exupéry - Jaurès",
        "name": "Saint-Exupéry - Jaurès",
        "type": "tram"
      }
    },
    {
      "type": "Feature",
      "geometry": {
        "type": "Point",
        "coordinates": [
          4.9558368,
          45.6926405
        ]
      },
      "properties": {
        "city": "Lyon",
        "nom": "Saint-Priest - Bel Air",
        "name": "Saint-Priest - Bel Air",
        "type": "tram"
      }
    },
    {
      "type": "Feature",
      "geometry": {
        "type": "Point",
        "coordinates": [
          4.9368699,
          45.6950411
        ]
      },
      "properties": {
        "city": "Lyon",
        "nom": "Saint-Priest - Hôtel de Ville",
        "name": "Saint-Priest - Hôtel de Ville",
        "type": "tram"
      }
    },
    {
      "type": "Feature",
      "geometry": {
        "type": "Point",
        "coordinates": [
          4.9468721,
          45.6947312
        ]
      },
      "properties": {
        "city": "Lyon",
        "nom": "Saint-Priest - Jules Ferry",
        "name": "Saint-Priest - Jules Ferry",
        "type": "tram"
      }
    },
    {
      "type": "Feature",
      "geometry": {
        "type": "Point",
        "coordinates": [
          4.8221158,
          45.7442227
        ]
      },
      "properties": {
        "city": "Lyon",
        "nom": "Sainte-Blandine",
        "name": "Sainte-Blandine",
        "type": "tram"
      }
    },
    {
      "type": "Feature",
      "geometry": {
        "type": "Point",
        "coordinates": [
          4.9348871,
          45.7034262
        ]
      },
      "properties": {
        "city": "Lyon",
        "nom": "Salvador Allende",
        "name": "Salvador Allende",
        "type": "tram"
      }
    },
    {
      "type": "Feature",
      "geometry": {
        "type": "Point",
        "coordinates": [
          4.8451804,
          45.7601461
        ]
      },
      "properties": {
        "city": "Lyon",
        "nom": "Saxe - Préfecture",
        "name": "Saxe - Préfecture",
        "type": "tram"
      }
    },
    {
      "type": "Feature",
      "geometry": {
        "type": "Point",
        "coordinates": [
          4.8452808,
          45.7601118
        ]
      },
      "properties": {
        "city": "Lyon",
        "nom": "Saxe-Préfecture",
        "name": "Saxe-Préfecture",
        "type": "tram"
      }
    },
    {
      "type": "Feature",
      "geometry": {
        "type": "Point",
        "coordinates": [
          4.9558335,
          45.6926255
        ]
      },
      "properties": {
        "city": "Lyon",
        "nom": "St Priest - Bel Air",
        "name": "St Priest - Bel Air",
        "type": "tram"
      }
    },
    {
      "type": "Feature",
      "geometry": {
        "type": "Point",
        "coordinates": [
          4.8620208,
          45.761296
        ]
      },
      "properties": {
        "city": "Lyon",
        "nom": "T3 (descente)",
        "name": "T3 (descente)",
        "type": "tram"
      }
    },
    {
      "type": "Feature",
      "geometry": {
        "type": "Point",
        "coordinates": [
          4.8620149,
          45.7643245
        ]
      },
      "properties": {
        "city": "Lyon",
        "nom": "Thiers - Lafayette",
        "name": "Thiers - Lafayette",
        "type": "tram"
      }
    },
    {
      "type": "Feature",
      "geometry": {
        "type": "Point",
        "coordinates": [
          4.8663444,
          45.7808653
        ]
      },
      "properties": {
        "city": "Lyon",
        "nom": "Université Lyon 1",
        "name": "Université Lyon 1",
        "type": "tram"
      }
    },
    {
      "type": "Feature",
      "geometry": {
        "type": "Point",
        "coordinates": [
          4.9221279,
          45.761115
        ]
      },
      "properties": {
        "city": "Lyon",
        "nom": "Vaulx-en-Velin - La Soie",
        "name": "Vaulx-en-Velin - La Soie",
        "type": "tram"
      }
    },
    {
      "type": "Feature",
      "geometry": {
        "type": "Point",
        "coordinates": [
          4.880801,
          45.7615887
        ]
      },
      "properties": {
        "city": "Lyon",
        "nom": "Verlaine - Tolstoï",
        "name": "Verlaine - Tolstoï",
        "type": "tram"
      }
    },
    {
      "type": "Feature",
      "geometry": {
        "type": "Point",
        "coordinates": [
          4.8633209,
          45.7384034
        ]
      },
      "properties": {
        "city": "Lyon",
        "nom": "Villon",
        "name": "Villon",
        "type": "tram"
      }
    },
    {
      "type": "Feature",
      "geometry": {
        "type": "Point",
        "coordinates": [
          4.8941278,
          45.742526
        ]
      },
      "properties": {
        "city": "Lyon",
        "nom": "Vinatier",
        "name": "Vinatier",
        "type": "tram"
      }
    },
    {
      "type": "Feature",
      "geometry": {
        "type": "Point",
        "coordinates": [
          4.8719378,
          45.6960059
        ]
      },
      "properties": {
        "city": "Lyon",
        "nom": "Vénissy - Frida Kahlo",
        "name": "Vénissy - Frida Kahlo",
        "type": "tram"
      }
    },
    {
      "type": "Feature",
      "geometry": {
        "type": "Point",
        "coordinates": [
          4.8647708,
          45.7330342
        ]
      },
      "properties": {
        "city": "Lyon",
        "nom": "États-Unis - Musée Tony Garnier",
        "name": "États-Unis - Musée Tony Garnier",
        "type": "tram"
      }
    },
    {
      "type": "Feature",
      "geometry": {
        "type": "Point",
        "coordinates": [
          4.8710796,
          45.7249362
        ]
      },
      "properties": {
        "city": "Lyon",
        "nom": "États-Unis Viviani",
        "name": "États-Unis Viviani",
        "type": "tram"
      }
    },
    {
      "type": "Feature",
      "geometry": {
        "type": "Point",
        "coordinates": [
          5.4290416,
          43.2943117
        ]
      },
      "properties": {
        "city": "Marseille",
        "nom": "Air-Bel",
        "name": "Air-Bel",
        "type": "tram"
      }
    },
    {
      "type": "Feature",
      "geometry": {
        "type": "Point",
        "coordinates": [
          5.3680981,
          43.313316
        ]
      },
      "properties": {
        "city": "Marseille",
        "nom": "Arenc Euroméditerranée",
        "name": "Arenc Euroméditerranée",
        "type": "tram"
      }
    },
    {
      "type": "Feature",
      "geometry": {
        "type": "Point",
        "coordinates": [
          5.3681611,
          43.3133248
        ]
      },
      "properties": {
        "city": "Marseille",
        "nom": "Arenc Le Silo",
        "name": "Arenc Le Silo",
        "type": "tram"
      }
    },
    {
      "type": "Feature",
      "geometry": {
        "type": "Point",
        "coordinates": [
          5.4029221,
          43.2664162
        ]
      },
      "properties": {
        "city": "Marseille",
        "nom": "Aubert Ganay",
        "name": "Aubert Ganay",
        "type": "tram"
      }
    },
    {
      "type": "Feature",
      "geometry": {
        "type": "Point",
        "coordinates": [
          5.3766236,
          43.298491
        ]
      },
      "properties": {
        "city": "Marseille",
        "nom": "Belsunce Alcazar",
        "name": "Belsunce Alcazar",
        "type": "tram"
      }
    },
    {
      "type": "Feature",
      "geometry": {
        "type": "Point",
        "coordinates": [
          5.393118,
          43.2953879
        ]
      },
      "properties": {
        "city": "Marseille",
        "nom": "Camas",
        "name": "Camas",
        "type": "tram"
      }
    },
    {
      "type": "Feature",
      "geometry": {
        "type": "Point",
        "coordinates": [
          5.379024,
          43.2968006
        ]
      },
      "properties": {
        "city": "Marseille",
        "nom": "Canebière Capucins",
        "name": "Canebière Capucins",
        "type": "tram"
      }
    },
    {
      "type": "Feature",
      "geometry": {
        "type": "Point",
        "coordinates": [
          5.3948878,
          43.2798931
        ]
      },
      "properties": {
        "city": "Marseille",
        "nom": "Cantini Rouet",
        "name": "Cantini Rouet",
        "type": "tram"
      }
    },
    {
      "type": "Feature",
      "geometry": {
        "type": "Point",
        "coordinates": [
          5.3847886,
          43.2853535
        ]
      },
      "properties": {
        "city": "Marseille",
        "nom": "Castellane",
        "name": "Castellane",
        "type": "tram"
      }
    },
    {
      "type": "Feature",
      "geometry": {
        "type": "Point",
        "coordinates": [
          5.550078,
          43.2817123
        ]
      },
      "properties": {
        "city": "Marseille",
        "nom": "Château Blanc",
        "name": "Château Blanc",
        "type": "tram"
      }
    },
    {
      "type": "Feature",
      "geometry": {
        "type": "Point",
        "coordinates": [
          5.3970663,
          43.302318
        ]
      },
      "properties": {
        "city": "Marseille",
        "nom": "Cinq Avenues",
        "name": "Cinq Avenues",
        "type": "tram"
      }
    },
    {
      "type": "Feature",
      "geometry": {
        "type": "Point",
        "coordinates": [
          5.5511486,
          43.2791671
        ]
      },
      "properties": {
        "city": "Marseille",
        "nom": "Colette Molina - Le Charrel",
        "name": "Colette Molina - Le Charrel",
        "type": "tram"
      }
    },
    {
      "type": "Feature",
      "geometry": {
        "type": "Point",
        "coordinates": [
          5.3779983,
          43.2960427
        ]
      },
      "properties": {
        "city": "Marseille",
        "nom": "Cours Saint-Louis",
        "name": "Cours Saint-Louis",
        "type": "tram"
      }
    },
    {
      "type": "Feature",
      "geometry": {
        "type": "Point",
        "coordinates": [
          5.3896101,
          43.2951473
        ]
      },
      "properties": {
        "city": "Marseille",
        "nom": "Eugène Pierre",
        "name": "Eugène Pierre",
        "type": "tram"
      }
    },
    {
      "type": "Feature",
      "geometry": {
        "type": "Point",
        "coordinates": [
          5.3681994,
          43.3086869
        ]
      },
      "properties": {
        "city": "Marseille",
        "nom": "Euroméditerranée Gantes",
        "name": "Euroméditerranée Gantes",
        "type": "tram"
      }
    },
    {
      "type": "Feature",
      "geometry": {
        "type": "Point",
        "coordinates": [
          5.3681527,
          43.3086914
        ]
      },
      "properties": {
        "city": "Marseille",
        "nom": "Euroméditerranée Le Silo",
        "name": "Euroméditerranée Le Silo",
        "type": "tram"
      }
    },
    {
      "type": "Feature",
      "geometry": {
        "type": "Point",
        "coordinates": [
          5.4032764,
          43.298135
        ]
      },
      "properties": {
        "city": "Marseille",
        "nom": "Foch Boisson",
        "name": "Foch Boisson",
        "type": "tram"
      }
    },
    {
      "type": "Feature",
      "geometry": {
        "type": "Point",
        "coordinates": [
          5.4000754,
          43.3003121
        ]
      },
      "properties": {
        "city": "Marseille",
        "nom": "Foch Sakakini",
        "name": "Foch Sakakini",
        "type": "tram"
      }
    },
    {
      "type": "Feature",
      "geometry": {
        "type": "Point",
        "coordinates": [
          5.5658099,
          43.2958091
        ]
      },
      "properties": {
        "city": "Marseille",
        "nom": "Gare d'Aubagne",
        "name": "Gare d'Aubagne",
        "type": "tram"
      }
    },
    {
      "type": "Feature",
      "geometry": {
        "type": "Point",
        "coordinates": [
          5.3971378,
          43.2956296
        ]
      },
      "properties": {
        "city": "Marseille",
        "nom": "George",
        "name": "George",
        "type": "tram"
      }
    },
    {
      "type": "Feature",
      "geometry": {
        "type": "Point",
        "coordinates": [
          5.3662561,
          43.3270555
        ]
      },
      "properties": {
        "city": "Marseille",
        "nom": "Gèze",
        "name": "Gèze",
        "type": "tram"
      }
    },
    {
      "type": "Feature",
      "geometry": {
        "type": "Point",
        "coordinates": [
          5.4087791,
          43.259433
        ]
      },
      "properties": {
        "city": "Marseille",
        "nom": "Hôpital Sainte-Marguerite",
        "name": "Hôpital Sainte-Marguerite",
        "type": "tram"
      }
    },
    {
      "type": "Feature",
      "geometry": {
        "type": "Point",
        "coordinates": [
          5.4017061,
          43.2959021
        ]
      },
      "properties": {
        "city": "Marseille",
        "nom": "Jean Martin",
        "name": "Jean Martin",
        "type": "tram"
      }
    },
    {
      "type": "Feature",
      "geometry": {
        "type": "Point",
        "coordinates": [
          5.3671651,
          43.3054034
        ]
      },
      "properties": {
        "city": "Marseille",
        "nom": "Joliette",
        "name": "Joliette",
        "type": "tram"
      }
    },
    {
      "type": "Feature",
      "geometry": {
        "type": "Point",
        "coordinates": [
          5.4054783,
          43.2966075
        ]
      },
      "properties": {
        "city": "Marseille",
        "nom": "La Blancarde",
        "name": "La Blancarde",
        "type": "tram"
      }
    },
    {
      "type": "Feature",
      "geometry": {
        "type": "Point",
        "coordinates": [
          5.4224915,
          43.2949586
        ]
      },
      "properties": {
        "city": "Marseille",
        "nom": "La Boiseraie",
        "name": "La Boiseraie",
        "type": "tram"
      }
    },
    {
      "type": "Feature",
      "geometry": {
        "type": "Point",
        "coordinates": [
          5.4109979,
          43.256805
        ]
      },
      "properties": {
        "city": "Marseille",
        "nom": "La Gaye",
        "name": "La Gaye",
        "type": "tram"
      }
    },
    {
      "type": "Feature",
      "geometry": {
        "type": "Point",
        "coordinates": [
          5.4323021,
          43.2946285
        ]
      },
      "properties": {
        "city": "Marseille",
        "nom": "La Grognarde",
        "name": "La Grognarde",
        "type": "tram"
      }
    },
    {
      "type": "Feature",
      "geometry": {
        "type": "Point",
        "coordinates": [
          5.4192399,
          43.2950161
        ]
      },
      "properties": {
        "city": "Marseille",
        "nom": "La Parette",
        "name": "La Parette",
        "type": "tram"
      }
    },
    {
      "type": "Feature",
      "geometry": {
        "type": "Point",
        "coordinates": [
          5.5544595,
          43.2856282
        ]
      },
      "properties": {
        "city": "Marseille",
        "nom": "La Tourtelle",
        "name": "La Tourtelle",
        "type": "tram"
      }
    },
    {
      "type": "Feature",
      "geometry": {
        "type": "Point",
        "coordinates": [
          5.5511282,
          43.279163
        ]
      },
      "properties": {
        "city": "Marseille",
        "nom": "Le Charrel",
        "name": "Le Charrel",
        "type": "tram"
      }
    },
    {
      "type": "Feature",
      "geometry": {
        "type": "Point",
        "coordinates": [
          5.4439295,
          43.29471
        ]
      },
      "properties": {
        "city": "Marseille",
        "nom": "Les Caillols",
        "name": "Les Caillols",
        "type": "tram"
      }
    },
    {
      "type": "Feature",
      "geometry": {
        "type": "Point",
        "coordinates": [
          5.3886278,
          43.3015114
        ]
      },
      "properties": {
        "city": "Marseille",
        "nom": "Longchamp",
        "name": "Longchamp",
        "type": "tram"
      }
    },
    {
      "type": "Feature",
      "geometry": {
        "type": "Point",
        "coordinates": [
          5.388612,
          43.3015219
        ]
      },
      "properties": {
        "city": "Marseille",
        "nom": "Longchamp National",
        "name": "Longchamp National",
        "type": "tram"
      }
    },
    {
      "type": "Feature",
      "geometry": {
        "type": "Point",
        "coordinates": [
          5.5627677,
          43.2929418
        ]
      },
      "properties": {
        "city": "Marseille",
        "nom": "Martin Luther King",
        "name": "Martin Luther King",
        "type": "tram"
      }
    },
    {
      "type": "Feature",
      "geometry": {
        "type": "Point",
        "coordinates": [
          5.3816519,
          43.2977469
        ]
      },
      "properties": {
        "city": "Marseille",
        "nom": "Noailles",
        "name": "Noailles",
        "type": "tram"
      }
    },
    {
      "type": "Feature",
      "geometry": {
        "type": "Point",
        "coordinates": [
          5.3923612,
          43.3032649
        ]
      },
      "properties": {
        "city": "Marseille",
        "nom": "Palais Longchamp",
        "name": "Palais Longchamp",
        "type": "tram"
      }
    },
    {
      "type": "Feature",
      "geometry": {
        "type": "Point",
        "coordinates": [
          5.4048014,
          43.261914
        ]
      },
      "properties": {
        "city": "Marseille",
        "nom": "Parc Sévigné",
        "name": "Parc Sévigné",
        "type": "tram"
      }
    },
    {
      "type": "Feature",
      "geometry": {
        "type": "Point",
        "coordinates": [
          5.3903412,
          43.2823682
        ]
      },
      "properties": {
        "city": "Marseille",
        "nom": "Parc du 26e Centenaire",
        "name": "Parc du 26e Centenaire",
        "type": "tram"
      }
    },
    {
      "type": "Feature",
      "geometry": {
        "type": "Point",
        "coordinates": [
          5.5480172,
          43.2846982
        ]
      },
      "properties": {
        "city": "Marseille",
        "nom": "Piscine",
        "name": "Piscine",
        "type": "tram"
      }
    },
    {
      "type": "Feature",
      "geometry": {
        "type": "Point",
        "coordinates": [
          5.548035,
          43.2846537
        ]
      },
      "properties": {
        "city": "Marseille",
        "nom": "Piscine Alain Bernard - Oasis du Charrel",
        "name": "Piscine Alain Bernard - Oasis du Charrel",
        "type": "tram"
      }
    },
    {
      "type": "Feature",
      "geometry": {
        "type": "Point",
        "coordinates": [
          5.3992589,
          43.276922
        ]
      },
      "properties": {
        "city": "Marseille",
        "nom": "Place Ferrié",
        "name": "Place Ferrié",
        "type": "tram"
      }
    },
    {
      "type": "Feature",
      "geometry": {
        "type": "Point",
        "coordinates": [
          5.3806747,
          43.2913409
        ]
      },
      "properties": {
        "city": "Marseille",
        "nom": "Place de Rome",
        "name": "Place de Rome",
        "type": "tram"
      }
    },
    {
      "type": "Feature",
      "geometry": {
        "type": "Point",
        "coordinates": [
          5.5598944,
          43.2904695
        ]
      },
      "properties": {
        "city": "Marseille",
        "nom": "Ravel Decroix",
        "name": "Ravel Decroix",
        "type": "tram"
      }
    },
    {
      "type": "Feature",
      "geometry": {
        "type": "Point",
        "coordinates": [
          5.3794162,
          43.2935614
        ]
      },
      "properties": {
        "city": "Marseille",
        "nom": "Rome Davso",
        "name": "Rome Davso",
        "type": "tram"
      }
    },
    {
      "type": "Feature",
      "geometry": {
        "type": "Point",
        "coordinates": [
          5.3819845,
          43.2890471
        ]
      },
      "properties": {
        "city": "Marseille",
        "nom": "Rome Dragon",
        "name": "Rome Dragon",
        "type": "tram"
      }
    },
    {
      "type": "Feature",
      "geometry": {
        "type": "Point",
        "coordinates": [
          5.3855097,
          43.300026
        ]
      },
      "properties": {
        "city": "Marseille",
        "nom": "Réformés Canebière",
        "name": "Réformés Canebière",
        "type": "tram"
      }
    },
    {
      "type": "Feature",
      "geometry": {
        "type": "Point",
        "coordinates": [
          5.3693102,
          43.3021684
        ]
      },
      "properties": {
        "city": "Marseille",
        "nom": "République Dames",
        "name": "République Dames",
        "type": "tram"
      }
    },
    {
      "type": "Feature",
      "geometry": {
        "type": "Point",
        "coordinates": [
          5.371182,
          43.2998792
        ]
      },
      "properties": {
        "city": "Marseille",
        "nom": "Sadi Carnot",
        "name": "Sadi Carnot",
        "type": "tram"
      }
    },
    {
      "type": "Feature",
      "geometry": {
        "type": "Point",
        "coordinates": [
          5.4139656,
          43.2918376
        ]
      },
      "properties": {
        "city": "Marseille",
        "nom": "Saint-Pierre",
        "name": "Saint-Pierre",
        "type": "tram"
      }
    },
    {
      "type": "Feature",
      "geometry": {
        "type": "Point",
        "coordinates": [
          5.4020954,
          43.2712161
        ]
      },
      "properties": {
        "city": "Marseille",
        "nom": "Sainte-Marguerite Dromel",
        "name": "Sainte-Marguerite Dromel",
        "type": "tram"
      }
    },
    {
      "type": "Feature",
      "geometry": {
        "type": "Point",
        "coordinates": [
          5.4096197,
          43.2940334
        ]
      },
      "properties": {
        "city": "Marseille",
        "nom": "Sainte-Thérèse",
        "name": "Sainte-Thérèse",
        "type": "tram"
      }
    },
    {
      "type": "Feature",
      "geometry": {
        "type": "Point",
        "coordinates": [
          5.3687144,
          43.317333
        ]
      },
      "properties": {
        "city": "Marseille",
        "nom": "Salengro Bachas",
        "name": "Salengro Bachas",
        "type": "tram"
      }
    },
    {
      "type": "Feature",
      "geometry": {
        "type": "Point",
        "coordinates": [
          5.3676049,
          43.3216196
        ]
      },
      "properties": {
        "city": "Marseille",
        "nom": "Salengro Cougit",
        "name": "Salengro Cougit",
        "type": "tram"
      }
    },
    {
      "type": "Feature",
      "geometry": {
        "type": "Point",
        "coordinates": [
          5.4368228,
          43.2926684
        ]
      },
      "properties": {
        "city": "Marseille",
        "nom": "William Booth",
        "name": "William Booth",
        "type": "tram"
      }
    },
    {
      "type": "Feature",
      "geometry": {
        "type": "Point",
        "coordinates": [
          3.8685431,
          43.6457868
        ]
      },
      "properties": {
        "city": "Montpellier",
        "nom": "Agropolis",
        "name": "Agropolis",
        "type": "tram"
      }
    },
    {
      "type": "Feature",
      "geometry": {
        "type": "Point",
        "coordinates": [
          3.8833184,
          43.626274
        ]
      },
      "properties": {
        "city": "Montpellier",
        "nom": "Aiguelongue",
        "name": "Aiguelongue",
        "type": "tram"
      }
    },
    {
      "type": "Feature",
      "geometry": {
        "type": "Point",
        "coordinates": [
          3.8737832,
          43.6148176
        ]
      },
      "properties": {
        "city": "Montpellier",
        "nom": "Albert 1er - Jardin des Plantes",
        "name": "Albert 1er - Jardin des Plantes",
        "type": "tram"
      }
    },
    {
      "type": "Feature",
      "geometry": {
        "type": "Point",
        "coordinates": [
          3.8741502,
          43.6164538
        ]
      },
      "properties": {
        "city": "Montpellier",
        "nom": "Albert 1er - Saint-Charles",
        "name": "Albert 1er - Saint-Charles",
        "type": "tram"
      }
    },
    {
      "type": "Feature",
      "geometry": {
        "type": "Point",
        "coordinates": [
          3.8866898,
          43.6086092
        ]
      },
      "properties": {
        "city": "Montpellier",
        "nom": "Antigone",
        "name": "Antigone",
        "type": "tram"
      }
    },
    {
      "type": "Feature",
      "geometry": {
        "type": "Point",
        "coordinates": [
          3.8624768,
          43.609864
        ]
      },
      "properties": {
        "city": "Montpellier",
        "nom": "Arceaux",
        "name": "Arceaux",
        "type": "tram"
      }
    },
    {
      "type": "Feature",
      "geometry": {
        "type": "Point",
        "coordinates": [
          3.855048,
          43.6102597
        ]
      },
      "properties": {
        "city": "Montpellier",
        "nom": "Astruc",
        "name": "Astruc",
        "type": "tram"
      }
    },
    {
      "type": "Feature",
      "geometry": {
        "type": "Point",
        "coordinates": [
          3.9248354,
          43.638641
        ]
      },
      "properties": {
        "city": "Montpellier",
        "nom": "Aube Rouge",
        "name": "Aube Rouge",
        "type": "tram"
      }
    },
    {
      "type": "Feature",
      "geometry": {
        "type": "Point",
        "coordinates": [
          3.8832024,
          43.6071308
        ]
      },
      "properties": {
        "city": "Montpellier",
        "nom": "Avenue Henri Frenay",
        "name": "Avenue Henri Frenay",
        "type": "tram"
      }
    },
    {
      "type": "Feature",
      "geometry": {
        "type": "Point",
        "coordinates": [
          3.8835972,
          43.6170502
        ]
      },
      "properties": {
        "city": "Montpellier",
        "nom": "Beaux-Arts",
        "name": "Beaux-Arts",
        "type": "tram"
      }
    },
    {
      "type": "Feature",
      "geometry": {
        "type": "Point",
        "coordinates": [
          3.9201707,
          43.5853861
        ]
      },
      "properties": {
        "city": "Montpellier",
        "nom": "Boirargues",
        "name": "Boirargues",
        "type": "tram"
      }
    },
    {
      "type": "Feature",
      "geometry": {
        "type": "Point",
        "coordinates": [
          3.8681444,
          43.6224984
        ]
      },
      "properties": {
        "city": "Montpellier",
        "nom": "Boutonnet  - Cité des Arts",
        "name": "Boutonnet  - Cité des Arts",
        "type": "tram"
      }
    },
    {
      "type": "Feature",
      "geometry": {
        "type": "Point",
        "coordinates": [
          3.868056,
          43.622599
        ]
      },
      "properties": {
        "city": "Montpellier",
        "nom": "Boutonnet - Cité des Arts",
        "name": "Boutonnet - Cité des Arts",
        "type": "tram"
      }
    },
    {
      "type": "Feature",
      "geometry": {
        "type": "Point",
        "coordinates": [
          3.8657672,
          43.6383531
        ]
      },
      "properties": {
        "city": "Montpellier",
        "nom": "CNRS - Zoo de Lunaret",
        "name": "CNRS - Zoo de Lunaret",
        "type": "tram"
      }
    },
    {
      "type": "Feature",
      "geometry": {
        "type": "Point",
        "coordinates": [
          3.8259015,
          43.6156769
        ]
      },
      "properties": {
        "city": "Montpellier",
        "nom": "Celleneuve",
        "name": "Celleneuve",
        "type": "tram"
      }
    },
    {
      "type": "Feature",
      "geometry": {
        "type": "Point",
        "coordinates": [
          3.9156202,
          43.6327809
        ]
      },
      "properties": {
        "city": "Montpellier",
        "nom": "Centurions",
        "name": "Centurions",
        "type": "tram"
      }
    },
    {
      "type": "Feature",
      "geometry": {
        "type": "Point",
        "coordinates": [
          3.8544372,
          43.602587
        ]
      },
      "properties": {
        "city": "Montpellier",
        "nom": "Chamberte - Les Roses",
        "name": "Chamberte - Les Roses",
        "type": "tram"
      }
    },
    {
      "type": "Feature",
      "geometry": {
        "type": "Point",
        "coordinates": [
          3.8976846,
          43.6285691
        ]
      },
      "properties": {
        "city": "Montpellier",
        "nom": "Charles de Gaulle",
        "name": "Charles de Gaulle",
        "type": "tram"
      }
    },
    {
      "type": "Feature",
      "geometry": {
        "type": "Point",
        "coordinates": [
          3.8430532,
          43.6316074
        ]
      },
      "properties": {
        "city": "Montpellier",
        "nom": "Château d'Ô",
        "name": "Château d'Ô",
        "type": "tram"
      }
    },
    {
      "type": "Feature",
      "geometry": {
        "type": "Point",
        "coordinates": [
          3.8619893,
          43.6016994
        ]
      },
      "properties": {
        "city": "Montpellier",
        "nom": "Cité Créative - Parc Montcalm",
        "name": "Cité Créative - Parc Montcalm",
        "type": "tram"
      }
    },
    {
      "type": "Feature",
      "geometry": {
        "type": "Point",
        "coordinates": [
          3.9025061,
          43.6301628
        ]
      },
      "properties": {
        "city": "Montpellier",
        "nom": "Clairval",
        "name": "Clairval",
        "type": "tram"
      }
    },
    {
      "type": "Feature",
      "geometry": {
        "type": "Point",
        "coordinates": [
          3.8725697,
          43.6535007
        ]
      },
      "properties": {
        "city": "Montpellier",
        "nom": "Clapiers",
        "name": "Clapiers",
        "type": "tram"
      }
    },
    {
      "type": "Feature",
      "geometry": {
        "type": "Point",
        "coordinates": [
          3.8797702,
          43.6084079
        ]
      },
      "properties": {
        "city": "Montpellier",
        "nom": "Comédie",
        "name": "Comédie",
        "type": "tram"
      }
    },
    {
      "type": "Feature",
      "geometry": {
        "type": "Point",
        "coordinates": [
          3.881957,
          43.6142561
        ]
      },
      "properties": {
        "city": "Montpellier",
        "nom": "Corum",
        "name": "Corum",
        "type": "tram"
      }
    },
    {
      "type": "Feature",
      "geometry": {
        "type": "Point",
        "coordinates": [
          3.9141537,
          43.5713259
        ]
      },
      "properties": {
        "city": "Montpellier",
        "nom": "Cougourlude",
        "name": "Cougourlude",
        "type": "tram"
      }
    },
    {
      "type": "Feature",
      "geometry": {
        "type": "Point",
        "coordinates": [
          3.8664382,
          43.5925048
        ]
      },
      "properties": {
        "city": "Montpellier",
        "nom": "Croix d'Argent",
        "name": "Croix d'Argent",
        "type": "tram"
      }
    },
    {
      "type": "Feature",
      "geometry": {
        "type": "Point",
        "coordinates": [
          3.8833017,
          43.6071804
        ]
      },
      "properties": {
        "city": "Montpellier",
        "nom": "Du Guesclin",
        "name": "Du Guesclin",
        "type": "tram"
      }
    },
    {
      "type": "Feature",
      "geometry": {
        "type": "Point",
        "coordinates": [
          3.8490694,
          43.6006315
        ]
      },
      "properties": {
        "city": "Montpellier",
        "nom": "Estanove",
        "name": "Estanove",
        "type": "tram"
      }
    },
    {
      "type": "Feature",
      "geometry": {
        "type": "Point",
        "coordinates": [
          3.8276286,
          43.6389849
        ]
      },
      "properties": {
        "city": "Montpellier",
        "nom": "Euromédecine",
        "name": "Euromédecine",
        "type": "tram"
      }
    },
    {
      "type": "Feature",
      "geometry": {
        "type": "Point",
        "coordinates": [
          3.8739545,
          43.6055891
        ]
      },
      "properties": {
        "city": "Montpellier",
        "nom": "Gambetta",
        "name": "Gambetta",
        "type": "tram"
      }
    },
    {
      "type": "Feature",
      "geometry": {
        "type": "Point",
        "coordinates": [
          3.8727299,
          43.6062372
        ]
      },
      "properties": {
        "city": "Montpellier",
        "nom": "Gambetta - Chaptal",
        "name": "Gambetta - Chaptal",
        "type": "tram"
      }
    },
    {
      "type": "Feature",
      "geometry": {
        "type": "Point",
        "coordinates": [
          3.8745798,
          43.6051115
        ]
      },
      "properties": {
        "city": "Montpellier",
        "nom": "Gambetta - Saint-Denis",
        "name": "Gambetta - Saint-Denis",
        "type": "tram"
      }
    },
    {
      "type": "Feature",
      "geometry": {
        "type": "Point",
        "coordinates": [
          3.8909614,
          43.5911314
        ]
      },
      "properties": {
        "city": "Montpellier",
        "nom": "Garcia Lorca",
        "name": "Garcia Lorca",
        "type": "tram"
      }
    },
    {
      "type": "Feature",
      "geometry": {
        "type": "Point",
        "coordinates": [
          3.8801992,
          43.6056584
        ]
      },
      "properties": {
        "city": "Montpellier",
        "nom": "Gare Saint-Roch",
        "name": "Gare Saint-Roch",
        "type": "tram"
      }
    },
    {
      "type": "Feature",
      "geometry": {
        "type": "Point",
        "coordinates": [
          3.8797962,
          43.6051723
        ]
      },
      "properties": {
        "city": "Montpellier",
        "nom": "Gare Saint-Roch - République",
        "name": "Gare Saint-Roch - République",
        "type": "tram"
      }
    },
    {
      "type": "Feature",
      "geometry": {
        "type": "Point",
        "coordinates": [
          3.9222649,
          43.5969149
        ]
      },
      "properties": {
        "city": "Montpellier",
        "nom": "Gare Sud de France",
        "name": "Gare Sud de France",
        "type": "tram"
      }
    },
    {
      "type": "Feature",
      "geometry": {
        "type": "Point",
        "coordinates": [
          3.8949293,
          43.5994093
        ]
      },
      "properties": {
        "city": "Montpellier",
        "nom": "Georges Frêche - Hôtel de ville",
        "name": "Georges Frêche - Hôtel de ville",
        "type": "tram"
      }
    },
    {
      "type": "Feature",
      "geometry": {
        "type": "Point",
        "coordinates": [
          3.9209977,
          43.6493853
        ]
      },
      "properties": {
        "city": "Montpellier",
        "nom": "Georges Pompidou",
        "name": "Georges Pompidou",
        "type": "tram"
      }
    },
    {
      "type": "Feature",
      "geometry": {
        "type": "Point",
        "coordinates": [
          3.8232969,
          43.5929304
        ]
      },
      "properties": {
        "city": "Montpellier",
        "nom": "Grés de Montpellier",
        "name": "Grés de Montpellier",
        "type": "tram"
      }
    },
    {
      "type": "Feature",
      "geometry": {
        "type": "Point",
        "coordinates": [
          3.8174933,
          43.6275357
        ]
      },
      "properties": {
        "city": "Montpellier",
        "nom": "Halles de la Paillade",
        "name": "Halles de la Paillade",
        "type": "tram"
      }
    },
    {
      "type": "Feature",
      "geometry": {
        "type": "Point",
        "coordinates": [
          3.8226703,
          43.6362734
        ]
      },
      "properties": {
        "city": "Montpellier",
        "nom": "Hauts de Massane",
        "name": "Hauts de Massane",
        "type": "tram"
      }
    },
    {
      "type": "Feature",
      "geometry": {
        "type": "Point",
        "coordinates": [
          3.8525865,
          43.6316941
        ]
      },
      "properties": {
        "city": "Montpellier",
        "nom": "Hôpital Lapeyronie",
        "name": "Hôpital Lapeyronie",
        "type": "tram"
      }
    },
    {
      "type": "Feature",
      "geometry": {
        "type": "Point",
        "coordinates": [
          3.8351279,
          43.6220087
        ]
      },
      "properties": {
        "city": "Montpellier",
        "nom": "Hôtel du Département",
        "name": "Hôtel du Département",
        "type": "tram"
      }
    },
    {
      "type": "Feature",
      "geometry": {
        "type": "Point",
        "coordinates": [
          3.9128047,
          43.6545596
        ]
      },
      "properties": {
        "city": "Montpellier",
        "nom": "Jacou",
        "name": "Jacou",
        "type": "tram"
      }
    },
    {
      "type": "Feature",
      "geometry": {
        "type": "Point",
        "coordinates": [
          3.8840706,
          43.6204816
        ]
      },
      "properties": {
        "city": "Montpellier",
        "nom": "Jeu de Mail des Abbés",
        "name": "Jeu de Mail des Abbés",
        "type": "tram"
      }
    },
    {
      "type": "Feature",
      "geometry": {
        "type": "Point",
        "coordinates": [
          3.8467949,
          43.6113243
        ]
      },
      "properties": {
        "city": "Montpellier",
        "nom": "Jules Guesde",
        "name": "Jules Guesde",
        "type": "tram"
      }
    },
    {
      "type": "Feature",
      "geometry": {
        "type": "Point",
        "coordinates": [
          3.8099711,
          43.6174206
        ]
      },
      "properties": {
        "city": "Montpellier",
        "nom": "Juvignac",
        "name": "Juvignac",
        "type": "tram"
      }
    },
    {
      "type": "Feature",
      "geometry": {
        "type": "Point",
        "coordinates": [
          3.8444363,
          43.5719919
        ]
      },
      "properties": {
        "city": "Montpellier",
        "nom": "La Condamine",
        "name": "La Condamine",
        "type": "tram"
      }
    },
    {
      "type": "Feature",
      "geometry": {
        "type": "Point",
        "coordinates": [
          3.9089161,
          43.6314427
        ]
      },
      "properties": {
        "city": "Montpellier",
        "nom": "La Galine",
        "name": "La Galine",
        "type": "tram"
      }
    },
    {
      "type": "Feature",
      "geometry": {
        "type": "Point",
        "coordinates": [
          3.8958178,
          43.5935375
        ]
      },
      "properties": {
        "city": "Montpellier",
        "nom": "La Rauze",
        "name": "La Rauze",
        "type": "tram"
      }
    },
    {
      "type": "Feature",
      "geometry": {
        "type": "Point",
        "coordinates": [
          3.9052229,
          43.570666
        ]
      },
      "properties": {
        "city": "Montpellier",
        "nom": "Lattes Centre",
        "name": "Lattes Centre",
        "type": "tram"
      }
    },
    {
      "type": "Feature",
      "geometry": {
        "type": "Point",
        "coordinates": [
          3.8731927,
          43.59358
        ]
      },
      "properties": {
        "city": "Montpellier",
        "nom": "Lemasson",
        "name": "Lemasson",
        "type": "tram"
      }
    },
    {
      "type": "Feature",
      "geometry": {
        "type": "Point",
        "coordinates": [
          3.8883314,
          43.6139508
        ]
      },
      "properties": {
        "city": "Montpellier",
        "nom": "Les Aubes",
        "name": "Les Aubes",
        "type": "tram"
      }
    },
    {
      "type": "Feature",
      "geometry": {
        "type": "Point",
        "coordinates": [
          3.8782032,
          43.6147274
        ]
      },
      "properties": {
        "city": "Montpellier",
        "nom": "Louis Blanc - Agora de la Danse",
        "name": "Louis Blanc - Agora de la Danse",
        "type": "tram"
      }
    },
    {
      "type": "Feature",
      "geometry": {
        "type": "Point",
        "coordinates": [
          3.8781283,
          43.6147115
        ]
      },
      "properties": {
        "city": "Montpellier",
        "nom": "Louis-Blanc — Agora de la Danse",
        "name": "Louis-Blanc — Agora de la Danse",
        "type": "tram"
      }
    },
    {
      "type": "Feature",
      "geometry": {
        "type": "Point",
        "coordinates": [
          3.8902941,
          43.6088993
        ]
      },
      "properties": {
        "city": "Montpellier",
        "nom": "Léon Blum",
        "name": "Léon Blum",
        "type": "tram"
      }
    },
    {
      "type": "Feature",
      "geometry": {
        "type": "Point",
        "coordinates": [
          3.8332043,
          43.6346401
        ]
      },
      "properties": {
        "city": "Montpellier",
        "nom": "Malbosc - Domaine d'Ô",
        "name": "Malbosc - Domaine d'Ô",
        "type": "tram"
      }
    },
    {
      "type": "Feature",
      "geometry": {
        "type": "Point",
        "coordinates": [
          3.8679574,
          43.5955627
        ]
      },
      "properties": {
        "city": "Montpellier",
        "nom": "Mas Drevon",
        "name": "Mas Drevon",
        "type": "tram"
      }
    },
    {
      "type": "Feature",
      "geometry": {
        "type": "Point",
        "coordinates": [
          3.9100221,
          43.6033557
        ]
      },
      "properties": {
        "city": "Montpellier",
        "nom": "Millénaire",
        "name": "Millénaire",
        "type": "tram"
      }
    },
    {
      "type": "Feature",
      "geometry": {
        "type": "Point",
        "coordinates": [
          3.9041182,
          43.6027649
        ]
      },
      "properties": {
        "city": "Montpellier",
        "nom": "Mondial 98",
        "name": "Mondial 98",
        "type": "tram"
      }
    },
    {
      "type": "Feature",
      "geometry": {
        "type": "Point",
        "coordinates": [
          3.8670239,
          43.6513789
        ]
      },
      "properties": {
        "city": "Montpellier",
        "nom": "Montferrier-sur-Lez",
        "name": "Montferrier-sur-Lez",
        "type": "tram"
      }
    },
    {
      "type": "Feature",
      "geometry": {
        "type": "Point",
        "coordinates": [
          3.8196447,
          43.6161429
        ]
      },
      "properties": {
        "city": "Montpellier",
        "nom": "Mosson",
        "name": "Mosson",
        "type": "tram"
      }
    },
    {
      "type": "Feature",
      "geometry": {
        "type": "Point",
        "coordinates": [
          3.8955449,
          43.6005714
        ]
      },
      "properties": {
        "city": "Montpellier",
        "nom": "Moularès (Hôtel de Ville)",
        "name": "Moularès (Hôtel de Ville)",
        "type": "tram"
      }
    },
    {
      "type": "Feature",
      "geometry": {
        "type": "Point",
        "coordinates": [
          3.9223924,
          43.6342577
        ]
      },
      "properties": {
        "city": "Montpellier",
        "nom": "Notre-Dame de Sablassou",
        "name": "Notre-Dame de Sablassou",
        "type": "tram"
      }
    },
    {
      "type": "Feature",
      "geometry": {
        "type": "Point",
        "coordinates": [
          3.8756775,
          43.5994208
        ]
      },
      "properties": {
        "city": "Montpellier",
        "nom": "Nouveau Saint-Roch",
        "name": "Nouveau Saint-Roch",
        "type": "tram"
      }
    },
    {
      "type": "Feature",
      "geometry": {
        "type": "Point",
        "coordinates": [
          3.8766896,
          43.606427
        ]
      },
      "properties": {
        "city": "Montpellier",
        "nom": "Observatoire",
        "name": "Observatoire",
        "type": "tram"
      }
    },
    {
      "type": "Feature",
      "geometry": {
        "type": "Point",
        "coordinates": [
          3.8483979,
          43.6347952
        ]
      },
      "properties": {
        "city": "Montpellier",
        "nom": "Occitanie - Hôpitaux-Facultés",
        "name": "Occitanie - Hôpitaux-Facultés",
        "type": "tram"
      }
    },
    {
      "type": "Feature",
      "geometry": {
        "type": "Point",
        "coordinates": [
          3.9204329,
          43.603795
        ]
      },
      "properties": {
        "city": "Montpellier",
        "nom": "Odysseum",
        "name": "Odysseum",
        "type": "tram"
      }
    },
    {
      "type": "Feature",
      "geometry": {
        "type": "Point",
        "coordinates": [
          3.8473782,
          43.5913875
        ]
      },
      "properties": {
        "city": "Montpellier",
        "nom": "Ovalie",
        "name": "Ovalie",
        "type": "tram"
      }
    },
    {
      "type": "Feature",
      "geometry": {
        "type": "Point",
        "coordinates": [
          3.9035259,
          43.5979503
        ]
      },
      "properties": {
        "city": "Montpellier",
        "nom": "Pablo Picasso",
        "name": "Pablo Picasso",
        "type": "tram"
      }
    },
    {
      "type": "Feature",
      "geometry": {
        "type": "Point",
        "coordinates": [
          3.8421377,
          43.5936744
        ]
      },
      "properties": {
        "city": "Montpellier",
        "nom": "Parc Bagatelle",
        "name": "Parc Bagatelle",
        "type": "tram"
      }
    },
    {
      "type": "Feature",
      "geometry": {
        "type": "Point",
        "coordinates": [
          3.8718545,
          43.6032034
        ]
      },
      "properties": {
        "city": "Montpellier",
        "nom": "Parc Clemenceau",
        "name": "Parc Clemenceau",
        "type": "tram"
      }
    },
    {
      "type": "Feature",
      "geometry": {
        "type": "Point",
        "coordinates": [
          3.9457963,
          43.5728456
        ]
      },
      "properties": {
        "city": "Montpellier",
        "nom": "Parc Expo",
        "name": "Parc Expo",
        "type": "tram"
      }
    },
    {
      "type": "Feature",
      "geometry": {
        "type": "Point",
        "coordinates": [
          3.837232,
          43.5953931
        ]
      },
      "properties": {
        "city": "Montpellier",
        "nom": "Parc Font-Colombe",
        "name": "Parc Font-Colombe",
        "type": "tram"
      }
    },
    {
      "type": "Feature",
      "geometry": {
        "type": "Point",
        "coordinates": [
          3.8292721,
          43.5929639
        ]
      },
      "properties": {
        "city": "Montpellier",
        "nom": "Parc des Bouisses",
        "name": "Parc des Bouisses",
        "type": "tram"
      }
    },
    {
      "type": "Feature",
      "geometry": {
        "type": "Point",
        "coordinates": [
          3.8397593,
          43.6174105
        ]
      },
      "properties": {
        "city": "Montpellier",
        "nom": "Pergola",
        "name": "Pergola",
        "type": "tram"
      }
    },
    {
      "type": "Feature",
      "geometry": {
        "type": "Point",
        "coordinates": [
          3.8723484,
          43.6117993
        ]
      },
      "properties": {
        "city": "Montpellier",
        "nom": "Peyrou - Arc de Triomphe",
        "name": "Peyrou - Arc de Triomphe",
        "type": "tram"
      }
    },
    {
      "type": "Feature",
      "geometry": {
        "type": "Point",
        "coordinates": [
          3.8723488,
          43.6115942
        ]
      },
      "properties": {
        "city": "Montpellier",
        "nom": "Peyrou Arc de triomphe",
        "name": "Peyrou Arc de triomphe",
        "type": "tram"
      }
    },
    {
      "type": "Feature",
      "geometry": {
        "type": "Point",
        "coordinates": [
          3.8321502,
          43.6195923
        ]
      },
      "properties": {
        "city": "Montpellier",
        "nom": "Pilory",
        "name": "Pilory",
        "type": "tram"
      }
    },
    {
      "type": "Feature",
      "geometry": {
        "type": "Point",
        "coordinates": [
          3.8842954,
          43.6036345
        ]
      },
      "properties": {
        "city": "Montpellier",
        "nom": "Place Carnot",
        "name": "Place Carnot",
        "type": "tram"
      }
    },
    {
      "type": "Feature",
      "geometry": {
        "type": "Point",
        "coordinates": [
          3.9157023,
          43.6037495
        ]
      },
      "properties": {
        "city": "Montpellier",
        "nom": "Place de France",
        "name": "Place de France",
        "type": "tram"
      }
    },
    {
      "type": "Feature",
      "geometry": {
        "type": "Point",
        "coordinates": [
          3.8939097,
          43.6072981
        ]
      },
      "properties": {
        "city": "Montpellier",
        "nom": "Place de l'Europe",
        "name": "Place de l'Europe",
        "type": "tram"
      }
    },
    {
      "type": "Feature",
      "geometry": {
        "type": "Point",
        "coordinates": [
          3.8678958,
          43.6012206
        ]
      },
      "properties": {
        "city": "Montpellier",
        "nom": "Place du 8 Mai 1945",
        "name": "Place du 8 Mai 1945",
        "type": "tram"
      }
    },
    {
      "type": "Feature",
      "geometry": {
        "type": "Point",
        "coordinates": [
          3.8680755,
          43.6085497
        ]
      },
      "properties": {
        "city": "Montpellier",
        "nom": "Plan Cabanes",
        "name": "Plan Cabanes",
        "type": "tram"
      }
    },
    {
      "type": "Feature",
      "geometry": {
        "type": "Point",
        "coordinates": [
          3.8613349,
          43.6443985
        ]
      },
      "properties": {
        "city": "Montpellier",
        "nom": "Plan des 4 Seigneurs",
        "name": "Plan des 4 Seigneurs",
        "type": "tram"
      }
    },
    {
      "type": "Feature",
      "geometry": {
        "type": "Point",
        "coordinates": [
          3.8949065,
          43.6125111
        ]
      },
      "properties": {
        "city": "Montpellier",
        "nom": "Pompignane",
        "name": "Pompignane",
        "type": "tram"
      }
    },
    {
      "type": "Feature",
      "geometry": {
        "type": "Point",
        "coordinates": [
          3.8997688,
          43.6016281
        ]
      },
      "properties": {
        "city": "Montpellier",
        "nom": "Port Marianne",
        "name": "Port Marianne",
        "type": "tram"
      }
    },
    {
      "type": "Feature",
      "geometry": {
        "type": "Point",
        "coordinates": [
          3.9573953,
          43.5654383
        ]
      },
      "properties": {
        "city": "Montpellier",
        "nom": "Pérols - Centre",
        "name": "Pérols - Centre",
        "type": "tram"
      }
    },
    {
      "type": "Feature",
      "geometry": {
        "type": "Point",
        "coordinates": [
          3.9636059,
          43.5579423
        ]
      },
      "properties": {
        "city": "Montpellier",
        "nom": "Pérols Étang de l'Or",
        "name": "Pérols Étang de l'Or",
        "type": "tram"
      }
    },
    {
      "type": "Feature",
      "geometry": {
        "type": "Point",
        "coordinates": [
          3.8678897,
          43.6338103
        ]
      },
      "properties": {
        "city": "Montpellier",
        "nom": "Pôle Chimie Balard",
        "name": "Pôle Chimie Balard",
        "type": "tram"
      }
    },
    {
      "type": "Feature",
      "geometry": {
        "type": "Point",
        "coordinates": [
          3.8852278,
          43.590299
        ]
      },
      "properties": {
        "city": "Montpellier",
        "nom": "Restanque",
        "name": "Restanque",
        "type": "tram"
      }
    },
    {
      "type": "Feature",
      "geometry": {
        "type": "Point",
        "coordinates": [
          3.8948979,
          43.6040961
        ]
      },
      "properties": {
        "city": "Montpellier",
        "nom": "Rives du Lez",
        "name": "Rives du Lez",
        "type": "tram"
      }
    },
    {
      "type": "Feature",
      "geometry": {
        "type": "Point",
        "coordinates": [
          3.8940022,
          43.603993
        ]
      },
      "properties": {
        "city": "Montpellier",
        "nom": "Rives du Lez - Consuls de Mer",
        "name": "Rives du Lez - Consuls de Mer",
        "type": "tram"
      }
    },
    {
      "type": "Feature",
      "geometry": {
        "type": "Point",
        "coordinates": [
          3.8761818,
          43.6030665
        ]
      },
      "properties": {
        "city": "Montpellier",
        "nom": "Rondelet",
        "name": "Rondelet",
        "type": "tram"
      }
    },
    {
      "type": "Feature",
      "geometry": {
        "type": "Point",
        "coordinates": [
          3.8601051,
          43.583879
        ]
      },
      "properties": {
        "city": "Montpellier",
        "nom": "Sabines",
        "name": "Sabines",
        "type": "tram"
      }
    },
    {
      "type": "Feature",
      "geometry": {
        "type": "Point",
        "coordinates": [
          3.8760145,
          43.594954
        ]
      },
      "properties": {
        "city": "Montpellier",
        "nom": "Saint-Cléophas",
        "name": "Saint-Cléophas",
        "type": "tram"
      }
    },
    {
      "type": "Feature",
      "geometry": {
        "type": "Point",
        "coordinates": [
          3.8735064,
          43.6081132
        ]
      },
      "properties": {
        "city": "Montpellier",
        "nom": "Saint-Guilhem - Courreau",
        "name": "Saint-Guilhem - Courreau",
        "type": "tram"
      }
    },
    {
      "type": "Feature",
      "geometry": {
        "type": "Point",
        "coordinates": [
          3.8306564,
          43.5748738
        ]
      },
      "properties": {
        "city": "Montpellier",
        "nom": "Saint-Jean-de-Védas Centre",
        "name": "Saint-Jean-de-Védas Centre",
        "type": "tram"
      }
    },
    {
      "type": "Feature",
      "geometry": {
        "type": "Point",
        "coordinates": [
          3.8379052,
          43.5708282
        ]
      },
      "properties": {
        "city": "Montpellier",
        "nom": "Saint-Jean-le-Sec",
        "name": "Saint-Jean-le-Sec",
        "type": "tram"
      }
    },
    {
      "type": "Feature",
      "geometry": {
        "type": "Point",
        "coordinates": [
          3.8887704,
          43.6267745
        ]
      },
      "properties": {
        "city": "Montpellier",
        "nom": "Saint-Lazare",
        "name": "Saint-Lazare",
        "type": "tram"
      }
    },
    {
      "type": "Feature",
      "geometry": {
        "type": "Point",
        "coordinates": [
          3.8804566,
          43.5921013
        ]
      },
      "properties": {
        "city": "Montpellier",
        "nom": "Saint-Martin - Le Jam",
        "name": "Saint-Martin - Le Jam",
        "type": "tram"
      }
    },
    {
      "type": "Feature",
      "geometry": {
        "type": "Point",
        "coordinates": [
          3.8210039,
          43.6306907
        ]
      },
      "properties": {
        "city": "Montpellier",
        "nom": "Saint-Paul",
        "name": "Saint-Paul",
        "type": "tram"
      }
    },
    {
      "type": "Feature",
      "geometry": {
        "type": "Point",
        "coordinates": [
          3.8657829,
          43.6269229
        ]
      },
      "properties": {
        "city": "Montpellier",
        "nom": "Saint-Éloi",
        "name": "Saint-Éloi",
        "type": "tram"
      }
    },
    {
      "type": "Feature",
      "geometry": {
        "type": "Point",
        "coordinates": [
          3.8664903,
          43.6269532
        ]
      },
      "properties": {
        "city": "Montpellier",
        "nom": "Saint-Éloi - Docteur Pezet",
        "name": "Saint-Éloi - Docteur Pezet",
        "type": "tram"
      }
    },
    {
      "type": "Feature",
      "geometry": {
        "type": "Point",
        "coordinates": [
          3.9256144,
          43.5827358
        ]
      },
      "properties": {
        "city": "Montpellier",
        "nom": "Soriech",
        "name": "Soriech",
        "type": "tram"
      }
    },
    {
      "type": "Feature",
      "geometry": {
        "type": "Point",
        "coordinates": [
          3.8694871,
          43.6189067
        ]
      },
      "properties": {
        "city": "Montpellier",
        "nom": "Stade Philippidès",
        "name": "Stade Philippidès",
        "type": "tram"
      }
    },
    {
      "type": "Feature",
      "geometry": {
        "type": "Point",
        "coordinates": [
          3.8173578,
          43.6211235
        ]
      },
      "properties": {
        "city": "Montpellier",
        "nom": "Stade de la Mosson",
        "name": "Stade de la Mosson",
        "type": "tram"
      }
    },
    {
      "type": "Feature",
      "geometry": {
        "type": "Point",
        "coordinates": [
          3.8397933,
          43.6134871
        ]
      },
      "properties": {
        "city": "Montpellier",
        "nom": "Tonnelles",
        "name": "Tonnelles",
        "type": "tram"
      }
    },
    {
      "type": "Feature",
      "geometry": {
        "type": "Point",
        "coordinates": [
          3.8616709,
          43.6291563
        ]
      },
      "properties": {
        "city": "Montpellier",
        "nom": "Université Montpellier - Triolet",
        "name": "Université Montpellier - Triolet",
        "type": "tram"
      }
    },
    {
      "type": "Feature",
      "geometry": {
        "type": "Point",
        "coordinates": [
          3.8697137,
          43.629762
        ]
      },
      "properties": {
        "city": "Montpellier",
        "nom": "Université Paul Valéry",
        "name": "Université Paul Valéry",
        "type": "tram"
      }
    },
    {
      "type": "Feature",
      "geometry": {
        "type": "Point",
        "coordinates": [
          3.9294517,
          43.6468218
        ]
      },
      "properties": {
        "city": "Montpellier",
        "nom": "Via Domitia",
        "name": "Via Domitia",
        "type": "tram"
      }
    },
    {
      "type": "Feature",
      "geometry": {
        "type": "Point",
        "coordinates": [
          3.8499642,
          43.5752209
        ]
      },
      "properties": {
        "city": "Montpellier",
        "nom": "Victoire 2",
        "name": "Victoire 2",
        "type": "tram"
      }
    },
    {
      "type": "Feature",
      "geometry": {
        "type": "Point",
        "coordinates": [
          3.865695,
          43.5888673
        ]
      },
      "properties": {
        "city": "Montpellier",
        "nom": "Villeneuve d'Angoulême",
        "name": "Villeneuve d'Angoulême",
        "type": "tram"
      }
    },
    {
      "type": "Feature",
      "geometry": {
        "type": "Point",
        "coordinates": [
          3.8892253,
          43.6037049
        ]
      },
      "properties": {
        "city": "Montpellier",
        "nom": "Voltaire",
        "name": "Voltaire",
        "type": "tram"
      }
    },
    {
      "type": "Feature",
      "geometry": {
        "type": "Point",
        "coordinates": [
          3.8498892,
          43.5951437
        ]
      },
      "properties": {
        "city": "Montpellier",
        "nom": "Yves du Manoir",
        "name": "Yves du Manoir",
        "type": "tram"
      }
    },
    {
      "type": "Feature",
      "geometry": {
        "type": "Point",
        "coordinates": [
          3.9352762,
          43.5779836
        ]
      },
      "properties": {
        "city": "Montpellier",
        "nom": "Écopôle",
        "name": "Écopôle",
        "type": "tram"
      }
    },
    {
      "type": "Feature",
      "geometry": {
        "type": "Point",
        "coordinates": [
          7.3040548,
          47.7332691
        ]
      },
      "properties": {
        "city": "Mulhouse",
        "nom": "Bel Air",
        "name": "Bel Air",
        "type": "tram"
      }
    },
    {
      "type": "Feature",
      "geometry": {
        "type": "Point",
        "coordinates": [
          7.173325,
          47.8018406
        ]
      },
      "properties": {
        "city": "Mulhouse",
        "nom": "Cernay",
        "name": "Cernay",
        "type": "tram"
      }
    },
    {
      "type": "Feature",
      "geometry": {
        "type": "Point",
        "coordinates": [
          7.3288789,
          47.7768325
        ]
      },
      "properties": {
        "city": "Mulhouse",
        "nom": "Châtaigner",
        "name": "Châtaigner",
        "type": "tram"
      }
    },
    {
      "type": "Feature",
      "geometry": {
        "type": "Point",
        "coordinates": [
          7.3288366,
          47.7768596
        ]
      },
      "properties": {
        "city": "Mulhouse",
        "nom": "Châtaignier",
        "name": "Châtaignier",
        "type": "tram"
      }
    },
    {
      "type": "Feature",
      "geometry": {
        "type": "Point",
        "coordinates": [
          7.3360393,
          47.7562853
        ]
      },
      "properties": {
        "city": "Mulhouse",
        "nom": "Cité Administrative",
        "name": "Cité Administrative",
        "type": "tram"
      }
    },
    {
      "type": "Feature",
      "geometry": {
        "type": "Point",
        "coordinates": [
          7.3321934,
          47.7603834
        ]
      },
      "properties": {
        "city": "Mulhouse",
        "nom": "Cité de l'Auto",
        "name": "Cité de l'Auto",
        "type": "tram"
      }
    },
    {
      "type": "Feature",
      "geometry": {
        "type": "Point",
        "coordinates": [
          7.2975933,
          47.7349106
        ]
      },
      "properties": {
        "city": "Mulhouse",
        "nom": "Coteaux",
        "name": "Coteaux",
        "type": "tram"
      }
    },
    {
      "type": "Feature",
      "geometry": {
        "type": "Point",
        "coordinates": [
          7.324386,
          47.74254
        ]
      },
      "properties": {
        "city": "Mulhouse",
        "nom": "Daguerre",
        "name": "Daguerre",
        "type": "tram"
      }
    },
    {
      "type": "Feature",
      "geometry": {
        "type": "Point",
        "coordinates": [
          7.3257794,
          47.7628378
        ]
      },
      "properties": {
        "city": "Mulhouse",
        "nom": "Doller",
        "name": "Doller",
        "type": "tram"
      }
    },
    {
      "type": "Feature",
      "geometry": {
        "type": "Point",
        "coordinates": [
          7.3090673,
          47.7463409
        ]
      },
      "properties": {
        "city": "Mulhouse",
        "nom": "Dornach Gare",
        "name": "Dornach Gare",
        "type": "tram"
      }
    },
    {
      "type": "Feature",
      "geometry": {
        "type": "Point",
        "coordinates": [
          7.3431727,
          47.7428272
        ]
      },
      "properties": {
        "city": "Mulhouse",
        "nom": "Gare Centrale",
        "name": "Gare Centrale",
        "type": "tram"
      }
    },
    {
      "type": "Feature",
      "geometry": {
        "type": "Point",
        "coordinates": [
          7.3374253,
          47.7525359
        ]
      },
      "properties": {
        "city": "Mulhouse",
        "nom": "Grand Rex",
        "name": "Grand Rex",
        "type": "tram"
      }
    },
    {
      "type": "Feature",
      "geometry": {
        "type": "Point",
        "coordinates": [
          7.2251892,
          47.7807087
        ]
      },
      "properties": {
        "city": "Mulhouse",
        "nom": "Greffenwald",
        "name": "Greffenwald",
        "type": "tram"
      }
    },
    {
      "type": "Feature",
      "geometry": {
        "type": "Point",
        "coordinates": [
          7.3104603,
          47.7321365
        ]
      },
      "properties": {
        "city": "Mulhouse",
        "nom": "Illberg",
        "name": "Illberg",
        "type": "tram"
      }
    },
    {
      "type": "Feature",
      "geometry": {
        "type": "Point",
        "coordinates": [
          7.3480358,
          47.7563326
        ]
      },
      "properties": {
        "city": "Mulhouse",
        "nom": "Lefebvre",
        "name": "Lefebvre",
        "type": "tram"
      }
    },
    {
      "type": "Feature",
      "geometry": {
        "type": "Point",
        "coordinates": [
          7.2764847,
          47.7580765
        ]
      },
      "properties": {
        "city": "Mulhouse",
        "nom": "Lutterbach Gare",
        "name": "Lutterbach Gare",
        "type": "tram"
      }
    },
    {
      "type": "Feature",
      "geometry": {
        "type": "Point",
        "coordinates": [
          7.3354873,
          47.7493034
        ]
      },
      "properties": {
        "city": "Mulhouse",
        "nom": "Mairie",
        "name": "Mairie",
        "type": "tram"
      }
    },
    {
      "type": "Feature",
      "geometry": {
        "type": "Point",
        "coordinates": [
          7.2984885,
          47.7501701
        ]
      },
      "properties": {
        "city": "Mulhouse",
        "nom": "Musées",
        "name": "Musées",
        "type": "tram"
      }
    },
    {
      "type": "Feature",
      "geometry": {
        "type": "Point",
        "coordinates": [
          7.3014096,
          47.7363253
        ]
      },
      "properties": {
        "city": "Mulhouse",
        "nom": "Nations",
        "name": "Nations",
        "type": "tram"
      }
    },
    {
      "type": "Feature",
      "geometry": {
        "type": "Point",
        "coordinates": [
          7.3457673,
          47.7525869
        ]
      },
      "properties": {
        "city": "Mulhouse",
        "nom": "Nordfeld",
        "name": "Nordfeld",
        "type": "tram"
      }
    },
    {
      "type": "Feature",
      "geometry": {
        "type": "Point",
        "coordinates": [
          7.350892,
          47.7595131
        ]
      },
      "properties": {
        "city": "Mulhouse",
        "nom": "Nouveau Bassin",
        "name": "Nouveau Bassin",
        "type": "tram"
      }
    },
    {
      "type": "Feature",
      "geometry": {
        "type": "Point",
        "coordinates": [
          7.3192881,
          47.7374795
        ]
      },
      "properties": {
        "city": "Mulhouse",
        "nom": "Palais des Sports",
        "name": "Palais des Sports",
        "type": "tram"
      }
    },
    {
      "type": "Feature",
      "geometry": {
        "type": "Point",
        "coordinates": [
          7.3334555,
          47.7637522
        ]
      },
      "properties": {
        "city": "Mulhouse",
        "nom": "Parc des Expos",
        "name": "Parc des Expos",
        "type": "tram"
      }
    },
    {
      "type": "Feature",
      "geometry": {
        "type": "Point",
        "coordinates": [
          7.3318321,
          47.746622
        ]
      },
      "properties": {
        "city": "Mulhouse",
        "nom": "Porte Haute",
        "name": "Porte Haute",
        "type": "tram"
      }
    },
    {
      "type": "Feature",
      "geometry": {
        "type": "Point",
        "coordinates": [
          7.3400086,
          47.7495889
        ]
      },
      "properties": {
        "city": "Mulhouse",
        "nom": "Porte Jeune",
        "name": "Porte Jeune",
        "type": "tram"
      }
    },
    {
      "type": "Feature",
      "geometry": {
        "type": "Point",
        "coordinates": [
          7.3211542,
          47.7699067
        ]
      },
      "properties": {
        "city": "Mulhouse",
        "nom": "Rattachement",
        "name": "Rattachement",
        "type": "tram"
      }
    },
    {
      "type": "Feature",
      "geometry": {
        "type": "Point",
        "coordinates": [
          7.3413752,
          47.7460356
        ]
      },
      "properties": {
        "city": "Mulhouse",
        "nom": "République",
        "name": "République",
        "type": "tram"
      }
    },
    {
      "type": "Feature",
      "geometry": {
        "type": "Point",
        "coordinates": [
          7.3294567,
          47.7731049
        ]
      },
      "properties": {
        "city": "Mulhouse",
        "nom": "Saint-Nazaire",
        "name": "Saint-Nazaire",
        "type": "tram"
      }
    },
    {
      "type": "Feature",
      "geometry": {
        "type": "Point",
        "coordinates": [
          7.3219682,
          47.7674346
        ]
      },
      "properties": {
        "city": "Mulhouse",
        "nom": "Stade de Bourtzwiller",
        "name": "Stade de Bourtzwiller",
        "type": "tram"
      }
    },
    {
      "type": "Feature",
      "geometry": {
        "type": "Point",
        "coordinates": [
          7.3286167,
          47.7450665
        ]
      },
      "properties": {
        "city": "Mulhouse",
        "nom": "Tour Nessel",
        "name": "Tour Nessel",
        "type": "tram"
      }
    },
    {
      "type": "Feature",
      "geometry": {
        "type": "Point",
        "coordinates": [
          7.3255376,
          47.770981
        ]
      },
      "properties": {
        "city": "Mulhouse",
        "nom": "Tuilerie",
        "name": "Tuilerie",
        "type": "tram"
      }
    },
    {
      "type": "Feature",
      "geometry": {
        "type": "Point",
        "coordinates": [
          7.3151785,
          47.7335202
        ]
      },
      "properties": {
        "city": "Mulhouse",
        "nom": "Université",
        "name": "Université",
        "type": "tram"
      }
    },
    {
      "type": "Feature",
      "geometry": {
        "type": "Point",
        "coordinates": [
          7.3169984,
          47.7435245
        ]
      },
      "properties": {
        "city": "Mulhouse",
        "nom": "Zu Rhein",
        "name": "Zu Rhein",
        "type": "tram"
      }
    },
    {
      "type": "Feature",
      "geometry": {
        "type": "Point",
        "coordinates": [
          -1.5557828,
          47.2200209
        ]
      },
      "properties": {
        "city": "Nantes",
        "nom": "50 Otages",
        "name": "50 Otages",
        "type": "tram"
      }
    },
    {
      "type": "Feature",
      "geometry": {
        "type": "Point",
        "coordinates": [
          -1.5515294,
          47.1893905
        ]
      },
      "properties": {
        "city": "Nantes",
        "nom": "8 Mai",
        "name": "8 Mai",
        "type": "tram"
      }
    },
    {
      "type": "Feature",
      "geometry": {
        "type": "Point",
        "coordinates": [
          -1.5502759,
          47.2091247
        ]
      },
      "properties": {
        "city": "Nantes",
        "nom": "Aimé Delrue",
        "name": "Aimé Delrue",
        "type": "tram"
      }
    },
    {
      "type": "Feature",
      "geometry": {
        "type": "Point",
        "coordinates": [
          -1.5775227,
          47.2328591
        ]
      },
      "properties": {
        "city": "Nantes",
        "nom": "Alexandre Vincent - Sainte-Thérèse",
        "name": "Alexandre Vincent - Sainte-Thérèse",
        "type": "tram"
      }
    },
    {
      "type": "Feature",
      "geometry": {
        "type": "Point",
        "coordinates": [
          -1.577599,
          47.2328526
        ]
      },
      "properties": {
        "city": "Nantes",
        "nom": "Alexandre Vincent Sainte-Thérèse",
        "name": "Alexandre Vincent Sainte-Thérèse",
        "type": "tram"
      }
    },
    {
      "type": "Feature",
      "geometry": {
        "type": "Point",
        "coordinates": [
          -1.5466286,
          47.25929
        ]
      },
      "properties": {
        "city": "Nantes",
        "nom": "Babinière",
        "name": "Babinière",
        "type": "tram"
      }
    },
    {
      "type": "Feature",
      "geometry": {
        "type": "Point",
        "coordinates": [
          -1.5539516,
          47.1861222
        ]
      },
      "properties": {
        "city": "Nantes",
        "nom": "Balinière",
        "name": "Balinière",
        "type": "tram"
      }
    },
    {
      "type": "Feature",
      "geometry": {
        "type": "Point",
        "coordinates": [
          -1.5259933,
          47.2588237
        ]
      },
      "properties": {
        "city": "Nantes",
        "nom": "Beaujoire",
        "name": "Beaujoire",
        "type": "tram"
      }
    },
    {
      "type": "Feature",
      "geometry": {
        "type": "Point",
        "coordinates": [
          -1.5871848,
          47.2382112
        ]
      },
      "properties": {
        "city": "Nantes",
        "nom": "Beauséjour",
        "name": "Beauséjour",
        "type": "tram"
      }
    },
    {
      "type": "Feature",
      "geometry": {
        "type": "Point",
        "coordinates": [
          -1.5978674,
          47.2492395
        ]
      },
      "properties": {
        "city": "Nantes",
        "nom": "Bignon",
        "name": "Bignon",
        "type": "tram"
      }
    },
    {
      "type": "Feature",
      "geometry": {
        "type": "Point",
        "coordinates": [
          -1.5659419,
          47.2550907
        ]
      },
      "properties": {
        "city": "Nantes",
        "nom": "Boissière",
        "name": "Boissière",
        "type": "tram"
      }
    },
    {
      "type": "Feature",
      "geometry": {
        "type": "Point",
        "coordinates": [
          -1.5523453,
          47.2145651
        ]
      },
      "properties": {
        "city": "Nantes",
        "nom": "Bouffay",
        "name": "Bouffay",
        "type": "tram"
      }
    },
    {
      "type": "Feature",
      "geometry": {
        "type": "Point",
        "coordinates": [
          -1.5199951,
          47.2244406
        ]
      },
      "properties": {
        "city": "Nantes",
        "nom": "Boulevard de Doulon",
        "name": "Boulevard de Doulon",
        "type": "tram"
      }
    },
    {
      "type": "Feature",
      "geometry": {
        "type": "Point",
        "coordinates": [
          -1.559808,
          47.253192
        ]
      },
      "properties": {
        "city": "Nantes",
        "nom": "Bourgeonnière",
        "name": "Bourgeonnière",
        "type": "tram"
      }
    },
    {
      "type": "Feature",
      "geometry": {
        "type": "Point",
        "coordinates": [
          -1.5584045,
          47.2172282
        ]
      },
      "properties": {
        "city": "Nantes",
        "nom": "Bretagne",
        "name": "Bretagne",
        "type": "tram"
      }
    },
    {
      "type": "Feature",
      "geometry": {
        "type": "Point",
        "coordinates": [
          -1.567552,
          47.2088633
        ]
      },
      "properties": {
        "city": "Nantes",
        "nom": "Chantiers Navals",
        "name": "Chantiers Navals",
        "type": "tram"
      }
    },
    {
      "type": "Feature",
      "geometry": {
        "type": "Point",
        "coordinates": [
          -1.5595187,
          47.1847571
        ]
      },
      "properties": {
        "city": "Nantes",
        "nom": "Château de Rezé Place François Mitterrand",
        "name": "Château de Rezé Place François Mitterrand",
        "type": "tram"
      }
    },
    {
      "type": "Feature",
      "geometry": {
        "type": "Point",
        "coordinates": [
          -1.5732797,
          47.2614112
        ]
      },
      "properties": {
        "city": "Nantes",
        "nom": "Chêne des Anglais",
        "name": "Chêne des Anglais",
        "type": "tram"
      }
    },
    {
      "type": "Feature",
      "geometry": {
        "type": "Point",
        "coordinates": [
          -1.545016,
          47.213711
        ]
      },
      "properties": {
        "city": "Nantes",
        "nom": "Cité des Congrès",
        "name": "Cité des Congrès",
        "type": "tram"
      }
    },
    {
      "type": "Feature",
      "geometry": {
        "type": "Point",
        "coordinates": [
          -1.5557642,
          47.2143743
        ]
      },
      "properties": {
        "city": "Nantes",
        "nom": "Commerce",
        "name": "Commerce",
        "type": "tram"
      }
    },
    {
      "type": "Feature",
      "geometry": {
        "type": "Point",
        "coordinates": [
          -1.5954404,
          47.2096313
        ]
      },
      "properties": {
        "city": "Nantes",
        "nom": "Croix Bonneau",
        "name": "Croix Bonneau",
        "type": "tram"
      }
    },
    {
      "type": "Feature",
      "geometry": {
        "type": "Point",
        "coordinates": [
          -1.5818224,
          47.2075514
        ]
      },
      "properties": {
        "city": "Nantes",
        "nom": "Du Chaffault",
        "name": "Du Chaffault",
        "type": "tram"
      }
    },
    {
      "type": "Feature",
      "geometry": {
        "type": "Point",
        "coordinates": [
          -1.547301,
          47.216242
        ]
      },
      "properties": {
        "city": "Nantes",
        "nom": "Duchesse Anne - Château",
        "name": "Duchesse Anne - Château",
        "type": "tram"
      }
    },
    {
      "type": "Feature",
      "geometry": {
        "type": "Point",
        "coordinates": [
          -1.5627969,
          47.1844123
        ]
      },
      "properties": {
        "city": "Nantes",
        "nom": "Espace Diderot",
        "name": "Espace Diderot",
        "type": "tram"
      }
    },
    {
      "type": "Feature",
      "geometry": {
        "type": "Point",
        "coordinates": [
          -1.5552308,
          47.2457585
        ]
      },
      "properties": {
        "city": "Nantes",
        "nom": "Facultés",
        "name": "Facultés",
        "type": "tram"
      }
    },
    {
      "type": "Feature",
      "geometry": {
        "type": "Point",
        "coordinates": [
          -1.5915449,
          47.2432175
        ]
      },
      "properties": {
        "city": "Nantes",
        "nom": "Ferrière",
        "name": "Ferrière",
        "type": "tram"
      }
    },
    {
      "type": "Feature",
      "geometry": {
        "type": "Point",
        "coordinates": [
          -1.6205809,
          47.2190736
        ]
      },
      "properties": {
        "city": "Nantes",
        "nom": "Frachon",
        "name": "Frachon",
        "type": "tram"
      }
    },
    {
      "type": "Feature",
      "geometry": {
        "type": "Point",
        "coordinates": [
          -1.6380654,
          47.2220656
        ]
      },
      "properties": {
        "city": "Nantes",
        "nom": "François Mitterrand",
        "name": "François Mitterrand",
        "type": "tram"
      }
    },
    {
      "type": "Feature",
      "geometry": {
        "type": "Point",
        "coordinates": [
          -1.5695179,
          47.227138
        ]
      },
      "properties": {
        "city": "Nantes",
        "nom": "Félix Faure",
        "name": "Félix Faure",
        "type": "tram"
      }
    },
    {
      "type": "Feature",
      "geometry": {
        "type": "Point",
        "coordinates": [
          -1.5731161,
          47.2070566
        ]
      },
      "properties": {
        "city": "Nantes",
        "nom": "Gare Maritime",
        "name": "Gare Maritime",
        "type": "tram"
      }
    },
    {
      "type": "Feature",
      "geometry": {
        "type": "Point",
        "coordinates": [
          -1.5423976,
          47.2178543
        ]
      },
      "properties": {
        "city": "Nantes",
        "nom": "Gare Nord - Jardin des Plantes",
        "name": "Gare Nord - Jardin des Plantes",
        "type": "tram"
      }
    },
    {
      "type": "Feature",
      "geometry": {
        "type": "Point",
        "coordinates": [
          -1.5490626,
          47.1930407
        ]
      },
      "properties": {
        "city": "Nantes",
        "nom": "Gare de Pont-Rousseau",
        "name": "Gare de Pont-Rousseau",
        "type": "tram"
      }
    },
    {
      "type": "Feature",
      "geometry": {
        "type": "Point",
        "coordinates": [
          -1.5794788,
          47.1813519
        ]
      },
      "properties": {
        "city": "Nantes",
        "nom": "Grande Ouche",
        "name": "Grande Ouche",
        "type": "tram"
      }
    },
    {
      "type": "Feature",
      "geometry": {
        "type": "Point",
        "coordinates": [
          -1.5229081,
          47.2491427
        ]
      },
      "properties": {
        "city": "Nantes",
        "nom": "Haluchère-Batignolles",
        "name": "Haluchère-Batignolles",
        "type": "tram"
      }
    },
    {
      "type": "Feature",
      "geometry": {
        "type": "Point",
        "coordinates": [
          -1.520452,
          47.2572683
        ]
      },
      "properties": {
        "city": "Nantes",
        "nom": "Halvêque",
        "name": "Halvêque",
        "type": "tram"
      }
    },
    {
      "type": "Feature",
      "geometry": {
        "type": "Point",
        "coordinates": [
          -1.5245007,
          47.2211736
        ]
      },
      "properties": {
        "city": "Nantes",
        "nom": "Hôpital Bellier",
        "name": "Hôpital Bellier",
        "type": "tram"
      }
    },
    {
      "type": "Feature",
      "geometry": {
        "type": "Point",
        "coordinates": [
          -1.553317,
          47.2118608
        ]
      },
      "properties": {
        "city": "Nantes",
        "nom": "Hôtel Dieu",
        "name": "Hôtel Dieu",
        "type": "tram"
      }
    },
    {
      "type": "Feature",
      "geometry": {
        "type": "Point",
        "coordinates": [
          -1.6030623,
          47.2100469
        ]
      },
      "properties": {
        "city": "Nantes",
        "nom": "Jamet",
        "name": "Jamet",
        "type": "tram"
      }
    },
    {
      "type": "Feature",
      "geometry": {
        "type": "Point",
        "coordinates": [
          -1.5603807,
          47.2185819
        ]
      },
      "properties": {
        "city": "Nantes",
        "nom": "Jean Jaurès",
        "name": "Jean Jaurès",
        "type": "tram"
      }
    },
    {
      "type": "Feature",
      "geometry": {
        "type": "Point",
        "coordinates": [
          -1.6002397,
          47.2069495
        ]
      },
      "properties": {
        "city": "Nantes",
        "nom": "Jean Moulin",
        "name": "Jean Moulin",
        "type": "tram"
      }
    },
    {
      "type": "Feature",
      "geometry": {
        "type": "Point",
        "coordinates": [
          -1.5938701,
          47.2460344
        ]
      },
      "properties": {
        "city": "Nantes",
        "nom": "Jean Rostand",
        "name": "Jean Rostand",
        "type": "tram"
      }
    },
    {
      "type": "Feature",
      "geometry": {
        "type": "Point",
        "coordinates": [
          -1.516109,
          47.2323156
        ]
      },
      "properties": {
        "city": "Nantes",
        "nom": "Landreau",
        "name": "Landreau",
        "type": "tram"
      }
    },
    {
      "type": "Feature",
      "geometry": {
        "type": "Point",
        "coordinates": [
          -1.6050016,
          47.2047466
        ]
      },
      "properties": {
        "city": "Nantes",
        "nom": "Lauriers",
        "name": "Lauriers",
        "type": "tram"
      }
    },
    {
      "type": "Feature",
      "geometry": {
        "type": "Point",
        "coordinates": [
          -1.5842593,
          47.2618117
        ]
      },
      "properties": {
        "city": "Nantes",
        "nom": "Le Cardo",
        "name": "Le Cardo",
        "type": "tram"
      }
    },
    {
      "type": "Feature",
      "geometry": {
        "type": "Point",
        "coordinates": [
          -1.5864833,
          47.1807902
        ]
      },
      "properties": {
        "city": "Nantes",
        "nom": "Les Couëts",
        "name": "Les Couëts",
        "type": "tram"
      }
    },
    {
      "type": "Feature",
      "geometry": {
        "type": "Point",
        "coordinates": [
          -1.5823534,
          47.2350364
        ]
      },
      "properties": {
        "city": "Nantes",
        "nom": "Longchamp",
        "name": "Longchamp",
        "type": "tram"
      }
    },
    {
      "type": "Feature",
      "geometry": {
        "type": "Point",
        "coordinates": [
          -1.5823956,
          47.2350132
        ]
      },
      "properties": {
        "city": "Nantes",
        "nom": "Longchamps",
        "name": "Longchamps",
        "type": "tram"
      }
    },
    {
      "type": "Feature",
      "geometry": {
        "type": "Point",
        "coordinates": [
          -1.5186443,
          47.2268522
        ]
      },
      "properties": {
        "city": "Nantes",
        "nom": "Mairie de Doulon",
        "name": "Mairie de Doulon",
        "type": "tram"
      }
    },
    {
      "type": "Feature",
      "geometry": {
        "type": "Point",
        "coordinates": [
          -1.5451031,
          47.2017387
        ]
      },
      "properties": {
        "city": "Nantes",
        "nom": "Mangin",
        "name": "Mangin",
        "type": "tram"
      }
    },
    {
      "type": "Feature",
      "geometry": {
        "type": "Point",
        "coordinates": [
          -1.5373632,
          47.2187475
        ]
      },
      "properties": {
        "city": "Nantes",
        "nom": "Manufacture",
        "name": "Manufacture",
        "type": "tram"
      }
    },
    {
      "type": "Feature",
      "geometry": {
        "type": "Point",
        "coordinates": [
          -1.616285,
          47.2459428
        ]
      },
      "properties": {
        "city": "Nantes",
        "nom": "Marcel Paul",
        "name": "Marcel Paul",
        "type": "tram"
      }
    },
    {
      "type": "Feature",
      "geometry": {
        "type": "Point",
        "coordinates": [
          -1.6115233,
          47.2087383
        ]
      },
      "properties": {
        "city": "Nantes",
        "nom": "Mendès France - Bellevue",
        "name": "Mendès France - Bellevue",
        "type": "tram"
      }
    },
    {
      "type": "Feature",
      "geometry": {
        "type": "Point",
        "coordinates": [
          -1.5566101,
          47.2351764
        ]
      },
      "properties": {
        "city": "Nantes",
        "nom": "Michelet Sciences",
        "name": "Michelet Sciences",
        "type": "tram"
      }
    },
    {
      "type": "Feature",
      "geometry": {
        "type": "Point",
        "coordinates": [
          -1.5564799,
          47.2415024
        ]
      },
      "properties": {
        "city": "Nantes",
        "nom": "Morrhonnière Petit Port",
        "name": "Morrhonnière Petit Port",
        "type": "tram"
      }
    },
    {
      "type": "Feature",
      "geometry": {
        "type": "Point",
        "coordinates": [
          -1.5541291,
          47.2278423
        ]
      },
      "properties": {
        "city": "Nantes",
        "nom": "Motte Rouge",
        "name": "Motte Rouge",
        "type": "tram"
      }
    },
    {
      "type": "Feature",
      "geometry": {
        "type": "Point",
        "coordinates": [
          -1.5331341,
          47.2195619
        ]
      },
      "properties": {
        "city": "Nantes",
        "nom": "Moutonnerie",
        "name": "Moutonnerie",
        "type": "tram"
      }
    },
    {
      "type": "Feature",
      "geometry": {
        "type": "Point",
        "coordinates": [
          -1.5608619,
          47.2111213
        ]
      },
      "properties": {
        "city": "Nantes",
        "nom": "Médiathèque",
        "name": "Médiathèque",
        "type": "tram"
      }
    },
    {
      "type": "Feature",
      "geometry": {
        "type": "Point",
        "coordinates": [
          -1.6137243,
          47.2176187
        ]
      },
      "properties": {
        "city": "Nantes",
        "nom": "Neruda",
        "name": "Neruda",
        "type": "tram"
      }
    },
    {
      "type": "Feature",
      "geometry": {
        "type": "Point",
        "coordinates": [
          -1.5927838,
          47.1772888
        ]
      },
      "properties": {
        "city": "Nantes",
        "nom": "Neustrie",
        "name": "Neustrie",
        "type": "tram"
      }
    },
    {
      "type": "Feature",
      "geometry": {
        "type": "Point",
        "coordinates": [
          -1.5921934,
          47.2618348
        ]
      },
      "properties": {
        "city": "Nantes",
        "nom": "Orvault Grand Val",
        "name": "Orvault Grand Val",
        "type": "tram"
      }
    },
    {
      "type": "Feature",
      "geometry": {
        "type": "Point",
        "coordinates": [
          -1.6033359,
          47.2469937
        ]
      },
      "properties": {
        "city": "Nantes",
        "nom": "Orvault Morlière",
        "name": "Orvault Morlière",
        "type": "tram"
      }
    },
    {
      "type": "Feature",
      "geometry": {
        "type": "Point",
        "coordinates": [
          -1.5180544,
          47.2435643
        ]
      },
      "properties": {
        "city": "Nantes",
        "nom": "Pin Sec",
        "name": "Pin Sec",
        "type": "tram"
      }
    },
    {
      "type": "Feature",
      "geometry": {
        "type": "Point",
        "coordinates": [
          -1.5427748,
          47.1961983
        ]
      },
      "properties": {
        "city": "Nantes",
        "nom": "Pirmil",
        "name": "Pirmil",
        "type": "tram"
      }
    },
    {
      "type": "Feature",
      "geometry": {
        "type": "Point",
        "coordinates": [
          -1.557108,
          47.2169442
        ]
      },
      "properties": {
        "city": "Nantes",
        "nom": "Place du Cirque",
        "name": "Place du Cirque",
        "type": "tram"
      }
    },
    {
      "type": "Feature",
      "geometry": {
        "type": "Point",
        "coordinates": [
          -1.5912553,
          47.2401825
        ]
      },
      "properties": {
        "city": "Nantes",
        "nom": "Plaisance",
        "name": "Plaisance",
        "type": "tram"
      }
    },
    {
      "type": "Feature",
      "geometry": {
        "type": "Point",
        "coordinates": [
          -1.5654719,
          47.2242474
        ]
      },
      "properties": {
        "city": "Nantes",
        "nom": "Poitou",
        "name": "Poitou",
        "type": "tram"
      }
    },
    {
      "type": "Feature",
      "geometry": {
        "type": "Point",
        "coordinates": [
          -1.5483898,
          47.1918533
        ]
      },
      "properties": {
        "city": "Nantes",
        "nom": "Pont-Rousseau Martyrs",
        "name": "Pont-Rousseau Martyrs",
        "type": "tram"
      }
    },
    {
      "type": "Feature",
      "geometry": {
        "type": "Point",
        "coordinates": [
          -1.5303578,
          47.2532428
        ]
      },
      "properties": {
        "city": "Nantes",
        "nom": "Ranzay",
        "name": "Ranzay",
        "type": "tram"
      }
    },
    {
      "type": "Feature",
      "geometry": {
        "type": "Point",
        "coordinates": [
          -1.5528896,
          47.2520425
        ]
      },
      "properties": {
        "city": "Nantes",
        "nom": "Recteur Schmitt",
        "name": "Recteur Schmitt",
        "type": "tram"
      }
    },
    {
      "type": "Feature",
      "geometry": {
        "type": "Point",
        "coordinates": [
          -1.5761929,
          47.2641932
        ]
      },
      "properties": {
        "city": "Nantes",
        "nom": "René Cassin",
        "name": "René Cassin",
        "type": "tram"
      }
    },
    {
      "type": "Feature",
      "geometry": {
        "type": "Point",
        "coordinates": [
          -1.6097724,
          47.2066579
        ]
      },
      "properties": {
        "city": "Nantes",
        "nom": "Romain Rolland",
        "name": "Romain Rolland",
        "type": "tram"
      }
    },
    {
      "type": "Feature",
      "geometry": {
        "type": "Point",
        "coordinates": [
          -1.6090651,
          47.2116944
        ]
      },
      "properties": {
        "city": "Nantes",
        "nom": "Romanet",
        "name": "Romanet",
        "type": "tram"
      }
    },
    {
      "type": "Feature",
      "geometry": {
        "type": "Point",
        "coordinates": [
          -1.5728608,
          47.2299787
        ]
      },
      "properties": {
        "city": "Nantes",
        "nom": "Rond point de Vannes",
        "name": "Rond point de Vannes",
        "type": "tram"
      }
    },
    {
      "type": "Feature",
      "geometry": {
        "type": "Point",
        "coordinates": [
          -1.5727424,
          47.2299239
        ]
      },
      "properties": {
        "city": "Nantes",
        "nom": "Rond-Point de Vannes",
        "name": "Rond-Point de Vannes",
        "type": "tram"
      }
    },
    {
      "type": "Feature",
      "geometry": {
        "type": "Point",
        "coordinates": [
          -1.5565771,
          47.2313904
        ]
      },
      "properties": {
        "city": "Nantes",
        "nom": "Saint-Félix",
        "name": "Saint-Félix",
        "type": "tram"
      }
    },
    {
      "type": "Feature",
      "geometry": {
        "type": "Point",
        "coordinates": [
          -1.5534236,
          47.2233184
        ]
      },
      "properties": {
        "city": "Nantes",
        "nom": "Saint-Mihiel",
        "name": "Saint-Mihiel",
        "type": "tram"
      }
    },
    {
      "type": "Feature",
      "geometry": {
        "type": "Point",
        "coordinates": [
          -1.5681431,
          47.2594616
        ]
      },
      "properties": {
        "city": "Nantes",
        "nom": "Santos Dumont",
        "name": "Santos Dumont",
        "type": "tram"
      }
    },
    {
      "type": "Feature",
      "geometry": {
        "type": "Point",
        "coordinates": [
          -1.6280357,
          47.220524
        ]
      },
      "properties": {
        "city": "Nantes",
        "nom": "Schoelcher",
        "name": "Schoelcher",
        "type": "tram"
      }
    },
    {
      "type": "Feature",
      "geometry": {
        "type": "Point",
        "coordinates": [
          -1.6086468,
          47.2456093
        ]
      },
      "properties": {
        "city": "Nantes",
        "nom": "Sillon de Bretagne",
        "name": "Sillon de Bretagne",
        "type": "tram"
      }
    },
    {
      "type": "Feature",
      "geometry": {
        "type": "Point",
        "coordinates": [
          -1.5160372,
          47.2382967
        ]
      },
      "properties": {
        "city": "Nantes",
        "nom": "Souillarderie",
        "name": "Souillarderie",
        "type": "tram"
      }
    },
    {
      "type": "Feature",
      "geometry": {
        "type": "Point",
        "coordinates": [
          -1.6081559,
          47.2145715
        ]
      },
      "properties": {
        "city": "Nantes",
        "nom": "Tertre",
        "name": "Tertre",
        "type": "tram"
      }
    },
    {
      "type": "Feature",
      "geometry": {
        "type": "Point",
        "coordinates": [
          -1.6326562,
          47.2214317
        ]
      },
      "properties": {
        "city": "Nantes",
        "nom": "Tourmaline",
        "name": "Tourmaline",
        "type": "tram"
      }
    },
    {
      "type": "Feature",
      "geometry": {
        "type": "Point",
        "coordinates": [
          -1.5700377,
          47.1832467
        ]
      },
      "properties": {
        "city": "Nantes",
        "nom": "Trocardière",
        "name": "Trocardière",
        "type": "tram"
      }
    },
    {
      "type": "Feature",
      "geometry": {
        "type": "Point",
        "coordinates": [
          -1.5626962,
          47.2213408
        ]
      },
      "properties": {
        "city": "Nantes",
        "nom": "Viarme-Talensac",
        "name": "Viarme-Talensac",
        "type": "tram"
      }
    },
    {
      "type": "Feature",
      "geometry": {
        "type": "Point",
        "coordinates": [
          -1.5483321,
          47.2064976
        ]
      },
      "properties": {
        "city": "Nantes",
        "nom": "Vincent Gâche",
        "name": "Vincent Gâche",
        "type": "tram"
      }
    },
    {
      "type": "Feature",
      "geometry": {
        "type": "Point",
        "coordinates": [
          -1.5465108,
          47.2039569
        ]
      },
      "properties": {
        "city": "Nantes",
        "nom": "Wattignies",
        "name": "Wattignies",
        "type": "tram"
      }
    },
    {
      "type": "Feature",
      "geometry": {
        "type": "Point",
        "coordinates": [
          -1.5512515,
          47.2486544
        ]
      },
      "properties": {
        "city": "Nantes",
        "nom": "École Centrale Audencia",
        "name": "École Centrale Audencia",
        "type": "tram"
      }
    },
    {
      "type": "Feature",
      "geometry": {
        "type": "Point",
        "coordinates": [
          -1.5886318,
          47.2093441
        ]
      },
      "properties": {
        "city": "Nantes",
        "nom": "Égalité",
        "name": "Égalité",
        "type": "tram"
      }
    },
    {
      "type": "Feature",
      "geometry": {
        "type": "Point",
        "coordinates": [
          7.2569888,
          43.697747
        ]
      },
      "properties": {
        "city": "Nice",
        "nom": "Alsace Lorraine",
        "name": "Alsace Lorraine",
        "type": "tram"
      }
    },
    {
      "type": "Feature",
      "geometry": {
        "type": "Point",
        "coordinates": [
          7.2108519,
          43.6652683
        ]
      },
      "properties": {
        "city": "Nice",
        "nom": "Aéroport Terminal 1",
        "name": "Aéroport Terminal 1",
        "type": "tram"
      }
    },
    {
      "type": "Feature",
      "geometry": {
        "type": "Point",
        "coordinates": [
          7.2051196,
          43.6606976
        ]
      },
      "properties": {
        "city": "Nice",
        "nom": "Aéroport Terminal 2",
        "name": "Aéroport Terminal 2",
        "type": "tram"
      }
    },
    {
      "type": "Feature",
      "geometry": {
        "type": "Point",
        "coordinates": [
          7.2618617,
          43.7118688
        ]
      },
      "properties": {
        "city": "Nice",
        "nom": "Borriglione",
        "name": "Borriglione",
        "type": "tram"
      }
    },
    {
      "type": "Feature",
      "geometry": {
        "type": "Point",
        "coordinates": [
          7.1991651,
          43.6767791
        ]
      },
      "properties": {
        "city": "Nice",
        "nom": "CADAM / Centre Administratif",
        "name": "CADAM / Centre Administratif",
        "type": "tram"
      }
    },
    {
      "type": "Feature",
      "geometry": {
        "type": "Point",
        "coordinates": [
          7.2305975,
          43.6807453
        ]
      },
      "properties": {
        "city": "Nice",
        "nom": "Carras",
        "name": "Carras",
        "type": "tram"
      }
    },
    {
      "type": "Feature",
      "geometry": {
        "type": "Point",
        "coordinates": [
          7.2240993,
          43.6723016
        ]
      },
      "properties": {
        "city": "Nice",
        "nom": "Cassin Kirchner",
        "name": "Cassin Kirchner",
        "type": "tram"
      }
    },
    {
      "type": "Feature",
      "geometry": {
        "type": "Point",
        "coordinates": [
          7.2765113,
          43.6984523
        ]
      },
      "properties": {
        "city": "Nice",
        "nom": "Cathédrale - Vieille Ville",
        "name": "Cathédrale - Vieille Ville",
        "type": "tram"
      }
    },
    {
      "type": "Feature",
      "geometry": {
        "type": "Point",
        "coordinates": [
          7.2495143,
          43.693036
        ]
      },
      "properties": {
        "city": "Nice",
        "nom": "Centre Universitaire Méditerranéen",
        "name": "Centre Universitaire Méditerranéen",
        "type": "tram"
      }
    },
    {
      "type": "Feature",
      "geometry": {
        "type": "Point",
        "coordinates": [
          7.255754,
          43.7259911
        ]
      },
      "properties": {
        "city": "Nice",
        "nom": "Comte de Falicon",
        "name": "Comte de Falicon",
        "type": "tram"
      }
    },
    {
      "type": "Feature",
      "geometry": {
        "type": "Point",
        "coordinates": [
          7.2060211,
          43.6766775
        ]
      },
      "properties": {
        "city": "Nice",
        "nom": "Digue des Français",
        "name": "Digue des Français",
        "type": "tram"
      }
    },
    {
      "type": "Feature",
      "geometry": {
        "type": "Point",
        "coordinates": [
          7.2723431,
          43.7014785
        ]
      },
      "properties": {
        "city": "Nice",
        "nom": "Durandy",
        "name": "Durandy",
        "type": "tram"
      }
    },
    {
      "type": "Feature",
      "geometry": {
        "type": "Point",
        "coordinates": [
          7.1965123,
          43.697802
        ]
      },
      "properties": {
        "city": "Nice",
        "nom": "Eco-Parc",
        "name": "Eco-Parc",
        "type": "tram"
      }
    },
    {
      "type": "Feature",
      "geometry": {
        "type": "Point",
        "coordinates": [
          7.2370795,
          43.6868445
        ]
      },
      "properties": {
        "city": "Nice",
        "nom": "Fabron",
        "name": "Fabron",
        "type": "tram"
      }
    },
    {
      "type": "Feature",
      "geometry": {
        "type": "Point",
        "coordinates": [
          7.2283234,
          43.6769068
        ]
      },
      "properties": {
        "city": "Nice",
        "nom": "Ferber",
        "name": "Ferber",
        "type": "tram"
      }
    },
    {
      "type": "Feature",
      "geometry": {
        "type": "Point",
        "coordinates": [
          7.2649113,
          43.7055257
        ]
      },
      "properties": {
        "city": "Nice",
        "nom": "Gare Thiers",
        "name": "Gare Thiers",
        "type": "tram"
      }
    },
    {
      "type": "Feature",
      "geometry": {
        "type": "Point",
        "coordinates": [
          7.2804895,
          43.7015264
        ]
      },
      "properties": {
        "city": "Nice",
        "nom": "Garibaldi",
        "name": "Garibaldi",
        "type": "tram"
      }
    },
    {
      "type": "Feature",
      "geometry": {
        "type": "Point",
        "coordinates": [
          7.2806524,
          43.7002274
        ]
      },
      "properties": {
        "city": "Nice",
        "nom": "Garibaldi - Le Château",
        "name": "Garibaldi - Le Château",
        "type": "tram"
      }
    },
    {
      "type": "Feature",
      "geometry": {
        "type": "Point",
        "coordinates": [
          7.2569207,
          43.7178497
        ]
      },
      "properties": {
        "city": "Nice",
        "nom": "Gorbella",
        "name": "Gorbella",
        "type": "tram"
      }
    },
    {
      "type": "Feature",
      "geometry": {
        "type": "Point",
        "coordinates": [
          7.2114015,
          43.6688766
        ]
      },
      "properties": {
        "city": "Nice",
        "nom": "Grand Arénas (dir CADAM)",
        "name": "Grand Arénas (dir CADAM)",
        "type": "tram"
      }
    },
    {
      "type": "Feature",
      "geometry": {
        "type": "Point",
        "coordinates": [
          7.2112416,
          43.6701547
        ]
      },
      "properties": {
        "city": "Nice",
        "nom": "Grand Arénas (dir CADAM/St Isidore)",
        "name": "Grand Arénas (dir CADAM/St Isidore)",
        "type": "tram"
      }
    },
    {
      "type": "Feature",
      "geometry": {
        "type": "Point",
        "coordinates": [
          7.2123795,
          43.6699418
        ]
      },
      "properties": {
        "city": "Nice",
        "nom": "Grand Arénas (dir Nice)",
        "name": "Grand Arénas (dir Nice)",
        "type": "tram"
      }
    },
    {
      "type": "Feature",
      "geometry": {
        "type": "Point",
        "coordinates": [
          7.2113188,
          43.6688801
        ]
      },
      "properties": {
        "city": "Nice",
        "nom": "Grand Arénas (dir aéroport)",
        "name": "Grand Arénas (dir aéroport)",
        "type": "tram"
      }
    },
    {
      "type": "Feature",
      "geometry": {
        "type": "Point",
        "coordinates": [
          7.2542263,
          43.7304544
        ]
      },
      "properties": {
        "city": "Nice",
        "nom": "Henri Sappia",
        "name": "Henri Sappia",
        "type": "tram"
      }
    },
    {
      "type": "Feature",
      "geometry": {
        "type": "Point",
        "coordinates": [
          7.2852283,
          43.7232854
        ]
      },
      "properties": {
        "city": "Nice",
        "nom": "Hôpital Pasteur",
        "name": "Hôpital Pasteur",
        "type": "tram"
      }
    },
    {
      "type": "Feature",
      "geometry": {
        "type": "Point",
        "coordinates": [
          7.2667227,
          43.700094
        ]
      },
      "properties": {
        "city": "Nice",
        "nom": "Jean Médecin",
        "name": "Jean Médecin",
        "type": "tram"
      }
    },
    {
      "type": "Feature",
      "geometry": {
        "type": "Point",
        "coordinates": [
          7.2016192,
          43.6875036
        ]
      },
      "properties": {
        "city": "Nice",
        "nom": "La Plaine",
        "name": "La Plaine",
        "type": "tram"
      }
    },
    {
      "type": "Feature",
      "geometry": {
        "type": "Point",
        "coordinates": [
          7.2564319,
          43.7215218
        ]
      },
      "properties": {
        "city": "Nice",
        "nom": "Le Ray",
        "name": "Le Ray",
        "type": "tram"
      }
    },
    {
      "type": "Feature",
      "geometry": {
        "type": "Point",
        "coordinates": [
          7.2411915,
          43.6895649
        ]
      },
      "properties": {
        "city": "Nice",
        "nom": "Lenval - Hôpital",
        "name": "Lenval - Hôpital",
        "type": "tram"
      }
    },
    {
      "type": "Feature",
      "geometry": {
        "type": "Point",
        "coordinates": [
          7.199281,
          43.6927686
        ]
      },
      "properties": {
        "city": "Nice",
        "nom": "Les Arboras - Université",
        "name": "Les Arboras - Université",
        "type": "tram"
      }
    },
    {
      "type": "Feature",
      "geometry": {
        "type": "Point",
        "coordinates": [
          7.2626024,
          43.709087
        ]
      },
      "properties": {
        "city": "Nice",
        "nom": "Libération",
        "name": "Libération",
        "type": "tram"
      }
    },
    {
      "type": "Feature",
      "geometry": {
        "type": "Point",
        "coordinates": [
          7.2457656,
          43.69168
        ]
      },
      "properties": {
        "city": "Nice",
        "nom": "Magnan",
        "name": "Magnan",
        "type": "tram"
      }
    },
    {
      "type": "Feature",
      "geometry": {
        "type": "Point",
        "coordinates": [
          7.2694373,
          43.698375
        ]
      },
      "properties": {
        "city": "Nice",
        "nom": "Masséna",
        "name": "Masséna",
        "type": "tram"
      }
    },
    {
      "type": "Feature",
      "geometry": {
        "type": "Point",
        "coordinates": [
          7.2034559,
          43.6820815
        ]
      },
      "properties": {
        "city": "Nice",
        "nom": "Méridia",
        "name": "Méridia",
        "type": "tram"
      }
    },
    {
      "type": "Feature",
      "geometry": {
        "type": "Point",
        "coordinates": [
          7.2729473,
          43.6972928
        ]
      },
      "properties": {
        "city": "Nice",
        "nom": "Opéra - Vieille Ville",
        "name": "Opéra - Vieille Ville",
        "type": "tram"
      }
    },
    {
      "type": "Feature",
      "geometry": {
        "type": "Point",
        "coordinates": [
          7.2838189,
          43.7073599
        ]
      },
      "properties": {
        "city": "Nice",
        "nom": "Palais des Expositions",
        "name": "Palais des Expositions",
        "type": "tram"
      }
    },
    {
      "type": "Feature",
      "geometry": {
        "type": "Point",
        "coordinates": [
          7.2191341,
          43.6694434
        ]
      },
      "properties": {
        "city": "Nice",
        "nom": "Parc Phoenix",
        "name": "Parc Phoenix",
        "type": "tram"
      }
    },
    {
      "type": "Feature",
      "geometry": {
        "type": "Point",
        "coordinates": [
          7.2086127,
          43.6734523
        ]
      },
      "properties": {
        "city": "Nice",
        "nom": "Paul Montel - Les Moulins",
        "name": "Paul Montel - Les Moulins",
        "type": "tram"
      }
    },
    {
      "type": "Feature",
      "geometry": {
        "type": "Point",
        "coordinates": [
          7.2907656,
          43.722706
        ]
      },
      "properties": {
        "city": "Nice",
        "nom": "Pont Michel",
        "name": "Pont Michel",
        "type": "tram"
      }
    },
    {
      "type": "Feature",
      "geometry": {
        "type": "Point",
        "coordinates": [
          7.2844794,
          43.698325
        ]
      },
      "properties": {
        "city": "Nice",
        "nom": "Port Lympia",
        "name": "Port Lympia",
        "type": "tram"
      }
    },
    {
      "type": "Feature",
      "geometry": {
        "type": "Point",
        "coordinates": [
          7.282266,
          43.7046119
        ]
      },
      "properties": {
        "city": "Nice",
        "nom": "République",
        "name": "République",
        "type": "tram"
      }
    },
    {
      "type": "Feature",
      "geometry": {
        "type": "Point",
        "coordinates": [
          7.2917065,
          43.7184579
        ]
      },
      "properties": {
        "city": "Nice",
        "nom": "Saint-Charles",
        "name": "Saint-Charles",
        "type": "tram"
      }
    },
    {
      "type": "Feature",
      "geometry": {
        "type": "Point",
        "coordinates": [
          7.1946396,
          43.7104613
        ]
      },
      "properties": {
        "city": "Nice",
        "nom": "Saint-Isidore",
        "name": "Saint-Isidore",
        "type": "tram"
      }
    },
    {
      "type": "Feature",
      "geometry": {
        "type": "Point",
        "coordinates": [
          7.2903378,
          43.709517
        ]
      },
      "properties": {
        "city": "Nice",
        "nom": "Saint-Jean d'Angély Université",
        "name": "Saint-Jean d'Angély Université",
        "type": "tram"
      }
    },
    {
      "type": "Feature",
      "geometry": {
        "type": "Point",
        "coordinates": [
          7.2927674,
          43.7117316
        ]
      },
      "properties": {
        "city": "Nice",
        "nom": "Saint-Roch",
        "name": "Saint-Roch",
        "type": "tram"
      }
    },
    {
      "type": "Feature",
      "geometry": {
        "type": "Point",
        "coordinates": [
          7.2335757,
          43.6835999
        ]
      },
      "properties": {
        "city": "Nice",
        "nom": "Sainte-Hélène",
        "name": "Sainte-Hélène",
        "type": "tram"
      }
    },
    {
      "type": "Feature",
      "geometry": {
        "type": "Point",
        "coordinates": [
          7.196416,
          43.7059652
        ]
      },
      "properties": {
        "city": "Nice",
        "nom": "Stade",
        "name": "Stade",
        "type": "tram"
      }
    },
    {
      "type": "Feature",
      "geometry": {
        "type": "Point",
        "coordinates": [
          7.210907,
          43.6652824
        ]
      },
      "properties": {
        "city": "Nice",
        "nom": "Terminal 1",
        "name": "Terminal 1",
        "type": "tram"
      }
    },
    {
      "type": "Feature",
      "geometry": {
        "type": "Point",
        "coordinates": [
          7.2051164,
          43.6607906
        ]
      },
      "properties": {
        "city": "Nice",
        "nom": "Terminal 2",
        "name": "Terminal 2",
        "type": "tram"
      }
    },
    {
      "type": "Feature",
      "geometry": {
        "type": "Point",
        "coordinates": [
          7.2615313,
          43.715535
        ]
      },
      "properties": {
        "city": "Nice",
        "nom": "Valrose Université",
        "name": "Valrose Université",
        "type": "tram"
      }
    },
    {
      "type": "Feature",
      "geometry": {
        "type": "Point",
        "coordinates": [
          7.286598,
          43.7100209
        ]
      },
      "properties": {
        "city": "Nice",
        "nom": "Vauban",
        "name": "Vauban",
        "type": "tram"
      }
    },
    {
      "type": "Feature",
      "geometry": {
        "type": "Point",
        "coordinates": [
          7.2928291,
          43.7149445
        ]
      },
      "properties": {
        "city": "Nice",
        "nom": "Virgile Barel",
        "name": "Virgile Barel",
        "type": "tram"
      }
    },
    {
      "type": "Feature",
      "geometry": {
        "type": "Point",
        "coordinates": [
          1.9369319,
          47.9088454
        ]
      },
      "properties": {
        "city": "Orleans",
        "nom": "Ambert",
        "name": "Ambert",
        "type": "tram"
      }
    },
    {
      "type": "Feature",
      "geometry": {
        "type": "Point",
        "coordinates": [
          1.8870261,
          47.9007334
        ]
      },
      "properties": {
        "city": "Orleans",
        "nom": "Beaumonts",
        "name": "Beaumonts",
        "type": "tram"
      }
    },
    {
      "type": "Feature",
      "geometry": {
        "type": "Point",
        "coordinates": [
          1.9290366,
          47.8316072
        ]
      },
      "properties": {
        "city": "Orleans",
        "nom": "Bolière",
        "name": "Bolière",
        "type": "tram"
      }
    },
    {
      "type": "Feature",
      "geometry": {
        "type": "Point",
        "coordinates": [
          1.9129849,
          47.9292378
        ]
      },
      "properties": {
        "city": "Orleans",
        "nom": "Bustière",
        "name": "Bustière",
        "type": "tram"
      }
    },
    {
      "type": "Feature",
      "geometry": {
        "type": "Point",
        "coordinates": [
          1.9131571,
          47.8746983
        ]
      },
      "properties": {
        "city": "Orleans",
        "nom": "CO'Met",
        "name": "CO'Met",
        "type": "tram"
      }
    },
    {
      "type": "Feature",
      "geometry": {
        "type": "Point",
        "coordinates": [
          1.908807,
          47.9022664
        ]
      },
      "properties": {
        "city": "Orleans",
        "nom": "Cathédrale",
        "name": "Cathédrale",
        "type": "tram"
      }
    },
    {
      "type": "Feature",
      "geometry": {
        "type": "Point",
        "coordinates": [
          1.9087098,
          47.9029497
        ]
      },
      "properties": {
        "city": "Orleans",
        "nom": "Cathédrale Hôtel de Ville",
        "name": "Cathédrale Hôtel de Ville",
        "type": "tram"
      }
    },
    {
      "type": "Feature",
      "geometry": {
        "type": "Point",
        "coordinates": [
          1.9322695,
          47.8360049
        ]
      },
      "properties": {
        "city": "Orleans",
        "nom": "Chèques Postaux",
        "name": "Chèques Postaux",
        "type": "tram"
      }
    },
    {
      "type": "Feature",
      "geometry": {
        "type": "Point",
        "coordinates": [
          1.9642998,
          47.9098118
        ]
      },
      "properties": {
        "city": "Orleans",
        "nom": "Clos de l'Arche",
        "name": "Clos de l'Arche",
        "type": "tram"
      }
    },
    {
      "type": "Feature",
      "geometry": {
        "type": "Point",
        "coordinates": [
          1.9762429,
          47.910911
        ]
      },
      "properties": {
        "city": "Orleans",
        "nom": "Clos du Hameau",
        "name": "Clos du Hameau",
        "type": "tram"
      }
    },
    {
      "type": "Feature",
      "geometry": {
        "type": "Point",
        "coordinates": [
          1.900368,
          47.9160252
        ]
      },
      "properties": {
        "city": "Orleans",
        "nom": "Coligny",
        "name": "Coligny",
        "type": "tram"
      }
    },
    {
      "type": "Feature",
      "geometry": {
        "type": "Point",
        "coordinates": [
          1.8970886,
          47.9018307
        ]
      },
      "properties": {
        "city": "Orleans",
        "nom": "Croix Morin",
        "name": "Croix Morin",
        "type": "tram"
      }
    },
    {
      "type": "Feature",
      "geometry": {
        "type": "Point",
        "coordinates": [
          1.9028389,
          47.9010584
        ]
      },
      "properties": {
        "city": "Orleans",
        "nom": "De Gaulle",
        "name": "De Gaulle",
        "type": "tram"
      }
    },
    {
      "type": "Feature",
      "geometry": {
        "type": "Point",
        "coordinates": [
          1.922359,
          47.9118377
        ]
      },
      "properties": {
        "city": "Orleans",
        "nom": "Droits de l'Homme",
        "name": "Droits de l'Homme",
        "type": "tram"
      }
    },
    {
      "type": "Feature",
      "geometry": {
        "type": "Point",
        "coordinates": [
          1.9111221,
          47.9094495
        ]
      },
      "properties": {
        "city": "Orleans",
        "nom": "Eugène Vignat",
        "name": "Eugène Vignat",
        "type": "tram"
      }
    },
    {
      "type": "Feature",
      "geometry": {
        "type": "Point",
        "coordinates": [
          1.9052093,
          47.9067754
        ]
      },
      "properties": {
        "city": "Orleans",
        "nom": "Gare d'Orléans",
        "name": "Gare d'Orléans",
        "type": "tram"
      }
    },
    {
      "type": "Feature",
      "geometry": {
        "type": "Point",
        "coordinates": [
          1.9069593,
          47.9265153
        ]
      },
      "properties": {
        "city": "Orleans",
        "nom": "Gare des Aubrais",
        "name": "Gare des Aubrais",
        "type": "tram"
      }
    },
    {
      "type": "Feature",
      "geometry": {
        "type": "Point",
        "coordinates": [
          1.9459773,
          47.9102133
        ]
      },
      "properties": {
        "city": "Orleans",
        "nom": "Gaudier-Brzeska",
        "name": "Gaudier-Brzeska",
        "type": "tram"
      }
    },
    {
      "type": "Feature",
      "geometry": {
        "type": "Point",
        "coordinates": [
          1.854067,
          47.8967468
        ]
      },
      "properties": {
        "city": "Orleans",
        "nom": "Georges Pompidou",
        "name": "Georges Pompidou",
        "type": "tram"
      }
    },
    {
      "type": "Feature",
      "geometry": {
        "type": "Point",
        "coordinates": [
          1.9328769,
          47.9103195
        ]
      },
      "properties": {
        "city": "Orleans",
        "nom": "Grand Villiers",
        "name": "Grand Villiers",
        "type": "tram"
      }
    },
    {
      "type": "Feature",
      "geometry": {
        "type": "Point",
        "coordinates": [
          1.9130583,
          47.912755
        ]
      },
      "properties": {
        "city": "Orleans",
        "nom": "Guy Marie Riobé",
        "name": "Guy Marie Riobé",
        "type": "tram"
      }
    },
    {
      "type": "Feature",
      "geometry": {
        "type": "Point",
        "coordinates": [
          1.9133117,
          47.9126994
        ]
      },
      "properties": {
        "city": "Orleans",
        "nom": "Guy Marie Robié",
        "name": "Guy Marie Robié",
        "type": "tram"
      }
    },
    {
      "type": "Feature",
      "geometry": {
        "type": "Point",
        "coordinates": [
          1.9094379,
          47.9048416
        ]
      },
      "properties": {
        "city": "Orleans",
        "nom": "Halmagrand",
        "name": "Halmagrand",
        "type": "tram"
      }
    },
    {
      "type": "Feature",
      "geometry": {
        "type": "Point",
        "coordinates": [
          1.9196269,
          47.8320964
        ]
      },
      "properties": {
        "city": "Orleans",
        "nom": "Hôpital Accueil",
        "name": "Hôpital Accueil",
        "type": "tram"
      }
    },
    {
      "type": "Feature",
      "geometry": {
        "type": "Point",
        "coordinates": [
          1.919179,
          47.8374542
        ]
      },
      "properties": {
        "city": "Orleans",
        "nom": "Hôpital de la Source",
        "name": "Hôpital de la Source",
        "type": "tram"
      }
    },
    {
      "type": "Feature",
      "geometry": {
        "type": "Point",
        "coordinates": [
          1.9063822,
          47.9015933
        ]
      },
      "properties": {
        "city": "Orleans",
        "nom": "Jeanne d'Arc",
        "name": "Jeanne d'Arc",
        "type": "tram"
      }
    },
    {
      "type": "Feature",
      "geometry": {
        "type": "Point",
        "coordinates": [
          1.9251017,
          47.9281797
        ]
      },
      "properties": {
        "city": "Orleans",
        "nom": "Jules Verne",
        "name": "Jules Verne",
        "type": "tram"
      }
    },
    {
      "type": "Feature",
      "geometry": {
        "type": "Point",
        "coordinates": [
          1.9349476,
          47.8397309
        ]
      },
      "properties": {
        "city": "Orleans",
        "nom": "L'Indien",
        "name": "L'Indien",
        "type": "tram"
      }
    },
    {
      "type": "Feature",
      "geometry": {
        "type": "Point",
        "coordinates": [
          1.9194325,
          47.928115
        ]
      },
      "properties": {
        "city": "Orleans",
        "nom": "Lamballe",
        "name": "Lamballe",
        "type": "tram"
      }
    },
    {
      "type": "Feature",
      "geometry": {
        "type": "Point",
        "coordinates": [
          1.9098338,
          47.853965
        ]
      },
      "properties": {
        "city": "Orleans",
        "nom": "Larry - Saint-Fiacre",
        "name": "Larry - Saint-Fiacre",
        "type": "tram"
      }
    },
    {
      "type": "Feature",
      "geometry": {
        "type": "Point",
        "coordinates": [
          1.9169157,
          47.8464577
        ]
      },
      "properties": {
        "city": "Orleans",
        "nom": "Les Aulnaies",
        "name": "Les Aulnaies",
        "type": "tram"
      }
    },
    {
      "type": "Feature",
      "geometry": {
        "type": "Point",
        "coordinates": [
          1.9035031,
          47.9196425
        ]
      },
      "properties": {
        "city": "Orleans",
        "nom": "Libération",
        "name": "Libération",
        "type": "tram"
      }
    },
    {
      "type": "Feature",
      "geometry": {
        "type": "Point",
        "coordinates": [
          1.9254035,
          47.8497088
        ]
      },
      "properties": {
        "city": "Orleans",
        "nom": "Lorette",
        "name": "Lorette",
        "type": "tram"
      }
    },
    {
      "type": "Feature",
      "geometry": {
        "type": "Point",
        "coordinates": [
          1.90386,
          47.9111188
        ]
      },
      "properties": {
        "city": "Orleans",
        "nom": "Louis Braille",
        "name": "Louis Braille",
        "type": "tram"
      }
    },
    {
      "type": "Feature",
      "geometry": {
        "type": "Point",
        "coordinates": [
          1.9692124,
          47.9103403
        ]
      },
      "properties": {
        "city": "Orleans",
        "nom": "Léon Blum",
        "name": "Léon Blum",
        "type": "tram"
      }
    },
    {
      "type": "Feature",
      "geometry": {
        "type": "Point",
        "coordinates": [
          1.8928648,
          47.9012984
        ]
      },
      "properties": {
        "city": "Orleans",
        "nom": "Madeleine",
        "name": "Madeleine",
        "type": "tram"
      }
    },
    {
      "type": "Feature",
      "geometry": {
        "type": "Point",
        "coordinates": [
          1.8670446,
          47.9018128
        ]
      },
      "properties": {
        "city": "Orleans",
        "nom": "Martin Luther King",
        "name": "Martin Luther King",
        "type": "tram"
      }
    },
    {
      "type": "Feature",
      "geometry": {
        "type": "Point",
        "coordinates": [
          1.909314,
          47.8835372
        ]
      },
      "properties": {
        "city": "Orleans",
        "nom": "Mouillère",
        "name": "Mouillère",
        "type": "tram"
      }
    },
    {
      "type": "Feature",
      "geometry": {
        "type": "Point",
        "coordinates": [
          1.9285065,
          47.9114546
        ]
      },
      "properties": {
        "city": "Orleans",
        "nom": "Mozart",
        "name": "Mozart",
        "type": "tram"
      }
    },
    {
      "type": "Feature",
      "geometry": {
        "type": "Point",
        "coordinates": [
          1.9362776,
          47.8453621
        ]
      },
      "properties": {
        "city": "Orleans",
        "nom": "Parc Floral",
        "name": "Parc Floral",
        "type": "tram"
      }
    },
    {
      "type": "Feature",
      "geometry": {
        "type": "Point",
        "coordinates": [
          1.9530789,
          47.9089946
        ]
      },
      "properties": {
        "city": "Orleans",
        "nom": "Pont Bordeau",
        "name": "Pont Bordeau",
        "type": "tram"
      }
    },
    {
      "type": "Feature",
      "geometry": {
        "type": "Point",
        "coordinates": [
          1.8766552,
          47.8991583
        ]
      },
      "properties": {
        "city": "Orleans",
        "nom": "Pont de l'Europe",
        "name": "Pont de l'Europe",
        "type": "tram"
      }
    },
    {
      "type": "Feature",
      "geometry": {
        "type": "Point",
        "coordinates": [
          1.8814481,
          47.8999017
        ]
      },
      "properties": {
        "city": "Orleans",
        "nom": "Porte Dunoise",
        "name": "Porte Dunoise",
        "type": "tram"
      }
    },
    {
      "type": "Feature",
      "geometry": {
        "type": "Point",
        "coordinates": [
          1.8718635,
          47.9026212
        ]
      },
      "properties": {
        "city": "Orleans",
        "nom": "Rol Tanguy",
        "name": "Rol Tanguy",
        "type": "tram"
      }
    },
    {
      "type": "Feature",
      "geometry": {
        "type": "Point",
        "coordinates": [
          1.9041712,
          47.8988749
        ]
      },
      "properties": {
        "city": "Orleans",
        "nom": "Royale-Châtelet",
        "name": "Royale-Châtelet",
        "type": "tram"
      }
    },
    {
      "type": "Feature",
      "geometry": {
        "type": "Point",
        "coordinates": [
          1.9042867,
          47.9039923
        ]
      },
      "properties": {
        "city": "Orleans",
        "nom": "République",
        "name": "République",
        "type": "tram"
      }
    },
    {
      "type": "Feature",
      "geometry": {
        "type": "Point",
        "coordinates": [
          1.9054129,
          47.8884394
        ]
      },
      "properties": {
        "city": "Orleans",
        "nom": "Saint-Marceau",
        "name": "Saint-Marceau",
        "type": "tram"
      }
    },
    {
      "type": "Feature",
      "geometry": {
        "type": "Point",
        "coordinates": [
          1.9045539,
          47.8944589
        ]
      },
      "properties": {
        "city": "Orleans",
        "nom": "Tourelles-Dauphine",
        "name": "Tourelles-Dauphine",
        "type": "tram"
      }
    },
    {
      "type": "Feature",
      "geometry": {
        "type": "Point",
        "coordinates": [
          1.8604584,
          47.9019359
        ]
      },
      "properties": {
        "city": "Orleans",
        "nom": "Trois Fontaines",
        "name": "Trois Fontaines",
        "type": "tram"
      }
    },
    {
      "type": "Feature",
      "geometry": {
        "type": "Point",
        "coordinates": [
          1.9317274,
          47.8468981
        ]
      },
      "properties": {
        "city": "Orleans",
        "nom": "Université",
        "name": "Université",
        "type": "tram"
      }
    },
    {
      "type": "Feature",
      "geometry": {
        "type": "Point",
        "coordinates": [
          1.9586732,
          47.9091994
        ]
      },
      "properties": {
        "city": "Orleans",
        "nom": "Verville",
        "name": "Verville",
        "type": "tram"
      }
    },
    {
      "type": "Feature",
      "geometry": {
        "type": "Point",
        "coordinates": [
          1.9050901,
          47.8572772
        ]
      },
      "properties": {
        "city": "Orleans",
        "nom": "Victor Hugo",
        "name": "Victor Hugo",
        "type": "tram"
      }
    },
    {
      "type": "Feature",
      "geometry": {
        "type": "Point",
        "coordinates": [
          1.9123573,
          47.869215
        ]
      },
      "properties": {
        "city": "Orleans",
        "nom": "Zénith",
        "name": "Zénith",
        "type": "tram"
      }
    },
    {
      "type": "Feature",
      "geometry": {
        "type": "Point",
        "coordinates": [
          2.3717415,
          48.7145111
        ]
      },
      "properties": {
        "city": "Paris",
        "nom": "(Athis-Mons) Porte de l'Essonne",
        "name": "(Athis-Mons) Porte de l'Essonne",
        "type": "tram"
      }
    },
    {
      "type": "Feature",
      "geometry": {
        "type": "Point",
        "coordinates": [
          2.4086896,
          48.8717987
        ]
      },
      "properties": {
        "city": "Paris",
        "nom": "Adrienne Bolland",
        "name": "Adrienne Bolland",
        "type": "tram"
      }
    },
    {
      "type": "Feature",
      "geometry": {
        "type": "Point",
        "coordinates": [
          2.3637213,
          48.9659551
        ]
      },
      "properties": {
        "city": "Paris",
        "nom": "Alcide d'Orbigny",
        "name": "Alcide d'Orbigny",
        "type": "tram"
      }
    },
    {
      "type": "Feature",
      "geometry": {
        "type": "Point",
        "coordinates": [
          2.4100898,
          48.8436894
        ]
      },
      "properties": {
        "city": "Paris",
        "nom": "Alexandra David-Néel",
        "name": "Alexandra David-Néel",
        "type": "tram"
      }
    },
    {
      "type": "Feature",
      "geometry": {
        "type": "Point",
        "coordinates": [
          2.5064345,
          48.897143
        ]
      },
      "properties": {
        "city": "Paris",
        "nom": "Allée de la Tour Rendez-Vous",
        "name": "Allée de la Tour Rendez-Vous",
        "type": "tram"
      }
    },
    {
      "type": "Feature",
      "geometry": {
        "type": "Point",
        "coordinates": [
          2.3382395,
          48.8978451
        ]
      },
      "properties": {
        "city": "Paris",
        "nom": "Angélique Compoint - Porte de Montmartre",
        "name": "Angélique Compoint - Porte de Montmartre",
        "type": "tram"
      }
    },
    {
      "type": "Feature",
      "geometry": {
        "type": "Point",
        "coordinates": [
          2.2782312,
          48.8745712
        ]
      },
      "properties": {
        "city": "Paris",
        "nom": "Anna de Noailles",
        "name": "Anna de Noailles",
        "type": "tram"
      }
    },
    {
      "type": "Feature",
      "geometry": {
        "type": "Point",
        "coordinates": [
          2.2781943,
          48.8745895
        ]
      },
      "properties": {
        "city": "Paris",
        "nom": "Anne de Noailles",
        "name": "Anne de Noailles",
        "type": "tram"
      }
    },
    {
      "type": "Feature",
      "geometry": {
        "type": "Point",
        "coordinates": [
          2.2854851,
          48.881167
        ]
      },
      "properties": {
        "city": "Paris",
        "nom": "Anny Flore",
        "name": "Anny Flore",
        "type": "tram"
      }
    },
    {
      "type": "Feature",
      "geometry": {
        "type": "Point",
        "coordinates": [
          2.5616469,
          48.897914
        ]
      },
      "properties": {
        "city": "Paris",
        "nom": "Arboretum",
        "name": "Arboretum",
        "type": "tram"
      }
    },
    {
      "type": "Feature",
      "geometry": {
        "type": "Point",
        "coordinates": [
          2.2745632,
          48.9272797
        ]
      },
      "properties": {
        "city": "Paris",
        "nom": "Asnières-Quatre Routes",
        "name": "Asnières-Quatre Routes",
        "type": "tram"
      }
    },
    {
      "type": "Feature",
      "geometry": {
        "type": "Point",
        "coordinates": [
          2.4606851,
          48.9066568
        ]
      },
      "properties": {
        "city": "Paris",
        "nom": "Auguste Delaune",
        "name": "Auguste Delaune",
        "type": "tram"
      }
    },
    {
      "type": "Feature",
      "geometry": {
        "type": "Point",
        "coordinates": [
          2.3676759,
          48.7632824
        ]
      },
      "properties": {
        "city": "Paris",
        "nom": "Auguste Perret",
        "name": "Auguste Perret",
        "type": "tram"
      }
    },
    {
      "type": "Feature",
      "geometry": {
        "type": "Point",
        "coordinates": [
          2.4961143,
          48.9319556
        ]
      },
      "properties": {
        "city": "Paris",
        "nom": "Aulnay-sous-Bois",
        "name": "Aulnay-sous-Bois",
        "type": "tram"
      }
    },
    {
      "type": "Feature",
      "geometry": {
        "type": "Point",
        "coordinates": [
          2.3811407,
          48.825534
        ]
      },
      "properties": {
        "city": "Paris",
        "nom": "Avenue de France",
        "name": "Avenue de France",
        "type": "tram"
      }
    },
    {
      "type": "Feature",
      "geometry": {
        "type": "Point",
        "coordinates": [
          2.3682988,
          48.7295648
        ]
      },
      "properties": {
        "city": "Paris",
        "nom": "Aéroport d'Orly",
        "name": "Aéroport d'Orly",
        "type": "tram"
      }
    },
    {
      "type": "Feature",
      "geometry": {
        "type": "Point",
        "coordinates": [
          2.2773461,
          48.83631
        ]
      },
      "properties": {
        "city": "Paris",
        "nom": "Balard",
        "name": "Balard",
        "type": "tram"
      }
    },
    {
      "type": "Feature",
      "geometry": {
        "type": "Point",
        "coordinates": [
          2.3935447,
          48.8303968
        ]
      },
      "properties": {
        "city": "Paris",
        "nom": "Baron Le Roy",
        "name": "Baron Le Roy",
        "type": "tram"
      }
    },
    {
      "type": "Feature",
      "geometry": {
        "type": "Point",
        "coordinates": [
          2.3609709,
          48.9379448
        ]
      },
      "properties": {
        "city": "Paris",
        "nom": "Basilique de Saint-Denis",
        "name": "Basilique de Saint-Denis",
        "type": "tram"
      }
    },
    {
      "type": "Feature",
      "geometry": {
        "type": "Point",
        "coordinates": [
          2.3567693,
          48.9423055
        ]
      },
      "properties": {
        "city": "Paris",
        "nom": "Baudelaire",
        "name": "Baudelaire",
        "type": "tram"
      }
    },
    {
      "type": "Feature",
      "geometry": {
        "type": "Point",
        "coordinates": [
          2.3814813,
          48.7988506
        ]
      },
      "properties": {
        "city": "Paris",
        "nom": "Beethoven - Concorde",
        "name": "Beethoven - Concorde",
        "type": "tram"
      }
    },
    {
      "type": "Feature",
      "geometry": {
        "type": "Point",
        "coordinates": [
          2.2259596,
          48.8759807
        ]
      },
      "properties": {
        "city": "Paris",
        "nom": "Belvédère",
        "name": "Belvédère",
        "type": "tram"
      }
    },
    {
      "type": "Feature",
      "geometry": {
        "type": "Point",
        "coordinates": [
          2.3391813,
          48.9478196
        ]
      },
      "properties": {
        "city": "Paris",
        "nom": "Blumenthal",
        "name": "Blumenthal",
        "type": "tram"
      }
    },
    {
      "type": "Feature",
      "geometry": {
        "type": "Point",
        "coordinates": [
          2.4472073,
          48.9065562
        ]
      },
      "properties": {
        "city": "Paris",
        "nom": "Bobigny - Pablo Picasso",
        "name": "Bobigny - Pablo Picasso",
        "type": "tram"
      }
    },
    {
      "type": "Feature",
      "geometry": {
        "type": "Point",
        "coordinates": [
          2.4823491,
          48.8937452
        ]
      },
      "properties": {
        "city": "Paris",
        "nom": "Bondy",
        "name": "Bondy",
        "type": "tram"
      }
    },
    {
      "type": "Feature",
      "geometry": {
        "type": "Point",
        "coordinates": [
          2.300799,
          48.8286699
        ]
      },
      "properties": {
        "city": "Paris",
        "nom": "Brancion",
        "name": "Brancion",
        "type": "tram"
      }
    },
    {
      "type": "Feature",
      "geometry": {
        "type": "Point",
        "coordinates": [
          2.3680273,
          48.7680598
        ]
      },
      "properties": {
        "city": "Paris",
        "nom": "Bretagne",
        "name": "Bretagne",
        "type": "tram"
      }
    },
    {
      "type": "Feature",
      "geometry": {
        "type": "Point",
        "coordinates": [
          2.231402,
          48.8221726
        ]
      },
      "properties": {
        "city": "Paris",
        "nom": "Brimborion",
        "name": "Brimborion",
        "type": "tram"
      }
    },
    {
      "type": "Feature",
      "geometry": {
        "type": "Point",
        "coordinates": [
          2.3660621,
          48.9737243
        ]
      },
      "properties": {
        "city": "Paris",
        "nom": "Butte Pinson - Parc Régional",
        "name": "Butte Pinson - Parc Régional",
        "type": "tram"
      }
    },
    {
      "type": "Feature",
      "geometry": {
        "type": "Point",
        "coordinates": [
          2.3968157,
          48.8850471
        ]
      },
      "properties": {
        "city": "Paris",
        "nom": "Butte du Chapeau Rouge",
        "name": "Butte du Chapeau Rouge",
        "type": "tram"
      }
    },
    {
      "type": "Feature",
      "geometry": {
        "type": "Point",
        "coordinates": [
          2.3967302,
          48.8850241
        ]
      },
      "properties": {
        "city": "Paris",
        "nom": "Butte du Chapeau-Rouge",
        "name": "Butte du Chapeau-Rouge",
        "type": "tram"
      }
    },
    {
      "type": "Feature",
      "geometry": {
        "type": "Point",
        "coordinates": [
          2.3918435,
          48.7859208
        ]
      },
      "properties": {
        "city": "Paris",
        "nom": "Camille Groult",
        "name": "Camille Groult",
        "type": "tram"
      }
    },
    {
      "type": "Feature",
      "geometry": {
        "type": "Point",
        "coordinates": [
          2.3805057,
          48.8987206
        ]
      },
      "properties": {
        "city": "Paris",
        "nom": "Canal Saint-Denis",
        "name": "Canal Saint-Denis",
        "type": "tram"
      }
    },
    {
      "type": "Feature",
      "geometry": {
        "type": "Point",
        "coordinates": [
          2.4089506,
          48.759043
        ]
      },
      "properties": {
        "city": "Paris",
        "nom": "Carle - Darthé",
        "name": "Carle - Darthé",
        "type": "tram"
      }
    },
    {
      "type": "Feature",
      "geometry": {
        "type": "Point",
        "coordinates": [
          2.4088793,
          48.7593037
        ]
      },
      "properties": {
        "city": "Paris",
        "nom": "Carle-Darthé",
        "name": "Carle-Darthé",
        "type": "tram"
      }
    },
    {
      "type": "Feature",
      "geometry": {
        "type": "Point",
        "coordinates": [
          2.36988,
          48.7386313
        ]
      },
      "properties": {
        "city": "Paris",
        "nom": "Caroline Aigle",
        "name": "Caroline Aigle",
        "type": "tram"
      }
    },
    {
      "type": "Feature",
      "geometry": {
        "type": "Point",
        "coordinates": [
          2.2890385,
          48.8042432
        ]
      },
      "properties": {
        "city": "Paris",
        "nom": "Centre de Chatillon",
        "name": "Centre de Chatillon",
        "type": "tram"
      }
    },
    {
      "type": "Feature",
      "geometry": {
        "type": "Point",
        "coordinates": [
          2.2892213,
          48.8042927
        ]
      },
      "properties": {
        "city": "Paris",
        "nom": "Centre de Châtillon",
        "name": "Centre de Châtillon",
        "type": "tram"
      }
    },
    {
      "type": "Feature",
      "geometry": {
        "type": "Point",
        "coordinates": [
          2.280757,
          48.7080498
        ]
      },
      "properties": {
        "city": "Paris",
        "nom": "Champlan",
        "name": "Champlan",
        "type": "tram"
      }
    },
    {
      "type": "Feature",
      "geometry": {
        "type": "Point",
        "coordinates": [
          2.2385424,
          48.9074343
        ]
      },
      "properties": {
        "city": "Paris",
        "nom": "Charlebourg",
        "name": "Charlebourg",
        "type": "tram"
      }
    },
    {
      "type": "Feature",
      "geometry": {
        "type": "Point",
        "coordinates": [
          2.3217336,
          48.9346025
        ]
      },
      "properties": {
        "city": "Paris",
        "nom": "Chemin des Reniers",
        "name": "Chemin des Reniers",
        "type": "tram"
      }
    },
    {
      "type": "Feature",
      "geometry": {
        "type": "Point",
        "coordinates": [
          2.36619,
          48.7595866
        ]
      },
      "properties": {
        "city": "Paris",
        "nom": "Chevilly-Larue (Marché International)",
        "name": "Chevilly-Larue (Marché International)",
        "type": "tram"
      }
    },
    {
      "type": "Feature",
      "geometry": {
        "type": "Point",
        "coordinates": [
          2.3081072,
          48.7005945
        ]
      },
      "properties": {
        "city": "Paris",
        "nom": "Chilly-Mazarin",
        "name": "Chilly-Mazarin",
        "type": "tram"
      }
    },
    {
      "type": "Feature",
      "geometry": {
        "type": "Point",
        "coordinates": [
          2.4171386,
          48.7518504
        ]
      },
      "properties": {
        "city": "Paris",
        "nom": "Christophe Colomb",
        "name": "Christophe Colomb",
        "type": "tram"
      }
    },
    {
      "type": "Feature",
      "geometry": {
        "type": "Point",
        "coordinates": [
          2.368495,
          48.8153535
        ]
      },
      "properties": {
        "city": "Paris",
        "nom": "Châteaudun - Barbès",
        "name": "Châteaudun - Barbès",
        "type": "tram"
      }
    },
    {
      "type": "Feature",
      "geometry": {
        "type": "Point",
        "coordinates": [
          2.3005146,
          48.8105112
        ]
      },
      "properties": {
        "city": "Paris",
        "nom": "Châtillon-Montrouge",
        "name": "Châtillon-Montrouge",
        "type": "tram"
      }
    },
    {
      "type": "Feature",
      "geometry": {
        "type": "Point",
        "coordinates": [
          2.3705934,
          48.8126739
        ]
      },
      "properties": {
        "city": "Paris",
        "nom": "Cimetière Parisien d'Ivry",
        "name": "Cimetière Parisien d'Ivry",
        "type": "tram"
      }
    },
    {
      "type": "Feature",
      "geometry": {
        "type": "Point",
        "coordinates": [
          2.3638221,
          48.9363247
        ]
      },
      "properties": {
        "city": "Paris",
        "nom": "Cimetière de Saint-Denis",
        "name": "Cimetière de Saint-Denis",
        "type": "tram"
      }
    },
    {
      "type": "Feature",
      "geometry": {
        "type": "Point",
        "coordinates": [
          2.3380402,
          48.8204837
        ]
      },
      "properties": {
        "city": "Paris",
        "nom": "Cité Universitaire",
        "name": "Cité Universitaire",
        "type": "tram"
      }
    },
    {
      "type": "Feature",
      "geometry": {
        "type": "Point",
        "coordinates": [
          2.2595439,
          48.7655433
        ]
      },
      "properties": {
        "city": "Paris",
        "nom": "Cité-Jardin",
        "name": "Cité-Jardin",
        "type": "tram"
      }
    },
    {
      "type": "Feature",
      "geometry": {
        "type": "Point",
        "coordinates": [
          2.5549368,
          48.9045564
        ]
      },
      "properties": {
        "city": "Paris",
        "nom": "Clichy - Montfermeil",
        "name": "Clichy - Montfermeil",
        "type": "tram"
      }
    },
    {
      "type": "Feature",
      "geometry": {
        "type": "Point",
        "coordinates": [
          2.5464011,
          48.9079012
        ]
      },
      "properties": {
        "city": "Paris",
        "nom": "Clichy-sous-Bois - Mairie",
        "name": "Clichy-sous-Bois - Mairie",
        "type": "tram"
      }
    },
    {
      "type": "Feature",
      "geometry": {
        "type": "Point",
        "coordinates": [
          2.3636402,
          48.8984725
        ]
      },
      "properties": {
        "city": "Paris",
        "nom": "Colette Besson",
        "name": "Colette Besson",
        "type": "tram"
      }
    },
    {
      "type": "Feature",
      "geometry": {
        "type": "Point",
        "coordinates": [
          2.3936111,
          48.7833698
        ]
      },
      "properties": {
        "city": "Paris",
        "nom": "Constant Coquelin",
        "name": "Constant Coquelin",
        "type": "tram"
      }
    },
    {
      "type": "Feature",
      "geometry": {
        "type": "Point",
        "coordinates": [
          2.3784246,
          48.9316969
        ]
      },
      "properties": {
        "city": "Paris",
        "nom": "Cosmonautes",
        "name": "Cosmonautes",
        "type": "tram"
      }
    },
    {
      "type": "Feature",
      "geometry": {
        "type": "Point",
        "coordinates": [
          2.3425454,
          48.9495689
        ]
      },
      "properties": {
        "city": "Paris",
        "nom": "César",
        "name": "César",
        "type": "tram"
      }
    },
    {
      "type": "Feature",
      "geometry": {
        "type": "Point",
        "coordinates": [
          2.3715967,
          48.7333119
        ]
      },
      "properties": {
        "city": "Paris",
        "nom": "Cœur d'Orly",
        "name": "Cœur d'Orly",
        "type": "tram"
      }
    },
    {
      "type": "Feature",
      "geometry": {
        "type": "Point",
        "coordinates": [
          2.4067487,
          48.9226191
        ]
      },
      "properties": {
        "city": "Paris",
        "nom": "Danton",
        "name": "Danton",
        "type": "tram"
      }
    },
    {
      "type": "Feature",
      "geometry": {
        "type": "Point",
        "coordinates": [
          2.3474051,
          48.9456931
        ]
      },
      "properties": {
        "city": "Paris",
        "nom": "Delaunay - Belleville",
        "name": "Delaunay - Belleville",
        "type": "tram"
      }
    },
    {
      "type": "Feature",
      "geometry": {
        "type": "Point",
        "coordinates": [
          2.34722,
          48.9454137
        ]
      },
      "properties": {
        "city": "Paris",
        "nom": "Delaunay-Belleville",
        "name": "Delaunay-Belleville",
        "type": "tram"
      }
    },
    {
      "type": "Feature",
      "geometry": {
        "type": "Point",
        "coordinates": [
          2.397727,
          48.8938502
        ]
      },
      "properties": {
        "city": "Paris",
        "nom": "Delphine Seyrig",
        "name": "Delphine Seyrig",
        "type": "tram"
      }
    },
    {
      "type": "Feature",
      "geometry": {
        "type": "Point",
        "coordinates": [
          2.2834588,
          48.8345779
        ]
      },
      "properties": {
        "city": "Paris",
        "nom": "Desnouettes",
        "name": "Desnouettes",
        "type": "tram"
      }
    },
    {
      "type": "Feature",
      "geometry": {
        "type": "Point",
        "coordinates": [
          2.214427,
          48.7836215
        ]
      },
      "properties": {
        "city": "Paris",
        "nom": "Dewoitine",
        "name": "Dewoitine",
        "type": "tram"
      }
    },
    {
      "type": "Feature",
      "geometry": {
        "type": "Point",
        "coordinates": [
          2.3520202,
          48.8983196
        ]
      },
      "properties": {
        "city": "Paris",
        "nom": "Diane Arbus - Porte des Poissonniers",
        "name": "Diane Arbus - Porte des Poissonniers",
        "type": "tram"
      }
    },
    {
      "type": "Feature",
      "geometry": {
        "type": "Point",
        "coordinates": [
          2.3133433,
          48.8259126
        ]
      },
      "properties": {
        "city": "Paris",
        "nom": "Didot",
        "name": "Didot",
        "type": "tram"
      }
    },
    {
      "type": "Feature",
      "geometry": {
        "type": "Point",
        "coordinates": [
          2.2253791,
          48.8290085
        ]
      },
      "properties": {
        "city": "Paris",
        "nom": "Direction Pont de Bezons",
        "name": "Direction Pont de Bezons",
        "type": "tram"
      }
    },
    {
      "type": "Feature",
      "geometry": {
        "type": "Point",
        "coordinates": [
          2.2252499,
          48.8289998
        ]
      },
      "properties": {
        "city": "Paris",
        "nom": "Direction Porte de Versailles",
        "name": "Direction Porte de Versailles",
        "type": "tram"
      }
    },
    {
      "type": "Feature",
      "geometry": {
        "type": "Point",
        "coordinates": [
          2.2727724,
          48.7945196
        ]
      },
      "properties": {
        "city": "Paris",
        "nom": "Division Leclerc",
        "name": "Division Leclerc",
        "type": "tram"
      }
    },
    {
      "type": "Feature",
      "geometry": {
        "type": "Point",
        "coordinates": [
          2.367395,
          48.7787893
        ]
      },
      "properties": {
        "city": "Paris",
        "nom": "Domaine Chérioux",
        "name": "Domaine Chérioux",
        "type": "tram"
      }
    },
    {
      "type": "Feature",
      "geometry": {
        "type": "Point",
        "coordinates": [
          2.4175367,
          48.9178531
        ]
      },
      "properties": {
        "city": "Paris",
        "nom": "Drancy-Avenir",
        "name": "Drancy-Avenir",
        "type": "tram"
      }
    },
    {
      "type": "Feature",
      "geometry": {
        "type": "Point",
        "coordinates": [
          2.3949708,
          48.8974725
        ]
      },
      "properties": {
        "city": "Paris",
        "nom": "Ella Fitzgerald",
        "name": "Ella Fitzgerald",
        "type": "tram"
      }
    },
    {
      "type": "Feature",
      "geometry": {
        "type": "Point",
        "coordinates": [
          2.394988,
          48.8974158
        ]
      },
      "properties": {
        "city": "Paris",
        "nom": "Ella Fitzgerald - Grands Moulins de Pantin",
        "name": "Ella Fitzgerald - Grands Moulins de Pantin",
        "type": "tram"
      }
    },
    {
      "type": "Feature",
      "geometry": {
        "type": "Point",
        "coordinates": [
          2.4354281,
          48.9126989
        ]
      },
      "properties": {
        "city": "Paris",
        "nom": "Escadrille Normandie-Niémen",
        "name": "Escadrille Normandie-Niémen",
        "type": "tram"
      }
    },
    {
      "type": "Feature",
      "geometry": {
        "type": "Point",
        "coordinates": [
          2.2400494,
          48.8970219
        ]
      },
      "properties": {
        "city": "Paris",
        "nom": "Faubourg de l'Arche",
        "name": "Faubourg de l'Arche",
        "type": "tram"
      }
    },
    {
      "type": "Feature",
      "geometry": {
        "type": "Point",
        "coordinates": [
          2.4118876,
          48.7545974
        ]
      },
      "properties": {
        "city": "Paris",
        "nom": "Four - Peary",
        "name": "Four - Peary",
        "type": "tram"
      }
    },
    {
      "type": "Feature",
      "geometry": {
        "type": "Point",
        "coordinates": [
          2.4119578,
          48.7545618
        ]
      },
      "properties": {
        "city": "Paris",
        "nom": "Four-Peary",
        "name": "Four-Peary",
        "type": "tram"
      }
    },
    {
      "type": "Feature",
      "geometry": {
        "type": "Point",
        "coordinates": [
          2.5191405,
          48.9265306
        ]
      },
      "properties": {
        "city": "Paris",
        "nom": "Freinville Sevran",
        "name": "Freinville Sevran",
        "type": "tram"
      }
    },
    {
      "type": "Feature",
      "geometry": {
        "type": "Point",
        "coordinates": [
          2.3072609,
          48.9334429
        ]
      },
      "properties": {
        "city": "Paris",
        "nom": "Gare de Gennevilliers",
        "name": "Gare de Gennevilliers",
        "type": "tram"
      }
    },
    {
      "type": "Feature",
      "geometry": {
        "type": "Point",
        "coordinates": [
          2.4603537,
          48.8960269
        ]
      },
      "properties": {
        "city": "Paris",
        "nom": "Gare de Noisy-le-Sec",
        "name": "Gare de Noisy-le-Sec",
        "type": "tram"
      }
    },
    {
      "type": "Feature",
      "geometry": {
        "type": "Point",
        "coordinates": [
          2.3443675,
          48.9359952
        ]
      },
      "properties": {
        "city": "Paris",
        "nom": "Gare de Saint-Denis",
        "name": "Gare de Saint-Denis",
        "type": "tram"
      }
    },
    {
      "type": "Feature",
      "geometry": {
        "type": "Point",
        "coordinates": [
          2.5165518,
          48.9073546
        ]
      },
      "properties": {
        "city": "Paris",
        "nom": "Gargan",
        "name": "Gargan",
        "type": "tram"
      }
    },
    {
      "type": "Feature",
      "geometry": {
        "type": "Point",
        "coordinates": [
          2.3905505,
          48.9772566
        ]
      },
      "properties": {
        "city": "Paris",
        "nom": "Garges - Sarcelles",
        "name": "Garges - Sarcelles",
        "type": "tram"
      }
    },
    {
      "type": "Feature",
      "geometry": {
        "type": "Point",
        "coordinates": [
          2.4310947,
          48.9141695
        ]
      },
      "properties": {
        "city": "Paris",
        "nom": "Gaston Roulaud",
        "name": "Gaston Roulaud",
        "type": "tram"
      }
    },
    {
      "type": "Feature",
      "geometry": {
        "type": "Point",
        "coordinates": [
          2.2964713,
          48.8296267
        ]
      },
      "properties": {
        "city": "Paris",
        "nom": "Georges Brassens",
        "name": "Georges Brassens",
        "type": "tram"
      }
    },
    {
      "type": "Feature",
      "geometry": {
        "type": "Point",
        "coordinates": [
          2.2305871,
          48.783427
        ]
      },
      "properties": {
        "city": "Paris",
        "nom": "Georges Millandy",
        "name": "Georges Millandy",
        "type": "tram"
      }
    },
    {
      "type": "Feature",
      "geometry": {
        "type": "Point",
        "coordinates": [
          2.2372939,
          48.7849045
        ]
      },
      "properties": {
        "city": "Paris",
        "nom": "Georges Pompidou",
        "name": "Georges Pompidou",
        "type": "tram"
      }
    },
    {
      "type": "Feature",
      "geometry": {
        "type": "Point",
        "coordinates": [
          2.3778472,
          48.8033156
        ]
      },
      "properties": {
        "city": "Paris",
        "nom": "Germaine Tailleferre",
        "name": "Germaine Tailleferre",
        "type": "tram"
      }
    },
    {
      "type": "Feature",
      "geometry": {
        "type": "Point",
        "coordinates": [
          2.3078552,
          48.9554439
        ]
      },
      "properties": {
        "city": "Paris",
        "nom": "Gilbert Bonnemaison",
        "name": "Gilbert Bonnemaison",
        "type": "tram"
      }
    },
    {
      "type": "Feature",
      "geometry": {
        "type": "Point",
        "coordinates": [
          2.3574983,
          48.9483146
        ]
      },
      "properties": {
        "city": "Paris",
        "nom": "Guynemer - Stade Auguste Delaune",
        "name": "Guynemer - Stade Auguste Delaune",
        "type": "tram"
      }
    },
    {
      "type": "Feature",
      "geometry": {
        "type": "Point",
        "coordinates": [
          2.2712702,
          48.8347598
        ]
      },
      "properties": {
        "city": "Paris",
        "nom": "Henri Farman",
        "name": "Henri Farman",
        "type": "tram"
      }
    },
    {
      "type": "Feature",
      "geometry": {
        "type": "Point",
        "coordinates": [
          2.318766,
          48.8963099
        ]
      },
      "properties": {
        "city": "Paris",
        "nom": "Honoré de Balzac",
        "name": "Honoré de Balzac",
        "type": "tram"
      }
    },
    {
      "type": "Feature",
      "geometry": {
        "type": "Point",
        "coordinates": [
          2.3594691,
          48.7400042
        ]
      },
      "properties": {
        "city": "Paris",
        "nom": "Hélène Boucher (Orlytech)",
        "name": "Hélène Boucher (Orlytech)",
        "type": "tram"
      }
    },
    {
      "type": "Feature",
      "geometry": {
        "type": "Point",
        "coordinates": [
          2.4253468,
          48.9157474
        ]
      },
      "properties": {
        "city": "Paris",
        "nom": "Hôpital Avicenne",
        "name": "Hôpital Avicenne",
        "type": "tram"
      }
    },
    {
      "type": "Feature",
      "geometry": {
        "type": "Point",
        "coordinates": [
          2.2547434,
          48.7867981
        ]
      },
      "properties": {
        "city": "Paris",
        "nom": "Hôpital Béclère",
        "name": "Hôpital Béclère",
        "type": "tram"
      }
    },
    {
      "type": "Feature",
      "geometry": {
        "type": "Point",
        "coordinates": [
          2.3712323,
          48.9335403
        ]
      },
      "properties": {
        "city": "Paris",
        "nom": "Hôpital Delafontaine",
        "name": "Hôpital Delafontaine",
        "type": "tram"
      }
    },
    {
      "type": "Feature",
      "geometry": {
        "type": "Point",
        "coordinates": [
          2.4012174,
          48.8794453
        ]
      },
      "properties": {
        "city": "Paris",
        "nom": "Hôpital Robert Debré",
        "name": "Hôpital Robert Debré",
        "type": "tram"
      }
    },
    {
      "type": "Feature",
      "geometry": {
        "type": "Point",
        "coordinates": [
          2.5706459,
          48.9009499
        ]
      },
      "properties": {
        "city": "Paris",
        "nom": "Hôpital de Montfermeil",
        "name": "Hôpital de Montfermeil",
        "type": "tram"
      }
    },
    {
      "type": "Feature",
      "geometry": {
        "type": "Point",
        "coordinates": [
          2.4441881,
          48.9065226
        ]
      },
      "properties": {
        "city": "Paris",
        "nom": "Hôtel de Ville de Bobigny",
        "name": "Hôtel de Ville de Bobigny",
        "type": "tram"
      }
    },
    {
      "type": "Feature",
      "geometry": {
        "type": "Point",
        "coordinates": [
          2.3926307,
          48.9273254
        ]
      },
      "properties": {
        "city": "Paris",
        "nom": "Hôtel de Ville de la Courneuve",
        "name": "Hôtel de Ville de la Courneuve",
        "type": "tram"
      }
    },
    {
      "type": "Feature",
      "geometry": {
        "type": "Point",
        "coordinates": [
          2.2089753,
          48.7813473
        ]
      },
      "properties": {
        "city": "Paris",
        "nom": "Inovel Parc Nord",
        "name": "Inovel Parc Nord",
        "type": "tram"
      }
    },
    {
      "type": "Feature",
      "geometry": {
        "type": "Point",
        "coordinates": [
          2.2631174,
          48.8297648
        ]
      },
      "properties": {
        "city": "Paris",
        "nom": "Issy Val de Seine",
        "name": "Issy Val de Seine",
        "type": "tram"
      }
    },
    {
      "type": "Feature",
      "geometry": {
        "type": "Point",
        "coordinates": [
          2.2631166,
          48.829912
        ]
      },
      "properties": {
        "city": "Paris",
        "nom": "Issy-Val de Seine",
        "name": "Issy-Val de Seine",
        "type": "tram"
      }
    },
    {
      "type": "Feature",
      "geometry": {
        "type": "Point",
        "coordinates": [
          2.2335955,
          48.9110863
        ]
      },
      "properties": {
        "city": "Paris",
        "nom": "Jacqueline Auriol",
        "name": "Jacqueline Auriol",
        "type": "tram"
      }
    },
    {
      "type": "Feature",
      "geometry": {
        "type": "Point",
        "coordinates": [
          2.3660553,
          48.970978
        ]
      },
      "properties": {
        "city": "Paris",
        "nom": "Jacques Prévert",
        "name": "Jacques Prévert",
        "type": "tram"
      }
    },
    {
      "type": "Feature",
      "geometry": {
        "type": "Point",
        "coordinates": [
          2.2605318,
          48.8247736
        ]
      },
      "properties": {
        "city": "Paris",
        "nom": "Jacques-Henri Lartigue",
        "name": "Jacques-Henri Lartigue",
        "type": "tram"
      }
    },
    {
      "type": "Feature",
      "geometry": {
        "type": "Point",
        "coordinates": [
          2.2527419,
          48.790094
        ]
      },
      "properties": {
        "city": "Paris",
        "nom": "Jardin Parisien",
        "name": "Jardin Parisien",
        "type": "tram"
      }
    },
    {
      "type": "Feature",
      "geometry": {
        "type": "Point",
        "coordinates": [
          2.3188385,
          48.8246984
        ]
      },
      "properties": {
        "city": "Paris",
        "nom": "Jean Moulin",
        "name": "Jean Moulin",
        "type": "tram"
      }
    },
    {
      "type": "Feature",
      "geometry": {
        "type": "Point",
        "coordinates": [
          2.4544828,
          48.9077663
        ]
      },
      "properties": {
        "city": "Paris",
        "nom": "Jean Rostand",
        "name": "Jean Rostand",
        "type": "tram"
      }
    },
    {
      "type": "Feature",
      "geometry": {
        "type": "Point",
        "coordinates": [
          2.3434795,
          48.9527042
        ]
      },
      "properties": {
        "city": "Paris",
        "nom": "Jean Vilar",
        "name": "Jean Vilar",
        "type": "tram"
      }
    },
    {
      "type": "Feature",
      "geometry": {
        "type": "Point",
        "coordinates": [
          2.3583587,
          48.9556914
        ]
      },
      "properties": {
        "city": "Paris",
        "nom": "Joncherolles",
        "name": "Joncherolles",
        "type": "tram"
      }
    },
    {
      "type": "Feature",
      "geometry": {
        "type": "Point",
        "coordinates": [
          2.5163883,
          48.9218488
        ]
      },
      "properties": {
        "city": "Paris",
        "nom": "L'Abbaye",
        "name": "L'Abbaye",
        "type": "tram"
      }
    },
    {
      "type": "Feature",
      "geometry": {
        "type": "Point",
        "coordinates": [
          2.1805409,
          48.781973
        ]
      },
      "properties": {
        "city": "Paris",
        "nom": "L'Onde (Maison des Arts)",
        "name": "L'Onde (Maison des Arts)",
        "type": "tram"
      }
    },
    {
      "type": "Feature",
      "geometry": {
        "type": "Point",
        "coordinates": [
          2.3397818,
          48.935751
        ]
      },
      "properties": {
        "city": "Paris",
        "nom": "L'Île-Saint-Denis",
        "name": "L'Île-Saint-Denis",
        "type": "tram"
      }
    },
    {
      "type": "Feature",
      "geometry": {
        "type": "Point",
        "coordinates": [
          2.3683541,
          48.756562
        ]
      },
      "properties": {
        "city": "Paris",
        "nom": "La Belle Epine",
        "name": "La Belle Epine",
        "type": "tram"
      }
    },
    {
      "type": "Feature",
      "geometry": {
        "type": "Point",
        "coordinates": [
          2.3748574,
          48.8072719
        ]
      },
      "properties": {
        "city": "Paris",
        "nom": "La Briqueterie",
        "name": "La Briqueterie",
        "type": "tram"
      }
    },
    {
      "type": "Feature",
      "geometry": {
        "type": "Point",
        "coordinates": [
          2.410463,
          48.9208688
        ]
      },
      "properties": {
        "city": "Paris",
        "nom": "La Courneuve - 8 Mai 1945",
        "name": "La Courneuve - 8 Mai 1945",
        "type": "tram"
      }
    },
    {
      "type": "Feature",
      "geometry": {
        "type": "Point",
        "coordinates": [
          2.3848773,
          48.9299125
        ]
      },
      "properties": {
        "city": "Paris",
        "nom": "La Courneuve 6 Routes",
        "name": "La Courneuve 6 Routes",
        "type": "tram"
      }
    },
    {
      "type": "Feature",
      "geometry": {
        "type": "Point",
        "coordinates": [
          2.4107668,
          48.920677
        ]
      },
      "properties": {
        "city": "Paris",
        "nom": "La Courneuve 8 Mai 1945",
        "name": "La Courneuve 8 Mai 1945",
        "type": "tram"
      }
    },
    {
      "type": "Feature",
      "geometry": {
        "type": "Point",
        "coordinates": [
          2.3031747,
          48.7627659
        ]
      },
      "properties": {
        "city": "Paris",
        "nom": "La Croix de Berny - Parc de Sceaux",
        "name": "La Croix de Berny - Parc de Sceaux",
        "type": "tram"
      }
    },
    {
      "type": "Feature",
      "geometry": {
        "type": "Point",
        "coordinates": [
          2.237891,
          48.892964
        ]
      },
      "properties": {
        "city": "Paris",
        "nom": "La Défense - Grande Arche",
        "name": "La Défense - Grande Arche",
        "type": "tram"
      }
    },
    {
      "type": "Feature",
      "geometry": {
        "type": "Point",
        "coordinates": [
          2.4373826,
          48.9099673
        ]
      },
      "properties": {
        "city": "Paris",
        "nom": "La Ferme",
        "name": "La Ferme",
        "type": "tram"
      }
    },
    {
      "type": "Feature",
      "geometry": {
        "type": "Point",
        "coordinates": [
          2.3528091,
          48.7417123
        ]
      },
      "properties": {
        "city": "Paris",
        "nom": "La Fraternelle",
        "name": "La Fraternelle",
        "type": "tram"
      }
    },
    {
      "type": "Feature",
      "geometry": {
        "type": "Point",
        "coordinates": [
          2.3271329,
          48.9349928
        ]
      },
      "properties": {
        "city": "Paris",
        "nom": "La Noue",
        "name": "La Noue",
        "type": "tram"
      }
    },
    {
      "type": "Feature",
      "geometry": {
        "type": "Point",
        "coordinates": [
          2.2903429,
          48.7614857
        ]
      },
      "properties": {
        "city": "Paris",
        "nom": "La Vallée",
        "name": "La Vallée",
        "type": "tram"
      }
    },
    {
      "type": "Feature",
      "geometry": {
        "type": "Point",
        "coordinates": [
          2.2903248,
          48.7614508
        ]
      },
      "properties": {
        "city": "Paris",
        "nom": "LaVallée",
        "name": "LaVallée",
        "type": "tram"
      }
    },
    {
      "type": "Feature",
      "geometry": {
        "type": "Point",
        "coordinates": [
          2.3115272,
          48.9559019
        ]
      },
      "properties": {
        "city": "Paris",
        "nom": "Lacépède",
        "name": "Lacépède",
        "type": "tram"
      }
    },
    {
      "type": "Feature",
      "geometry": {
        "type": "Point",
        "coordinates": [
          2.3671736,
          48.7832425
        ]
      },
      "properties": {
        "city": "Paris",
        "nom": "Lamartine",
        "name": "Lamartine",
        "type": "tram"
      }
    },
    {
      "type": "Feature",
      "geometry": {
        "type": "Point",
        "coordinates": [
          2.253111,
          48.7826105
        ]
      },
      "properties": {
        "city": "Paris",
        "nom": "Le Hameau",
        "name": "Le Hameau",
        "type": "tram"
      }
    },
    {
      "type": "Feature",
      "geometry": {
        "type": "Point",
        "coordinates": [
          2.2888637,
          48.9318565
        ]
      },
      "properties": {
        "city": "Paris",
        "nom": "Le Luth",
        "name": "Le Luth",
        "type": "tram"
      }
    },
    {
      "type": "Feature",
      "geometry": {
        "type": "Point",
        "coordinates": [
          2.2948343,
          48.933378
        ]
      },
      "properties": {
        "city": "Paris",
        "nom": "Le Village",
        "name": "Le Village",
        "type": "tram"
      }
    },
    {
      "type": "Feature",
      "geometry": {
        "type": "Point",
        "coordinates": [
          2.3203071,
          48.9517062
        ]
      },
      "properties": {
        "city": "Paris",
        "nom": "Les Béatus",
        "name": "Les Béatus",
        "type": "tram"
      }
    },
    {
      "type": "Feature",
      "geometry": {
        "type": "Point",
        "coordinates": [
          2.3723717,
          48.9774597
        ]
      },
      "properties": {
        "city": "Paris",
        "nom": "Les Cholettes",
        "name": "Les Cholettes",
        "type": "tram"
      }
    },
    {
      "type": "Feature",
      "geometry": {
        "type": "Point",
        "coordinates": [
          2.4993918,
          48.8924898
        ]
      },
      "properties": {
        "city": "Paris",
        "nom": "Les Coquetiers",
        "name": "Les Coquetiers",
        "type": "tram"
      }
    },
    {
      "type": "Feature",
      "geometry": {
        "type": "Point",
        "coordinates": [
          2.2206127,
          48.8573697
        ]
      },
      "properties": {
        "city": "Paris",
        "nom": "Les Coteaux",
        "name": "Les Coteaux",
        "type": "tram"
      }
    },
    {
      "type": "Feature",
      "geometry": {
        "type": "Point",
        "coordinates": [
          2.2839338,
          48.9302613
        ]
      },
      "properties": {
        "city": "Paris",
        "nom": "Les Courtilles",
        "name": "Les Courtilles",
        "type": "tram"
      }
    },
    {
      "type": "Feature",
      "geometry": {
        "type": "Point",
        "coordinates": [
          2.2395082,
          48.9031385
        ]
      },
      "properties": {
        "city": "Paris",
        "nom": "Les Fauvelles",
        "name": "Les Fauvelles",
        "type": "tram"
      }
    },
    {
      "type": "Feature",
      "geometry": {
        "type": "Point",
        "coordinates": [
          2.3776216,
          48.9766052
        ]
      },
      "properties": {
        "city": "Paris",
        "nom": "Les Flanades",
        "name": "Les Flanades",
        "type": "tram"
      }
    },
    {
      "type": "Feature",
      "geometry": {
        "type": "Point",
        "coordinates": [
          2.2212582,
          48.8498412
        ]
      },
      "properties": {
        "city": "Paris",
        "nom": "Les Milons",
        "name": "Les Milons",
        "type": "tram"
      }
    },
    {
      "type": "Feature",
      "geometry": {
        "type": "Point",
        "coordinates": [
          2.3279432,
          48.9501297
        ]
      },
      "properties": {
        "city": "Paris",
        "nom": "Les Mobiles",
        "name": "Les Mobiles",
        "type": "tram"
      }
    },
    {
      "type": "Feature",
      "geometry": {
        "type": "Point",
        "coordinates": [
          2.2510383,
          48.8214213
        ]
      },
      "properties": {
        "city": "Paris",
        "nom": "Les Moulineaux",
        "name": "Les Moulineaux",
        "type": "tram"
      }
    },
    {
      "type": "Feature",
      "geometry": {
        "type": "Point",
        "coordinates": [
          2.5115921,
          48.9023781
        ]
      },
      "properties": {
        "city": "Paris",
        "nom": "Les Pavillons-sous-Bois",
        "name": "Les Pavillons-sous-Bois",
        "type": "tram"
      }
    },
    {
      "type": "Feature",
      "geometry": {
        "type": "Point",
        "coordinates": [
          2.2658852,
          48.7647358
        ]
      },
      "properties": {
        "city": "Paris",
        "nom": "Les Peintres",
        "name": "Les Peintres",
        "type": "tram"
      }
    },
    {
      "type": "Feature",
      "geometry": {
        "type": "Point",
        "coordinates": [
          2.4163858,
          48.7469718
        ]
      },
      "properties": {
        "city": "Paris",
        "nom": "Les Saules",
        "name": "Les Saules",
        "type": "tram"
      }
    },
    {
      "type": "Feature",
      "geometry": {
        "type": "Point",
        "coordinates": [
          2.4386602,
          48.9067976
        ]
      },
      "properties": {
        "city": "Paris",
        "nom": "Libération",
        "name": "Libération",
        "type": "tram"
      }
    },
    {
      "type": "Feature",
      "geometry": {
        "type": "Point",
        "coordinates": [
          2.3849846,
          48.9785164
        ]
      },
      "properties": {
        "city": "Paris",
        "nom": "Lochères",
        "name": "Lochères",
        "type": "tram"
      }
    },
    {
      "type": "Feature",
      "geometry": {
        "type": "Point",
        "coordinates": [
          2.2945128,
          48.7022813
        ]
      },
      "properties": {
        "city": "Paris",
        "nom": "Longjumeau",
        "name": "Longjumeau",
        "type": "tram"
      }
    },
    {
      "type": "Feature",
      "geometry": {
        "type": "Point",
        "coordinates": [
          2.1963868,
          48.7801084
        ]
      },
      "properties": {
        "city": "Paris",
        "nom": "Louvois",
        "name": "Louvois",
        "type": "tram"
      }
    },
    {
      "type": "Feature",
      "geometry": {
        "type": "Point",
        "coordinates": [
          2.5150968,
          48.916051
        ]
      },
      "properties": {
        "city": "Paris",
        "nom": "Lycée Henri Sellier",
        "name": "Lycée Henri Sellier",
        "type": "tram"
      }
    },
    {
      "type": "Feature",
      "geometry": {
        "type": "Point",
        "coordinates": [
          2.532258,
          48.9085158
        ]
      },
      "properties": {
        "city": "Paris",
        "nom": "Léon Blum",
        "name": "Léon Blum",
        "type": "tram"
      }
    },
    {
      "type": "Feature",
      "geometry": {
        "type": "Point",
        "coordinates": [
          2.2470547,
          48.78372
        ]
      },
      "properties": {
        "city": "Paris",
        "nom": "Mail de la Plaine",
        "name": "Mail de la Plaine",
        "type": "tram"
      }
    },
    {
      "type": "Feature",
      "geometry": {
        "type": "Point",
        "coordinates": [
          2.360383,
          48.9635563
        ]
      },
      "properties": {
        "city": "Paris",
        "nom": "Mairie de Pierrefitte",
        "name": "Mairie de Pierrefitte",
        "type": "tram"
      }
    },
    {
      "type": "Feature",
      "geometry": {
        "type": "Point",
        "coordinates": [
          2.3342042,
          48.9355815
        ]
      },
      "properties": {
        "city": "Paris",
        "nom": "Mairie de Villeneuve-la-Garenne",
        "name": "Mairie de Villeneuve-la-Garenne",
        "type": "tram"
      }
    },
    {
      "type": "Feature",
      "geometry": {
        "type": "Point",
        "coordinates": [
          2.3885348,
          48.7900923
        ]
      },
      "properties": {
        "city": "Paris",
        "nom": "Mairie de Vitry-sur-Seine",
        "name": "Mairie de Vitry-sur-Seine",
        "type": "tram"
      }
    },
    {
      "type": "Feature",
      "geometry": {
        "type": "Point",
        "coordinates": [
          2.1914654,
          48.7804505
        ]
      },
      "properties": {
        "city": "Paris",
        "nom": "Mairie de Vélizy",
        "name": "Mairie de Vélizy",
        "type": "tram"
      }
    },
    {
      "type": "Feature",
      "geometry": {
        "type": "Point",
        "coordinates": [
          2.2495195,
          48.7694256
        ]
      },
      "properties": {
        "city": "Paris",
        "nom": "Malabry",
        "name": "Malabry",
        "type": "tram"
      }
    },
    {
      "type": "Feature",
      "geometry": {
        "type": "Point",
        "coordinates": [
          2.3562619,
          48.9388501
        ]
      },
      "properties": {
        "city": "Paris",
        "nom": "Marché de Saint-Denis",
        "name": "Marché de Saint-Denis",
        "type": "tram"
      }
    },
    {
      "type": "Feature",
      "geometry": {
        "type": "Point",
        "coordinates": [
          2.3035194,
          48.8898369
        ]
      },
      "properties": {
        "city": "Paris",
        "nom": "Marguerite Long",
        "name": "Marguerite Long",
        "type": "tram"
      }
    },
    {
      "type": "Feature",
      "geometry": {
        "type": "Point",
        "coordinates": [
          2.4096628,
          48.8587004
        ]
      },
      "properties": {
        "city": "Paris",
        "nom": "Marie de Miribel",
        "name": "Marie de Miribel",
        "type": "tram"
      }
    },
    {
      "type": "Feature",
      "geometry": {
        "type": "Point",
        "coordinates": [
          2.3776455,
          48.8243702
        ]
      },
      "properties": {
        "city": "Paris",
        "nom": "Maryse Bastié",
        "name": "Maryse Bastié",
        "type": "tram"
      }
    },
    {
      "type": "Feature",
      "geometry": {
        "type": "Point",
        "coordinates": [
          2.2726136,
          48.7234886
        ]
      },
      "properties": {
        "city": "Paris",
        "nom": "Massy-Europe",
        "name": "Massy-Europe",
        "type": "tram"
      }
    },
    {
      "type": "Feature",
      "geometry": {
        "type": "Point",
        "coordinates": [
          2.2580608,
          48.7256179
        ]
      },
      "properties": {
        "city": "Paris",
        "nom": "Massy-Palaiseau",
        "name": "Massy-Palaiseau",
        "type": "tram"
      }
    },
    {
      "type": "Feature",
      "geometry": {
        "type": "Point",
        "coordinates": [
          2.5392151,
          48.9084207
        ]
      },
      "properties": {
        "city": "Paris",
        "nom": "Maurice Audin",
        "name": "Maurice Audin",
        "type": "tram"
      }
    },
    {
      "type": "Feature",
      "geometry": {
        "type": "Point",
        "coordinates": [
          2.4139568,
          48.9190958
        ]
      },
      "properties": {
        "city": "Paris",
        "nom": "Maurice Lachâtre",
        "name": "Maurice Lachâtre",
        "type": "tram"
      }
    },
    {
      "type": "Feature",
      "geometry": {
        "type": "Point",
        "coordinates": [
          2.2252908,
          48.7834885
        ]
      },
      "properties": {
        "city": "Paris",
        "nom": "Meudon-la-Forêt",
        "name": "Meudon-la-Forêt",
        "type": "tram"
      }
    },
    {
      "type": "Feature",
      "geometry": {
        "type": "Point",
        "coordinates": [
          2.2391994,
          48.8191867
        ]
      },
      "properties": {
        "city": "Paris",
        "nom": "Meudon-sur-Seine",
        "name": "Meudon-sur-Seine",
        "type": "tram"
      }
    },
    {
      "type": "Feature",
      "geometry": {
        "type": "Point",
        "coordinates": [
          2.4088907,
          48.839837
        ]
      },
      "properties": {
        "city": "Paris",
        "nom": "Montempoivre",
        "name": "Montempoivre",
        "type": "tram"
      }
    },
    {
      "type": "Feature",
      "geometry": {
        "type": "Point",
        "coordinates": [
          2.3332999,
          48.821501
        ]
      },
      "properties": {
        "city": "Paris",
        "nom": "Montsouris",
        "name": "Montsouris",
        "type": "tram"
      }
    },
    {
      "type": "Feature",
      "geometry": {
        "type": "Point",
        "coordinates": [
          2.3677997,
          48.7719011
        ]
      },
      "properties": {
        "city": "Paris",
        "nom": "Moulin Vert",
        "name": "Moulin Vert",
        "type": "tram"
      }
    },
    {
      "type": "Feature",
      "geometry": {
        "type": "Point",
        "coordinates": [
          2.3862705,
          48.7928664
        ]
      },
      "properties": {
        "city": "Paris",
        "nom": "Musée MAC VAL",
        "name": "Musée MAC VAL",
        "type": "tram"
      }
    },
    {
      "type": "Feature",
      "geometry": {
        "type": "Point",
        "coordinates": [
          2.2253263,
          48.8287506
        ]
      },
      "properties": {
        "city": "Paris",
        "nom": "Musée de Sèvres",
        "name": "Musée de Sèvres",
        "type": "tram"
      }
    },
    {
      "type": "Feature",
      "geometry": {
        "type": "Point",
        "coordinates": [
          2.5560881,
          48.9009649
        ]
      },
      "properties": {
        "city": "Paris",
        "nom": "Notre-Dame des Anges",
        "name": "Notre-Dame des Anges",
        "type": "tram"
      }
    },
    {
      "type": "Feature",
      "geometry": {
        "type": "Point",
        "coordinates": [
          2.2500959,
          48.7768341
        ]
      },
      "properties": {
        "city": "Paris",
        "nom": "Novéos",
        "name": "Novéos",
        "type": "tram"
      }
    },
    {
      "type": "Feature",
      "geometry": {
        "type": "Point",
        "coordinates": [
          2.4086067,
          48.7450406
        ]
      },
      "properties": {
        "city": "Paris",
        "nom": "Orly - Gaston Viens",
        "name": "Orly - Gaston Viens",
        "type": "tram"
      }
    },
    {
      "type": "Feature",
      "geometry": {
        "type": "Point",
        "coordinates": [
          2.343124,
          48.9566859
        ]
      },
      "properties": {
        "city": "Paris",
        "nom": "Pablo Neruda",
        "name": "Pablo Neruda",
        "type": "tram"
      }
    },
    {
      "type": "Feature",
      "geometry": {
        "type": "Point",
        "coordinates": [
          2.2821039,
          48.7999607
        ]
      },
      "properties": {
        "city": "Paris",
        "nom": "Parc André Malraux",
        "name": "Parc André Malraux",
        "type": "tram"
      }
    },
    {
      "type": "Feature",
      "geometry": {
        "type": "Point",
        "coordinates": [
          2.2247465,
          48.9175858
        ]
      },
      "properties": {
        "city": "Paris",
        "nom": "Parc Pierre Lagravère",
        "name": "Parc Pierre Lagravère",
        "type": "tram"
      }
    },
    {
      "type": "Feature",
      "geometry": {
        "type": "Point",
        "coordinates": [
          2.2219634,
          48.8434202
        ]
      },
      "properties": {
        "city": "Paris",
        "nom": "Parc de Saint-Cloud",
        "name": "Parc de Saint-Cloud",
        "type": "tram"
      }
    },
    {
      "type": "Feature",
      "geometry": {
        "type": "Point",
        "coordinates": [
          2.3134783,
          48.9339442
        ]
      },
      "properties": {
        "city": "Paris",
        "nom": "Parc des Chanteraines",
        "name": "Parc des Chanteraines",
        "type": "tram"
      }
    },
    {
      "type": "Feature",
      "geometry": {
        "type": "Point",
        "coordinates": [
          2.2518888,
          48.7798674
        ]
      },
      "properties": {
        "city": "Paris",
        "nom": "Parc des Sports",
        "name": "Parc des Sports",
        "type": "tram"
      }
    },
    {
      "type": "Feature",
      "geometry": {
        "type": "Point",
        "coordinates": [
          2.380158,
          48.9792725
        ]
      },
      "properties": {
        "city": "Paris",
        "nom": "Paul Valéry",
        "name": "Paul Valéry",
        "type": "tram"
      }
    },
    {
      "type": "Feature",
      "geometry": {
        "type": "Point",
        "coordinates": [
          2.3452295,
          48.9396767
        ]
      },
      "properties": {
        "city": "Paris",
        "nom": "Paul Éluard",
        "name": "Paul Éluard",
        "type": "tram"
      }
    },
    {
      "type": "Feature",
      "geometry": {
        "type": "Point",
        "coordinates": [
          2.240057,
          48.7808099
        ]
      },
      "properties": {
        "city": "Paris",
        "nom": "Pavé Blanc",
        "name": "Pavé Blanc",
        "type": "tram"
      }
    },
    {
      "type": "Feature",
      "geometry": {
        "type": "Point",
        "coordinates": [
          2.2806306,
          48.7627193
        ]
      },
      "properties": {
        "city": "Paris",
        "nom": "Petit Châtenay",
        "name": "Petit Châtenay",
        "type": "tram"
      }
    },
    {
      "type": "Feature",
      "geometry": {
        "type": "Point",
        "coordinates": [
          2.4651148,
          48.900127
        ]
      },
      "properties": {
        "city": "Paris",
        "nom": "Petit Noisy",
        "name": "Petit Noisy",
        "type": "tram"
      }
    },
    {
      "type": "Feature",
      "geometry": {
        "type": "Point",
        "coordinates": [
          2.3580197,
          48.9528136
        ]
      },
      "properties": {
        "city": "Paris",
        "nom": "Petit Pierrefitte",
        "name": "Petit Pierrefitte",
        "type": "tram"
      }
    },
    {
      "type": "Feature",
      "geometry": {
        "type": "Point",
        "coordinates": [
          2.3526133,
          48.9321274
        ]
      },
      "properties": {
        "city": "Paris",
        "nom": "Pierre de Geyter",
        "name": "Pierre de Geyter",
        "type": "tram"
      }
    },
    {
      "type": "Feature",
      "geometry": {
        "type": "Point",
        "coordinates": [
          2.367401,
          48.960133
        ]
      },
      "properties": {
        "city": "Paris",
        "nom": "Pierrefitte-Stains",
        "name": "Pierrefitte-Stains",
        "type": "tram"
      }
    },
    {
      "type": "Feature",
      "geometry": {
        "type": "Point",
        "coordinates": [
          2.3617986,
          48.7527225
        ]
      },
      "properties": {
        "city": "Paris",
        "nom": "Place de la Logistique",
        "name": "Place de la Logistique",
        "type": "tram"
      }
    },
    {
      "type": "Feature",
      "geometry": {
        "type": "Point",
        "coordinates": [
          2.3621177,
          48.7528987
        ]
      },
      "properties": {
        "city": "Paris",
        "nom": "Place de la Logistique - Plateforme Sogaris",
        "name": "Place de la Logistique - Plateforme Sogaris",
        "type": "tram"
      }
    },
    {
      "type": "Feature",
      "geometry": {
        "type": "Point",
        "coordinates": [
          2.2174997,
          48.9232612
        ]
      },
      "properties": {
        "city": "Paris",
        "nom": "Pont de Bezon, direction Porte de Versailles",
        "name": "Pont de Bezon, direction Porte de Versailles",
        "type": "tram"
      }
    },
    {
      "type": "Feature",
      "geometry": {
        "type": "Point",
        "coordinates": [
          2.2176398,
          48.9231184
        ]
      },
      "properties": {
        "city": "Paris",
        "nom": "Pont de Bezons",
        "name": "Pont de Bezons",
        "type": "tram"
      }
    },
    {
      "type": "Feature",
      "geometry": {
        "type": "Point",
        "coordinates": [
          2.2176635,
          48.9232725
        ]
      },
      "properties": {
        "city": "Paris",
        "nom": "Pont de Bezons, terminus",
        "name": "Pont de Bezons, terminus",
        "type": "tram"
      }
    },
    {
      "type": "Feature",
      "geometry": {
        "type": "Point",
        "coordinates": [
          2.4699752,
          48.9046938
        ]
      },
      "properties": {
        "city": "Paris",
        "nom": "Pont de Bondy",
        "name": "Pont de Bondy",
        "type": "tram"
      }
    },
    {
      "type": "Feature",
      "geometry": {
        "type": "Point",
        "coordinates": [
          2.2711978,
          48.8380495
        ]
      },
      "properties": {
        "city": "Paris",
        "nom": "Pont du Garigliano",
        "name": "Pont du Garigliano",
        "type": "tram"
      }
    },
    {
      "type": "Feature",
      "geometry": {
        "type": "Point",
        "coordinates": [
          2.2711731,
          48.8380217
        ]
      },
      "properties": {
        "city": "Paris",
        "nom": "Pont du Garigliano (Hôpital Européen Georges-Pompidou)",
        "name": "Pont du Garigliano (Hôpital Européen Georges-Pompidou)",
        "type": "tram"
      }
    },
    {
      "type": "Feature",
      "geometry": {
        "type": "Point",
        "coordinates": [
          2.2747337,
          48.8702814
        ]
      },
      "properties": {
        "city": "Paris",
        "nom": "Porte Dauphine",
        "name": "Porte Dauphine",
        "type": "tram"
      }
    },
    {
      "type": "Feature",
      "geometry": {
        "type": "Point",
        "coordinates": [
          2.4072323,
          48.8359889
        ]
      },
      "properties": {
        "city": "Paris",
        "nom": "Porte Dorée",
        "name": "Porte Dorée",
        "type": "tram"
      }
    },
    {
      "type": "Feature",
      "geometry": {
        "type": "Point",
        "coordinates": [
          2.2839223,
          48.8779174
        ]
      },
      "properties": {
        "city": "Paris",
        "nom": "Porte Maillot",
        "name": "Porte Maillot",
        "type": "tram"
      }
    },
    {
      "type": "Feature",
      "geometry": {
        "type": "Point",
        "coordinates": [
          2.3032653,
          48.8896766
        ]
      },
      "properties": {
        "city": "Paris",
        "nom": "Porte d'Asnières-Marguerite Long",
        "name": "Porte d'Asnières-Marguerite Long",
        "type": "tram"
      }
    },
    {
      "type": "Feature",
      "geometry": {
        "type": "Point",
        "coordinates": [
          2.3690525,
          48.8985815
        ]
      },
      "properties": {
        "city": "Paris",
        "nom": "Porte d'Aubervilliers",
        "name": "Porte d'Aubervilliers",
        "type": "tram"
      }
    },
    {
      "type": "Feature",
      "geometry": {
        "type": "Point",
        "coordinates": [
          2.2812714,
          48.8318263
        ]
      },
      "properties": {
        "city": "Paris",
        "nom": "Porte d'Issy",
        "name": "Porte d'Issy",
        "type": "tram"
      }
    },
    {
      "type": "Feature",
      "geometry": {
        "type": "Point",
        "coordinates": [
          2.3601952,
          48.8190455
        ]
      },
      "properties": {
        "city": "Paris",
        "nom": "Porte d'Italie",
        "name": "Porte d'Italie",
        "type": "tram"
      }
    },
    {
      "type": "Feature",
      "geometry": {
        "type": "Point",
        "coordinates": [
          2.3700816,
          48.8218568
        ]
      },
      "properties": {
        "city": "Paris",
        "nom": "Porte d'Ivry",
        "name": "Porte d'Ivry",
        "type": "tram"
      }
    },
    {
      "type": "Feature",
      "geometry": {
        "type": "Point",
        "coordinates": [
          2.3248777,
          48.8233117
        ]
      },
      "properties": {
        "city": "Paris",
        "nom": "Porte d'Orléans",
        "name": "Porte d'Orléans",
        "type": "tram"
      }
    },
    {
      "type": "Feature",
      "geometry": {
        "type": "Point",
        "coordinates": [
          2.4088077,
          48.8634367
        ]
      },
      "properties": {
        "city": "Paris",
        "nom": "Porte de Bagnolet",
        "name": "Porte de Bagnolet",
        "type": "tram"
      }
    },
    {
      "type": "Feature",
      "geometry": {
        "type": "Point",
        "coordinates": [
          2.2922126,
          48.885998
        ]
      },
      "properties": {
        "city": "Paris",
        "nom": "Porte de Champerret",
        "name": "Porte de Champerret",
        "type": "tram"
      }
    },
    {
      "type": "Feature",
      "geometry": {
        "type": "Point",
        "coordinates": [
          2.3983669,
          48.8319819
        ]
      },
      "properties": {
        "city": "Paris",
        "nom": "Porte de Charenton",
        "name": "Porte de Charenton",
        "type": "tram"
      }
    },
    {
      "type": "Feature",
      "geometry": {
        "type": "Point",
        "coordinates": [
          2.3641113,
          48.8197321
        ]
      },
      "properties": {
        "city": "Paris",
        "nom": "Porte de Choisy",
        "name": "Porte de Choisy",
        "type": "tram"
      }
    },
    {
      "type": "Feature",
      "geometry": {
        "type": "Point",
        "coordinates": [
          2.3144963,
          48.8947053
        ]
      },
      "properties": {
        "city": "Paris",
        "nom": "Porte de Clichy",
        "name": "Porte de Clichy",
        "type": "tram"
      }
    },
    {
      "type": "Feature",
      "geometry": {
        "type": "Point",
        "coordinates": [
          2.3141706,
          48.8946667
        ]
      },
      "properties": {
        "city": "Paris",
        "nom": "Porte de Clichy (Tribunal de Paris)",
        "name": "Porte de Clichy (Tribunal de Paris)",
        "type": "tram"
      }
    },
    {
      "type": "Feature",
      "geometry": {
        "type": "Point",
        "coordinates": [
          2.3450802,
          48.8980238
        ]
      },
      "properties": {
        "city": "Paris",
        "nom": "Porte de Clignancourt",
        "name": "Porte de Clignancourt",
        "type": "tram"
      }
    },
    {
      "type": "Feature",
      "geometry": {
        "type": "Point",
        "coordinates": [
          2.3450711,
          48.8980936
        ]
      },
      "properties": {
        "city": "Paris",
        "nom": "Porte de Clignancourt (Puces de Saint-Ouen)",
        "name": "Porte de Clignancourt (Puces de Saint-Ouen)",
        "type": "tram"
      }
    },
    {
      "type": "Feature",
      "geometry": {
        "type": "Point",
        "coordinates": [
          2.4107688,
          48.852984
        ]
      },
      "properties": {
        "city": "Paris",
        "nom": "Porte de Montreuil",
        "name": "Porte de Montreuil",
        "type": "tram"
      }
    },
    {
      "type": "Feature",
      "geometry": {
        "type": "Point",
        "coordinates": [
          2.3957628,
          48.8890212
        ]
      },
      "properties": {
        "city": "Paris",
        "nom": "Porte de Pantin",
        "name": "Porte de Pantin",
        "type": "tram"
      }
    },
    {
      "type": "Feature",
      "geometry": {
        "type": "Point",
        "coordinates": [
          2.3956594,
          48.8890094
        ]
      },
      "properties": {
        "city": "Paris",
        "nom": "Porte de Pantin - Parc de la Villette",
        "name": "Porte de Pantin - Parc de la Villette",
        "type": "tram"
      }
    },
    {
      "type": "Feature",
      "geometry": {
        "type": "Point",
        "coordinates": [
          2.3553555,
          48.7526891
        ]
      },
      "properties": {
        "city": "Paris",
        "nom": "Porte de Rungis",
        "name": "Porte de Rungis",
        "type": "tram"
      }
    },
    {
      "type": "Feature",
      "geometry": {
        "type": "Point",
        "coordinates": [
          2.3297642,
          48.897671
        ]
      },
      "properties": {
        "city": "Paris",
        "nom": "Porte de Saint-Ouen",
        "name": "Porte de Saint-Ouen",
        "type": "tram"
      }
    },
    {
      "type": "Feature",
      "geometry": {
        "type": "Point",
        "coordinates": [
          2.3066455,
          48.8273971
        ]
      },
      "properties": {
        "city": "Paris",
        "nom": "Porte de Vanves",
        "name": "Porte de Vanves",
        "type": "tram"
      }
    },
    {
      "type": "Feature",
      "geometry": {
        "type": "Point",
        "coordinates": [
          2.2858221,
          48.8309082
        ]
      },
      "properties": {
        "city": "Paris",
        "nom": "Porte de Versailles",
        "name": "Porte de Versailles",
        "type": "tram"
      }
    },
    {
      "type": "Feature",
      "geometry": {
        "type": "Point",
        "coordinates": [
          2.2880885,
          48.8326073
        ]
      },
      "properties": {
        "city": "Paris",
        "nom": "Porte de Versailles [Parc des Expositions]",
        "name": "Porte de Versailles [Parc des Expositions]",
        "type": "tram"
      }
    },
    {
      "type": "Feature",
      "geometry": {
        "type": "Point",
        "coordinates": [
          2.4096635,
          48.8474078
        ]
      },
      "properties": {
        "city": "Paris",
        "nom": "Porte de Vincennes",
        "name": "Porte de Vincennes",
        "type": "tram"
      }
    },
    {
      "type": "Feature",
      "geometry": {
        "type": "Point",
        "coordinates": [
          2.3717319,
          48.7145563
        ]
      },
      "properties": {
        "city": "Paris",
        "nom": "Porte de l'Essonne",
        "name": "Porte de l'Essonne",
        "type": "tram"
      }
    },
    {
      "type": "Feature",
      "geometry": {
        "type": "Point",
        "coordinates": [
          2.3584392,
          48.8983713
        ]
      },
      "properties": {
        "city": "Paris",
        "nom": "Porte de la Chapelle",
        "name": "Porte de la Chapelle",
        "type": "tram"
      }
    },
    {
      "type": "Feature",
      "geometry": {
        "type": "Point",
        "coordinates": [
          2.3865633,
          48.8974135
        ]
      },
      "properties": {
        "city": "Paris",
        "nom": "Porte de la Villette",
        "name": "Porte de la Villette",
        "type": "tram"
      }
    },
    {
      "type": "Feature",
      "geometry": {
        "type": "Point",
        "coordinates": [
          2.4070291,
          48.8766347
        ]
      },
      "properties": {
        "city": "Paris",
        "nom": "Porte des Lilas",
        "name": "Porte des Lilas",
        "type": "tram"
      }
    },
    {
      "type": "Feature",
      "geometry": {
        "type": "Point",
        "coordinates": [
          2.3517355,
          48.8208622
        ]
      },
      "properties": {
        "city": "Paris",
        "nom": "Poterne des Peupliers",
        "name": "Poterne des Peupliers",
        "type": "tram"
      }
    },
    {
      "type": "Feature",
      "geometry": {
        "type": "Point",
        "coordinates": [
          2.2338242,
          48.8832551
        ]
      },
      "properties": {
        "city": "Paris",
        "nom": "Puteaux",
        "name": "Puteaux",
        "type": "tram"
      }
    },
    {
      "type": "Feature",
      "geometry": {
        "type": "Point",
        "coordinates": [
          2.3421192,
          48.9593072
        ]
      },
      "properties": {
        "city": "Paris",
        "nom": "Quai 1",
        "name": "Quai 1",
        "type": "tram"
      }
    },
    {
      "type": "Feature",
      "geometry": {
        "type": "Point",
        "coordinates": [
          2.3419938,
          48.9593284
        ]
      },
      "properties": {
        "city": "Paris",
        "nom": "Quai 2",
        "name": "Quai 2",
        "type": "tram"
      }
    },
    {
      "type": "Feature",
      "geometry": {
        "type": "Point",
        "coordinates": [
          2.4882722,
          48.8930277
        ]
      },
      "properties": {
        "city": "Paris",
        "nom": "Remise à Jorelle",
        "name": "Remise à Jorelle",
        "type": "tram"
      }
    },
    {
      "type": "Feature",
      "geometry": {
        "type": "Point",
        "coordinates": [
          2.3528964,
          48.7465725
        ]
      },
      "properties": {
        "city": "Paris",
        "nom": "Robert Schuman",
        "name": "Robert Schuman",
        "type": "tram"
      }
    },
    {
      "type": "Feature",
      "geometry": {
        "type": "Point",
        "coordinates": [
          2.1788007,
          48.7851208
        ]
      },
      "properties": {
        "city": "Paris",
        "nom": "Robert Wagner",
        "name": "Robert Wagner",
        "type": "tram"
      }
    },
    {
      "type": "Feature",
      "geometry": {
        "type": "Point",
        "coordinates": [
          2.3570418,
          48.9449415
        ]
      },
      "properties": {
        "city": "Paris",
        "nom": "Roger Sémat",
        "name": "Roger Sémat",
        "type": "tram"
      }
    },
    {
      "type": "Feature",
      "geometry": {
        "type": "Point",
        "coordinates": [
          2.5479968,
          48.9047425
        ]
      },
      "properties": {
        "city": "Paris",
        "nom": "Romain Rolland",
        "name": "Romain Rolland",
        "type": "tram"
      }
    },
    {
      "type": "Feature",
      "geometry": {
        "type": "Point",
        "coordinates": [
          2.37338,
          48.8975371
        ]
      },
      "properties": {
        "city": "Paris",
        "nom": "Rosa Parks",
        "name": "Rosa Parks",
        "type": "tram"
      }
    },
    {
      "type": "Feature",
      "geometry": {
        "type": "Point",
        "coordinates": [
          2.3154628,
          48.953161
        ]
      },
      "properties": {
        "city": "Paris",
        "nom": "Rose Bertin - Centre Commercial L'Ilo",
        "name": "Rose Bertin - Centre Commercial L'Ilo",
        "type": "tram"
      }
    },
    {
      "type": "Feature",
      "geometry": {
        "type": "Point",
        "coordinates": [
          2.5149847,
          48.9309793
        ]
      },
      "properties": {
        "city": "Paris",
        "nom": "Rougemont Chanteloup",
        "name": "Rougemont Chanteloup",
        "type": "tram"
      }
    },
    {
      "type": "Feature",
      "geometry": {
        "type": "Point",
        "coordinates": [
          2.4056883,
          48.7641444
        ]
      },
      "properties": {
        "city": "Paris",
        "nom": "Rouget de Lisle",
        "name": "Rouget de Lisle",
        "type": "tram"
      }
    },
    {
      "type": "Feature",
      "geometry": {
        "type": "Point",
        "coordinates": [
          2.5240397,
          48.9065824
        ]
      },
      "properties": {
        "city": "Paris",
        "nom": "République - Marx Dormoy",
        "name": "République - Marx Dormoy",
        "type": "tram"
      }
    },
    {
      "type": "Feature",
      "geometry": {
        "type": "Point",
        "coordinates": [
          2.3544184,
          48.7502015
        ]
      },
      "properties": {
        "city": "Paris",
        "nom": "Saarinen",
        "name": "Saarinen",
        "type": "tram"
      }
    },
    {
      "type": "Feature",
      "geometry": {
        "type": "Point",
        "coordinates": [
          2.4561642,
          48.8927461
        ]
      },
      "properties": {
        "city": "Paris",
        "nom": "Saint Jean",
        "name": "Saint Jean",
        "type": "tram"
      }
    },
    {
      "type": "Feature",
      "geometry": {
        "type": "Point",
        "coordinates": [
          2.3477115,
          48.9353865
        ]
      },
      "properties": {
        "city": "Paris",
        "nom": "Saint-Denis - Gare",
        "name": "Saint-Denis - Gare",
        "type": "tram"
      }
    },
    {
      "type": "Feature",
      "geometry": {
        "type": "Point",
        "coordinates": [
          2.3570618,
          48.9298262
        ]
      },
      "properties": {
        "city": "Paris",
        "nom": "Saint-Denis - Porte de Paris",
        "name": "Saint-Denis - Porte de Paris",
        "type": "tram"
      }
    },
    {
      "type": "Feature",
      "geometry": {
        "type": "Point",
        "coordinates": [
          2.3477894,
          48.9352532
        ]
      },
      "properties": {
        "city": "Paris",
        "nom": "Saint-Denis Gare",
        "name": "Saint-Denis Gare",
        "type": "tram"
      }
    },
    {
      "type": "Feature",
      "geometry": {
        "type": "Point",
        "coordinates": [
          2.2635198,
          48.7903766
        ]
      },
      "properties": {
        "city": "Paris",
        "nom": "Soleil Levant",
        "name": "Soleil Levant",
        "type": "tram"
      }
    },
    {
      "type": "Feature",
      "geometry": {
        "type": "Point",
        "coordinates": [
          2.2963477,
          48.8875219
        ]
      },
      "properties": {
        "city": "Paris",
        "nom": "Square Sainte-Odile",
        "name": "Square Sainte-Odile",
        "type": "tram"
      }
    },
    {
      "type": "Feature",
      "geometry": {
        "type": "Point",
        "coordinates": [
          2.3457777,
          48.8194749
        ]
      },
      "properties": {
        "city": "Paris",
        "nom": "Stade Charléty",
        "name": "Stade Charléty",
        "type": "tram"
      }
    },
    {
      "type": "Feature",
      "geometry": {
        "type": "Point",
        "coordinates": [
          2.3457995,
          48.819442
        ]
      },
      "properties": {
        "city": "Paris",
        "nom": "Stade Charléty (Porte de Gentilly)",
        "name": "Stade Charléty (Porte de Gentilly)",
        "type": "tram"
      }
    },
    {
      "type": "Feature",
      "geometry": {
        "type": "Point",
        "coordinates": [
          2.4019647,
          48.9244127
        ]
      },
      "properties": {
        "city": "Paris",
        "nom": "Stade Géo André",
        "name": "Stade Géo André",
        "type": "tram"
      }
    },
    {
      "type": "Feature",
      "geometry": {
        "type": "Point",
        "coordinates": [
          2.221418,
          48.8682976
        ]
      },
      "properties": {
        "city": "Paris",
        "nom": "Suresnes - Longchamp",
        "name": "Suresnes - Longchamp",
        "type": "tram"
      }
    },
    {
      "type": "Feature",
      "geometry": {
        "type": "Point",
        "coordinates": [
          2.2772241,
          48.8331575
        ]
      },
      "properties": {
        "city": "Paris",
        "nom": "Suzanne Lenglen",
        "name": "Suzanne Lenglen",
        "type": "tram"
      }
    },
    {
      "type": "Feature",
      "geometry": {
        "type": "Point",
        "coordinates": [
          2.3587791,
          48.9592436
        ]
      },
      "properties": {
        "city": "Paris",
        "nom": "Suzanne Valadon",
        "name": "Suzanne Valadon",
        "type": "tram"
      }
    },
    {
      "type": "Feature",
      "geometry": {
        "type": "Point",
        "coordinates": [
          2.4089618,
          48.867526
        ]
      },
      "properties": {
        "city": "Paris",
        "nom": "Séverine",
        "name": "Séverine",
        "type": "tram"
      }
    },
    {
      "type": "Feature",
      "geometry": {
        "type": "Point",
        "coordinates": [
          2.2880277,
          48.883455
        ]
      },
      "properties": {
        "city": "Paris",
        "nom": "Thérèse Pierre",
        "name": "Thérèse Pierre",
        "type": "tram"
      }
    },
    {
      "type": "Feature",
      "geometry": {
        "type": "Point",
        "coordinates": [
          2.3504659,
          48.9376219
        ]
      },
      "properties": {
        "city": "Paris",
        "nom": "Théâtre Gérard Philipe",
        "name": "Théâtre Gérard Philipe",
        "type": "tram"
      }
    },
    {
      "type": "Feature",
      "geometry": {
        "type": "Point",
        "coordinates": [
          2.2725467,
          48.7638347
        ]
      },
      "properties": {
        "city": "Paris",
        "nom": "Théâtre La Piscine",
        "name": "Théâtre La Piscine",
        "type": "tram"
      }
    },
    {
      "type": "Feature",
      "geometry": {
        "type": "Point",
        "coordinates": [
          2.3012942,
          48.9327702
        ]
      },
      "properties": {
        "city": "Paris",
        "nom": "Timbaud",
        "name": "Timbaud",
        "type": "tram"
      }
    },
    {
      "type": "Feature",
      "geometry": {
        "type": "Point",
        "coordinates": [
          2.3995655,
          48.7727847
        ]
      },
      "properties": {
        "city": "Paris",
        "nom": "Trois Communes",
        "name": "Trois Communes",
        "type": "tram"
      }
    },
    {
      "type": "Feature",
      "geometry": {
        "type": "Point",
        "coordinates": [
          2.2547055,
          48.7664514
        ]
      },
      "properties": {
        "city": "Paris",
        "nom": "Vallée aux Loups",
        "name": "Vallée aux Loups",
        "type": "tram"
      }
    },
    {
      "type": "Feature",
      "geometry": {
        "type": "Point",
        "coordinates": [
          2.2941975,
          48.8072121
        ]
      },
      "properties": {
        "city": "Paris",
        "nom": "Vauban",
        "name": "Vauban",
        "type": "tram"
      }
    },
    {
      "type": "Feature",
      "geometry": {
        "type": "Point",
        "coordinates": [
          2.4027359,
          48.7686635
        ]
      },
      "properties": {
        "city": "Paris",
        "nom": "Verdun - Hoche",
        "name": "Verdun - Hoche",
        "type": "tram"
      }
    },
    {
      "type": "Feature",
      "geometry": {
        "type": "Point",
        "coordinates": [
          2.4029333,
          48.7684325
        ]
      },
      "properties": {
        "city": "Paris",
        "nom": "Verdun-Hoche",
        "name": "Verdun-Hoche",
        "type": "tram"
      }
    },
    {
      "type": "Feature",
      "geometry": {
        "type": "Point",
        "coordinates": [
          2.229183,
          48.9143955
        ]
      },
      "properties": {
        "city": "Paris",
        "nom": "Victor Basch",
        "name": "Victor Basch",
        "type": "tram"
      }
    },
    {
      "type": "Feature",
      "geometry": {
        "type": "Point",
        "coordinates": [
          2.3669515,
          48.7871485
        ]
      },
      "properties": {
        "city": "Paris",
        "nom": "Villejuif-Louis Aragon",
        "name": "Villejuif-Louis Aragon",
        "type": "tram"
      }
    },
    {
      "type": "Feature",
      "geometry": {
        "type": "Point",
        "coordinates": [
          2.3420699,
          48.9593079
        ]
      },
      "properties": {
        "city": "Paris",
        "nom": "Villetaneuse - Université",
        "name": "Villetaneuse - Université",
        "type": "tram"
      }
    },
    {
      "type": "Feature",
      "geometry": {
        "type": "Point",
        "coordinates": [
          2.1709007,
          48.8012186
        ]
      },
      "properties": {
        "city": "Paris",
        "nom": "Viroflay Gare Rive Gauche",
        "name": "Viroflay Gare Rive Gauche",
        "type": "tram"
      }
    },
    {
      "type": "Feature",
      "geometry": {
        "type": "Point",
        "coordinates": [
          2.1690017,
          48.8055738
        ]
      },
      "properties": {
        "city": "Paris",
        "nom": "Viroflay-Rive Droite",
        "name": "Viroflay-Rive Droite",
        "type": "tram"
      }
    },
    {
      "type": "Feature",
      "geometry": {
        "type": "Point",
        "coordinates": [
          2.1709908,
          48.8012268
        ]
      },
      "properties": {
        "city": "Paris",
        "nom": "Viroflay-Rive Gauche",
        "name": "Viroflay-Rive Gauche",
        "type": "tram"
      }
    },
    {
      "type": "Feature",
      "geometry": {
        "type": "Point",
        "coordinates": [
          2.342368,
          48.960057
        ]
      },
      "properties": {
        "city": "Paris",
        "nom": "Voie 1",
        "name": "Voie 1",
        "type": "tram"
      }
    },
    {
      "type": "Feature",
      "geometry": {
        "type": "Point",
        "coordinates": [
          2.5240655,
          48.9065571
        ]
      },
      "properties": {
        "city": "Paris",
        "nom": "Voie 1CM",
        "name": "Voie 1CM",
        "type": "tram"
      }
    },
    {
      "type": "Feature",
      "geometry": {
        "type": "Point",
        "coordinates": [
          2.4964236,
          48.9320027
        ]
      },
      "properties": {
        "city": "Paris",
        "nom": "Voie 1T4",
        "name": "Voie 1T4",
        "type": "tram"
      }
    },
    {
      "type": "Feature",
      "geometry": {
        "type": "Point",
        "coordinates": [
          2.5151683,
          48.9159784
        ]
      },
      "properties": {
        "city": "Paris",
        "nom": "Voie 1TT",
        "name": "Voie 1TT",
        "type": "tram"
      }
    },
    {
      "type": "Feature",
      "geometry": {
        "type": "Point",
        "coordinates": [
          2.4811887,
          48.8939782
        ]
      },
      "properties": {
        "city": "Paris",
        "nom": "Voie 2",
        "name": "Voie 2",
        "type": "tram"
      }
    },
    {
      "type": "Feature",
      "geometry": {
        "type": "Point",
        "coordinates": [
          2.3023375,
          48.9545119
        ]
      },
      "properties": {
        "city": "Paris",
        "nom": "Voie 2 (tramway T11)",
        "name": "Voie 2 (tramway T11)",
        "type": "tram"
      }
    },
    {
      "type": "Feature",
      "geometry": {
        "type": "Point",
        "coordinates": [
          2.5239518,
          48.9066017
        ]
      },
      "properties": {
        "city": "Paris",
        "nom": "Voie 2CM",
        "name": "Voie 2CM",
        "type": "tram"
      }
    },
    {
      "type": "Feature",
      "geometry": {
        "type": "Point",
        "coordinates": [
          2.4964263,
          48.931899
        ]
      },
      "properties": {
        "city": "Paris",
        "nom": "Voie 2T4",
        "name": "Voie 2T4",
        "type": "tram"
      }
    },
    {
      "type": "Feature",
      "geometry": {
        "type": "Point",
        "coordinates": [
          2.5150367,
          48.9159601
        ]
      },
      "properties": {
        "city": "Paris",
        "nom": "Voie 2TT",
        "name": "Voie 2TT",
        "type": "tram"
      }
    },
    {
      "type": "Feature",
      "geometry": {
        "type": "Point",
        "coordinates": [
          2.4793167,
          48.8941364
        ]
      },
      "properties": {
        "city": "Paris",
        "nom": "Voies A et B",
        "name": "Voies A et B",
        "type": "tram"
      }
    },
    {
      "type": "Feature",
      "geometry": {
        "type": "Point",
        "coordinates": [
          2.220334,
          48.7849356
        ]
      },
      "properties": {
        "city": "Paris",
        "nom": "Vélizy 2",
        "name": "Vélizy 2",
        "type": "tram"
      }
    },
    {
      "type": "Feature",
      "geometry": {
        "type": "Point",
        "coordinates": [
          2.3963004,
          48.7788271
        ]
      },
      "properties": {
        "city": "Paris",
        "nom": "Watteau - Rondenay",
        "name": "Watteau - Rondenay",
        "type": "tram"
      }
    },
    {
      "type": "Feature",
      "geometry": {
        "type": "Point",
        "coordinates": [
          2.3963374,
          48.7785837
        ]
      },
      "properties": {
        "city": "Paris",
        "nom": "Watteau-Rondenay",
        "name": "Watteau-Rondenay",
        "type": "tram"
      }
    },
    {
      "type": "Feature",
      "geometry": {
        "type": "Point",
        "coordinates": [
          2.2954371,
          48.9555056
        ]
      },
      "properties": {
        "city": "Paris",
        "nom": "Épinay-Orgemont",
        "name": "Épinay-Orgemont",
        "type": "tram"
      }
    },
    {
      "type": "Feature",
      "geometry": {
        "type": "Point",
        "coordinates": [
          2.3020631,
          48.955848
        ]
      },
      "properties": {
        "city": "Paris",
        "nom": "Épinay-sur-Seine - Gare",
        "name": "Épinay-sur-Seine - Gare",
        "type": "tram"
      }
    },
    {
      "type": "Feature",
      "geometry": {
        "type": "Point",
        "coordinates": [
          2.3249305,
          48.8975635
        ]
      },
      "properties": {
        "city": "Paris",
        "nom": "Épinettes-Pouchet",
        "name": "Épinettes-Pouchet",
        "type": "tram"
      }
    },
    {
      "type": "Feature",
      "geometry": {
        "type": "Point",
        "coordinates": [
          4.0078718,
          49.2296166
        ]
      },
      "properties": {
        "city": "Reims",
        "nom": "Arago",
        "name": "Arago",
        "type": "tram"
      }
    },
    {
      "type": "Feature",
      "geometry": {
        "type": "Point",
        "coordinates": [
          4.0186281,
          49.2742315
        ]
      },
      "properties": {
        "city": "Reims",
        "nom": "Belges",
        "name": "Belges",
        "type": "tram"
      }
    },
    {
      "type": "Feature",
      "geometry": {
        "type": "Point",
        "coordinates": [
          4.0047687,
          49.2367715
        ]
      },
      "properties": {
        "city": "Reims",
        "nom": "Campus Croix Rouge",
        "name": "Campus Croix Rouge",
        "type": "tram"
      }
    },
    {
      "type": "Feature",
      "geometry": {
        "type": "Point",
        "coordinates": [
          4.020342,
          49.2504486
        ]
      },
      "properties": {
        "city": "Reims",
        "nom": "Comédie",
        "name": "Comédie",
        "type": "tram"
      }
    },
    {
      "type": "Feature",
      "geometry": {
        "type": "Point",
        "coordinates": [
          4.0179832,
          49.2460107
        ]
      },
      "properties": {
        "city": "Reims",
        "nom": "Courlancy",
        "name": "Courlancy",
        "type": "tram"
      }
    },
    {
      "type": "Feature",
      "geometry": {
        "type": "Point",
        "coordinates": [
          4.021502,
          49.2708923
        ]
      },
      "properties": {
        "city": "Reims",
        "nom": "Danton-Rauseo",
        "name": "Danton-Rauseo",
        "type": "tram"
      }
    },
    {
      "type": "Feature",
      "geometry": {
        "type": "Point",
        "coordinates": [
          4.0215324,
          49.2797362
        ]
      },
      "properties": {
        "city": "Reims",
        "nom": "De Fermat",
        "name": "De Fermat",
        "type": "tram"
      }
    },
    {
      "type": "Feature",
      "geometry": {
        "type": "Point",
        "coordinates": [
          4.0147724,
          49.2426949
        ]
      },
      "properties": {
        "city": "Reims",
        "nom": "Franchet d'Espèrey",
        "name": "Franchet d'Espèrey",
        "type": "tram"
      }
    },
    {
      "type": "Feature",
      "geometry": {
        "type": "Point",
        "coordinates": [
          4.0266173,
          49.2585496
        ]
      },
      "properties": {
        "city": "Reims",
        "nom": "Gare Centre",
        "name": "Gare Centre",
        "type": "tram"
      }
    },
    {
      "type": "Feature",
      "geometry": {
        "type": "Point",
        "coordinates": [
          3.9963044,
          49.216264
        ]
      },
      "properties": {
        "city": "Reims",
        "nom": "Gare Champagne TGV",
        "name": "Gare Champagne TGV",
        "type": "tram"
      }
    },
    {
      "type": "Feature",
      "geometry": {
        "type": "Point",
        "coordinates": [
          4.0212623,
          49.2831961
        ]
      },
      "properties": {
        "city": "Reims",
        "nom": "Georges Hébert",
        "name": "Georges Hébert",
        "type": "tram"
      }
    },
    {
      "type": "Feature",
      "geometry": {
        "type": "Point",
        "coordinates": [
          4.0169488,
          49.2259134
        ]
      },
      "properties": {
        "city": "Reims",
        "nom": "Hôpital Debré",
        "name": "Hôpital Debré",
        "type": "tram"
      }
    },
    {
      "type": "Feature",
      "geometry": {
        "type": "Point",
        "coordinates": [
          4.0217069,
          49.2761662
        ]
      },
      "properties": {
        "city": "Reims",
        "nom": "Jean Macé",
        "name": "Jean Macé",
        "type": "tram"
      }
    },
    {
      "type": "Feature",
      "geometry": {
        "type": "Point",
        "coordinates": [
          4.0072547,
          49.2338228
        ]
      },
      "properties": {
        "city": "Reims",
        "nom": "Kennedy",
        "name": "Kennedy",
        "type": "tram"
      }
    },
    {
      "type": "Feature",
      "geometry": {
        "type": "Point",
        "coordinates": [
          4.0305169,
          49.2565589
        ]
      },
      "properties": {
        "city": "Reims",
        "nom": "Langlet",
        "name": "Langlet",
        "type": "tram"
      }
    },
    {
      "type": "Feature",
      "geometry": {
        "type": "Point",
        "coordinates": [
          4.0098027,
          49.225453
        ]
      },
      "properties": {
        "city": "Reims",
        "nom": "Léon Blum",
        "name": "Léon Blum",
        "type": "tram"
      }
    },
    {
      "type": "Feature",
      "geometry": {
        "type": "Point",
        "coordinates": [
          4.0131884,
          49.2271318
        ]
      },
      "properties": {
        "city": "Reims",
        "nom": "Médiathèque Croix Rouge",
        "name": "Médiathèque Croix Rouge",
        "type": "tram"
      }
    },
    {
      "type": "Feature",
      "geometry": {
        "type": "Point",
        "coordinates": [
          4.0269099,
          49.2845177
        ]
      },
      "properties": {
        "city": "Reims",
        "nom": "Neufchâtel",
        "name": "Neufchâtel",
        "type": "tram"
      }
    },
    {
      "type": "Feature",
      "geometry": {
        "type": "Point",
        "coordinates": [
          4.0313646,
          49.2544192
        ]
      },
      "properties": {
        "city": "Reims",
        "nom": "Opéra - Cathédrale",
        "name": "Opéra - Cathédrale",
        "type": "tram"
      }
    },
    {
      "type": "Feature",
      "geometry": {
        "type": "Point",
        "coordinates": [
          4.0002867,
          49.2186357
        ]
      },
      "properties": {
        "city": "Reims",
        "nom": "Polyclinique de Reims Bezannes",
        "name": "Polyclinique de Reims Bezannes",
        "type": "tram"
      }
    },
    {
      "type": "Feature",
      "geometry": {
        "type": "Point",
        "coordinates": [
          4.0078924,
          49.2296717
        ]
      },
      "properties": {
        "city": "Reims",
        "nom": "Reims, Arago",
        "name": "Reims, Arago",
        "type": "tram"
      }
    },
    {
      "type": "Feature",
      "geometry": {
        "type": "Point",
        "coordinates": [
          4.0186504,
          49.2742856
        ]
      },
      "properties": {
        "city": "Reims",
        "nom": "Reims, Belges",
        "name": "Reims, Belges",
        "type": "tram"
      }
    },
    {
      "type": "Feature",
      "geometry": {
        "type": "Point",
        "coordinates": [
          4.0047261,
          49.2367449
        ]
      },
      "properties": {
        "city": "Reims",
        "nom": "Reims, Campus Croix Rouge",
        "name": "Reims, Campus Croix Rouge",
        "type": "tram"
      }
    },
    {
      "type": "Feature",
      "geometry": {
        "type": "Point",
        "coordinates": [
          4.0203722,
          49.2504689
        ]
      },
      "properties": {
        "city": "Reims",
        "nom": "Reims, Comédie",
        "name": "Reims, Comédie",
        "type": "tram"
      }
    },
    {
      "type": "Feature",
      "geometry": {
        "type": "Point",
        "coordinates": [
          4.0180168,
          49.2460575
        ]
      },
      "properties": {
        "city": "Reims",
        "nom": "Reims, Courlancy",
        "name": "Reims, Courlancy",
        "type": "tram"
      }
    },
    {
      "type": "Feature",
      "geometry": {
        "type": "Point",
        "coordinates": [
          4.0215329,
          49.2709286
        ]
      },
      "properties": {
        "city": "Reims",
        "nom": "Reims, Danton-Rauseo",
        "name": "Reims, Danton-Rauseo",
        "type": "tram"
      }
    },
    {
      "type": "Feature",
      "geometry": {
        "type": "Point",
        "coordinates": [
          4.0214934,
          49.279713
        ]
      },
      "properties": {
        "city": "Reims",
        "nom": "Reims, De Fermat",
        "name": "Reims, De Fermat",
        "type": "tram"
      }
    },
    {
      "type": "Feature",
      "geometry": {
        "type": "Point",
        "coordinates": [
          4.0148235,
          49.2426707
        ]
      },
      "properties": {
        "city": "Reims",
        "nom": "Reims, Franchet d'Espèrey",
        "name": "Reims, Franchet d'Espèrey",
        "type": "tram"
      }
    },
    {
      "type": "Feature",
      "geometry": {
        "type": "Point",
        "coordinates": [
          4.0266664,
          49.2585545
        ]
      },
      "properties": {
        "city": "Reims",
        "nom": "Reims, Gare Centre",
        "name": "Reims, Gare Centre",
        "type": "tram"
      }
    },
    {
      "type": "Feature",
      "geometry": {
        "type": "Point",
        "coordinates": [
          3.9963248,
          49.2162226
        ]
      },
      "properties": {
        "city": "Reims",
        "nom": "Reims, Gare Champagne TGV",
        "name": "Reims, Gare Champagne TGV",
        "type": "tram"
      }
    },
    {
      "type": "Feature",
      "geometry": {
        "type": "Point",
        "coordinates": [
          4.0213045,
          49.2831582
        ]
      },
      "properties": {
        "city": "Reims",
        "nom": "Reims, Georges Hébert",
        "name": "Reims, Georges Hébert",
        "type": "tram"
      }
    },
    {
      "type": "Feature",
      "geometry": {
        "type": "Point",
        "coordinates": [
          4.016999,
          49.2259461
        ]
      },
      "properties": {
        "city": "Reims",
        "nom": "Reims, Hôpital Debré",
        "name": "Reims, Hôpital Debré",
        "type": "tram"
      }
    },
    {
      "type": "Feature",
      "geometry": {
        "type": "Point",
        "coordinates": [
          4.0217422,
          49.2761319
        ]
      },
      "properties": {
        "city": "Reims",
        "nom": "Reims, Jean Macé",
        "name": "Reims, Jean Macé",
        "type": "tram"
      }
    },
    {
      "type": "Feature",
      "geometry": {
        "type": "Point",
        "coordinates": [
          4.0072701,
          49.2338264
        ]
      },
      "properties": {
        "city": "Reims",
        "nom": "Reims, Kennedy",
        "name": "Reims, Kennedy",
        "type": "tram"
      }
    },
    {
      "type": "Feature",
      "geometry": {
        "type": "Point",
        "coordinates": [
          4.0305571,
          49.2565682
        ]
      },
      "properties": {
        "city": "Reims",
        "nom": "Reims, Langlet",
        "name": "Reims, Langlet",
        "type": "tram"
      }
    },
    {
      "type": "Feature",
      "geometry": {
        "type": "Point",
        "coordinates": [
          4.0098885,
          49.2254533
        ]
      },
      "properties": {
        "city": "Reims",
        "nom": "Reims, Léon Blum",
        "name": "Reims, Léon Blum",
        "type": "tram"
      }
    },
    {
      "type": "Feature",
      "geometry": {
        "type": "Point",
        "coordinates": [
          4.0132579,
          49.2271458
        ]
      },
      "properties": {
        "city": "Reims",
        "nom": "Reims, Médiathèque Croix Rouge",
        "name": "Reims, Médiathèque Croix Rouge",
        "type": "tram"
      }
    },
    {
      "type": "Feature",
      "geometry": {
        "type": "Point",
        "coordinates": [
          4.0269584,
          49.2845443
        ]
      },
      "properties": {
        "city": "Reims",
        "nom": "Reims, Neufchâtel",
        "name": "Reims, Neufchâtel",
        "type": "tram"
      }
    },
    {
      "type": "Feature",
      "geometry": {
        "type": "Point",
        "coordinates": [
          4.0314578,
          49.2544252
        ]
      },
      "properties": {
        "city": "Reims",
        "nom": "Reims, Opéra",
        "name": "Reims, Opéra",
        "type": "tram"
      }
    },
    {
      "type": "Feature",
      "geometry": {
        "type": "Point",
        "coordinates": [
          4.0002981,
          49.2186696
        ]
      },
      "properties": {
        "city": "Reims",
        "nom": "Reims, Polyclinique de Reims Bezannes",
        "name": "Reims, Polyclinique de Reims Bezannes",
        "type": "tram"
      }
    },
    {
      "type": "Feature",
      "geometry": {
        "type": "Point",
        "coordinates": [
          4.0091342,
          49.2402902
        ]
      },
      "properties": {
        "city": "Reims",
        "nom": "Reims, Saint-John Perse",
        "name": "Reims, Saint-John Perse",
        "type": "tram"
      }
    },
    {
      "type": "Feature",
      "geometry": {
        "type": "Point",
        "coordinates": [
          4.0260571,
          49.2655704
        ]
      },
      "properties": {
        "city": "Reims",
        "nom": "Reims, Saint-Thomas",
        "name": "Reims, Saint-Thomas",
        "type": "tram"
      }
    },
    {
      "type": "Feature",
      "geometry": {
        "type": "Point",
        "coordinates": [
          4.0291194,
          49.2611883
        ]
      },
      "properties": {
        "city": "Reims",
        "nom": "Reims, Schneiter",
        "name": "Reims, Schneiter",
        "type": "tram"
      }
    },
    {
      "type": "Feature",
      "geometry": {
        "type": "Point",
        "coordinates": [
          4.0264064,
          49.2525577
        ]
      },
      "properties": {
        "city": "Reims",
        "nom": "Reims, Vesle",
        "name": "Reims, Vesle",
        "type": "tram"
      }
    },
    {
      "type": "Feature",
      "geometry": {
        "type": "Point",
        "coordinates": [
          4.0090754,
          49.2403262
        ]
      },
      "properties": {
        "city": "Reims",
        "nom": "Saint-John Perse",
        "name": "Saint-John Perse",
        "type": "tram"
      }
    },
    {
      "type": "Feature",
      "geometry": {
        "type": "Point",
        "coordinates": [
          4.0260847,
          49.2655658
        ]
      },
      "properties": {
        "city": "Reims",
        "nom": "Saint-Thomas",
        "name": "Saint-Thomas",
        "type": "tram"
      }
    },
    {
      "type": "Feature",
      "geometry": {
        "type": "Point",
        "coordinates": [
          4.0291218,
          49.2612335
        ]
      },
      "properties": {
        "city": "Reims",
        "nom": "Schneiter",
        "name": "Schneiter",
        "type": "tram"
      }
    },
    {
      "type": "Feature",
      "geometry": {
        "type": "Point",
        "coordinates": [
          4.0257041,
          49.2523573
        ]
      },
      "properties": {
        "city": "Reims",
        "nom": "Vesle",
        "name": "Vesle",
        "type": "tram"
      }
    },
    {
      "type": "Feature",
      "geometry": {
        "type": "Point",
        "coordinates": [
          4.3899118,
          45.4295371
        ]
      },
      "properties": {
        "city": "Saint-Etienne",
        "nom": "Anatole France",
        "name": "Anatole France",
        "type": "tram"
      }
    },
    {
      "type": "Feature",
      "geometry": {
        "type": "Point",
        "coordinates": [
          4.4048409,
          45.4465916
        ]
      },
      "properties": {
        "city": "Saint-Etienne",
        "nom": "Bardot",
        "name": "Bardot",
        "type": "tram"
      }
    },
    {
      "type": "Feature",
      "geometry": {
        "type": "Point",
        "coordinates": [
          4.3939292,
          45.4152834
        ]
      },
      "properties": {
        "city": "Saint-Etienne",
        "nom": "Bellevue",
        "name": "Bellevue",
        "type": "tram"
      }
    },
    {
      "type": "Feature",
      "geometry": {
        "type": "Point",
        "coordinates": [
          4.392819,
          45.4194377
        ]
      },
      "properties": {
        "city": "Saint-Etienne",
        "nom": "Bicentenaire",
        "name": "Bicentenaire",
        "type": "tram"
      }
    },
    {
      "type": "Feature",
      "geometry": {
        "type": "Point",
        "coordinates": [
          4.3881023,
          45.4329552
        ]
      },
      "properties": {
        "city": "Saint-Etienne",
        "nom": "Bourse du Travail",
        "name": "Bourse du Travail",
        "type": "tram"
      }
    },
    {
      "type": "Feature",
      "geometry": {
        "type": "Point",
        "coordinates": [
          4.3907593,
          45.4267289
        ]
      },
      "properties": {
        "city": "Saint-Etienne",
        "nom": "Campus Tréfilerie",
        "name": "Campus Tréfilerie",
        "type": "tram"
      }
    },
    {
      "type": "Feature",
      "geometry": {
        "type": "Point",
        "coordinates": [
          4.3918129,
          45.4230171
        ]
      },
      "properties": {
        "city": "Saint-Etienne",
        "nom": "Centre Deux",
        "name": "Centre Deux",
        "type": "tram"
      }
    },
    {
      "type": "Feature",
      "geometry": {
        "type": "Point",
        "coordinates": [
          4.3831878,
          45.453591
        ]
      },
      "properties": {
        "city": "Saint-Etienne",
        "nom": "Chaléassière",
        "name": "Chaléassière",
        "type": "tram"
      }
    },
    {
      "type": "Feature",
      "geometry": {
        "type": "Point",
        "coordinates": [
          4.3999627,
          45.4428469
        ]
      },
      "properties": {
        "city": "Saint-Etienne",
        "nom": "Châteaucreux Gare",
        "name": "Châteaucreux Gare",
        "type": "tram"
      }
    },
    {
      "type": "Feature",
      "geometry": {
        "type": "Point",
        "coordinates": [
          4.3700544,
          45.4729206
        ]
      },
      "properties": {
        "city": "Saint-Etienne",
        "nom": "Cité Agriculture",
        "name": "Cité Agriculture",
        "type": "tram"
      }
    },
    {
      "type": "Feature",
      "geometry": {
        "type": "Point",
        "coordinates": [
          4.3842,
          45.4498707
        ]
      },
      "properties": {
        "city": "Saint-Etienne",
        "nom": "Cité du Design",
        "name": "Cité du Design",
        "type": "tram"
      }
    },
    {
      "type": "Feature",
      "geometry": {
        "type": "Point",
        "coordinates": [
          4.4001597,
          45.4455035
        ]
      },
      "properties": {
        "city": "Saint-Etienne",
        "nom": "Colonel Marey",
        "name": "Colonel Marey",
        "type": "tram"
      }
    },
    {
      "type": "Feature",
      "geometry": {
        "type": "Point",
        "coordinates": [
          4.4011632,
          45.4411579
        ]
      },
      "properties": {
        "city": "Saint-Etienne",
        "nom": "Dalgabio",
        "name": "Dalgabio",
        "type": "tram"
      }
    },
    {
      "type": "Feature",
      "geometry": {
        "type": "Point",
        "coordinates": [
          4.3963302,
          45.4396716
        ]
      },
      "properties": {
        "city": "Saint-Etienne",
        "nom": "Fourneyron",
        "name": "Fourneyron",
        "type": "tram"
      }
    },
    {
      "type": "Feature",
      "geometry": {
        "type": "Point",
        "coordinates": [
          4.3893677,
          45.4592018
        ]
      },
      "properties": {
        "city": "Saint-Etienne",
        "nom": "Geoffroy Guichard - Musée des Verts",
        "name": "Geoffroy Guichard - Musée des Verts",
        "type": "tram"
      }
    },
    {
      "type": "Feature",
      "geometry": {
        "type": "Point",
        "coordinates": [
          4.3857262,
          45.4445275
        ]
      },
      "properties": {
        "city": "Saint-Etienne",
        "nom": "Grand Gonnet",
        "name": "Grand Gonnet",
        "type": "tram"
      }
    },
    {
      "type": "Feature",
      "geometry": {
        "type": "Point",
        "coordinates": [
          4.3910046,
          45.4125344
        ]
      },
      "properties": {
        "city": "Saint-Etienne",
        "nom": "Hôpital Bellevue",
        "name": "Hôpital Bellevue",
        "type": "tram"
      }
    },
    {
      "type": "Feature",
      "geometry": {
        "type": "Point",
        "coordinates": [
          4.364259,
          45.4802284
        ]
      },
      "properties": {
        "city": "Saint-Etienne",
        "nom": "Hôpital Nord",
        "name": "Hôpital Nord",
        "type": "tram"
      }
    },
    {
      "type": "Feature",
      "geometry": {
        "type": "Point",
        "coordinates": [
          4.3873335,
          45.4386465
        ]
      },
      "properties": {
        "city": "Saint-Etienne",
        "nom": "Hôtel de Ville",
        "name": "Hôtel de Ville",
        "type": "tram"
      }
    },
    {
      "type": "Feature",
      "geometry": {
        "type": "Point",
        "coordinates": [
          4.3932056,
          45.4376024
        ]
      },
      "properties": {
        "city": "Saint-Etienne",
        "nom": "Jean Moulin",
        "name": "Jean Moulin",
        "type": "tram"
      }
    },
    {
      "type": "Feature",
      "geometry": {
        "type": "Point",
        "coordinates": [
          4.3671575,
          45.4746655
        ]
      },
      "properties": {
        "city": "Saint-Etienne",
        "nom": "Lycée S. Weil",
        "name": "Lycée S. Weil",
        "type": "tram"
      }
    },
    {
      "type": "Feature",
      "geometry": {
        "type": "Point",
        "coordinates": [
          4.3740619,
          45.4705389
        ]
      },
      "properties": {
        "city": "Saint-Etienne",
        "nom": "Musée d'Art Moderne",
        "name": "Musée d'Art Moderne",
        "type": "tram"
      }
    },
    {
      "type": "Feature",
      "geometry": {
        "type": "Point",
        "coordinates": [
          4.3996477,
          45.452168
        ]
      },
      "properties": {
        "city": "Saint-Etienne",
        "nom": "Outre-Furan",
        "name": "Outre-Furan",
        "type": "tram"
      }
    },
    {
      "type": "Feature",
      "geometry": {
        "type": "Point",
        "coordinates": [
          4.3644749,
          45.4770142
        ]
      },
      "properties": {
        "city": "Saint-Etienne",
        "nom": "Parc - Champirol",
        "name": "Parc - Champirol",
        "type": "tram"
      }
    },
    {
      "type": "Feature",
      "geometry": {
        "type": "Point",
        "coordinates": [
          4.3869616,
          45.4096109
        ]
      },
      "properties": {
        "city": "Saint-Etienne",
        "nom": "Paul-Louis Courier",
        "name": "Paul-Louis Courier",
        "type": "tram"
      }
    },
    {
      "type": "Feature",
      "geometry": {
        "type": "Point",
        "coordinates": [
          4.3877722,
          45.436967
        ]
      },
      "properties": {
        "city": "Saint-Etienne",
        "nom": "Peuple Foy",
        "name": "Peuple Foy",
        "type": "tram"
      }
    },
    {
      "type": "Feature",
      "geometry": {
        "type": "Point",
        "coordinates": [
          4.3881829,
          45.4357027
        ]
      },
      "properties": {
        "city": "Saint-Etienne",
        "nom": "Peuple Gambetta",
        "name": "Peuple Gambetta",
        "type": "tram"
      }
    },
    {
      "type": "Feature",
      "geometry": {
        "type": "Point",
        "coordinates": [
          4.388688,
          45.436777
        ]
      },
      "properties": {
        "city": "Saint-Etienne",
        "nom": "Peuple Libération",
        "name": "Peuple Libération",
        "type": "tram"
      }
    },
    {
      "type": "Feature",
      "geometry": {
        "type": "Point",
        "coordinates": [
          4.3848295,
          45.4475336
        ]
      },
      "properties": {
        "city": "Saint-Etienne",
        "nom": "Place Carnot",
        "name": "Place Carnot",
        "type": "tram"
      }
    },
    {
      "type": "Feature",
      "geometry": {
        "type": "Point",
        "coordinates": [
          4.3865043,
          45.441605
        ]
      },
      "properties": {
        "city": "Saint-Etienne",
        "nom": "Place Jean Jaurès",
        "name": "Place Jean Jaurès",
        "type": "tram"
      }
    },
    {
      "type": "Feature",
      "geometry": {
        "type": "Point",
        "coordinates": [
          4.3805097,
          45.4629388
        ]
      },
      "properties": {
        "city": "Saint-Etienne",
        "nom": "Quartier Grouchy",
        "name": "Quartier Grouchy",
        "type": "tram"
      }
    },
    {
      "type": "Feature",
      "geometry": {
        "type": "Point",
        "coordinates": [
          4.3814735,
          45.4595937
        ]
      },
      "properties": {
        "city": "Saint-Etienne",
        "nom": "Roger Rocher - Allez les Verts",
        "name": "Roger Rocher - Allez les Verts",
        "type": "tram"
      }
    },
    {
      "type": "Feature",
      "geometry": {
        "type": "Point",
        "coordinates": [
          4.3826658,
          45.4554418
        ]
      },
      "properties": {
        "city": "Saint-Etienne",
        "nom": "Rue Barra",
        "name": "Rue Barra",
        "type": "tram"
      }
    },
    {
      "type": "Feature",
      "geometry": {
        "type": "Point",
        "coordinates": [
          4.3886243,
          45.4341367
        ]
      },
      "properties": {
        "city": "Saint-Etienne",
        "nom": "Saint-Louis",
        "name": "Saint-Louis",
        "type": "tram"
      }
    },
    {
      "type": "Feature",
      "geometry": {
        "type": "Point",
        "coordinates": [
          4.3831087,
          45.4085102
        ]
      },
      "properties": {
        "city": "Saint-Etienne",
        "nom": "Solaure",
        "name": "Solaure",
        "type": "tram"
      }
    },
    {
      "type": "Feature",
      "geometry": {
        "type": "Point",
        "coordinates": [
          4.4028159,
          45.4493059
        ]
      },
      "properties": {
        "city": "Saint-Etienne",
        "nom": "Soleil",
        "name": "Soleil",
        "type": "tram"
      }
    },
    {
      "type": "Feature",
      "geometry": {
        "type": "Point",
        "coordinates": [
          4.3904123,
          45.4370881
        ]
      },
      "properties": {
        "city": "Saint-Etienne",
        "nom": "Square Violette",
        "name": "Square Violette",
        "type": "tram"
      }
    },
    {
      "type": "Feature",
      "geometry": {
        "type": "Point",
        "coordinates": [
          4.395197,
          45.4591757
        ]
      },
      "properties": {
        "city": "Saint-Etienne",
        "nom": "Technopôle - Christian Cabal",
        "name": "Technopôle - Christian Cabal",
        "type": "tram"
      }
    },
    {
      "type": "Feature",
      "geometry": {
        "type": "Point",
        "coordinates": [
          4.3784988,
          45.4657114
        ]
      },
      "properties": {
        "city": "Saint-Etienne",
        "nom": "Terrasse",
        "name": "Terrasse",
        "type": "tram"
      }
    },
    {
      "type": "Feature",
      "geometry": {
        "type": "Point",
        "coordinates": [
          4.3944204,
          45.4545752
        ]
      },
      "properties": {
        "city": "Saint-Etienne",
        "nom": "Zénith - Comédie",
        "name": "Zénith - Comédie",
        "type": "tram"
      }
    },
    {
      "type": "Feature",
      "geometry": {
        "type": "Point",
        "coordinates": [
          7.7402224,
          48.5833808
        ]
      },
      "properties": {
        "city": "Strasbourg",
        "nom": "Alt Winmärik",
        "name": "Alt Winmärik",
        "type": "tram"
      }
    },
    {
      "type": "Feature",
      "geometry": {
        "type": "Point",
        "coordinates": [
          7.8147733,
          48.5623409
        ]
      },
      "properties": {
        "city": "Strasbourg",
        "nom": "Am Wasserturm",
        "name": "Am Wasserturm",
        "type": "tram"
      }
    },
    {
      "type": "Feature",
      "geometry": {
        "type": "Point",
        "coordinates": [
          7.7422722,
          48.5852715
        ]
      },
      "properties": {
        "city": "Strasbourg",
        "nom": "Ancienne Synagogue Les Halles",
        "name": "Ancienne Synagogue Les Halles",
        "type": "tram"
      }
    },
    {
      "type": "Feature",
      "geometry": {
        "type": "Point",
        "coordinates": [
          7.7768388,
          48.5686278
        ]
      },
      "properties": {
        "city": "Strasbourg",
        "nom": "Aristide Briand",
        "name": "Aristide Briand",
        "type": "tram"
      }
    },
    {
      "type": "Feature",
      "geometry": {
        "type": "Point",
        "coordinates": [
          7.7378811,
          48.5449694
        ]
      },
      "properties": {
        "city": "Strasbourg",
        "nom": "Baggersee",
        "name": "Baggersee",
        "type": "tram"
      }
    },
    {
      "type": "Feature",
      "geometry": {
        "type": "Point",
        "coordinates": [
          7.7779376,
          48.5979512
        ]
      },
      "properties": {
        "city": "Strasbourg",
        "nom": "Boecklin",
        "name": "Boecklin",
        "type": "tram"
      }
    },
    {
      "type": "Feature",
      "geometry": {
        "type": "Point",
        "coordinates": [
          7.7027818,
          48.5498065
        ]
      },
      "properties": {
        "city": "Strasbourg",
        "nom": "Bohrie",
        "name": "Bohrie",
        "type": "tram"
      }
    },
    {
      "type": "Feature",
      "geometry": {
        "type": "Point",
        "coordinates": [
          7.6816613,
          48.5872799
        ]
      },
      "properties": {
        "city": "Strasbourg",
        "nom": "Bois Romain",
        "name": "Bois Romain",
        "type": "tram"
      }
    },
    {
      "type": "Feature",
      "geometry": {
        "type": "Point",
        "coordinates": [
          7.7492715,
          48.5847082
        ]
      },
      "properties": {
        "city": "Strasbourg",
        "nom": "Broglie",
        "name": "Broglie",
        "type": "tram"
      }
    },
    {
      "type": "Feature",
      "geometry": {
        "type": "Point",
        "coordinates": [
          7.7780266,
          48.5979837
        ]
      },
      "properties": {
        "city": "Strasbourg",
        "nom": "Bœcklin",
        "name": "Bœcklin",
        "type": "tram"
      }
    },
    {
      "type": "Feature",
      "geometry": {
        "type": "Point",
        "coordinates": [
          7.7328305,
          48.5294077
        ]
      },
      "properties": {
        "city": "Strasbourg",
        "nom": "Campus d'Illkirch",
        "name": "Campus d'Illkirch",
        "type": "tram"
      }
    },
    {
      "type": "Feature",
      "geometry": {
        "type": "Point",
        "coordinates": [
          7.6986853,
          48.5931726
        ]
      },
      "properties": {
        "city": "Strasbourg",
        "nom": "Cervantès",
        "name": "Cervantès",
        "type": "tram"
      }
    },
    {
      "type": "Feature",
      "geometry": {
        "type": "Point",
        "coordinates": [
          7.7800534,
          48.5714234
        ]
      },
      "properties": {
        "city": "Strasbourg",
        "nom": "Citadelle",
        "name": "Citadelle",
        "type": "tram"
      }
    },
    {
      "type": "Feature",
      "geometry": {
        "type": "Point",
        "coordinates": [
          7.733569,
          48.5380415
        ]
      },
      "properties": {
        "city": "Strasbourg",
        "nom": "Colonne",
        "name": "Colonne",
        "type": "tram"
      }
    },
    {
      "type": "Feature",
      "geometry": {
        "type": "Point",
        "coordinates": [
          7.7163947,
          48.5797412
        ]
      },
      "properties": {
        "city": "Strasbourg",
        "nom": "Comtes",
        "name": "Comtes",
        "type": "tram"
      }
    },
    {
      "type": "Feature",
      "geometry": {
        "type": "Point",
        "coordinates": [
          7.7105668,
          48.5277313
        ]
      },
      "properties": {
        "city": "Strasbourg",
        "nom": "Cours de l'Illiade",
        "name": "Cours de l'Illiade",
        "type": "tram"
      }
    },
    {
      "type": "Feature",
      "geometry": {
        "type": "Point",
        "coordinates": [
          7.702858,
          48.5912779
        ]
      },
      "properties": {
        "city": "Strasbourg",
        "nom": "Dante",
        "name": "Dante",
        "type": "tram"
      }
    },
    {
      "type": "Feature",
      "geometry": {
        "type": "Point",
        "coordinates": [
          7.7739588,
          48.5961949
        ]
      },
      "properties": {
        "city": "Strasbourg",
        "nom": "Droits de l'Homme",
        "name": "Droits de l'Homme",
        "type": "tram"
      }
    },
    {
      "type": "Feature",
      "geometry": {
        "type": "Point",
        "coordinates": [
          7.7152362,
          48.5901366
        ]
      },
      "properties": {
        "city": "Strasbourg",
        "nom": "Ducs d'Alsace",
        "name": "Ducs d'Alsace",
        "type": "tram"
      }
    },
    {
      "type": "Feature",
      "geometry": {
        "type": "Point",
        "coordinates": [
          7.6862836,
          48.5852059
        ]
      },
      "properties": {
        "city": "Strasbourg",
        "nom": "Eckelse",
        "name": "Eckelse",
        "type": "tram"
      }
    },
    {
      "type": "Feature",
      "geometry": {
        "type": "Point",
        "coordinates": [
          7.7115429,
          48.5629813
        ]
      },
      "properties": {
        "city": "Strasbourg",
        "nom": "Elmerforst",
        "name": "Elmerforst",
        "type": "tram"
      }
    },
    {
      "type": "Feature",
      "geometry": {
        "type": "Point",
        "coordinates": [
          7.7262557,
          48.5678008
        ]
      },
      "properties": {
        "city": "Strasbourg",
        "nom": "Elsau",
        "name": "Elsau",
        "type": "tram"
      }
    },
    {
      "type": "Feature",
      "geometry": {
        "type": "Point",
        "coordinates": [
          7.7694458,
          48.5783872
        ]
      },
      "properties": {
        "city": "Strasbourg",
        "nom": "Esplanade",
        "name": "Esplanade",
        "type": "tram"
      }
    },
    {
      "type": "Feature",
      "geometry": {
        "type": "Point",
        "coordinates": [
          7.7365969,
          48.5824359
        ]
      },
      "properties": {
        "city": "Strasbourg",
        "nom": "Faubourg National",
        "name": "Faubourg National",
        "type": "tram"
      }
    },
    {
      "type": "Feature",
      "geometry": {
        "type": "Point",
        "coordinates": [
          7.73659,
          48.5823842
        ]
      },
      "properties": {
        "city": "Strasbourg",
        "nom": "Faubourg National Gare Centrale",
        "name": "Faubourg National Gare Centrale",
        "type": "tram"
      }
    },
    {
      "type": "Feature",
      "geometry": {
        "type": "Point",
        "coordinates": [
          7.7403629,
          48.5854313
        ]
      },
      "properties": {
        "city": "Strasbourg",
        "nom": "Faubourg de Saverne",
        "name": "Faubourg de Saverne",
        "type": "tram"
      }
    },
    {
      "type": "Feature",
      "geometry": {
        "type": "Point",
        "coordinates": [
          7.7402749,
          48.5854337
        ]
      },
      "properties": {
        "city": "Strasbourg",
        "nom": "Faubourg de Saverne Les Halles",
        "name": "Faubourg de Saverne Les Halles",
        "type": "tram"
      }
    },
    {
      "type": "Feature",
      "geometry": {
        "type": "Point",
        "coordinates": [
          7.759363,
          48.6049911
        ]
      },
      "properties": {
        "city": "Strasbourg",
        "nom": "Futura Glacière",
        "name": "Futura Glacière",
        "type": "tram"
      }
    },
    {
      "type": "Feature",
      "geometry": {
        "type": "Point",
        "coordinates": [
          7.7503758,
          48.5617844
        ]
      },
      "properties": {
        "city": "Strasbourg",
        "nom": "Fédération",
        "name": "Fédération",
        "type": "tram"
      }
    },
    {
      "type": "Feature",
      "geometry": {
        "type": "Point",
        "coordinates": [
          7.758314,
          48.5843562
        ]
      },
      "properties": {
        "city": "Strasbourg",
        "nom": "Gallia",
        "name": "Gallia",
        "type": "tram"
      }
    },
    {
      "type": "Feature",
      "geometry": {
        "type": "Point",
        "coordinates": [
          7.7351989,
          48.5849738
        ]
      },
      "properties": {
        "city": "Strasbourg",
        "nom": "Gare Centrale",
        "name": "Gare Centrale",
        "type": "tram"
      }
    },
    {
      "type": "Feature",
      "geometry": {
        "type": "Point",
        "coordinates": [
          7.7079181,
          48.5246894
        ]
      },
      "properties": {
        "city": "Strasbourg",
        "nom": "Graffenstaden",
        "name": "Graffenstaden",
        "type": "tram"
      }
    },
    {
      "type": "Feature",
      "geometry": {
        "type": "Point",
        "coordinates": [
          7.7644591,
          48.5613725
        ]
      },
      "properties": {
        "city": "Strasbourg",
        "nom": "Gravière",
        "name": "Gravière",
        "type": "tram"
      }
    },
    {
      "type": "Feature",
      "geometry": {
        "type": "Point",
        "coordinates": [
          7.7643967,
          48.5613831
        ]
      },
      "properties": {
        "city": "Strasbourg",
        "nom": "Gravière Stade de la Meinau",
        "name": "Gravière Stade de la Meinau",
        "type": "tram"
      }
    },
    {
      "type": "Feature",
      "geometry": {
        "type": "Point",
        "coordinates": [
          7.7082698,
          48.5790964
        ]
      },
      "properties": {
        "city": "Strasbourg",
        "nom": "Gruber",
        "name": "Gruber",
        "type": "tram"
      }
    },
    {
      "type": "Feature",
      "geometry": {
        "type": "Point",
        "coordinates": [
          7.7639444,
          48.6216164
        ]
      },
      "properties": {
        "city": "Strasbourg",
        "nom": "Général de Gaulle",
        "name": "Général de Gaulle",
        "type": "tram"
      }
    },
    {
      "type": "Feature",
      "geometry": {
        "type": "Point",
        "coordinates": [
          7.8160054,
          48.5754388
        ]
      },
      "properties": {
        "city": "Strasbourg",
        "nom": "Hochschule / Läger",
        "name": "Hochschule / Läger",
        "type": "tram"
      }
    },
    {
      "type": "Feature",
      "geometry": {
        "type": "Point",
        "coordinates": [
          7.7585228,
          48.6281106
        ]
      },
      "properties": {
        "city": "Strasbourg",
        "nom": "Hoenheim Gare",
        "name": "Hoenheim Gare",
        "type": "tram"
      }
    },
    {
      "type": "Feature",
      "geometry": {
        "type": "Point",
        "coordinates": [
          7.7041268,
          48.5819712
        ]
      },
      "properties": {
        "city": "Strasbourg",
        "nom": "Hohberg",
        "name": "Hohberg",
        "type": "tram"
      }
    },
    {
      "type": "Feature",
      "geometry": {
        "type": "Point",
        "coordinates": [
          7.741573,
          48.5492688
        ]
      },
      "properties": {
        "city": "Strasbourg",
        "nom": "Hohwart",
        "name": "Hohwart",
        "type": "tram"
      }
    },
    {
      "type": "Feature",
      "geometry": {
        "type": "Point",
        "coordinates": [
          7.7445348,
          48.5840189
        ]
      },
      "properties": {
        "city": "Strasbourg",
        "nom": "Homme de Fer",
        "name": "Homme de Fer",
        "type": "tram"
      }
    },
    {
      "type": "Feature",
      "geometry": {
        "type": "Point",
        "coordinates": [
          7.7068898,
          48.5915375
        ]
      },
      "properties": {
        "city": "Strasbourg",
        "nom": "Hôpital de Hautepierre",
        "name": "Hôpital de Hautepierre",
        "type": "tram"
      }
    },
    {
      "type": "Feature",
      "geometry": {
        "type": "Point",
        "coordinates": [
          7.7100793,
          48.5510587
        ]
      },
      "properties": {
        "city": "Strasbourg",
        "nom": "Hôtel de Ville",
        "name": "Hôtel de Ville",
        "type": "tram"
      }
    },
    {
      "type": "Feature",
      "geometry": {
        "type": "Point",
        "coordinates": [
          7.7243364,
          48.5298598
        ]
      },
      "properties": {
        "city": "Strasbourg",
        "nom": "Illkirch Lixenbuhl",
        "name": "Illkirch Lixenbuhl",
        "type": "tram"
      }
    },
    {
      "type": "Feature",
      "geometry": {
        "type": "Point",
        "coordinates": [
          7.7831454,
          48.5994848
        ]
      },
      "properties": {
        "city": "Strasbourg",
        "nom": "Jardiniers",
        "name": "Jardiniers",
        "type": "tram"
      }
    },
    {
      "type": "Feature",
      "geometry": {
        "type": "Point",
        "coordinates": [
          7.7722326,
          48.5672078
        ]
      },
      "properties": {
        "city": "Strasbourg",
        "nom": "Jean Jaurès",
        "name": "Jean Jaurès",
        "type": "tram"
      }
    },
    {
      "type": "Feature",
      "geometry": {
        "type": "Point",
        "coordinates": [
          7.8073512,
          48.575953
        ]
      },
      "properties": {
        "city": "Strasbourg",
        "nom": "Kehl Bahnhof",
        "name": "Kehl Bahnhof",
        "type": "tram"
      }
    },
    {
      "type": "Feature",
      "geometry": {
        "type": "Point",
        "coordinates": [
          7.8140261,
          48.5722371
        ]
      },
      "properties": {
        "city": "Strasbourg",
        "nom": "Kehl Rathaus",
        "name": "Kehl Rathaus",
        "type": "tram"
      }
    },
    {
      "type": "Feature",
      "geometry": {
        "type": "Point",
        "coordinates": [
          7.7672108,
          48.555082
        ]
      },
      "properties": {
        "city": "Strasbourg",
        "nom": "Kibitzenau",
        "name": "Kibitzenau",
        "type": "tram"
      }
    },
    {
      "type": "Feature",
      "geometry": {
        "type": "Point",
        "coordinates": [
          7.7525989,
          48.5631086
        ]
      },
      "properties": {
        "city": "Strasbourg",
        "nom": "Krimmeri Stade de la Meinau",
        "name": "Krimmeri Stade de la Meinau",
        "type": "tram"
      }
    },
    {
      "type": "Feature",
      "geometry": {
        "type": "Point",
        "coordinates": [
          7.7314751,
          48.5759002
        ]
      },
      "properties": {
        "city": "Strasbourg",
        "nom": "Laiterie",
        "name": "Laiterie",
        "type": "tram"
      }
    },
    {
      "type": "Feature",
      "geometry": {
        "type": "Point",
        "coordinates": [
          7.7634998,
          48.5701622
        ]
      },
      "properties": {
        "city": "Strasbourg",
        "nom": "Landsberg",
        "name": "Landsberg",
        "type": "tram"
      }
    },
    {
      "type": "Feature",
      "geometry": {
        "type": "Point",
        "coordinates": [
          7.7462392,
          48.5815292
        ]
      },
      "properties": {
        "city": "Strasbourg",
        "nom": "Langstross Grand'Rue",
        "name": "Langstross Grand'Rue",
        "type": "tram"
      }
    },
    {
      "type": "Feature",
      "geometry": {
        "type": "Point",
        "coordinates": [
          7.6983509,
          48.5961236
        ]
      },
      "properties": {
        "city": "Strasbourg",
        "nom": "Le Galet",
        "name": "Le Galet",
        "type": "tram"
      }
    },
    {
      "type": "Feature",
      "geometry": {
        "type": "Point",
        "coordinates": [
          7.7656835,
          48.6098393
        ]
      },
      "properties": {
        "city": "Strasbourg",
        "nom": "Le Marais",
        "name": "Le Marais",
        "type": "tram"
      }
    },
    {
      "type": "Feature",
      "geometry": {
        "type": "Point",
        "coordinates": [
          7.7677345,
          48.6213931
        ]
      },
      "properties": {
        "city": "Strasbourg",
        "nom": "Le Ried",
        "name": "Le Ried",
        "type": "tram"
      }
    },
    {
      "type": "Feature",
      "geometry": {
        "type": "Point",
        "coordinates": [
          7.7344436,
          48.5344755
        ]
      },
      "properties": {
        "city": "Strasbourg",
        "nom": "Leclerc",
        "name": "Leclerc",
        "type": "tram"
      }
    },
    {
      "type": "Feature",
      "geometry": {
        "type": "Point",
        "coordinates": [
          7.6927187,
          48.5512516
        ]
      },
      "properties": {
        "city": "Strasbourg",
        "nom": "Lingolsheim Alouettes",
        "name": "Lingolsheim Alouettes",
        "type": "tram"
      }
    },
    {
      "type": "Feature",
      "geometry": {
        "type": "Point",
        "coordinates": [
          7.689173,
          48.553778
        ]
      },
      "properties": {
        "city": "Strasbourg",
        "nom": "Lingolsheim Tiergaertel",
        "name": "Lingolsheim Tiergaertel",
        "type": "tram"
      }
    },
    {
      "type": "Feature",
      "geometry": {
        "type": "Point",
        "coordinates": [
          7.7491613,
          48.5588303
        ]
      },
      "properties": {
        "city": "Strasbourg",
        "nom": "Lycée Couffignal",
        "name": "Lycée Couffignal",
        "type": "tram"
      }
    },
    {
      "type": "Feature",
      "geometry": {
        "type": "Point",
        "coordinates": [
          7.7694878,
          48.5644168
        ]
      },
      "properties": {
        "city": "Strasbourg",
        "nom": "Lycée Jean Monnet",
        "name": "Lycée Jean Monnet",
        "type": "tram"
      }
    },
    {
      "type": "Feature",
      "geometry": {
        "type": "Point",
        "coordinates": [
          7.7577736,
          48.5940899
        ]
      },
      "properties": {
        "city": "Strasbourg",
        "nom": "Lycée Kléber",
        "name": "Lycée Kléber",
        "type": "tram"
      }
    },
    {
      "type": "Feature",
      "geometry": {
        "type": "Point",
        "coordinates": [
          7.7679544,
          48.6164757
        ]
      },
      "properties": {
        "city": "Strasbourg",
        "nom": "Lycée Marc Bloch",
        "name": "Lycée Marc Bloch",
        "type": "tram"
      }
    },
    {
      "type": "Feature",
      "geometry": {
        "type": "Point",
        "coordinates": [
          7.6975484,
          48.5874669
        ]
      },
      "properties": {
        "city": "Strasbourg",
        "nom": "Marcel Rudloff",
        "name": "Marcel Rudloff",
        "type": "tram"
      }
    },
    {
      "type": "Feature",
      "geometry": {
        "type": "Point",
        "coordinates": [
          7.7201519,
          48.5662001
        ]
      },
      "properties": {
        "city": "Strasbourg",
        "nom": "Martin Schongauer",
        "name": "Martin Schongauer",
        "type": "tram"
      }
    },
    {
      "type": "Feature",
      "geometry": {
        "type": "Point",
        "coordinates": [
          7.7271459,
          48.5744635
        ]
      },
      "properties": {
        "city": "Strasbourg",
        "nom": "Montagne Verte",
        "name": "Montagne Verte",
        "type": "tram"
      }
    },
    {
      "type": "Feature",
      "geometry": {
        "type": "Point",
        "coordinates": [
          7.7339786,
          48.5778524
        ]
      },
      "properties": {
        "city": "Strasbourg",
        "nom": "Musée d'Art Moderne",
        "name": "Musée d'Art Moderne",
        "type": "tram"
      }
    },
    {
      "type": "Feature",
      "geometry": {
        "type": "Point",
        "coordinates": [
          7.7848841,
          48.6033131
        ]
      },
      "properties": {
        "city": "Strasbourg",
        "nom": "Mélanie",
        "name": "Mélanie",
        "type": "tram"
      }
    },
    {
      "type": "Feature",
      "geometry": {
        "type": "Point",
        "coordinates": [
          7.7667681,
          48.546175
        ]
      },
      "properties": {
        "city": "Strasbourg",
        "nom": "Neuhof Rodolphe Reuss",
        "name": "Neuhof Rodolphe Reuss",
        "type": "tram"
      }
    },
    {
      "type": "Feature",
      "geometry": {
        "type": "Point",
        "coordinates": [
          7.7689548,
          48.5814423
        ]
      },
      "properties": {
        "city": "Strasbourg",
        "nom": "Observatoire",
        "name": "Observatoire",
        "type": "tram"
      }
    },
    {
      "type": "Feature",
      "geometry": {
        "type": "Point",
        "coordinates": [
          7.6961043,
          48.5809373
        ]
      },
      "properties": {
        "city": "Strasbourg",
        "nom": "Octroi",
        "name": "Octroi",
        "type": "tram"
      }
    },
    {
      "type": "Feature",
      "geometry": {
        "type": "Point",
        "coordinates": [
          7.7100572,
          48.5510012
        ]
      },
      "properties": {
        "city": "Strasbourg",
        "nom": "Ostwald Hôtel de ville",
        "name": "Ostwald Hôtel de ville",
        "type": "tram"
      }
    },
    {
      "type": "Feature",
      "geometry": {
        "type": "Point",
        "coordinates": [
          7.7205556,
          48.5268755
        ]
      },
      "properties": {
        "city": "Strasbourg",
        "nom": "Parc Malraux",
        "name": "Parc Malraux",
        "type": "tram"
      }
    },
    {
      "type": "Feature",
      "geometry": {
        "type": "Point",
        "coordinates": [
          7.6776342,
          48.5890905
        ]
      },
      "properties": {
        "city": "Strasbourg",
        "nom": "Parc d'activités d'Eckbolsheim Zénith",
        "name": "Parc d'activités d'Eckbolsheim Zénith",
        "type": "tram"
      }
    },
    {
      "type": "Feature",
      "geometry": {
        "type": "Point",
        "coordinates": [
          7.7225995,
          48.5806811
        ]
      },
      "properties": {
        "city": "Strasbourg",
        "nom": "Parc des Romains",
        "name": "Parc des Romains",
        "type": "tram"
      }
    },
    {
      "type": "Feature",
      "geometry": {
        "type": "Point",
        "coordinates": [
          7.6941401,
          48.5985151
        ]
      },
      "properties": {
        "city": "Strasbourg",
        "nom": "Parc des Sports",
        "name": "Parc des Sports",
        "type": "tram"
      }
    },
    {
      "type": "Feature",
      "geometry": {
        "type": "Point",
        "coordinates": [
          7.6941814,
          48.5985563
        ]
      },
      "properties": {
        "city": "Strasbourg",
        "nom": "Parc des Sports Zénith",
        "name": "Parc des Sports Zénith",
        "type": "tram"
      }
    },
    {
      "type": "Feature",
      "geometry": {
        "type": "Point",
        "coordinates": [
          7.7559609,
          48.5902649
        ]
      },
      "properties": {
        "city": "Strasbourg",
        "nom": "Parc du Contades",
        "name": "Parc du Contades",
        "type": "tram"
      }
    },
    {
      "type": "Feature",
      "geometry": {
        "type": "Point",
        "coordinates": [
          7.766887,
          48.5993479
        ]
      },
      "properties": {
        "city": "Strasbourg",
        "nom": "Parlement Européen",
        "name": "Parlement Européen",
        "type": "tram"
      }
    },
    {
      "type": "Feature",
      "geometry": {
        "type": "Point",
        "coordinates": [
          7.6979391,
          48.5901291
        ]
      },
      "properties": {
        "city": "Strasbourg",
        "nom": "Paul Éluard",
        "name": "Paul Éluard",
        "type": "tram"
      }
    },
    {
      "type": "Feature",
      "geometry": {
        "type": "Point",
        "coordinates": [
          7.7764016,
          48.5802816
        ]
      },
      "properties": {
        "city": "Strasbourg",
        "nom": "Place d'Islande",
        "name": "Place d'Islande",
        "type": "tram"
      }
    },
    {
      "type": "Feature",
      "geometry": {
        "type": "Point",
        "coordinates": [
          7.7672106,
          48.6129301
        ]
      },
      "properties": {
        "city": "Strasbourg",
        "nom": "Pont Phario",
        "name": "Pont Phario",
        "type": "tram"
      }
    },
    {
      "type": "Feature",
      "geometry": {
        "type": "Point",
        "coordinates": [
          7.795105,
          48.5727471
        ]
      },
      "properties": {
        "city": "Strasbourg",
        "nom": "Port du Rhin",
        "name": "Port du Rhin",
        "type": "tram"
      }
    },
    {
      "type": "Feature",
      "geometry": {
        "type": "Point",
        "coordinates": [
          7.7312741,
          48.5802403
        ]
      },
      "properties": {
        "city": "Strasbourg",
        "nom": "Porte Blanche",
        "name": "Porte Blanche",
        "type": "tram"
      }
    },
    {
      "type": "Feature",
      "geometry": {
        "type": "Point",
        "coordinates": [
          7.7501149,
          48.5780731
        ]
      },
      "properties": {
        "city": "Strasbourg",
        "nom": "Porte de l'Hôpital",
        "name": "Porte de l'Hôpital",
        "type": "tram"
      }
    },
    {
      "type": "Feature",
      "geometry": {
        "type": "Point",
        "coordinates": [
          7.6921748,
          48.5835055
        ]
      },
      "properties": {
        "city": "Strasbourg",
        "nom": "Poteries",
        "name": "Poteries",
        "type": "tram"
      }
    },
    {
      "type": "Feature",
      "geometry": {
        "type": "Point",
        "coordinates": [
          7.7677161,
          48.6213429
        ]
      },
      "properties": {
        "city": "Strasbourg",
        "nom": "Ried",
        "name": "Ried",
        "type": "tram"
      }
    },
    {
      "type": "Feature",
      "geometry": {
        "type": "Point",
        "coordinates": [
          7.7545999,
          48.6007447
        ]
      },
      "properties": {
        "city": "Strasbourg",
        "nom": "Rives de l'Aar",
        "name": "Rives de l'Aar",
        "type": "tram"
      }
    },
    {
      "type": "Feature",
      "geometry": {
        "type": "Point",
        "coordinates": [
          7.7852518,
          48.6093076
        ]
      },
      "properties": {
        "city": "Strasbourg",
        "nom": "Robertsau L'Escale",
        "name": "Robertsau L'Escale",
        "type": "tram"
      }
    },
    {
      "type": "Feature",
      "geometry": {
        "type": "Point",
        "coordinates": [
          7.7249064,
          48.5918313
        ]
      },
      "properties": {
        "city": "Strasbourg",
        "nom": "Rotonde",
        "name": "Rotonde",
        "type": "tram"
      }
    },
    {
      "type": "Feature",
      "geometry": {
        "type": "Point",
        "coordinates": [
          7.7537178,
          48.5864159
        ]
      },
      "properties": {
        "city": "Strasbourg",
        "nom": "République",
        "name": "République",
        "type": "tram"
      }
    },
    {
      "type": "Feature",
      "geometry": {
        "type": "Point",
        "coordinates": [
          7.7202296,
          48.5915552
        ]
      },
      "properties": {
        "city": "Strasbourg",
        "nom": "Saint Florent",
        "name": "Saint Florent",
        "type": "tram"
      }
    },
    {
      "type": "Feature",
      "geometry": {
        "type": "Point",
        "coordinates": [
          7.7663522,
          48.5510832
        ]
      },
      "properties": {
        "city": "Strasbourg",
        "nom": "Saint-Christophe",
        "name": "Saint-Christophe",
        "type": "tram"
      }
    },
    {
      "type": "Feature",
      "geometry": {
        "type": "Point",
        "coordinates": [
          7.7516531,
          48.5685409
        ]
      },
      "properties": {
        "city": "Strasbourg",
        "nom": "Schluthfeld",
        "name": "Schluthfeld",
        "type": "tram"
      }
    },
    {
      "type": "Feature",
      "geometry": {
        "type": "Point",
        "coordinates": [
          7.7856872,
          48.5741428
        ]
      },
      "properties": {
        "city": "Strasbourg",
        "nom": "Starcoop",
        "name": "Starcoop",
        "type": "tram"
      }
    },
    {
      "type": "Feature",
      "geometry": {
        "type": "Point",
        "coordinates": [
          7.763958,
          48.5828039
        ]
      },
      "properties": {
        "city": "Strasbourg",
        "nom": "Université",
        "name": "Université",
        "type": "tram"
      }
    },
    {
      "type": "Feature",
      "geometry": {
        "type": "Point",
        "coordinates": [
          7.7606367,
          48.5985775
        ]
      },
      "properties": {
        "city": "Strasbourg",
        "nom": "Wacken",
        "name": "Wacken",
        "type": "tram"
      }
    },
    {
      "type": "Feature",
      "geometry": {
        "type": "Point",
        "coordinates": [
          7.7127823,
          48.5546995
        ]
      },
      "properties": {
        "city": "Strasbourg",
        "nom": "Wihrel",
        "name": "Wihrel",
        "type": "tram"
      }
    },
    {
      "type": "Feature",
      "geometry": {
        "type": "Point",
        "coordinates": [
          7.7667232,
          48.5737411
        ]
      },
      "properties": {
        "city": "Strasbourg",
        "nom": "Winston Churchill",
        "name": "Winston Churchill",
        "type": "tram"
      }
    },
    {
      "type": "Feature",
      "geometry": {
        "type": "Point",
        "coordinates": [
          7.6727983,
          48.5913064
        ]
      },
      "properties": {
        "city": "Strasbourg",
        "nom": "Wolfisheim Henri Rendu",
        "name": "Wolfisheim Henri Rendu",
        "type": "tram"
      }
    },
    {
      "type": "Feature",
      "geometry": {
        "type": "Point",
        "coordinates": [
          7.7442598,
          48.5532159
        ]
      },
      "properties": {
        "city": "Strasbourg",
        "nom": "Émile Mathis",
        "name": "Émile Mathis",
        "type": "tram"
      }
    },
    {
      "type": "Feature",
      "geometry": {
        "type": "Point",
        "coordinates": [
          7.7534122,
          48.5748266
        ]
      },
      "properties": {
        "city": "Strasbourg",
        "nom": "Étoile Bourse",
        "name": "Étoile Bourse",
        "type": "tram"
      }
    },
    {
      "type": "Feature",
      "geometry": {
        "type": "Point",
        "coordinates": [
          7.7555579,
          48.5715254
        ]
      },
      "properties": {
        "city": "Strasbourg",
        "nom": "Étoile Polygone",
        "name": "Étoile Polygone",
        "type": "tram"
      }
    },
    {
      "type": "Feature",
      "geometry": {
        "type": "Point",
        "coordinates": [
          1.3969311,
          43.6182283
        ]
      },
      "properties": {
        "city": "Toulouse",
        "nom": "Ancely",
        "name": "Ancely",
        "type": "tram"
      }
    },
    {
      "type": "Feature",
      "geometry": {
        "type": "Point",
        "coordinates": [
          1.3735958,
          43.6548396
        ]
      },
      "properties": {
        "city": "Toulouse",
        "nom": "Andromède-Lycée",
        "name": "Andromède-Lycée",
        "type": "tram"
      }
    },
    {
      "type": "Feature",
      "geometry": {
        "type": "Point",
        "coordinates": [
          1.4179282,
          43.5928437
        ]
      },
      "properties": {
        "city": "Toulouse",
        "nom": "Arènes",
        "name": "Arènes",
        "type": "tram"
      }
    },
    {
      "type": "Feature",
      "geometry": {
        "type": "Point",
        "coordinates": [
          1.3983014,
          43.6141015
        ]
      },
      "properties": {
        "city": "Toulouse",
        "nom": "Arènes Romaines",
        "name": "Arènes Romaines",
        "type": "tram"
      }
    },
    {
      "type": "Feature",
      "geometry": {
        "type": "Point",
        "coordinates": [
          1.431786,
          43.5893727
        ]
      },
      "properties": {
        "city": "Toulouse",
        "nom": "Avenue de Muret-Marcel Cavaillé",
        "name": "Avenue de Muret-Marcel Cavaillé",
        "type": "tram"
      }
    },
    {
      "type": "Feature",
      "geometry": {
        "type": "Point",
        "coordinates": [
          1.3626286,
          43.6634677
        ]
      },
      "properties": {
        "city": "Toulouse",
        "nom": "Aéroconstellation",
        "name": "Aéroconstellation",
        "type": "tram"
      }
    },
    {
      "type": "Feature",
      "geometry": {
        "type": "Point",
        "coordinates": [
          1.3743893,
          43.631332
        ]
      },
      "properties": {
        "city": "Toulouse",
        "nom": "Aéroport",
        "name": "Aéroport",
        "type": "tram"
      }
    },
    {
      "type": "Feature",
      "geometry": {
        "type": "Point",
        "coordinates": [
          1.3695259,
          43.6602643
        ]
      },
      "properties": {
        "city": "Toulouse",
        "nom": "Beauzelle - Aéroscopia",
        "name": "Beauzelle - Aéroscopia",
        "type": "tram"
      }
    },
    {
      "type": "Feature",
      "geometry": {
        "type": "Point",
        "coordinates": [
          1.4076812,
          43.6031468
        ]
      },
      "properties": {
        "city": "Toulouse",
        "nom": "Cartoucherie",
        "name": "Cartoucherie",
        "type": "tram"
      }
    },
    {
      "type": "Feature",
      "geometry": {
        "type": "Point",
        "coordinates": [
          1.4278901,
          43.5856208
        ]
      },
      "properties": {
        "city": "Toulouse",
        "nom": "Croix de Pierre",
        "name": "Croix de Pierre",
        "type": "tram"
      }
    },
    {
      "type": "Feature",
      "geometry": {
        "type": "Point",
        "coordinates": [
          1.3793834,
          43.6288606
        ]
      },
      "properties": {
        "city": "Toulouse",
        "nom": "Daurat",
        "name": "Daurat",
        "type": "tram"
      }
    },
    {
      "type": "Feature",
      "geometry": {
        "type": "Point",
        "coordinates": [
          1.4216813,
          43.5896483
        ]
      },
      "properties": {
        "city": "Toulouse",
        "nom": "Déodat de Séverac",
        "name": "Déodat de Séverac",
        "type": "tram"
      }
    },
    {
      "type": "Feature",
      "geometry": {
        "type": "Point",
        "coordinates": [
          1.4354601,
          43.5926438
        ]
      },
      "properties": {
        "city": "Toulouse",
        "nom": "Fer à Cheval",
        "name": "Fer à Cheval",
        "type": "tram"
      }
    },
    {
      "type": "Feature",
      "geometry": {
        "type": "Point",
        "coordinates": [
          1.3774771,
          43.6447688
        ]
      },
      "properties": {
        "city": "Toulouse",
        "nom": "Grand Noble",
        "name": "Grand Noble",
        "type": "tram"
      }
    },
    {
      "type": "Feature",
      "geometry": {
        "type": "Point",
        "coordinates": [
          1.3917438,
          43.6308743
        ]
      },
      "properties": {
        "city": "Toulouse",
        "nom": "Guyenne - Berry",
        "name": "Guyenne - Berry",
        "type": "tram"
      }
    },
    {
      "type": "Feature",
      "geometry": {
        "type": "Point",
        "coordinates": [
          1.4094423,
          43.5948728
        ]
      },
      "properties": {
        "city": "Toulouse",
        "nom": "Hippodrome",
        "name": "Hippodrome",
        "type": "tram"
      }
    },
    {
      "type": "Feature",
      "geometry": {
        "type": "Point",
        "coordinates": [
          1.3599808,
          43.667624
        ]
      },
      "properties": {
        "city": "Toulouse",
        "nom": "MEETT",
        "name": "MEETT",
        "type": "tram"
      }
    },
    {
      "type": "Feature",
      "geometry": {
        "type": "Point",
        "coordinates": [
          1.3867548,
          43.624371
        ]
      },
      "properties": {
        "city": "Toulouse",
        "nom": "Nadot",
        "name": "Nadot",
        "type": "tram"
      }
    },
    {
      "type": "Feature",
      "geometry": {
        "type": "Point",
        "coordinates": [
          1.3853347,
          43.6362564
        ]
      },
      "properties": {
        "city": "Toulouse",
        "nom": "Odyssud - Ritouret",
        "name": "Odyssud - Ritouret",
        "type": "tram"
      }
    },
    {
      "type": "Feature",
      "geometry": {
        "type": "Point",
        "coordinates": [
          1.4440529,
          43.5927279
        ]
      },
      "properties": {
        "city": "Toulouse",
        "nom": "Palais de Justice",
        "name": "Palais de Justice",
        "type": "tram"
      }
    },
    {
      "type": "Feature",
      "geometry": {
        "type": "Point",
        "coordinates": [
          1.3913438,
          43.6340381
        ]
      },
      "properties": {
        "city": "Toulouse",
        "nom": "Pasteur-Mairie de Blagnac",
        "name": "Pasteur-Mairie de Blagnac",
        "type": "tram"
      }
    },
    {
      "type": "Feature",
      "geometry": {
        "type": "Point",
        "coordinates": [
          1.38276,
          43.6400747
        ]
      },
      "properties": {
        "city": "Toulouse",
        "nom": "Patinoire-Barradels",
        "name": "Patinoire-Barradels",
        "type": "tram"
      }
    },
    {
      "type": "Feature",
      "geometry": {
        "type": "Point",
        "coordinates": [
          1.3756491,
          43.6485505
        ]
      },
      "properties": {
        "city": "Toulouse",
        "nom": "Place Georges Brassens",
        "name": "Place Georges Brassens",
        "type": "tram"
      }
    },
    {
      "type": "Feature",
      "geometry": {
        "type": "Point",
        "coordinates": [
          1.3900718,
          43.636771
        ]
      },
      "properties": {
        "city": "Toulouse",
        "nom": "Place du Relais",
        "name": "Place du Relais",
        "type": "tram"
      }
    },
    {
      "type": "Feature",
      "geometry": {
        "type": "Point",
        "coordinates": [
          1.4020256,
          43.6091124
        ]
      },
      "properties": {
        "city": "Toulouse",
        "nom": "Purpan",
        "name": "Purpan",
        "type": "tram"
      }
    },
    {
      "type": "Feature",
      "geometry": {
        "type": "Point",
        "coordinates": [
          1.3934923,
          43.6254903
        ]
      },
      "properties": {
        "city": "Toulouse",
        "nom": "Servanty Airbus",
        "name": "Servanty Airbus",
        "type": "tram"
      }
    },
    {
      "type": "Feature",
      "geometry": {
        "type": "Point",
        "coordinates": [
          1.411406,
          43.6008658
        ]
      },
      "properties": {
        "city": "Toulouse",
        "nom": "Zénith",
        "name": "Zénith",
        "type": "tram"
      }
    },
    {
      "type": "Feature",
      "geometry": {
        "type": "Point",
        "coordinates": [
          1.4404078,
          43.5921882
        ]
      },
      "properties": {
        "city": "Toulouse",
        "nom": "Île du Ramier",
        "name": "Île du Ramier",
        "type": "tram"
      }
    },
    {
      "type": "Feature",
      "geometry": {
        "type": "Point",
        "coordinates": [
          0.6834607,
          47.4218147
        ]
      },
      "properties": {
        "city": "Tours",
        "nom": "Beffroi",
        "name": "Beffroi",
        "type": "tram"
      }
    },
    {
      "type": "Feature",
      "geometry": {
        "type": "Point",
        "coordinates": [
          0.660312,
          47.3421474
        ]
      },
      "properties": {
        "city": "Tours",
        "nom": "Bulle d'O",
        "name": "Bulle d'O",
        "type": "tram"
      }
    },
    {
      "type": "Feature",
      "geometry": {
        "type": "Point",
        "coordinates": [
          0.6939164,
          47.3776849
        ]
      },
      "properties": {
        "city": "Tours",
        "nom": "Charcot",
        "name": "Charcot",
        "type": "tram"
      }
    },
    {
      "type": "Feature",
      "geometry": {
        "type": "Point",
        "coordinates": [
          0.6826954,
          47.4053104
        ]
      },
      "properties": {
        "city": "Tours",
        "nom": "Charles Barrier",
        "name": "Charles Barrier",
        "type": "tram"
      }
    },
    {
      "type": "Feature",
      "geometry": {
        "type": "Point",
        "coordinates": [
          0.6850531,
          47.4122385
        ]
      },
      "properties": {
        "city": "Tours",
        "nom": "Christ-Roi",
        "name": "Christ-Roi",
        "type": "tram"
      }
    },
    {
      "type": "Feature",
      "geometry": {
        "type": "Point",
        "coordinates": [
          0.691124,
          47.4233714
        ]
      },
      "properties": {
        "city": "Tours",
        "nom": "Coppée",
        "name": "Coppée",
        "type": "tram"
      }
    },
    {
      "type": "Feature",
      "geometry": {
        "type": "Point",
        "coordinates": [
          0.6843725,
          47.3672248
        ]
      },
      "properties": {
        "city": "Tours",
        "nom": "Fac 2 Lions",
        "name": "Fac 2 Lions",
        "type": "tram"
      }
    },
    {
      "type": "Feature",
      "geometry": {
        "type": "Point",
        "coordinates": [
          0.6932657,
          47.389161
        ]
      },
      "properties": {
        "city": "Tours",
        "nom": "Gare de Tours 1",
        "name": "Gare de Tours 1",
        "type": "tram"
      }
    },
    {
      "type": "Feature",
      "geometry": {
        "type": "Point",
        "coordinates": [
          0.6933057,
          47.3891763
        ]
      },
      "properties": {
        "city": "Tours",
        "nom": "Gare de Tours 2",
        "name": "Gare de Tours 2",
        "type": "tram"
      }
    },
    {
      "type": "Feature",
      "geometry": {
        "type": "Point",
        "coordinates": [
          0.6780759,
          47.3671882
        ]
      },
      "properties": {
        "city": "Tours",
        "nom": "Heure Tranquille",
        "name": "Heure Tranquille",
        "type": "tram"
      }
    },
    {
      "type": "Feature",
      "geometry": {
        "type": "Point",
        "coordinates": [
          0.689141,
          47.3894246
        ]
      },
      "properties": {
        "city": "Tours",
        "nom": "Jean Jaurès",
        "name": "Jean Jaurès",
        "type": "tram"
      }
    },
    {
      "type": "Feature",
      "geometry": {
        "type": "Point",
        "coordinates": [
          0.6628666,
          47.3515582
        ]
      },
      "properties": {
        "city": "Tours",
        "nom": "Joué Hôtel de Ville",
        "name": "Joué Hôtel de Ville",
        "type": "tram"
      }
    },
    {
      "type": "Feature",
      "geometry": {
        "type": "Point",
        "coordinates": [
          0.6939931,
          47.3799143
        ]
      },
      "properties": {
        "city": "Tours",
        "nom": "Liberté",
        "name": "Liberté",
        "type": "tram"
      }
    },
    {
      "type": "Feature",
      "geometry": {
        "type": "Point",
        "coordinates": [
          0.6578996,
          47.338204
        ]
      },
      "properties": {
        "city": "Tours",
        "nom": "Lycée Jean Monnet",
        "name": "Lycée Jean Monnet",
        "type": "tram"
      }
    },
    {
      "type": "Feature",
      "geometry": {
        "type": "Point",
        "coordinates": [
          0.6975503,
          47.423616
        ]
      },
      "properties": {
        "city": "Tours",
        "nom": "Marne",
        "name": "Marne",
        "type": "tram"
      }
    },
    {
      "type": "Feature",
      "geometry": {
        "type": "Point",
        "coordinates": [
          0.700425,
          47.4211446
        ]
      },
      "properties": {
        "city": "Tours",
        "nom": "Monconseil",
        "name": "Monconseil",
        "type": "tram"
      }
    },
    {
      "type": "Feature",
      "geometry": {
        "type": "Point",
        "coordinates": [
          0.6875435,
          47.3933948
        ]
      },
      "properties": {
        "city": "Tours",
        "nom": "Nationale",
        "name": "Nationale",
        "type": "tram"
      }
    },
    {
      "type": "Feature",
      "geometry": {
        "type": "Point",
        "coordinates": [
          0.6962982,
          47.3839753
        ]
      },
      "properties": {
        "city": "Tours",
        "nom": "Palais des Sports",
        "name": "Palais des Sports",
        "type": "tram"
      }
    },
    {
      "type": "Feature",
      "geometry": {
        "type": "Point",
        "coordinates": [
          0.6840347,
          47.4020251
        ]
      },
      "properties": {
        "city": "Tours",
        "nom": "Place Choiseul",
        "name": "Place Choiseul",
        "type": "tram"
      }
    },
    {
      "type": "Feature",
      "geometry": {
        "type": "Point",
        "coordinates": [
          0.6738283,
          47.3627289
        ]
      },
      "properties": {
        "city": "Tours",
        "nom": "Pont Volant",
        "name": "Pont Volant",
        "type": "tram"
      }
    },
    {
      "type": "Feature",
      "geometry": {
        "type": "Point",
        "coordinates": [
          0.6864816,
          47.3960998
        ]
      },
      "properties": {
        "city": "Tours",
        "nom": "Porte de Loire",
        "name": "Porte de Loire",
        "type": "tram"
      }
    },
    {
      "type": "Feature",
      "geometry": {
        "type": "Point",
        "coordinates": [
          0.6623927,
          47.3447942
        ]
      },
      "properties": {
        "city": "Tours",
        "nom": "Rabière",
        "name": "Rabière",
        "type": "tram"
      }
    },
    {
      "type": "Feature",
      "geometry": {
        "type": "Point",
        "coordinates": [
          0.663303,
          47.348321
        ]
      },
      "properties": {
        "city": "Tours",
        "nom": "Rotière",
        "name": "Rotière",
        "type": "tram"
      }
    },
    {
      "type": "Feature",
      "geometry": {
        "type": "Point",
        "coordinates": [
          0.6646151,
          47.3552433
        ]
      },
      "properties": {
        "city": "Tours",
        "nom": "République",
        "name": "République",
        "type": "tram"
      }
    },
    {
      "type": "Feature",
      "geometry": {
        "type": "Point",
        "coordinates": [
          0.6973514,
          47.3812731
        ]
      },
      "properties": {
        "city": "Tours",
        "nom": "Saint-Paul",
        "name": "Saint-Paul",
        "type": "tram"
      }
    },
    {
      "type": "Feature",
      "geometry": {
        "type": "Point",
        "coordinates": [
          0.6895741,
          47.3730468
        ]
      },
      "properties": {
        "city": "Tours",
        "nom": "Suzanne Valadon",
        "name": "Suzanne Valadon",
        "type": "tram"
      }
    },
    {
      "type": "Feature",
      "geometry": {
        "type": "Point",
        "coordinates": [
          0.6814769,
          47.4083038
        ]
      },
      "properties": {
        "city": "Tours",
        "nom": "Tranchée",
        "name": "Tranchée",
        "type": "tram"
      }
    },
    {
      "type": "Feature",
      "geometry": {
        "type": "Point",
        "coordinates": [
          0.6836719,
          47.4163052
        ]
      },
      "properties": {
        "city": "Tours",
        "nom": "Trois Rivières",
        "name": "Trois Rivières",
        "type": "tram"
      }
    },
    {
      "type": "Feature",
      "geometry": {
        "type": "Point",
        "coordinates": [
          0.7097823,
          47.4234132
        ]
      },
      "properties": {
        "city": "Tours",
        "nom": "Vaucanson",
        "name": "Vaucanson",
        "type": "tram"
      }
    },
    {
      "type": "Feature",
      "geometry": {
        "type": "Point",
        "coordinates": [
          0.6944987,
          47.3737767
        ]
      },
      "properties": {
        "city": "Tours",
        "nom": "Verdun",
        "name": "Verdun",
        "type": "tram"
      }
    },
    {
      "type": "Feature",
      "geometry": {
        "type": "Point",
        "coordinates": [
          3.5130047,
          50.3699517
        ]
      },
      "properties": {
        "city": "Valenciennes",
        "nom": "André Parent",
        "name": "André Parent",
        "type": "tram"
      }
    },
    {
      "type": "Feature",
      "geometry": {
        "type": "Point",
        "coordinates": [
          3.5017857,
          50.3689419
        ]
      },
      "properties": {
        "city": "Valenciennes",
        "nom": "Anzin – Hôtel de Ville",
        "name": "Anzin – Hôtel de Ville",
        "type": "tram"
      }
    },
    {
      "type": "Feature",
      "geometry": {
        "type": "Point",
        "coordinates": [
          3.4023944,
          50.3361876
        ]
      },
      "properties": {
        "city": "Valenciennes",
        "nom": "Bellevue",
        "name": "Bellevue",
        "type": "tram"
      }
    },
    {
      "type": "Feature",
      "geometry": {
        "type": "Point",
        "coordinates": [
          3.5238009,
          50.384161
        ]
      },
      "properties": {
        "city": "Valenciennes",
        "nom": "Bleuse Borne",
        "name": "Bleuse Borne",
        "type": "tram"
      }
    },
    {
      "type": "Feature",
      "geometry": {
        "type": "Point",
        "coordinates": [
          3.4717838,
          50.3559308
        ]
      },
      "properties": {
        "city": "Valenciennes",
        "nom": "Bois des Montagnes",
        "name": "Bois des Montagnes",
        "type": "tram"
      }
    },
    {
      "type": "Feature",
      "geometry": {
        "type": "Point",
        "coordinates": [
          3.5375349,
          50.3960554
        ]
      },
      "properties": {
        "city": "Valenciennes",
        "nom": "Bruay – Place",
        "name": "Bruay – Place",
        "type": "tram"
      }
    },
    {
      "type": "Feature",
      "geometry": {
        "type": "Point",
        "coordinates": [
          3.5586645,
          50.4148209
        ]
      },
      "properties": {
        "city": "Valenciennes",
        "nom": "Brunehaut",
        "name": "Brunehaut",
        "type": "tram"
      }
    },
    {
      "type": "Feature",
      "geometry": {
        "type": "Point",
        "coordinates": [
          3.5146659,
          50.3286302
        ]
      },
      "properties": {
        "city": "Valenciennes",
        "nom": "Campus Mont Houy",
        "name": "Campus Mont Houy",
        "type": "tram"
      }
    },
    {
      "type": "Feature",
      "geometry": {
        "type": "Point",
        "coordinates": [
          3.5837107,
          50.4369312
        ]
      },
      "properties": {
        "city": "Valenciennes",
        "nom": "Carnot",
        "name": "Carnot",
        "type": "tram"
      }
    },
    {
      "type": "Feature",
      "geometry": {
        "type": "Point",
        "coordinates": [
          3.5168087,
          50.3749349
        ]
      },
      "properties": {
        "city": "Valenciennes",
        "nom": "Centre des Congrès",
        "name": "Centre des Congrès",
        "type": "tram"
      }
    },
    {
      "type": "Feature",
      "geometry": {
        "type": "Point",
        "coordinates": [
          3.5136733,
          50.3309962
        ]
      },
      "properties": {
        "city": "Valenciennes",
        "nom": "Chemin Vert",
        "name": "Chemin Vert",
        "type": "tram"
      }
    },
    {
      "type": "Feature",
      "geometry": {
        "type": "Point",
        "coordinates": [
          3.5204795,
          50.3607577
        ]
      },
      "properties": {
        "city": "Valenciennes",
        "nom": "Clemenceau",
        "name": "Clemenceau",
        "type": "tram"
      }
    },
    {
      "type": "Feature",
      "geometry": {
        "type": "Point",
        "coordinates": [
          3.5947133,
          50.4477344
        ]
      },
      "properties": {
        "city": "Valenciennes",
        "nom": "Condé – Hôtel de Ville",
        "name": "Condé – Hôtel de Ville",
        "type": "tram"
      }
    },
    {
      "type": "Feature",
      "geometry": {
        "type": "Point",
        "coordinates": [
          3.5081208,
          50.367374
        ]
      },
      "properties": {
        "city": "Valenciennes",
        "nom": "Croix d'Anzin",
        "name": "Croix d'Anzin",
        "type": "tram"
      }
    },
    {
      "type": "Feature",
      "geometry": {
        "type": "Point",
        "coordinates": [
          3.4842624,
          50.3580853
        ]
      },
      "properties": {
        "city": "Valenciennes",
        "nom": "Dutemple",
        "name": "Dutemple",
        "type": "tram"
      }
    },
    {
      "type": "Feature",
      "geometry": {
        "type": "Point",
        "coordinates": [
          3.5632632,
          50.4237877
        ]
      },
      "properties": {
        "city": "Valenciennes",
        "nom": "Escautpont – Place",
        "name": "Escautpont – Place",
        "type": "tram"
      }
    },
    {
      "type": "Feature",
      "geometry": {
        "type": "Point",
        "coordinates": [
          3.392809,
          50.3263012
        ]
      },
      "properties": {
        "city": "Valenciennes",
        "nom": "Espace Villars",
        "name": "Espace Villars",
        "type": "tram"
      }
    },
    {
      "type": "Feature",
      "geometry": {
        "type": "Point",
        "coordinates": [
          3.5791455,
          50.4327305
        ]
      },
      "properties": {
        "city": "Valenciennes",
        "nom": "Fresnes – Mairie",
        "name": "Fresnes – Mairie",
        "type": "tram"
      }
    },
    {
      "type": "Feature",
      "geometry": {
        "type": "Point",
        "coordinates": [
          3.5451011,
          50.4016208
        ]
      },
      "properties": {
        "city": "Valenciennes",
        "nom": "Fruitier",
        "name": "Fruitier",
        "type": "tram"
      }
    },
    {
      "type": "Feature",
      "geometry": {
        "type": "Point",
        "coordinates": [
          3.5932686,
          50.4604151
        ]
      },
      "properties": {
        "city": "Valenciennes",
        "nom": "Hameau de Macou",
        "name": "Hameau de Macou",
        "type": "tram"
      }
    },
    {
      "type": "Feature",
      "geometry": {
        "type": "Point",
        "coordinates": [
          3.5224705,
          50.3583746
        ]
      },
      "properties": {
        "city": "Valenciennes",
        "nom": "Hôtel de Ville",
        "name": "Hôtel de Ville",
        "type": "tram"
      }
    },
    {
      "type": "Feature",
      "geometry": {
        "type": "Point",
        "coordinates": [
          3.39191,
          50.3319182
        ]
      },
      "properties": {
        "city": "Valenciennes",
        "nom": "Jaurès",
        "name": "Jaurès",
        "type": "tram"
      }
    },
    {
      "type": "Feature",
      "geometry": {
        "type": "Point",
        "coordinates": [
          3.3854539,
          50.3267212
        ]
      },
      "properties": {
        "city": "Valenciennes",
        "nom": "Jean Dulieu",
        "name": "Jean Dulieu",
        "type": "tram"
      }
    },
    {
      "type": "Feature",
      "geometry": {
        "type": "Point",
        "coordinates": [
          3.5188026,
          50.3340107
        ]
      },
      "properties": {
        "city": "Valenciennes",
        "nom": "Jules Chevalier",
        "name": "Jules Chevalier",
        "type": "tram"
      }
    },
    {
      "type": "Feature",
      "geometry": {
        "type": "Point",
        "coordinates": [
          3.5208465,
          50.3398467
        ]
      },
      "properties": {
        "city": "Valenciennes",
        "nom": "La Briquette",
        "name": "La Briquette",
        "type": "tram"
      }
    },
    {
      "type": "Feature",
      "geometry": {
        "type": "Point",
        "coordinates": [
          3.4879905,
          50.3605877
        ]
      },
      "properties": {
        "city": "Valenciennes",
        "nom": "La Plaine",
        "name": "La Plaine",
        "type": "tram"
      }
    },
    {
      "type": "Feature",
      "geometry": {
        "type": "Point",
        "coordinates": [
          3.5752023,
          50.4573962
        ]
      },
      "properties": {
        "city": "Valenciennes",
        "nom": "Le Boulon",
        "name": "Le Boulon",
        "type": "tram"
      }
    },
    {
      "type": "Feature",
      "geometry": {
        "type": "Point",
        "coordinates": [
          3.4522267,
          50.3529923
        ]
      },
      "properties": {
        "city": "Valenciennes",
        "nom": "Le Galibot",
        "name": "Le Galibot",
        "type": "tram"
      }
    },
    {
      "type": "Feature",
      "geometry": {
        "type": "Point",
        "coordinates": [
          3.5494161,
          50.4048457
        ]
      },
      "properties": {
        "city": "Valenciennes",
        "nom": "Les Hauts Champs",
        "name": "Les Hauts Champs",
        "type": "tram"
      }
    },
    {
      "type": "Feature",
      "geometry": {
        "type": "Point",
        "coordinates": [
          3.5194066,
          50.3784489
        ]
      },
      "properties": {
        "city": "Valenciennes",
        "nom": "Les Terrils d'Anzin",
        "name": "Les Terrils d'Anzin",
        "type": "tram"
      }
    },
    {
      "type": "Feature",
      "geometry": {
        "type": "Point",
        "coordinates": [
          3.5825654,
          50.4608064
        ]
      },
      "properties": {
        "city": "Valenciennes",
        "nom": "Lycée du Pays de Condé",
        "name": "Lycée du Pays de Condé",
        "type": "tram"
      }
    },
    {
      "type": "Feature",
      "geometry": {
        "type": "Point",
        "coordinates": [
          3.5142591,
          50.3247534
        ]
      },
      "properties": {
        "city": "Valenciennes",
        "nom": "Moriamez – Recherche",
        "name": "Moriamez – Recherche",
        "type": "tram"
      }
    },
    {
      "type": "Feature",
      "geometry": {
        "type": "Point",
        "coordinates": [
          3.5191626,
          50.3483171
        ]
      },
      "properties": {
        "city": "Valenciennes",
        "nom": "Nungesser",
        "name": "Nungesser",
        "type": "tram"
      }
    },
    {
      "type": "Feature",
      "geometry": {
        "type": "Point",
        "coordinates": [
          3.513882,
          50.3659017
        ]
      },
      "properties": {
        "city": "Valenciennes",
        "nom": "Pont Jacob",
        "name": "Pont Jacob",
        "type": "tram"
      }
    },
    {
      "type": "Feature",
      "geometry": {
        "type": "Point",
        "coordinates": [
          3.5281275,
          50.3891179
        ]
      },
      "properties": {
        "city": "Valenciennes",
        "nom": "Pont de Bruay",
        "name": "Pont de Bruay",
        "type": "tram"
      }
    },
    {
      "type": "Feature",
      "geometry": {
        "type": "Point",
        "coordinates": [
          3.5167598,
          50.3533292
        ]
      },
      "properties": {
        "city": "Valenciennes",
        "nom": "Porte de Paris",
        "name": "Porte de Paris",
        "type": "tram"
      }
    },
    {
      "type": "Feature",
      "geometry": {
        "type": "Point",
        "coordinates": [
          3.5326252,
          50.3923859
        ]
      },
      "properties": {
        "city": "Valenciennes",
        "nom": "Ruelles",
        "name": "Ruelles",
        "type": "tram"
      }
    },
    {
      "type": "Feature",
      "geometry": {
        "type": "Point",
        "coordinates": [
          3.4918662,
          50.3636945
        ]
      },
      "properties": {
        "city": "Valenciennes",
        "nom": "Saint-Waast – Hôpital",
        "name": "Saint-Waast – Hôpital",
        "type": "tram"
      }
    },
    {
      "type": "Feature",
      "geometry": {
        "type": "Point",
        "coordinates": [
          3.5168974,
          50.3514342
        ]
      },
      "properties": {
        "city": "Valenciennes",
        "nom": "Sainte-Catherine",
        "name": "Sainte-Catherine",
        "type": "tram"
      }
    },
    {
      "type": "Feature",
      "geometry": {
        "type": "Point",
        "coordinates": [
          3.5585609,
          50.419824
        ]
      },
      "properties": {
        "city": "Valenciennes",
        "nom": "Salle Polyvalente",
        "name": "Salle Polyvalente",
        "type": "tram"
      }
    },
    {
      "type": "Feature",
      "geometry": {
        "type": "Point",
        "coordinates": [
          3.4127784,
          50.3397976
        ]
      },
      "properties": {
        "city": "Valenciennes",
        "nom": "Solange Tonini",
        "name": "Solange Tonini",
        "type": "tram"
      }
    },
    {
      "type": "Feature",
      "geometry": {
        "type": "Point",
        "coordinates": [
          3.5195827,
          50.3560563
        ]
      },
      "properties": {
        "city": "Valenciennes",
        "nom": "Sous-Préfecture",
        "name": "Sous-Préfecture",
        "type": "tram"
      }
    },
    {
      "type": "Feature",
      "geometry": {
        "type": "Point",
        "coordinates": [
          3.3859835,
          50.3294759
        ]
      },
      "properties": {
        "city": "Valenciennes",
        "nom": "Taffin",
        "name": "Taffin",
        "type": "tram"
      }
    },
    {
      "type": "Feature",
      "geometry": {
        "type": "Point",
        "coordinates": [
          3.5554342,
          50.4092337
        ]
      },
      "properties": {
        "city": "Valenciennes",
        "nom": "Thiers",
        "name": "Thiers",
        "type": "tram"
      }
    },
    {
      "type": "Feature",
      "geometry": {
        "type": "Point",
        "coordinates": [
          3.589659,
          50.4539654
        ]
      },
      "properties": {
        "city": "Valenciennes",
        "nom": "Tourniquet",
        "name": "Tourniquet",
        "type": "tram"
      }
    },
    {
      "type": "Feature",
      "geometry": {
        "type": "Point",
        "coordinates": [
          3.5126113,
          50.3200944
        ]
      },
      "properties": {
        "city": "Valenciennes",
        "nom": "Université",
        "name": "Université",
        "type": "tram"
      }
    },
    {
      "type": "Feature",
      "geometry": {
        "type": "Point",
        "coordinates": [
          3.5178817,
          50.3637328
        ]
      },
      "properties": {
        "city": "Valenciennes",
        "nom": "Valenciennes – Gare",
        "name": "Valenciennes – Gare",
        "type": "tram"
      }
    },
    {
      "type": "Feature",
      "geometry": {
        "type": "Point",
        "coordinates": [
          3.5168987,
          50.3421404
        ]
      },
      "properties": {
        "city": "Valenciennes",
        "nom": "Vosges",
        "name": "Vosges",
        "type": "tram"
      }
    },
    {
      "type": "Feature",
      "properties": {},
      "geometry": {
        "type": "Point",
        "coordinates": [
          0.1963081,
          48.0040947
        ]
      },
      "id": "node/253069025"
    },
    {
      "type": "Feature",
      "properties": {},
      "geometry": {
        "type": "Point",
        "coordinates": [
          0.1723938,
          48.0189387
        ]
      },
      "id": "node/253072119"
    },
    {
      "type": "Feature",
      "properties": {},
      "geometry": {
        "type": "Point",
        "coordinates": [
          0.1628813,
          48.0198505
        ]
      },
      "id": "node/253072131"
    },
    {
      "type": "Feature",
      "properties": {},
      "geometry": {
        "type": "Point",
        "coordinates": [
          0.1844223,
          48.0095237
        ]
      },
      "id": "node/253072141"
    },
    {
      "type": "Feature",
      "properties": {},
      "geometry": {
        "type": "Point",
        "coordinates": [
          0.1614585,
          48.0158376
        ]
      },
      "id": "node/253073011"
    },
    {
      "type": "Feature",
      "properties": {},
      "geometry": {
        "type": "Point",
        "coordinates": [
          0.1520029,
          48.0170108
        ]
      },
      "id": "node/253073034"
    },
    {
      "type": "Feature",
      "properties": {},
      "geometry": {
        "type": "Point",
        "coordinates": [
          0.1985363,
          47.9938949
        ]
      },
      "id": "node/268202367"
    },
    {
      "type": "Feature",
      "properties": {},
      "geometry": {
        "type": "Point",
        "coordinates": [
          0.2069297,
          47.989682
        ]
      },
      "id": "node/269241861"
    },
    {
      "type": "Feature",
      "properties": {},
      "geometry": {
        "type": "Point",
        "coordinates": [
          0.2093207,
          47.9857807
        ]
      },
      "id": "node/269241866"
    },
    {
      "type": "Feature",
      "properties": {},
      "geometry": {
        "type": "Point",
        "coordinates": [
          0.2110498,
          47.9824996
        ]
      },
      "id": "node/269241874"
    },
    {
      "type": "Feature",
      "properties": {},
      "geometry": {
        "type": "Point",
        "coordinates": [
          0.2128004,
          47.9793672
        ]
      },
      "id": "node/269241881"
    },
    {
      "type": "Feature",
      "properties": {},
      "geometry": {
        "type": "Point",
        "coordinates": [
          0.2167851,
          47.9722077
        ]
      },
      "id": "node/269242629"
    },
    {
      "type": "Feature",
      "properties": {},
      "geometry": {
        "type": "Point",
        "coordinates": [
          0.1974249,
          48.0009933
        ]
      },
      "id": "node/269659833"
    },
    {
      "type": "Feature",
      "properties": {},
      "geometry": {
        "type": "Point",
        "coordinates": [
          0.1950893,
          47.9983222
        ]
      },
      "id": "node/274966159"
    },
    {
      "type": "Feature",
      "properties": {},
      "geometry": {
        "type": "Point",
        "coordinates": [
          0.2037752,
          47.9927516
        ]
      },
      "id": "node/282763579"
    },
    {
      "type": "Feature",
      "properties": {},
      "geometry": {
        "type": "Point",
        "coordinates": [
          0.1935985,
          48.0052647
        ]
      },
      "id": "node/282766484"
    },
    {
      "type": "Feature",
      "properties": {},
      "geometry": {
        "type": "Point",
        "coordinates": [
          0.1818192,
          48.0117569
        ]
      },
      "id": "node/282767267"
    },
    {
      "type": "Feature",
      "properties": {},
      "geometry": {
        "type": "Point",
        "coordinates": [
          0.215929,
          47.9893309
        ]
      },
      "id": "node/347998196"
    },
    {
      "type": "Feature",
      "properties": {},
      "geometry": {
        "type": "Point",
        "coordinates": [
          0.2223783,
          47.990498
        ]
      },
      "id": "node/347998224"
    },
    {
      "type": "Feature",
      "properties": {},
      "geometry": {
        "type": "Point",
        "coordinates": [
          0.2339493,
          47.9947186
        ]
      },
      "id": "node/415611276"
    },
    {
      "type": "Feature",
      "properties": {},
      "geometry": {
        "type": "Point",
        "coordinates": [
          0.1901089,
          48.0068778
        ]
      },
      "id": "node/419134436"
    },
    {
      "type": "Feature",
      "properties": {},
      "geometry": {
        "type": "Point",
        "coordinates": [
          0.2053055,
          48.0121481
        ]
      },
      "id": "node/443693650"
    },
    {
      "type": "Feature",
      "properties": {},
      "geometry": {
        "type": "Point",
        "coordinates": [
          0.2222244,
          47.9560123
        ]
      },
      "id": "node/603318189"
    },
    {
      "type": "Feature",
      "properties": {},
      "geometry": {
        "type": "Point",
        "coordinates": [
          0.2212143,
          47.9641778
        ]
      },
      "id": "node/603318643"
    },
    {
      "type": "Feature",
      "properties": {},
      "geometry": {
        "type": "Point",
        "coordinates": [
          0.2190542,
          47.9681669
        ]
      },
      "id": "node/745592768"
    },
    {
      "type": "Feature",
      "properties": {},
      "geometry": {
        "type": "Point",
        "coordinates": [
          0.2344698,
          47.9918969
        ]
      },
      "id": "node/745592769"
    },
    {
      "type": "Feature",
      "properties": {},
      "geometry": {
        "type": "Point",
        "coordinates": [
          0.2095478,
          47.9858389
        ]
      },
      "id": "node/1478852683"
    },
    {
      "type": "Feature",
      "properties": {},
      "geometry": {
        "type": "Point",
        "coordinates": [
          0.2150982,
          47.9752633
        ]
      },
      "id": "node/1678188004"
    },
    {
      "type": "Feature",
      "properties": {},
      "geometry": {
        "type": "Point",
        "coordinates": [
          0.2222362,
          47.9560382
        ]
      },
      "id": "node/1710799820"
    },
    {
      "type": "Feature",
      "properties": {},
      "geometry": {
        "type": "Point",
        "coordinates": [
          0.1723767,
          48.018909
        ]
      },
      "id": "node/1710799821"
    },
    {
      "type": "Feature",
      "properties": {},
      "geometry": {
        "type": "Point",
        "coordinates": [
          0.1615023,
          48.0158383
        ]
      },
      "id": "node/1710799822"
    },
    {
      "type": "Feature",
      "properties": {},
      "geometry": {
        "type": "Point",
        "coordinates": [
          0.2127153,
          47.979346
        ]
      },
      "id": "node/1710799823"
    },
    {
      "type": "Feature",
      "properties": {},
      "geometry": {
        "type": "Point",
        "coordinates": [
          0.2167901,
          47.9721115
        ]
      },
      "id": "node/1710799830"
    },
    {
      "type": "Feature",
      "properties": {},
      "geometry": {
        "type": "Point",
        "coordinates": [
          0.2150093,
          47.975245
        ]
      },
      "id": "node/1710799831"
    },
    {
      "type": "Feature",
      "properties": {},
      "geometry": {
        "type": "Point",
        "coordinates": [
          0.2211669,
          47.9641701
        ]
      },
      "id": "node/1710799832"
    },
    {
      "type": "Feature",
      "properties": {},
      "geometry": {
        "type": "Point",
        "coordinates": [
          0.1628737,
          48.0198211
        ]
      },
      "id": "node/1710799833"
    },
    {
      "type": "Feature",
      "properties": {},
      "geometry": {
        "type": "Point",
        "coordinates": [
          0.1754275,
          48.0135682
        ]
      },
      "id": "node/1710799843"
    },
    {
      "type": "Feature",
      "properties": {},
      "geometry": {
        "type": "Point",
        "coordinates": [
          0.1754561,
          48.0135865
        ]
      },
      "id": "node/1710799846"
    },
    {
      "type": "Feature",
      "properties": {},
      "geometry": {
        "type": "Point",
        "coordinates": [
          0.2068979,
          47.9896679
        ]
      },
      "id": "node/1710799847"
    },
    {
      "type": "Feature",
      "properties": {},
      "geometry": {
        "type": "Point",
        "coordinates": [
          0.2189653,
          47.968146
        ]
      },
      "id": "node/1710799848"
    },
    {
      "type": "Feature",
      "properties": {},
      "geometry": {
        "type": "Point",
        "coordinates": [
          0.1900876,
          48.0068551
        ]
      },
      "id": "node/1710799850"
    },
    {
      "type": "Feature",
      "properties": {},
      "geometry": {
        "type": "Point",
        "coordinates": [
          0.1949498,
          47.998218
        ]
      },
      "id": "node/1710799852"
    },
    {
      "type": "Feature",
      "properties": {},
      "geometry": {
        "type": "Point",
        "coordinates": [
          0.2109589,
          47.9824867
        ]
      },
      "id": "node/1710799854"
    },
    {
      "type": "Feature",
      "properties": {},
      "geometry": {
        "type": "Point",
        "coordinates": [
          0.1972443,
          48.000841
        ]
      },
      "id": "node/1710799855"
    },
    {
      "type": "Feature",
      "properties": {},
      "geometry": {
        "type": "Point",
        "coordinates": [
          0.1964826,
          48.0039892
        ]
      },
      "id": "node/1710799858"
    },
    {
      "type": "Feature",
      "properties": {},
      "geometry": {
        "type": "Point",
        "coordinates": [
          0.1816951,
          48.0115365
        ]
      },
      "id": "node/1710799860"
    },
    {
      "type": "Feature",
      "properties": {},
      "geometry": {
        "type": "Point",
        "coordinates": [
          0.1519906,
          48.0169805
        ]
      },
      "id": "node/1710799861"
    },
    {
      "type": "Feature",
      "properties": {},
      "geometry": {
        "type": "Point",
        "coordinates": [
          0.2037683,
          47.9927257
        ]
      },
      "id": "node/1710799863"
    },
    {
      "type": "Feature",
      "properties": {},
      "geometry": {
        "type": "Point",
        "coordinates": [
          0.1985198,
          47.9938706
        ]
      },
      "id": "node/1710799864"
    },
    {
      "type": "Feature",
      "properties": {},
      "geometry": {
        "type": "Point",
        "coordinates": [
          0.19332,
          48.0053611
        ]
      },
      "id": "node/1710808203"
    },
    {
      "type": "Feature",
      "properties": {},
      "geometry": {
        "type": "Point",
        "coordinates": [
          0.2223752,
          47.990559
        ]
      },
      "id": "node/1892341026"
    },
    {
      "type": "Feature",
      "properties": {},
      "geometry": {
        "type": "Point",
        "coordinates": [
          0.2158738,
          47.9893805
        ]
      },
      "id": "node/1892341027"
    },
    {
      "type": "Feature",
      "properties": {},
      "geometry": {
        "type": "Point",
        "coordinates": [
          0.2339009,
          47.9946663
        ]
      },
      "id": "node/1892341028"
    },
    {
      "type": "Feature",
      "properties": {},
      "geometry": {
        "type": "Point",
        "coordinates": [
          0.2344395,
          47.9919194
        ]
      },
      "id": "node/1892341249"
    },
    {
      "type": "Feature",
      "properties": {},
      "geometry": {
        "type": "Point",
        "coordinates": [
          0.2295331,
          47.9910304
        ]
      },
      "id": "node/1892341250"
    },
    {
      "type": "Feature",
      "properties": {},
      "geometry": {
        "type": "Point",
        "coordinates": [
          0.2295434,
          47.9910598
        ]
      },
      "id": "node/1892341251"
    },
    {
      "type": "Feature",
      "properties": {},
      "geometry": {
        "type": "Point",
        "coordinates": [
          0.2117167,
          48.020214
        ]
      },
      "id": "node/2668715037"
    },
    {
      "type": "Feature",
      "properties": {},
      "geometry": {
        "type": "Point",
        "coordinates": [
          0.2120794,
          48.0151738
        ]
      },
      "id": "node/3053489489"
    },
    {
      "type": "Feature",
      "properties": {},
      "geometry": {
        "type": "Point",
        "coordinates": [
          0.1999605,
          48.0045279
        ]
      },
      "id": "node/4851664242"
    },
    {
      "type": "Feature",
      "properties": {},
      "geometry": {
        "type": "Point",
        "coordinates": [
          0.1999199,
          48.004402
        ]
      },
      "id": "node/4851664243"
    },
    {
      "type": "Feature",
      "properties": {},
      "geometry": {
        "type": "Point",
        "coordinates": [
          0.2175372,
          48.0171187
        ]
      },
      "id": "node/4852683897"
    },
    {
      "type": "Feature",
      "properties": {},
      "geometry": {
        "type": "Point",
        "coordinates": [
          0.2002884,
          48.0088462
        ]
      },
      "id": "node/4852683915"
    },
    {
      "type": "Feature",
      "properties": {},
      "geometry": {
        "type": "Point",
        "coordinates": [
          0.212355,
          48.015227
        ]
      },
      "id": "node/4852683920"
    },
    {
      "type": "Feature",
      "properties": {},
      "geometry": {
        "type": "Point",
        "coordinates": [
          0.2175164,
          48.017142
        ]
      },
      "id": "node/4852685721"
    },
    {
      "type": "Feature",
      "properties": {},
      "geometry": {
        "type": "Point",
        "coordinates": [
          0.2000887,
          48.0087639
        ]
      },
      "id": "node/4852685724"
    },
    {
      "type": "Feature",
      "properties": {},
      "geometry": {
        "type": "Point",
        "coordinates": [
          0.205398,
          48.0121519
        ]
      },
      "id": "node/4852688199"
    },
    {
      "type": "Feature",
      "properties": {},
      "geometry": {
        "type": "Point",
        "coordinates": [
          0.2116981,
          48.0201904
        ]
      },
      "id": "node/4852740350"
    },
    {
      "type": "Feature",
      "properties": {},
      "geometry": {
        "type": "Point",
        "coordinates": [
          0.1936955,
          47.9953875
        ]
      },
      "id": "node/7607807473"
    },
    {
      "type": "Feature",
      "properties": {},
      "geometry": {
        "type": "Point",
        "coordinates": [
          0.1937093,
          47.9954126
        ]
      },
      "id": "node/7607807474"
    },
    {
      "type": "Feature",
      "properties": {},
      "geometry": {
        "type": "Point",
        "coordinates": [
          0.1853005,
          48.0090794
        ]
      },
      "id": "node/9969313984"
    },
    {
      "type": "Feature",
      "properties": {},
      "geometry": {
        "type": "Point",
        "coordinates": [
          3.0453504,
          50.6930394
        ]
      },
      "id": "node/298393393"
    },
    {
      "type": "Feature",
      "properties": {},
      "geometry": {
        "type": "Point",
        "coordinates": [
          3.0740664,
          50.6397267
        ]
      },
      "id": "node/406386502"
    },
    {
      "type": "Feature",
      "properties": {},
      "geometry": {
        "type": "Point",
        "coordinates": [
          3.0817511,
          50.6517393
        ]
      },
      "id": "node/675284965"
    },
    {
      "type": "Feature",
      "properties": {},
      "geometry": {
        "type": "Point",
        "coordinates": [
          3.0819403,
          50.6518432
        ]
      },
      "id": "node/675366337"
    },
    {
      "type": "Feature",
      "properties": {},
      "geometry": {
        "type": "Point",
        "coordinates": [
          3.1037754,
          50.6666763
        ]
      },
      "id": "node/675410508"
    },
    {
      "type": "Feature",
      "properties": {},
      "geometry": {
        "type": "Point",
        "coordinates": [
          3.1063674,
          50.6728767
        ]
      },
      "id": "node/675418710"
    },
    {
      "type": "Feature",
      "properties": {},
      "geometry": {
        "type": "Point",
        "coordinates": [
          3.1145173,
          50.6796977
        ]
      },
      "id": "node/675418722"
    },
    {
      "type": "Feature",
      "properties": {},
      "geometry": {
        "type": "Point",
        "coordinates": [
          3.1070065,
          50.6735664
        ]
      },
      "id": "node/675418726"
    },
    {
      "type": "Feature",
      "properties": {},
      "geometry": {
        "type": "Point",
        "coordinates": [
          3.1143555,
          50.6796157
        ]
      },
      "id": "node/675418743"
    },
    {
      "type": "Feature",
      "properties": {},
      "geometry": {
        "type": "Point",
        "coordinates": [
          3.078595,
          50.6487621
        ]
      },
      "id": "node/677440957"
    },
    {
      "type": "Feature",
      "properties": {},
      "geometry": {
        "type": "Point",
        "coordinates": [
          3.0964924,
          50.6619811
        ]
      },
      "id": "node/679420989"
    },
    {
      "type": "Feature",
      "properties": {},
      "geometry": {
        "type": "Point",
        "coordinates": [
          3.0882989,
          50.6563132
        ]
      },
      "id": "node/679420997"
    },
    {
      "type": "Feature",
      "properties": {},
      "geometry": {
        "type": "Point",
        "coordinates": [
          3.0944674,
          50.6605668
        ]
      },
      "id": "node/679421000"
    },
    {
      "type": "Feature",
      "properties": {},
      "geometry": {
        "type": "Point",
        "coordinates": [
          3.0937193,
          50.660076
        ]
      },
      "id": "node/679421004"
    },
    {
      "type": "Feature",
      "properties": {},
      "geometry": {
        "type": "Point",
        "coordinates": [
          3.0891187,
          50.6568583
        ]
      },
      "id": "node/679421010"
    },
    {
      "type": "Feature",
      "properties": {},
      "geometry": {
        "type": "Point",
        "coordinates": [
          3.1019319,
          50.6646218
        ]
      },
      "id": "node/679421013"
    },
    {
      "type": "Feature",
      "properties": {},
      "geometry": {
        "type": "Point",
        "coordinates": [
          3.0966826,
          50.6620371
        ]
      },
      "id": "node/679421021"
    },
    {
      "type": "Feature",
      "properties": {},
      "geometry": {
        "type": "Point",
        "coordinates": [
          3.1035457,
          50.6659493
        ]
      },
      "id": "node/706458901"
    },
    {
      "type": "Feature",
      "properties": {},
      "geometry": {
        "type": "Point",
        "coordinates": [
          3.1115492,
          50.6773517
        ]
      },
      "id": "node/706458902"
    },
    {
      "type": "Feature",
      "properties": {},
      "geometry": {
        "type": "Point",
        "coordinates": [
          3.1113917,
          50.6772705
        ]
      },
      "id": "node/706458904"
    },
    {
      "type": "Feature",
      "properties": {},
      "geometry": {
        "type": "Point",
        "coordinates": [
          3.1196115,
          50.6836618
        ]
      },
      "id": "node/706458910"
    },
    {
      "type": "Feature",
      "properties": {},
      "geometry": {
        "type": "Point",
        "coordinates": [
          3.1193993,
          50.683545
        ]
      },
      "id": "node/706458912"
    },
    {
      "type": "Feature",
      "properties": {},
      "geometry": {
        "type": "Point",
        "coordinates": [
          3.1562083,
          50.7126709
        ]
      },
      "id": "node/706458956"
    },
    {
      "type": "Feature",
      "properties": {},
      "geometry": {
        "type": "Point",
        "coordinates": [
          3.1244161,
          50.6873481
        ]
      },
      "id": "node/706484725"
    },
    {
      "type": "Feature",
      "properties": {},
      "geometry": {
        "type": "Point",
        "coordinates": [
          3.1236394,
          50.6867795
        ]
      },
      "id": "node/706484782"
    },
    {
      "type": "Feature",
      "properties": {},
      "geometry": {
        "type": "Point",
        "coordinates": [
          3.1308462,
          50.6923065
        ]
      },
      "id": "node/706484783"
    },
    {
      "type": "Feature",
      "properties": {},
      "geometry": {
        "type": "Point",
        "coordinates": [
          3.1315555,
          50.6928271
        ]
      },
      "id": "node/706484789"
    },
    {
      "type": "Feature",
      "properties": {},
      "geometry": {
        "type": "Point",
        "coordinates": [
          3.1390908,
          50.6993728
        ]
      },
      "id": "node/706484791"
    },
    {
      "type": "Feature",
      "properties": {},
      "geometry": {
        "type": "Point",
        "coordinates": [
          3.1383919,
          50.6986731
        ]
      },
      "id": "node/706484794"
    },
    {
      "type": "Feature",
      "properties": {},
      "geometry": {
        "type": "Point",
        "coordinates": [
          3.1431962,
          50.7038409
        ]
      },
      "id": "node/706484795"
    },
    {
      "type": "Feature",
      "properties": {},
      "geometry": {
        "type": "Point",
        "coordinates": [
          3.1422331,
          50.7032807
        ]
      },
      "id": "node/706484797"
    },
    {
      "type": "Feature",
      "properties": {},
      "geometry": {
        "type": "Point",
        "coordinates": [
          3.152473,
          50.7095348
        ]
      },
      "id": "node/706484799"
    },
    {
      "type": "Feature",
      "properties": {},
      "geometry": {
        "type": "Point",
        "coordinates": [
          3.1533556,
          50.7100603
        ]
      },
      "id": "node/706484801"
    },
    {
      "type": "Feature",
      "properties": {},
      "geometry": {
        "type": "Point",
        "coordinates": [
          3.1571252,
          50.7178442
        ]
      },
      "id": "node/706484806"
    },
    {
      "type": "Feature",
      "properties": {},
      "geometry": {
        "type": "Point",
        "coordinates": [
          3.1569837,
          50.7177347
        ]
      },
      "id": "node/706484810"
    },
    {
      "type": "Feature",
      "properties": {},
      "geometry": {
        "type": "Point",
        "coordinates": [
          3.1589582,
          50.7206897
        ]
      },
      "id": "node/706484811"
    },
    {
      "type": "Feature",
      "properties": {},
      "geometry": {
        "type": "Point",
        "coordinates": [
          3.1589074,
          50.7207014
        ]
      },
      "id": "node/706484813"
    },
    {
      "type": "Feature",
      "properties": {},
      "geometry": {
        "type": "Point",
        "coordinates": [
          3.0740513,
          50.6398712
        ]
      },
      "id": "node/871279102"
    },
    {
      "type": "Feature",
      "properties": {},
      "geometry": {
        "type": "Point",
        "coordinates": [
          3.0713943,
          50.6377476
        ]
      },
      "id": "node/871279130"
    },
    {
      "type": "Feature",
      "properties": {},
      "geometry": {
        "type": "Point",
        "coordinates": [
          3.1490007,
          50.6661128
        ]
      },
      "id": "node/1219181127"
    },
    {
      "type": "Feature",
      "properties": {},
      "geometry": {
        "type": "Point",
        "coordinates": [
          3.1754196,
          50.6878696
        ]
      },
      "id": "node/1219181151"
    },
    {
      "type": "Feature",
      "properties": {},
      "geometry": {
        "type": "Point",
        "coordinates": [
          3.1676926,
          50.6810422
        ]
      },
      "id": "node/1219181155"
    },
    {
      "type": "Feature",
      "properties": {},
      "geometry": {
        "type": "Point",
        "coordinates": [
          3.1454385,
          50.6641005
        ]
      },
      "id": "node/1219181198"
    },
    {
      "type": "Feature",
      "properties": {},
      "geometry": {
        "type": "Point",
        "coordinates": [
          3.1615554,
          50.6775036
        ]
      },
      "id": "node/1219181205"
    },
    {
      "type": "Feature",
      "properties": {},
      "geometry": {
        "type": "Point",
        "coordinates": [
          3.1462713,
          50.6645447
        ]
      },
      "id": "node/1219181373"
    },
    {
      "type": "Feature",
      "properties": {},
      "geometry": {
        "type": "Point",
        "coordinates": [
          3.1675078,
          50.6809569
        ]
      },
      "id": "node/1219181435"
    },
    {
      "type": "Feature",
      "properties": {},
      "geometry": {
        "type": "Point",
        "coordinates": [
          3.1296182,
          50.6638001
        ]
      },
      "id": "node/1219181445"
    },
    {
      "type": "Feature",
      "properties": {},
      "geometry": {
        "type": "Point",
        "coordinates": [
          3.1722935,
          50.6850477
        ]
      },
      "id": "node/1219181531"
    },
    {
      "type": "Feature",
      "properties": {},
      "geometry": {
        "type": "Point",
        "coordinates": [
          3.1498502,
          50.6665709
        ]
      },
      "id": "node/1219181533"
    },
    {
      "type": "Feature",
      "properties": {},
      "geometry": {
        "type": "Point",
        "coordinates": [
          3.172111,
          50.6849783
        ]
      },
      "id": "node/1219181601"
    },
    {
      "type": "Feature",
      "properties": {},
      "geometry": {
        "type": "Point",
        "coordinates": [
          3.116136,
          50.664564
        ]
      },
      "id": "node/1219181688"
    },
    {
      "type": "Feature",
      "properties": {},
      "geometry": {
        "type": "Point",
        "coordinates": [
          3.1254021,
          50.6640356
        ]
      },
      "id": "node/1219181728"
    },
    {
      "type": "Feature",
      "properties": {},
      "geometry": {
        "type": "Point",
        "coordinates": [
          3.1093476,
          50.6649375
        ]
      },
      "id": "node/1219181747"
    },
    {
      "type": "Feature",
      "properties": {},
      "geometry": {
        "type": "Point",
        "coordinates": [
          3.1791712,
          50.6910458
        ]
      },
      "id": "node/1219181761"
    },
    {
      "type": "Feature",
      "properties": {},
      "geometry": {
        "type": "Point",
        "coordinates": [
          3.1308292,
          50.663722
        ]
      },
      "id": "node/1219181778"
    },
    {
      "type": "Feature",
      "properties": {},
      "geometry": {
        "type": "Point",
        "coordinates": [
          3.1622393,
          50.6781029
        ]
      },
      "id": "node/1219181784"
    },
    {
      "type": "Feature",
      "properties": {},
      "geometry": {
        "type": "Point",
        "coordinates": [
          3.138453,
          50.6633063
        ]
      },
      "id": "node/1219181793"
    },
    {
      "type": "Feature",
      "properties": {},
      "geometry": {
        "type": "Point",
        "coordinates": [
          3.1564789,
          50.6726237
        ]
      },
      "id": "node/1219182007"
    },
    {
      "type": "Feature",
      "properties": {},
      "geometry": {
        "type": "Point",
        "coordinates": [
          3.1185542,
          50.6644047
        ]
      },
      "id": "node/1219182102"
    },
    {
      "type": "Feature",
      "properties": {},
      "geometry": {
        "type": "Point",
        "coordinates": [
          3.1751738,
          50.6878734
        ]
      },
      "id": "node/1219182145"
    },
    {
      "type": "Feature",
      "properties": {},
      "geometry": {
        "type": "Point",
        "coordinates": [
          3.1395725,
          50.6632254
        ]
      },
      "id": "node/1219182154"
    },
    {
      "type": "Feature",
      "properties": {},
      "geometry": {
        "type": "Point",
        "coordinates": [
          3.1561407,
          50.672248
        ]
      },
      "id": "node/1219182177"
    },
    {
      "type": "Feature",
      "properties": {},
      "geometry": {
        "type": "Point",
        "coordinates": [
          3.1267025,
          50.6639467
        ]
      },
      "id": "node/1219182398"
    },
    {
      "type": "Feature",
      "properties": {},
      "geometry": {
        "type": "Point",
        "coordinates": [
          3.1542119,
          50.6690761
        ]
      },
      "id": "node/1219182469"
    },
    {
      "type": "Feature",
      "properties": {},
      "geometry": {
        "type": "Point",
        "coordinates": [
          3.1108186,
          50.6648453
        ]
      },
      "id": "node/1219182534"
    },
    {
      "type": "Feature",
      "properties": {},
      "geometry": {
        "type": "Point",
        "coordinates": [
          3.1544259,
          50.6691566
        ]
      },
      "id": "node/1219182593"
    },
    {
      "type": "Feature",
      "properties": {},
      "geometry": {
        "type": "Point",
        "coordinates": [
          3.0792036,
          50.6493155
        ]
      },
      "id": "node/1986566502"
    },
    {
      "type": "Feature",
      "properties": {},
      "geometry": {
        "type": "Point",
        "coordinates": [
          3.0749877,
          50.64537
        ]
      },
      "id": "node/3096870050"
    },
    {
      "type": "Feature",
      "properties": {},
      "geometry": {
        "type": "Point",
        "coordinates": [
          3.0757016,
          50.6460051
        ]
      },
      "id": "node/3096870051"
    },
    {
      "type": "Feature",
      "properties": {},
      "geometry": {
        "type": "Point",
        "coordinates": [
          3.1791087,
          50.6910976
        ]
      },
      "id": "node/4460610091"
    },
    {
      "type": "Feature",
      "properties": {},
      "geometry": {
        "type": "Point",
        "coordinates": [
          3.0609439,
          50.6755909
        ]
      },
      "id": "node/4475203874"
    },
    {
      "type": "Feature",
      "properties": {},
      "geometry": {
        "type": "Point",
        "coordinates": [
          3.0539496,
          50.6886714
        ]
      },
      "id": "node/4475203881"
    },
    {
      "type": "Feature",
      "properties": {},
      "geometry": {
        "type": "Point",
        "coordinates": [
          3.0453902,
          50.6930902
        ]
      },
      "id": "node/4475245053"
    },
    {
      "type": "Feature",
      "properties": {},
      "geometry": {
        "type": "Point",
        "coordinates": [
          3.0713641,
          50.6377737
        ]
      },
      "id": "node/6271587519"
    },
    {
      "type": "Feature",
      "properties": {},
      "geometry": {
        "type": "Point",
        "coordinates": [
          3.1560934,
          50.7125674
        ]
      },
      "id": "node/6532202282"
    },
    {
      "type": "Feature",
      "properties": {},
      "geometry": {
        "type": "Point",
        "coordinates": [
          3.0601632,
          50.6776303
        ]
      },
      "id": "node/8369653681"
    },
    {
      "type": "Feature",
      "properties": {},
      "geometry": {
        "type": "Point",
        "coordinates": [
          3.0718327,
          50.6379789
        ]
      },
      "id": "node/8773867859"
    },
    {
      "type": "Feature",
      "properties": {},
      "geometry": {
        "type": "Point",
        "coordinates": [
          3.1020863,
          50.6646598
        ]
      },
      "id": "node/13094352098"
    },
    {
      "type": "Feature",
      "properties": {},
      "geometry": {
        "type": "Point",
        "coordinates": [
          1.1003191,
          49.4484526
        ]
      }
    },
    {
      "type": "Feature",
      "properties": {},
      "geometry": {
        "type": "Point",
        "coordinates": [
          1.0866304,
          49.4353078
        ]
      }
    },
    {
      "type": "Feature",
      "properties": {},
      "geometry": {
        "type": "Point",
        "coordinates": [
          1.0832036,
          49.4091951
        ]
      }
    },
    {
      "type": "Feature",
      "properties": {},
      "geometry": {
        "type": "Point",
        "coordinates": [
          1.0451379,
          49.4067906
        ]
      }
    },
    {
      "type": "Feature",
      "properties": {},
      "geometry": {
        "type": "Point",
        "coordinates": [
          1.0422772,
          49.4038721
        ]
      }
    },
    {
      "type": "Feature",
      "properties": {},
      "geometry": {
        "type": "Point",
        "coordinates": [
          1.0908144,
          49.4188601
        ]
      }
    },
    {
      "type": "Feature",
      "properties": {},
      "geometry": {
        "type": "Point",
        "coordinates": [
          1.0890772,
          49.423083
        ]
      }
    },
    {
      "type": "Feature",
      "properties": {},
      "geometry": {
        "type": "Point",
        "coordinates": [
          1.081466,
          49.4312338
        ]
      }
    },
    {
      "type": "Feature",
      "properties": {},
      "geometry": {
        "type": "Point",
        "coordinates": [
          1.084389,
          49.4041892
        ]
      }
    },
    {
      "type": "Feature",
      "properties": {},
      "geometry": {
        "type": "Point",
        "coordinates": [
          1.0815743,
          49.4012171
        ]
      }
    },
    {
      "type": "Feature",
      "properties": {},
      "geometry": {
        "type": "Point",
        "coordinates": [
          1.0758883,
          49.4014228
        ]
      }
    },
    {
      "type": "Feature",
      "properties": {},
      "geometry": {
        "type": "Point",
        "coordinates": [
          1.0729689,
          49.3983988
        ]
      }
    },
    {
      "type": "Feature",
      "properties": {},
      "geometry": {
        "type": "Point",
        "coordinates": [
          1.0693817,
          49.395354
        ]
      }
    },
    {
      "type": "Feature",
      "properties": {},
      "geometry": {
        "type": "Point",
        "coordinates": [
          1.0700808,
          49.3919501
        ]
      }
    },
    {
      "type": "Feature",
      "properties": {},
      "geometry": {
        "type": "Point",
        "coordinates": [
          1.0708594,
          49.3867916
        ]
      }
    },
    {
      "type": "Feature",
      "properties": {},
      "geometry": {
        "type": "Point",
        "coordinates": [
          1.0868742,
          49.4260842
        ]
      }
    },
    {
      "type": "Feature",
      "properties": {},
      "geometry": {
        "type": "Point",
        "coordinates": [
          1.0808541,
          49.4284657
        ]
      }
    },
    {
      "type": "Feature",
      "properties": {},
      "geometry": {
        "type": "Point",
        "coordinates": [
          1.0423639,
          49.4005384
        ]
      }
    },
    {
      "type": "Feature",
      "properties": {},
      "geometry": {
        "type": "Point",
        "coordinates": [
          1.0667186,
          49.427606
        ]
      }
    },
    {
      "type": "Feature",
      "properties": {},
      "geometry": {
        "type": "Point",
        "coordinates": [
          1.0752128,
          49.4297203
        ]
      }
    },
    {
      "type": "Feature",
      "properties": {},
      "geometry": {
        "type": "Point",
        "coordinates": [
          1.0554432,
          49.4167171
        ]
      }
    },
    {
      "type": "Feature",
      "properties": {},
      "geometry": {
        "type": "Point",
        "coordinates": [
          1.0893122,
          49.4398896
        ]
      }
    },
    {
      "type": "Feature",
      "properties": {},
      "geometry": {
        "type": "Point",
        "coordinates": [
          1.090957,
          49.4426718
        ]
      }
    },
    {
      "type": "Feature",
      "properties": {},
      "geometry": {
        "type": "Point",
        "coordinates": [
          1.0946076,
          49.4484764
        ]
      }
    },
    {
      "type": "Feature",
      "properties": {},
      "geometry": {
        "type": "Point",
        "coordinates": [
          1.1050832,
          49.4470273
        ]
      }
    },
    {
      "type": "Feature",
      "properties": {},
      "geometry": {
        "type": "Point",
        "coordinates": [
          1.050056,
          49.4095881
        ]
      }
    },
    {
      "type": "Feature",
      "properties": {},
      "geometry": {
        "type": "Point",
        "coordinates": [
          1.0534274,
          49.4119146
        ]
      }
    },
    {
      "type": "Feature",
      "properties": {},
      "geometry": {
        "type": "Point",
        "coordinates": [
          1.0594672,
          49.4205233
        ]
      }
    },
    {
      "type": "Feature",
      "properties": {},
      "geometry": {
        "type": "Point",
        "coordinates": [
          1.0593975,
          49.4241375
        ]
      }
    },
    {
      "type": "Feature",
      "properties": {},
      "geometry": {
        "type": "Point",
        "coordinates": [
          1.0627575,
          49.4266113
        ]
      }
    }
  ]
}