adresse_point,lat,long,date_recherche,date_edition_plu,ville,code_insee,zone,lettre_zone_envoyer,modele_ia,url_pdf,hauteur_maximale.valeur,hauteur_maximale.condition,hauteur_maximale.page,emprise_au_sol.valeur,emprise_au_sol.condition,emprise_au_sol.page,implantation_voies.regle,implantation_voies.page,implantation_limites.regle,implantation_limites.page,espaces_verts.regle,espaces_verts.page,stationnement.valeur_pl,stationnement.valeur_vl,stationnement.regle,stationnement.page,destinations.autorisees,destinations.interdites,contrainte_particulieres
"49.4934501647949, 0.205709651112556",49.4934501647949,0.205709651112556,2026-06-11T15:13:28,2026-02-12,Gonfreville-l'Orcher,200084952,UI,UI,openrouter/owl-alpha,https://www.geoportail-urbanisme.gouv.fr/api/document/download-by-partition/DU_200084952/file/200084952_reglement_20260212.pdf,,Pas de hauteur maximale imposée pour les constructions d'activité. Seuls les logements liés aux activités sont limités à 7 m à l'égout et 10 m au faîtage (R+1+C).,Page 172,Aucune disposition imposée,Zone UI et secteur UIa : aucune limitation d'emprise au sol. Secteur UIvp : emprise au sol limitée à 70 % de la superficie de l'unité foncière.,Page 172,"Recul minimum de 5 m par rapport aux voies et emprises publiques, sauf pour les constructions de moins de 20 m² d'emprise au sol. Aucune prescription par rapport aux berges du Canal de Tancarville. Le règlement graphique (Plan 3) peut imposer des implantations spécifiques.",Page 172,"Zone UI : recul de 10 m pour les unités foncières > 5 000 m², recul de 5 m pour les unités < 5 000 m². Secteurs UIa et UIvp : implantation en limite séparative ou recul minimum de 3 m. Aucune prescription pour les constructions < 20 m². Aucune prescription par rapport aux berges du Grand Canal du Havre. En limite de zone à vocation d'habitat (UA, UB, UC, UD, UE) : recul minimum de 5 m.",Pages 172-173,pas de réglementation,,,,pas de réglementation,,Industrie | Entrepôt | Bureau | Centre de congrès et d'exposition | Cuisine dédiée à la vente en ligne,"Exploitation agricole | Exploitation forestière | Logement (sauf logements liés et nécessaires au fonctionnement des activités économiques) | Hébergement | Artisanat et commerce de détail | Restauration | Commerce de gros | Activités de services avec accueil de clientèle | Cinéma | Hôtels | Autres hébergements touristiques | Locaux et bureaux accueillant du public des administrations publiques | Locaux techniques et industriels des administrations publiques | Établissements d'enseignement, de santé et d'action sociale | Salles d'art et de spectacles | Équipements sportifs | Lieux de culte | Autres équipements recevant du public","Les dispositions du règlement de zone sont indissociables des dispositions générales (Titre 1), des éléments reportés sur le règlement graphique (Titre 2) et des dispositions applicables à l'ensemble du territoire (Titre 3). En cas de contradiction, les dispositions les plus contraignantes s'appliquent. | La zone UI est délimitée sur le périmètre d'intervention de HAROPA PORT. | Le règlement graphique (Plan 3 – Plan des hauteurs, implantations et secteurs de mixité sociale et fonctionnelle) peut imposer des implantations spécifiques par rapport aux voies."
"48.45667497739666, 1.7617602426092211",48.45667497739666,1.7617602426092211,2026-06-11T15:14:04,2025-12-18,Auneau-Bleury-Saint-Symphorien,28015,1AUX,,openrouter/owl-alpha,https://www.geoportail-urbanisme.gouv.fr/api/document/download-by-partition/DU_28015/file/28015_reglement_20251218.pdf,28 m pour 30% max de la surface totale de la construction ; 20 m pour la partie restante,"En zone 1AUX hors secteur 1AUXc, pour les bâtiments d'activités. Dans le secteur 1AUXc : hauteur limitée à 12 m.",Page 91,60% de la superficie du terrain d'assiette,L'emprise des constructions ne doit pas excéder 60% de la superficie du terrain d'assiette intéressé par le projet de construction à la date d'approbation du PLU.,Page 91,Recul minimum de 5 m pour les bâtiments annexes et 10 m pour toute autre construction par rapport aux voies. Le recul doit être accompagné d'un traitement végétal ou engazonné.,Page 90,"Pour les annexes : distance au moins égale à la moitié de la hauteur maximale du bâtiment, sans être inférieure à 4 m. Pour tout autre bâtiment : distance égale à la moitié de la hauteur du bâtiment, sans être inférieure à 6 m de la limite.",Page 90,Le recul par rapport à la voie doit être accompagné d'un traitement végétal ou engazonné. Les clôtures peuvent être doublées d'une haie d'essences locales.,Page 90,,,"Le stationnement doit être assuré en dehors des voies publiques ou privées, par la réalisation d'aires de stationnement sur le terrain propre à l'opération. La superficie à prendre en compte pour le stationnement d'un véhicule est de 25 m², compris les accès. L'annexe n°3 au règlement fixe les normes applicables.",Page 92,"Activités industrielles (sous conditions : capacité des dessertes en voiries et réseaux suffisante, ne pas compromettre l'aménagement cohérent de la zone) | Activités commerciales et artisanales (sous-secteur 1AUXc) | Constructions à usage d'habitation pour logement de personnes dont la présence permanente est nécessaire à la surveillance/gardiennage (intégrées au bâtiment d'activité, surface de plancher ≤ 60 m²) | Constructions et installations nécessaires aux services publics ou d'intérêt collectif","Abris de jardin | Constructions à usage d'habitations (sauf celles mentionnées à l'article 2) | Établissements de soins, de repos et d'enseignement | Carrières, extraction de matériaux et gravières | Terrains aménagés pour campeurs et caravanes | Stationnement isolé de caravanes | Garages et stationnements collectifs de caravanes à ciel ouvert | Habitations légères de loisirs | Stands et champs de tir, pistes de karting, parcs d'attractions, création de plan d'eau | Dépôts de véhicules usagés, déchets, stockage de ferrailles et matériaux de démolition | Tours, pylônes de grande hauteur, mâts, statues, silos (atteinte à l'unité architecturale) | Constructions à usage industriel (interdites seulement en secteur 1AUXc)","Les constructions d'activités industrielles sont autorisées sous conditions : capacité des dessertes en voiries et réseaux divers suffisante et adaptée, et l'opération ne doit pas compromettre l'aménagement cohérent de l'ensemble de la zone. | Les dimensions et caractéristiques techniques des accès et voiries doivent répondre à l'importance et à la destination des constructions, aux besoins de circulation du secteur, aux besoins des engins de lutte contre l'incendie et à l'accessibilité PMR. | Les voies nouvelles en impasse doivent permettre aux véhicules de lutte contre l'incendie et d'enlèvement des ordures ménagères de faire demi-tour. | Les principes d'organisation des voies de desserte doivent privilégier les modes de déplacement doux. | Les eaux résiduaires non domestiques doivent respecter la législation en vigueur (pré-traitement si nécessaire) et ne pas être déversées dans le réseau d'eaux pluviales. | Les eaux pluviales doivent être collectées, retenues et infiltrées ; le débit de pointe après aménagement doit être inférieur ou égal au débit avant aménagement. | En cas de risque de pollution des eaux pluviales, traitement par décantation et séparation des hydrocarbures avant rejet. | Les réseaux (électricité, téléphone) doivent être réalisés par câbles enterrés. | Les clôtures : poteaux en béton et plaques béton interdits (sauf plaques enterrées avec hauteur hors sol ≤ 30 cm). Hauteur max 2 m, grillage sur piquets. Des dispositions autres peuvent être admises pour les ICPE ou en cas de besoin spécifique lié à l'activité. | Les autorisations d'urbanisme peuvent être refusées ou assorties de prescriptions spéciales d'isolation acoustique (loi bruit du 31/12/1992 et arrêté préfectoral du 23/05/2000). | Les constructions ou ouvrages de nature à porter atteinte à l'unité architecturale harmonieuse sont interdits (sauf équipements publics et services d'intérêt général). | Les extensions d'existant ne respectant pas les règles d'implantation sont admises. | Les constructions techniques liées aux services publics sont exemptées des règles d'implantation et de hauteur."
"48.2972984313965, 1.27732419967651",48.2972984313965,1.27732419967651,2026-06-11T15:14:14,2020-12-14,Illiers-Combray,200058360,1AUx,,openrouter/owl-alpha,https://www.geoportail-urbanisme.gouv.fr/api/document/download-by-partition/DU_200058360/file/200058360_reglement_20201214.pdf,25 mètres (zone de grande capacité Illiers-Combray) / 10 mètres (reste de la zone 1AUx communes rurales Blandainville),"Pour la zone de grande capacité à Illiers-Combray : hauteur maximale 25 mètres mesurée à partir du sol naturel ou remblayé. Au-dessus, seuls ouvrages indispensables de très faible emprise (cheminées, réservoirs). Pour la zone 1AUx communes rurales (Blandainville) : 10 mètres au faîtage. Pour la zone 1AUx pôles d'équilibre : article non règlementé (pas de règle spécifique).","73, 138, 199",60 % (règle générale) / 75 % (zone de grande capacité Illiers-Combray et Blandainville),L'emprise au sol ne peut excéder 60 % de la superficie de l'unité foncière. Pour la zone de grande capacité : 75 %.,"72, 73, 198","Pôles d'équilibre : constructions à destination de commerces, activités de services, secteurs secondaire et tertiaire : recul >= 10 m de l'alignement. Communes rurales (Blandainville) : recul >= 15 m des routes départementales, >= 10 m pour constructions d'activités de services, >= 5 m pour bureaux. Zone de grande capacité : bande de 10 m de part et d'autre du Ru.","72, 137, 198","Pôles d'équilibre : constructions de commerces/activités : contiguïté ou retrait >= moitié de la hauteur (>= 3 m minimum). Zone de grande capacité : implantation selon prescriptions ICPE. Communes rurales : retrait >= 5 m pour commerces/activités (hors bureaux), bureaux peuvent être en limite ou retrait >= 3 m.","72, 137, 198","25 % minimum de la superficie de l'unité foncière en espace libre pour constructions non commerciales (hors circulation/stationnement), avec plantations. Limites séparatives de fond de parcelles occupées par des constructions d'activités de service ou commerce : haies obligatoires.","74, 75, 139, 140",,,"Zone de grande capacité : 1 place/1000 m² de surface de plancher (personnel/visiteur), pas de maximum. Industries : 1 place/200 m² ou 1 place/emploi (min 5). Entrepôts : 1 place/500 m² (min 5). Commerce/activités de service : 2 places/50 m² (min 5). Communes rurales : 1 place/30 m² pour artisanat/commerce/industrie/entrepôt/bureau.","76, 77, 142, 202","Activités économiques à caractère artisanal ou commercial | Activités logistiques, industrielles, de stockage-entreposage, services et bureaux (zone de grande capacité) | ICPE autorisées sous condition d'absence d'incommodité/insalubrité pour le voisinage | Constructions à usage d'habitation nécessaires au gardiennage/surveillance (incluses dans le volume économique)","Constructions à usage d'habitation (sauf gardiennage en zone pôles d'équilibre) | Annexes et extensions de constructions à usage d'habitation | Stationnement de caravanes, camping | Dépôts de véhicules hors d'usage | Constructions à usage agricole ou forestier (communes rurales) | Etablissements de soins et de repos, parcs d'attraction (communes rurales)","ICPE : autorisées sous condition qu'elles n'entraînent aucune incommodité pour le voisinage et aucune insalubrité/sinistre en cas d'accident (art. 1AUx2 pôles d'équilibre et communes rurales) | Zone de bruit (1AUxbr) : constructions nouvelles à usage d'habitation doivent présenter une isolation phonique conforme à l'arrêté interministériel du 30 mai 1996 | Zone de grande capacité : bande de 10 m de part et d'autre du Ru existant ou relocalisé à respecter | Occultation des vues directes depuis l'espace public sur aires de stockage, dépôt, manœuvre, stationnement (par disposition des bâtiments, haies, plantations) | Prescriptions ICPE pour l'implantation des projets sur la zone de grande capacité | Directive paysagère : respect des hauteurs, palette chromatique et palette végétale dans les cônes de vues majeures"
"49.532292820829205, 2.74072444392709",49.532292820829205,2.74072444392709,2026-06-11T15:14:34,2020-06-30,Ressons-sur-Matz,60533,1AUi,,openrouter/owl-alpha,https://www.geoportail-urbanisme.gouv.fr/api/document/download-by-partition/DU_60533/file/60533_reglement_20200630.pdf,"37 m à l'égout du toit pour les entrepôts, 15 m à l'égout du toit pour les autres constructions",,Page 61 (59/99),70 % de la surface totale du terrain,,Page 61 (59/99),"Les postes de gardiennage seront implantés soit à l'alignement, soit avec un retrait d'au moins 3 m. Les autres constructions doivent être implantées avec une marge minimale de 5 m par rapport à l'alignement.",Page 60 (58/99),Les constructions doivent être implantées avec un recul d'au moins 5 m par rapport aux limites séparatives.,Page 60 (58/99),Les espaces restés libres après implantation des constructions doivent faire l'objet d'un traitement paysager (minéral ou végétal). Des plantations d'intégration devront être réalisées sur les espaces mentionnés au règlement graphique (plans n°5b et 5c). Les dépôts doivent être dissimulés par des haies denses ou des arbres à croissance rapide. Les aires de stationnement doivent être paysagées. L'utilisation d'essences végétales locales est obligatoire. Le thuya et espèces assimilés sont interdits.,Page 63 (61/99),1 place par tranche de 300 m² de surface de plancher (stockage/entrepôts),Espaces à réserver pour le stationnement des camions et divers véhicules utilitaires nécessaires à l'approvisionnement des établissements (en plus des places standard),1 place de stationnement par tranche de 300 m² de surface de plancher pour les constructions à usage de stockage et d'entrepôts. 1 place par tranche de 100 m² de surface de vente pour les autres constructions à usage d'activités autorisées. 1 place par tranche de 60 m² de surface de plancher pour les constructions à usage artisanal ou de bureaux. 1 place par tranche de 25 m² de surface de vente pour les constructions à usage de commerce. 1 place par tranche de 60 m² de surface de plancher avec au minimum 2 places par logement pour les constructions à usage d'habitation.,Page 62 (60/99),"Logements destinés aux personnes dont la présence est nécessaire pour assurer la surveillance, l'entretien ou le fonctionnement des établissements admis dans la zone | Installations classées ou non au titre de la protection de l'Environnement | Aménagements (extension de voirie, constructions d'ouvrages annexes) de l'ouvrage public autoroutier dans une bande de 50 m de part et d'autre de l'emprise autoroutière | Reconstruction en cas de sinistre à l'identique | Équipements d'intérêt général ou services destinés au public","Constructions ou installations à usage agricole | Constructions à usage d'habitation (sauf logements de surveillance/entretien) | Constructions ou installations dont la présence est incompatible avec la vie de quartier en raison des nuisances (bruit, odeurs, poussières, circulation) | Affectation des propriétés à usage de dépôts incompatible avec le caractère de la zone | Terrains de camping et de caravanage | Garages collectifs de caravanes à ciel ouvert | Habitations légères de loisirs | Parcs d'attractions | Éoliennes domestiques | Caravanes et mobil-homes à usage d'habitation permanent ou temporaire | Aucune construction ne pourra être implantée à moins de 100 m de l'axe de l'Autoroute A1","Aucune construction ne pourra être implantée à moins de 100 m de l'axe de l'Autoroute A1 (Page 58 (56/99)) | Les voies de desserte de la zone 1 AUi devront présenter une largeur d'emprise minimale de 10 m. Ces voies seront aménagées afin de répondre aux exigences de sécurité relatives aux déplacements doux (piétons, cycles) ainsi qu'à l'accessibilité des personnes à mobilité réduite. (Page 59 (57/99)) | Les accès doivent présenter des caractéristiques permettant de satisfaire aux exigences de la sécurité, de la défense contre l'incendie et de la protection civile et être adaptés à l'opération future. (Page 59 (57/99)) | Les impasses à créer doivent être aménagées pour permettre aux véhicules de faire demi-tour. (Page 59 (57/99)) | Les eaux pluviales doivent être traitées et infiltrées sur le terrain d'assiette de l'opération. (Page 60 (58/99)) | Les façades des constructions visibles depuis la RD 82 devront présenter un réel intérêt architectural. (Page 61 (59/99)) | Les clôtures seront composées d'un grillage, doublé ou non d'une haie vive. Les haies vives seront composées d'essences locales. Le Thuya et autres espèces assimilés sont interdits. (Page 62 (60/99)) | La zone 1 AUi est soumise à des « orientations d'aménagement » (document n°4). L'aménagement de la zone devra respecter les principes définis dans les « orientations d'aménagement ». (Page 57 (55/99) et Page 62 (60/99)) | Les bâtiments à usage d'habitation, d'enseignement, de santé, de soins, d'action sociale et les bâtiments d'hébergement à caractère touristique à construire dans les secteurs affectés par le bruit doivent présenter un isolement acoustique minimum contre les bruits extérieurs conformément à l'arrêté préfectoral du 28 décembre 1999. (Page 59 (57/99)) | En zone AU, les constructeurs sont tenus de participer à la réalisation des équipements rendus nécessaires par les opérations autorisées. (Page 57 (55/99))"
"49.3862266834808, 2.56745338958944",49.3862266834808,2.56745338958944,2026-06-11T15:14:39,2023-07-04,Avrigny,60036,1AUe,,openrouter/owl-alpha,https://www.geoportail-urbanisme.gouv.fr/api/document/download-by-partition/DU_60036/file/60036_reglement_20230704.pdf,16 mètres au faîtage,"Constructions neuves à usage d'activités artisanales ou industrielles, mesurées à partir du sol après travaux de terrassement ou d'exhaussement nécessaires à la réalisation du projet, jusqu'au sommet du bâtiment. Un dépassement ponctuel peut être autorisé pour des raisons techniques, fonctionnelles ou architecturales. Sauf prescriptions contraires indiquées dans les OAP.",Page 39,Non réglementée,,Page 38,"Les constructions ou installations à usage d'activités et les dépôts doivent être implantés avec un retrait d'au moins 10 mètres par rapport à l'emprise de la voie publique qui les dessert. Cette distance est portée à 15 m de l'axe de la RN31 existante à la date d'approbation du PLU. Le long de la RN31, la ligne principale de faîtage des nouvelles constructions ou installations à usage d'activités (hors extension de l'existant) devra être parallèle à l'emprise publique de façon à constituer un effet vitrine à partir de cet axe.",Page 37,"Les constructions ou les installations et les dépôts seront implantées avec un retrait au moins égal à 6 mètres des limites séparatives. Cette marge minimale peut être réduite à 3 mètres pour les constructions autorisées inférieures à 200 m² d'emprise au sol. Lorsqu'un bâtiment ou une installation issu d'une nouvelle activité induit un périmètre de protection, celui-ci sera compris dans la superficie du terrain sur lequel est réalisée la construction ou l'installation.",Page 38,"Les espaces restés libres après implantation des constructions doivent faire l'objet d'un traitement paysager (minéral ou végétal). Il sera notamment planté au moins un arbre par tranche de 500 m² libre de construction. Les dépôts doivent être dissimulés par des haies vives d'essences de pays. Lorsqu'une opération d'ensemble d'activités s'accompagne d'une aire de stationnement, celle-ci sera paysagée avec au moins un arbre pour 6 places de stationnement. Pour les nouvelles plantations, des essences de pays seront utilisées. Les essences envahissantes et allergisantes sont interdites ou à éviter.",Pages 42-43,,,"Pour les activités industrielles et d'entrepôt logistique : au moins 1 place par tranche de 300 m² de surface de plancher. En cas d'activités logistique et de bureaux sur une même unité foncière, la mutualisation des places demandées pour ces deux types d'activités est possible.",Page 42,"Activités industrielles | Activités de logistique | Activités artisanales | Activités commerciales | Activités de services | Constructions destinées au logement des personnes si cette présence est nécessaire pour assurer la surveillance, l'entretien ou la direction des établissements autorisés (reliées par un élément d'architecture ou incluses dans le volume du bâtiment d'activité) | Équipements d'infrastructure de voirie et de réseaux divers (transformateur, pylône, réservoir d'eau potable, poste de détente de gaz, bassin de retenue, station d'épuration, etc.)",Constructions à usage d'habitation autres que celles admises sous condition (logement de gardiennage lié à l'activité) | Commerces de détail et restauration | Constructions et installations à usage agricole | Ouverture et exploitation de carrières | Dépôts de matériaux même temporaires autres que ceux nécessaires aux activités autorisées | Parcs d'attraction | Habitations légères de loisirs | Groupes de garages individuels non liés à une opération d'habitation | Caravanes isolées | Terrains de camping et stationnement de caravanes,"Urbanisation réalisée sous forme d'opération(s) d'aménagement avec schéma d'ensemble, respectant les dispositions des Orientations d'Aménagement et de Programmation (OAP – Pièce n°3 du PLU) et conforme avec l'étude de dérogation à l'article L111-6 du code de l'urbanisme (amendement Dupont). (Page 34) | Toute installation d'activité comprendra un dispositif particulier de rétention des déversements accidentels et toute disposition utile sera prise pour que ces derniers ne soient pas à l'origine d'une pollution des eaux. (Page 37) | Les eaux pluviales ou souterraines seront collectées et traitées sur le terrain ou sur l'emprise de la zone aménagée. Les voiries nouvelles seront dotées de dispositifs de traitement (déshuileur, décanteur, bassin sans infiltration dans le sol, etc.), à la charge de l'aménageur, avant rejet. (Page 37) | Les accès doivent présenter des caractéristiques permettant de satisfaire aux exigences de la sécurité, de l'enlèvement des déchets ménagers, de la défense contre l'incendie et de la protection civile, et être adaptés à l'opération future. (Page 36) | La destination et l'importance des constructions ou installations doivent être compatibles avec la capacité de la voirie qui les dessert. (Page 36) | Les impasses dont la longueur est supérieure à 40 mètres doivent être aménagées pour permettre aux véhicules de service de faire demi-tour. La largeur minimale de la voie sera alors d'au moins 4 mètres. (Page 36) | Les façades visibles depuis la RN31 devront être particulièrement soignées. Le long de la RN31, la haie vive composant la clôture pourra prévoir des percées visuelles sur les façades architecturées de la zone. (Page 39) | Les façades seront réalisées en bardages peints d'au plus deux teintes dans la gamme de gris, en bois de teinte foncée s'il est naturel, en briques rouges vieillies et en pierres naturelles de pays, ou en murs rideaux d'éléments verriers. Les matériaux destinés à être recouverts doivent l'être d'enduits lisses, grattés ou talochés de teinte ton pierre naturelle de pays. Le blanc pur ainsi que les couleurs vives sont interdites. Les façades végétalisées sont également autorisées. (Page 39) | Les clôtures doivent présenter une simplicité d'aspect et seront à dominante végétale. La hauteur maximale des clôtures est limitée à 2,00 mètres. Les clôtures seront composées d'un grillage de teinte sombre, reposant ou non sur un muret de soubassement, et nécessairement doublé d'une haie végétale constituée d'essences courantes et variées de pays. La haie vive sera implantée sur la bordure extérieure de la clôture, côté voie. (Page 40) | Les citernes de gaz liquéfié ou de mazout, ainsi que les installations similaires, seront non visibles ou masquées par un écran minéral ou végétal persistant composé d'essences de pays. (Page 40) | Les constructions à usage d'activités devront prévoir les réservations nécessaires à leur desserte numérique. (Page 43)"
"47.5539817810059, 0.590269327163696",47.5539817810059,0.590269327163696,2026-06-11T15:16:57,2026-01-14,Neuillé-Pont-Pierre,37167,1AUZEx,,openrouter/owl-alpha,https://www.geoportail-urbanisme.gouv.fr/api/document/download-by-partition/DU_37167/file/37167_reglement_20260114.pdf,12 mètres,,Page 99,70 % de la surface du terrain,Sauf pour les équipements publics liés au fonctionnement du service public (pas de limite fixée),Page 99,"Implantation à au moins 4 mètres de l'alignement des voies internes de la zone ou de toute emprise publique, et une distance égale à la moitié de la hauteur du bâtiment considéré si sa hauteur excède 8 mètres. Règle spécifique au secteur 1AUZEx (dérogation à la règle générale de la zone 1AUZE).",Page 98,"Les constructions peuvent être implantées en limite séparative. En cas de recul, celui-ci ne peut être inférieur à 4 mètres et à la moitié de la hauteur du bâtiment implanté au plus proche de ladite limite. Si un bâtiment existe déjà en limite séparative mitoyenne, le nouveau bâtiment peut s'implanter sur cette limite en assurant la continuité d'alignement et de hauteur, avec respect du degré coupe-feu nécessaire.",Page 98-99,"Les plantations existantes doivent être maintenues ou remplacées. Diversification des essences locales, limitation des espèces allergisantes. Les espaces libres doivent être entretenus. Les dépôts/stockages non destinés à la vente ne doivent pas être visibles depuis l'espace public. Zones de plantations à réaliser (boisé, lisière) figurées au plan à traiter en pelouses, arbres haute tige, haies ou massifs boisés d'essences locales.",Page 102-103,,,"Le stationnement doit être assuré en dehors des voies publiques sur le terrain propre. Pour les bureaux/services : 1 place par tranche entière de 30 m² de surface de plancher, minimum 1 place par local. Stationnement sécurisé des vélos : minimum 2 emplacements pour 200 m² de surface de plancher pour les bâtiments tertiaires/secondaires constituant un lieu de travail. Les aires de stationnement doivent s'intégrer à l'environnement.",Page 103-104,Constructions à usage d'activités industrielles et de services (PME-PMI) | Annexes des constructions d'activité | Aires de stockage de toute nature à condition d'être masquées depuis l'autoroute A28 et la RD 766,,"Ouverture à l'urbanisation conditionnée à la réalisation des équipements programmés dans le cadre de la procédure de ZAC et au renforcement de la ressource d'alimentation en eau potable. (Page 92) | Accès directs de toute construction à partir des routes départementales ou de l'autoroute A28 interdits. (Page 104) | Tout terrain non desservi par des voies adaptées à la circulation des poids lourds, d'une largeur minimale d'accès de 4 mètres, est inconstructible. (Page 104) | Tous les accès internes et externes doivent permettre à tout véhicule automobile d'entrer et de sortir sans manœuvres dangereuses sur les voies publiques ou privées. (Page 104) | Rejet des eaux résiduaires industrielles soumis à autorisation du gestionnaire du réseau, avec convention et prétraitement éventuel. (Page 105) | Disconnexion totale de l'eau du process industriel et du réseau d'eau potable obligatoire. (Page 105) | Les aires de stockage doivent être masquées depuis l'autoroute A28 et la RD 766. (Page 97)"
"48.2058715820313, 1.84266090393066",48.2058715820313,1.84266090393066,2026-06-11T15:17:35,2026-02-02,Janville-en-Beauce,200070159,1AUx,,openrouter/owl-alpha,https://www.geoportail-urbanisme.gouv.fr/api/document/download-by-partition/DU_200070159/file/200070159_reglement_20260202.pdf,"16 mètres au faîtage (Janville-en-Beauce, Poupry, Toury) ; 15 mètres au faîtage (Garancières-en-Beauce) ; fonction de l'usage et des hauteurs environnantes (Les Villages Vovéens) ; fonction des hauteurs environnantes sauf silos (Terminiers)","Dépassement de 10% de l'emprise au sol possible sous réserve de l'article 3. Ouvrages techniques de faible emprise (cheminées, capteurs solaires, superstructures) peuvent dépasser la hauteur sous réserve d'harmonie avec la construction et le paysage.",93-94,"70% maximum de la superficie du terrain (Poupry, Toury) ; déterminée en fonction de la masse du bâti (Les Villages Vovéens) ; induite par les règles de stationnement et la gestion des eaux pluviales (Terminiers)",Rappel : Arrêté inter préfectoral loi sur l'eau pour Poupry et Toury,92-93,Les Villages Vovéens : implantation à l'alignement ou en recul. Poupry : recul minimum 30 m de l'axe de la Rd 954 ; recul minimum 5 m de l'alignement et 10 m de l'axe des autres voies ; constructions de faible importance à l'alignement ou recul ≥ 2 m. Toury : recul ≥ 5 m des voies ; recul minimum 20 m de l'axe de la voie dans le secteur de commerces/artisanat/services.,91-92,"Les Villages Vovéens : implantation en limites séparatives ou en retrait. Poupry : sur une limite séparative au plus (sous réserve de ne pas imposer de recul de sécurité aux parcelles voisines) OU en retrait ≥ moitié de la différence de niveau entre les 2 points, jamais inférieur à 5 m. Toury : en limites séparatives ou en retrait ≥ 3 m ; en limite de zones urbaines ou à urbaniser autres qu'activités économiques, recul ≥ 15 m.",92,"Janville-en-Beauce : coefficient de pleine terre minimal 15% (ouvrages hydrauliques végétalisés et aires de stationnement perméables inclus). Poupry, Toury : surfaces semées ou plantées ≥ 30% de la parcelle, enherbées et plantées d'arbres de grand développement pour 150 m² de surface semée. Plantations périphériques sur aires de stockage et stationnement poids lourds. Haies et bosquets : minimum 3 essences en mélange parmi plantes rurales locales.",95-97,,,"Garancières-en-Beauce, Janville-en-Beauce, Toury : stationnement en dehors de la voie publique ; possibilité de réaliser sur un autre terrain distant de 300 m max. Aire d'attente poids lourds obligatoire sur domaine privé. Artisanat/bureau : surface ≥ 60% de l'emprise au sol. Industrie : 1 place / 50 m² d'emprise au sol + surface pour véhicules utilitaires. Entrepôts : 1 place / emploi ou / tranche de 200 m² de surface de plancher. Autres : selon capacité d'accueil. Au moins 25% des aires de 8 places et plus en matériau perméable. Poupry : stationnement en dehors des voies, soustrait à la vue du public par plantation. Industrie : 1 place / emploi ou / tranche de 100 m² de surface de plancher. Entrepôts : 1 place / emploi ou / tranche de 200 m² de surface de plancher. Hôtel : 1 place / chambre. Restauration : 1 place / 7 m² de salle. Bureau : 1 place / emploi et / tranche de 25 m² de SHON. Aire réservée poids lourds non barriérée obligatoire.",96-98,"Artisanat et commerce de détail (tous groupes, sous conditions pour Poupry : liés aux besoins des activités de la zone, compatibles avec voisinage, santé, sécurité, paysage) | Restauration (tous groupes, sous conditions pour Poupry : liées aux activités de la zone) | Commerce de gros (tous groupes, sous conditions pour Poupry : compatibles avec voisinage, santé, sécurité, paysage) | Activités de services où s'effectue l'accueil d'une clientèle (tous groupes) | Hébergement hôtelier (groupes 2, 3, 4 : Poupry, Ouarville, Les Villages Vovéens, Garancières-en-Beauce, Janville-en-Beauce, Orgères-en-Beauce, Toury) | Cinéma (groupes 2, 3 : Garancières-en-Beauce, Janville-en-Beauce, Orgères-en-Beauce, Toury, Les Villages Vovéens, Ouarville) | Locaux et bureaux accueillant du public des administrations publiques (tous groupes) | Locaux techniques et industriels des administrations publiques (tous groupes) | Établissements d'enseignement, de santé et d'action sociale (tous groupes, sous conditions pour Poupry : liées aux activités) | Salle d'art et de spectacles (groupes 1, 2, 3) | Équipements sportifs (groupes 1, 3, 4 ; sous conditions pour Poupry : liées aux activités de la zone) | Autres équipements recevant du public (groupes 2, 3) | Industrie (tous groupes, sous conditions pour Poupry : compatibles avec voisinage, santé, sécurité, paysage) | Entrepôts (tous groupes, sous conditions pour Poupry : compatibles avec voisinage, santé, sécurité, paysage) | Bureau (tous groupes, sous conditions pour Poupry : compatibles avec voisinage, santé, sécurité, paysage) | Centre de congrès et d'exposition (groupes 2, 3)",Exploitation agricole | Exploitation forestière | Logement | Hébergement,91 | 92 | 98 | 98 | 98-99 | 99 | 98 | 99 | 98 | 93-94 | 94
"48.1853218078613, 1.94399976730347",48.1853218078613,1.94399976730347,2026-06-11T15:17:45,2026-02-02,Toury,200070159,1AUx,,openrouter/owl-alpha,https://www.geoportail-urbanisme.gouv.fr/api/document/download-by-partition/DU_200070159/file/200070159_reglement_20260202.pdf,"16 mètres au faîtage (Janville-en-Beauce, Poupry, Toury) ; 15 mètres au faîtage (Garancières-en-Beauce) ; fonction de l'usage et des hauteurs environnantes (Les Villages Vovéens) ; fonction des hauteurs environnantes sauf silos (Terminiers)","Dépassement de 10% de l'emprise au sol possible sous réserve de respecter les règles de l'article 3. Ouvrages techniques de faible emprise (cheminées, capteurs énergie renouvelable) peuvent dépasser la hauteur sous réserve d'harmonie avec la construction et le paysage.",93-94,"70% max de la superficie des terrains (Poupry, Toury) ; déterminée en fonction de la masse du bâti (Les Villages Vovéens) ; induite par les règles de stationnement et gestion des eaux pluviales (Terminiers)",Rappel : Arrêté inter préfectoral loi sur l'eau pour Poupry et Toury,92-93,"Les Villages Vovéens : implantation à l'alignement ou en recul. Poupry : recul min 30m de l'axe de la Rd 954, recul min 5m de l'alignement et 10m de l'axe des autres voies. Toury : recul min 5m des voies ; 20m de l'axe de la voie pour le secteur commerces/artisanat/services.",91-92,"Les Villages Vovéens : implantation en limites séparatives ou en retrait. Poupry : sur une limite séparative au plus, ou en retrait ≥ moitié de la différence de niveau (min 5m). Toury : en limites séparatives ou en retrait ≥ 3m ; en limite de zones non-activités économiques, recul ≥ 15m.",92,"Janville-en-Beauce : coefficient de pleine terre min 15% (ouvrages hydrauliques végétalisés et aires perméables inclus). Poupry, Toury : surfaces semées/plantées ≥ 30% de la parcelle, enherbées + 1 arbre grand développement/150m² semé. Accompagnement planté souhaité (Les Villages Vovéens, Terminiers, Toury).",95-97,"Poupry : aire PL capacité suffisante, non barriérée. Janville/Toury : aire d'attente PL sur domaine privé.",Poupry : 2 arbres/8 places VL. Janville/Toury : 1 place = 25m² y compris accès.,"Garancières-en-Beauce, Janville-en-Beauce, Toury : stationnement défini par fonction. Artisanat/bureau : surface ≥ 60% de l'emprise au sol. Industrie : 1 place/50m² emprise au sol + surface véhicules utilitaires. Entrepôts : 1 place/emploi ou par tranche de 200m² SP. Poupry : Industrie 1 place/100m² SP ou par emploi ; Entrepôts 1 place/200m² SP ou par emploi ; Hôtel 1 place/chambre ; Restauration 1 place/7m² salle ; Bureaux 1 place/emploi et par tranche de 25m² SHON. Aire PL obligatoire non barriérée. Stationnement soustrait à la vue du public par plantation.",96-98,"Artisanat et commerce de détail (V tous groupes, V* Poupry sous conditions compatibilité) | Restauration (V tous groupes, V* Poupry si liées aux activités de la zone) | Commerce de gros (V tous groupes, V* Poupry sous conditions compatibilité) | Activités de services accueil clientèle (V) | Hébergement hôtelier (V groupes 2,3,4 ; X groupes 1,4 cinéma) | Cinéma (V groupes 2,3 ; X groupes 1,4) | Locaux/bureaux administrations publiques (V groupes 1,2,3,4 sauf groupe 3 X pour enseignement/santé) | Locaux techniques et industriels administrations (V) | Établissements enseignement/santé/action sociale (V groupes 1,2,4 ; X groupe 3 ; V* Poupry si liées activités) | Salles d'art et spectacles (V) | Équipements sportifs (V groupes 1,3,4 ; X groupe 2 ; V* Poupry si liées activités) | Autres équipements recevant du public (V groupes 2,3 ; X groupes 1,4) | Industrie (V groupes 1,2,3 ; V* Poupry sous conditions compatibilité) | Entrepôts (V groupes 1,2,3 ; V* Poupry sous conditions compatibilité) | Bureaux (V tous groupes, V* Poupry sous conditions compatibilité) | Centre de congrès et d'exposition (V groupes 2,3 ; X groupes 1,4)",Exploitation agricole et forestière (X) | Habitation - Logement (X) | Habitation - Hébergement (X),"64, 91 | 73-74, 98 | 66, 92 | 71, 97 | 74, 99 | 74, 99 | 98 | 74, 99 | 74, 100 | 98 | 68, 94 | 68"
"48.1975212097168, 3.3270058631897",48.1975212097168,3.3270058631897,2026-06-11T15:40:27,2025-12-18,Sens,248900334,Ua,UA,openrouter/owl-alpha,https://www.geoportail-urbanisme.gouv.fr/api/document/download-by-partition/DU_248900334/file/248900334_reglement_20251218.pdf,,,,,,,,,,,,,,,,,,,
"50.337330450442785, 3.0333174458242067",50.337330450442785,3.0333174458242067,2026-06-11T15:41:28,2023-12-15,Brebières,62173,UEa,UEA,openrouter/owl-alpha,https://www.geoportail-urbanisme.gouv.fr/api/document/download-by-partition/DU_62173/file/62173_reglement_20231215.pdf,35 m au faîtage,"Dans le secteur UEa, la hauteur des constructions (autres qu'habitation) ne doit pas excéder 35 m au faîtage. Les constructions à usage principal d'habitation ne doivent pas comporter plus d'un niveau habitable sur rez-de-chaussée, niveau de combles aménageables inclus (R+1).",Page 30-31,pas de réglementation,"Dans le secteur UEa, l'emprise au sol n'est pas règlementée.",Page 30,Recul minimum de 15 m par rapport à la RN 50 et à la RD 307. Recul minimum de 10 m par rapport à la limite d'emprise de la voie ferrée Paris Nord - Lille. Recul minimum de 10 m par rapport à la crête de berge de la Scarpe. Recul minimum de 5 m de la limite d'emprise des autres voies. Tout nouvel accès direct sur la RN 50 et sur la RD 307 est interdit.,"Page 27, 29-30","Pour les constructions à usage d'habitation : marge d'isolement L = H/2, distance minimale 3 m (1 m pour abris de jardin ≤ 12 m²). Les constructions peuvent être édifiées le long des limites séparatives. Pour les autres constructions : marge d'isolement L telle que H ≤ 2L, distance minimale 5 m. Aucune construction ne peut être implantée sur limites séparatives. Les constructions doivent être éloignées des limites des zones à vocation d'habitat (U et AU) d'au moins 10 m, avec une distance horizontale au moins égale à la différence de niveau.",Page 30,"Les marges de recul définies aux articles 6 et 7 doivent être constituées soit d'un tapis végétal (prairie, gazon, couvre-sol), soit d'espaces plantés d'arbres et arbustes sous forme de bosquet. Les aires de stationnement découvertes doivent être plantées à raison d'un arbre de haute tige pour 4 places. Les aires de stockage extérieures, dépôts, citernes et installations techniques doivent être masqués par des écrans de verdure. Les clôtures végétales doivent être composées d'essences régionales.",Page 32,,,"Le stationnement doit être réalisé en dehors des voies publiques. Pour les bâtiments à usage autre que l'habitat, des surfaces suffisantes doivent être réservées pour l'évolution, le chargement, le déchargement et le stationnement de la totalité des véhicules de livraison et de services, ainsi que pour le stationnement des véhicules du personnel et des visiteurs. Les aires de stationnement découvertes doivent être plantées à raison d'un arbre de haute tige pour 4 places de stationnement.",Page 31-32,"Établissements à usage d'activités artisanales ou industrielles (avec ou sans installations classées, sous réserve d'éliminer risques et nuisances) | Constructions à usage de commerce de gros, bureaux et services complémentaires | Constructions à usage d'habitation pour les personnes dont la présence permanente est liée au fonctionnement des équipements publics ou nécessaire à la direction, surveillance, entretien et sécurité des établissements | Équipements d'infrastructure et de superstructure, équipements publics d'intérêt général | Aires de stationnement ouvertes au public liées à l'activité autorisée | Dépôts à l'air libre masqués par des plantations",Tous les modes d'occupation des sols autres que ceux définis à l'article UE 2 (interdiction générale par défaut),"Interdiction de tout nouvel accès direct sur la RN 50 et la RD 307 (page 27) | La réception et la distribution des produits des postes d'hydrocarbures doivent être assurées en dehors de la voie publique (page 27) | Les activités industrielles et artisanales ne sont admises que sous réserve que toutes dispositions soient prises pour éliminer les risques pour la sécurité (incendie, explosion) ou les nuisances (émanations nocives, malodorantes, fumées, bruits, poussières, altération des eaux) (page 28) | Les constructions doivent être éloignées des limites des zones à vocation d'habitat (U et AU) d'au moins 10 m, avec une distance horizontale au moins égale à la différence de niveau (page 30) | Zone soumise à d'éventuels risques liés à la présence de carrières et cavités souterraines – sondages de reconnaissance recommandés (page 26) | Normes d'isolation acoustique obligatoires dans les bandes de bruit autour de la RN 50 et de la voie ferrée Paris Nord-Lille (page 26) | Les dépôts à l'air libre doivent être masqués par des plantations (page 28) | Les aires de stockage extérieures, dépôts, citernes de gaz liquéfié ou à mazout et installations techniques doivent être masqués par des écrans de verdure (page 32)"
"47.2975883483887, 0.985745429992676",47.2975883483887,0.985745429992676,2026-06-11T15:41:37,2026-02-05,Bléré,243700820,1AUE,,openrouter/owl-alpha,https://www.geoportail-urbanisme.gouv.fr/api/document/download-by-partition/DU_243700820/file/243700820_reglement_20260205.pdf,16 mètres à l'acrotère ou au faîtage,"Mesurée à partir du sol naturel avant travaux. Dépassement admis pour ouvrages techniques de faible énergie, production d'énergie renouvelable, accessibilité PMR. Non applicable aux travaux d'entretien/amélioration/mise aux normes de constructions existantes non conformes. Pour terrains en pente, mesure à partir de la ligne médiane de la construction.",p.92-93,Non réglementée,,p.92,"Le long de la RD976 : retrait minimum de 75 m de part et d'autre de l'axe de la voie. Le long de la RD31 : retrait minimum de 25 m de part et d'autre de l'axe de la voie. Ces retraits ne s'appliquent pas aux constructions liées aux infrastructures routières, services publics ou réseaux d'intérêt public. Dans les autres cas : retrait minimum de 5 m depuis l'alignement. Annexes <10m² et piscines : implantation libre. Voies biaises/courbes : alignement considéré dès qu'un angle de la construction est sur l'alignement. Terrain à l'angle de deux voies ou plus : implantation par rapport à la voie d'accès.",p.93-94,Vis-à-vis des limites contiguës avec une limite de zones UE ou 1AUE : retrait minimum de 3 m. Possibilité d'être autorisé en limite séparative sous condition de mesures anti-propagation d'incendie (murs coupe-feu). Dans les autres cas : retrait minimum de 5 m. Annexes <10m² : implantation libre. Piscines : retrait minimum de 2 m depuis la limite extérieure du bassin. Equipements d'intérêt collectif et services publics : implantation non réglementée.,p.94,"Au moins 10% de la superficie du terrain traités en espaces perméables. Plantation d'un arbre de haute tige pour quatre places de stationnement exigée. Surfaces de stationnement de préférence en matériaux perméables (stabilisé, grave calcaire, gravillons calcaires, mélange terre-pierre engazonné). Marge de recul vis-à-vis des voies à planter d'arbres de haute tige ou haies bocagères, sauf espaces de circulation/stationnement. Espaces libres aménagés en composition paysagère soignée, espaces verts d'un seul tenant en contiguité avec terrains voisins. Non applicable aux équipements d'intérêt collectif et services publics.",p.96,,,"Stationnement à assurer en dehors des voies et emprises publiques. En cas d'impossibilité, possibilité de concession dans un parc public ou privé proche. Calcul par tranche entamée de surface de plancher.",p.96-97,"Activités économiques (vocation principale de la zone) | ICPE soumises à autorisation, déclaration ou enregistrement (sous conditions de compatibilité avec habitations, limitation des nuisances/risques, compatibilité des infrastructures) | Affouillements et exhaussements de sol (liés à occupations autorisées, aménagements paysagers, hydrauliques, infrastructures routières/transports/espaces publics, mise en valeur du paysage/site/vestige archéologique, énergies renouvelables) | Dépôts de matériaux (associés à une construction autorisée sur la même unité foncière et masqués depuis voies publiques) | Dépôts de véhicules désaffectés (masqués depuis voies publiques) | Décharges (masquées depuis voies publiques) | Constructions destinées à l'habitation (exclusivement pour logement de personnes dont la présence permanente est nécessaire à la surveillance ou sécurité des constructions autorisées dans la zone) | Equipements d'intérêt collectif et services publics (hauteur et implantation non réglementées)",Constructions destinées à l'exploitation agricole et forestière | Aménagement de terrains pour le camping | Stationnement isolé de caravanes/camping-cars/mobil-homes (sauf sur l'unité foncière de la résidence de l'utilisateur ou lié à une activité autorisée) | Carrières,"Obligation d'opération d'aménagement d'ensemble pour les constructions (sauf dans le secteur 1AUEa) | ICPE : compatibilité requise avec la proximité d'habitations, mesures pour éviter l'aggravation des nuisances/risques, compatibilité des besoins de fonctionnement avec les infrastructures existantes (à l'ouverture et à terme) | Dépôts de matériaux, véhicules désaffectés et décharges : obligation d'être masqués à la vue depuis les voies et emprises publiques | Desserte par voie publique ou privée répondant à l'importance et la destination de la construction (commodité, sécurité, lutte contre l'incendie). Accès minimal de 3 m (3,50 m en cas de voie à créer). Voies à créer : largeur minimale 3,50 m (6 m si longueur > 50 m). Voies en impasse à usage public : aménagement de demi-tour si justifié. | Prétraitement des eaux résiduaires industrielles/commerciales avant rejet dans le réseau collectif d'assainissement | Gestion des eaux pluviales : techniques alternatives prioritaires (stockage/évacuation ou stockage/infiltration). En cas d'eaux pluviales polluées, obligation de collecte, stockage éventuel et traitement avant rejet au réseau. | Collecte des déchets urbains : aménagements nécessaires à prévoir | Raccordement obligatoire au réseau d'eau potable et au réseau d'assainissement collectif (si existant) | Fourreaux pour fibre optique obligatoires pour toute nouvelle construction principale | Périmètres de protection des abords de monuments historiques : avis de l'ABF requis, règles particulières possibles en sus du PLUi | Niveau fini du rez-de-chaussée au plus près du terrain naturel pour intégration environnementale"
"47.6710739135742, -1.6661581993103",47.6710739135742,-1.6661581993103,2026-06-11T15:41:41,2025-03-28,Derval,44051,AUh2,AUH,openrouter/owl-alpha,https://www.geoportail-urbanisme.gouv.fr/api/document/download-by-partition/DU_44051/file/44051_reglement_20250328.pdf,"10 m au sommet de façade, 13 m au point le plus haut","Cas général. En limite séparative et dans une bande de 3,5 m, la somme des façades de constructions ≥ 3,5 m au sommet de façade et 5 m au point le plus haut ne peut excéder 12 m le long d'une même limite. Annexes : 3 m au sommet de façade, 4 m au point le plus haut.",p.93,NR,Non réglementé (NR). Les constructions existantes relevant de sous-destinations interdites peuvent faire l'objet d'extensions à hauteur de +10 % d'emprise au sol supplémentaire par rapport à l'existant à la date d'approbation du PLU.,"p.90, p.91","Façade ≤ 7 m de hauteur : implantation sur tout ou partie de l'alignement, ou en retrait de 3 m maximum. En cas de retrait partiel, la façade en décroché est à 7 m maximum de l'alignement. Façade > 7 m de hauteur : implantation sur tout ou partie de l'alignement, ou en retrait d'au moins 1 m. La distance (L) à la limite de voie opposée doit être ≥ hauteur (H) en tout point de la construction.","p.93, p.95","Privilégier l'implantation en ordre continu. Les constructions s'implantent sur au moins une des limites séparatives aboutissant à l'espace de desserte, et en retrait d'au moins une autre limite séparative avec R ≥ H (hauteur de la construction). Distance de retrait vis-à-vis des autres limites ≥ 1 m (façade ≤ 7 m) ou ≥ 3,5 m (façade > 7 m). Si la façade tournée vers la limite séparative présente des ouvertures vers un linéaire non bâti ou non arboré : retrait ≥ 3,5 m, ou ≥ H si la limite est à l'interface avec une autre zone du PLU.","p.93, p.95",Coefficient de pleine terre : sans objet. Les nouvelles plantations privilégient des essences locales adaptées. Introduction d'essences invasives interdite. Aires de stationnement > 4 emplacements non couvertes : 1 arbre par tranche entamée de 4 places.,"p.96, p.99",,,"2 places de stationnement automobile par nouveau logement créé. Pour les autres destinations, le stationnement est prévu selon les besoins du projet. Les aires de stationnement de plus de 4 emplacements non couvertes sont plantées à raison d'un arbre par tranche entamée de 4 places.","p.99, p.96","Logement | Hébergement | Locaux et bureaux accueillant du public des administrations publiques et assimilés | Locaux techniques et industriels des administrations publiques et assimilés | Établissements d'enseignement, de santé et d'action sociale | Salles d'art et de spectacles | Équipements sportifs | Autres équipements recevant du public | Bureau","Exploitation agricole | Exploitation forestière | Artisanat et commerce de détail | Restauration | Commerce de gros | Activités de services où s'effectue l'accueil d'une clientèle | Cinéma | Hôtels | Autres hébergements touristiques | Industrie | Entrepôt | Centre de congrès et d'exposition | Carrières | Stationnement de caravanes sur terrains non bâtis | Habitations légères de loisirs | Création de terrains de caravanes, camping, parcs résidentiels de loisirs | Dépôts de véhicules usagers, déchets, stockage de ferrailles et matériaux | Éoliennes de plus de 9 m","Les installations classées pour la protection de l'environnement (ICPE) ne sont autorisées qu'à condition qu'elles ne soient pas incompatibles avec le voisinage des habitations, qu'elles correspondent à des besoins nécessaires à la vie et à la commodité des habitants de la zone, et que soient mises en œuvre toutes dispositions utiles pour les rendre compatibles avec les milieux environnants et éviter pollutions, nuisances ou risques et dangers (p.92). | Les affouillements et exhaussements de sols ne sont autorisés que s'ils sont indispensables à la réalisation des types d'occupation ou d'utilisation des sols autorisés dans la zone (p.92). | Pour tout programme de 8 logements ou plus, ou de 500 m² ou plus de surface de plancher créée à destination de logements, 20 % au moins du programme est affecté à des logements locatifs sociaux (p.92)."
"51.021567109576196,  2.2047930695337556",51.021567109576196,2.2047930695337556,2026-06-11T15:43:49,2026-04-29,Loon-Plage,245900428,UIP,UIP,openrouter/owl-alpha,https://www.geoportail-urbanisme.gouv.fr/api/document/download-by-partition/DU_245900428/file/245900428_reglement_20260429.pdf,non limitée,,Page 114,,,Page 114,pas de réglementation,Page 114,pas de réglementation,Page 114,pas de réglementation,Page 115,,,pas de réglementation,Page 115,Industrie | Entrepôt | Locaux et bureaux accueillant du public des administrations publiques et assimilés | Locaux techniques et industriels des administrations publiques et assimilés,"Exploitation agricole | Exploitation forestière | Hébergement | Artisanat et commerce de détail | Commerce de gros | Activité de service où s'effectue l'accueil d'une clientèle | Hébergement hôtelier et touristique | Cinéma | Établissements d'enseignement, de santé et d'action sociale | Salles d'art et de spectacles | Équipements sportifs | Autres équipements recevant du public | Lieux de culte | Centre de congrès et d'exposition | Cuisine dédiée à la vente en ligne","Les constructions à usage de bureaux ne sont autorisées que si elles sont liées au fonctionnement des activités autorisées dans la zone (Page 114) | Les constructions à usage de restauration ne sont autorisées que sous réserve qu'elles constituent une restauration collective destinée aux salariés ou usagers des activités autorisées dans la zone (Page 114) | Les constructions, travaux de réhabilitation, changements de destination et extension des constructions existantes à usage d'habitation sont autorisés sous réserve d'être destinées au logement des personnes devant résider à proximité des entreprises pour des raisons de service (Page 114) | Les aires de stockage et de dépôts sont autorisées sous réserve qu'elles soient liées aux activités admises dans la zone (Page 114) | Les affouillements et exhaussements du sol sont autorisés à condition qu'ils soient nécessaires à la réalisation des ouvrages portuaires ou d'aménagement ou d'exploitation de la zone (Page 114) | Les puits et forages sont autorisés sous réserve qu'ils soient liés aux activités admises dans la zone, ainsi qu'au traitement des eaux pluviales ou aux dispositifs d'énergie renouvelable (Page 114) | Interdiction de l'ouverture et l'exploitation de carrières (Page 114) | Interdiction des terrains de camping-caravanage et du stationnement des caravanes (Page 114) | Interdiction des habitations légères de loisirs (Page 114) | Interdiction de l'aménagement d'aire d'accueil des gens du voyage (Page 114) | Interdiction des activités de loisirs (Page 114) | Toute nouvelle construction à proximité d'un réseau de chaleur doit privilégier son raccordement (Page 114) | Les projets devront être compatibles avec l'Orientation d'Aménagement et de Programmation (OAP) thématique Paysage et biodiversité (Page 113)"
"48.59261488430872, 2.743063550475747",48.59261488430872,2.743063550475747,2026-06-11T15:44:49,2023-03-09,Crisenoy,77145,A,A,openrouter/owl-alpha,https://www.geoportail-urbanisme.gouv.fr/api/document/download-by-partition/DU_77145/file/77145_reglement_20230309.pdf,"8 m au faitage (habitations, deux niveaux habitables) ; 5 m au faitage (annexes à l'habitation)",Sauf pour les infrastructures techniques et équipements d'intérêt collectif et services publics,Page 79,,,,Les voies se terminant en impasse doivent être aménagées de telle sorte que les véhicules puissent faire demi-tour,Page 77,Recul minimum de 8 m si la façade comporte des ouvertures donnant sur la limite séparative ; au moins égal à la moitié de la hauteur avec un minimum de 3 m si la façade ne comporte pas de telles ouvertures ; recul minimum de 3 m aux limites de fond de parcelle. Les constructions à destination d'équipements d'intérêt collectif et services publics pourront s'implanter en limite séparative,Page 78,"Habitat collectif : 0,75 m² par logement (jusqu'à deux pièces principales) et 1 m² par logement (au-delà). Bureaux : 1,5 m² pour 100 m² de surface de plancher. Privilégier les matériaux renouvelables, récupérer l'eau de pluie, isolation thermique, énergies renouvelables","Page 82, Page 83",,,"Habitat : 2 places par logement dont une couverte + 0,75 place visiteurs par logement. Bureaux : 0,75 m² par logement pour les logements jusqu'à deux pièces principales et 1 m² au-delà. Bureaux : 1,5 m² pour 100 m² de surface de plancher. Activités/commerces : 1 place pour 10 employés + stationnement de livraisons à prévoir",Page 82,Habitations | Annexes à l'habitation | Bureaux (≤ 150 m² de surface de plancher) | Activités commerciales (≤ 150 m² de surface de plancher) | Équipements d'intérêt collectif et services publics | Infrastructures techniques,"Constructions et installations susceptibles de créer des nuisances incompatibles avec la proximité de l'habitat | Activités commerciales ou de bureaux d'une surface de plancher supérieure à 150 m² (sauf conditions particulières) | Installations classées pour la protection de l'environnement (hors celles mentionnées à l'article 2) | Habitations légères de loisirs | Terrains de camping et de caravanage | Stationnement de caravanes isolées pour une durée de plus de trois mois | Dépôts et stockages de toute nature (matériaux, déchets, ferrailles, carcasses de véhicules, etc.) | Sous-sols","Interdiction des dépôts et stockages de toute nature (matériaux, déchets, ferrailles, carcasses de véhicules, etc.) | Interdiction des installations classées pour la protection de l'environnement (hors exceptions) | Interdiction des sous-sols | Les voies en impasse doivent permettre le demi-tour des véhicules | Obligation de prévoir le stationnement de livraisons pour les activités/commerces"
"47.961353302002, 1.8389288187027",47.961353302002,1.8389288187027,2026-06-11T15:47:21,2026-03-09,Gidy,200035764,1AUae1,,openrouter/owl-alpha,https://www.geoportail-urbanisme.gouv.fr/api/document/download-by-partition/DU_200035764/file/200035764_reglement_20260309.pdf,25 mètres au point le plus haut,,Page 226,70 % de la superficie de l'unité foncière,,Page 226,Implantation des constructions par rapport aux cours d'eau : recul minimum de 5 mètres à compter du cours d'eau. Aucune occupation ni aménagement de nature à altérer le cours d'eau ou ses berges n'est autorisé.,Page 226,Il n'est pas fixé de règle.,Page 224,15 % minimum de la superficie du terrain doivent être conservés ou aménagés en espace vert de pleine terre planté et paysager.,Page 228,1 place par tranche entamée de 100 m² de surface de plancher (commerces de gros),Emplacements spécifiques pour véhicules automobiles et poids lourds prévus autant que de besoin et adaptés à la nature de l'activité (industrie et entrepôts),"Places de 2,50 m de largeur et 5 m de longueur minimum, avec un dégagement de 5 m. Commerces de gros : 1 place par tranche entamée de 100 m² de surface de plancher. Bureaux : 1 place par tranche entamée de 50 m² de surface de plancher. Industrie et entrepôts : emplacements spécifiques pour véhicules automobiles et poids lourds prévus autant que de besoin et adaptés à la nature de l'activité.",Page 229,Logement (uniquement strictement nécessaires au fonctionnement et/ou gardiennage et intégrés ou accolés au bâtiment d'activité) | Artisanat et commerce de détail | Restauration | Commerce de gros | Activités de services où s'effectue l'accueil d'une clientèle | Hébergement hôtelier et touristique | Cinéma | Industrie | Entrepôt | Bureau | Centre de congrès et d'exposition | Locaux et bureaux des administrations publiques et assimilés | Locaux techniques et industriels des administrations publiques et assimilés | Etablissements d'enseignement de santé et d'action sociale | Salles d'art et de spectacles | Équipements sportifs | Autres équipements recevant du public | Exploitation agricole | Exploitation forestière,"Affouillements, exhaussements des sols, exploitation de carrières non nécessaires à des travaux de construction et de nature à modifier sensiblement la topographie des terrains | Dépôts dans des enceintes non closes et couvertes, de ferrailles, de matériaux, de déchets ainsi que des véhicules épaves | Sous-sols et caves dans les secteurs vulnérables et/ou potentiellement inondables",Page 226 | Page 223 | Page 223 | Page 223 | Page 232 | Page 232 | Page 232 | Page 232 | Page 232 | Page 231 | Page 231 | Page 231 | Page 231
"51.0247737040713, 2.2445481642053866",51.0247737040713,2.2445481642053866,2026-06-11T16:08:40,2026-04-29,,245900428,N,N,openrouter/owl-alpha,https://www.geoportail-urbanisme.gouv.fr/api/document/download-by-partition/DU_245900428/file/245900428_reglement_20260429.pdf,,,,,,,,,,,,,,,,,,,
"48.1965615494506, 1.942992985236549",48.1965615494506,1.942992985236549,2026-06-11T16:09:29,2026-02-02,Toury,200070159,Ux,UX,openrouter/owl-alpha,https://www.geoportail-urbanisme.gouv.fr/api/document/download-by-partition/DU_200070159/file/200070159_reglement_20260202.pdf,"Variable selon communes ; 16 m max (Poupry, Toury), 17 m max (Garancières-en-Beauce), 6 m (Janville secteur commerces/artisanat)","Hauteur mesurée du sol naturel avant travaux jusqu'au faîtage. Dépassement de 5 m admis pour ouvrages techniques (cheminées, silos, etc.). À Poupry/Toury, dépassement possible sur 10% de l'emprise au sol.",67,"70% max (Poupry, Toury, Janville secteur commerces/artisanat)","L'emprise au sol maximale des constructions ne doit pas excéder 70% de la superficie des terrains. Pour Bazoches-en-Dunois, Poinville, Terminiers : induite par règles de stationnement et gestion eaux pluviales.",67,"Recul minimum de 3 m (Louville-la-Chenard, Orgères-en-Beauce, Sainville), 5 m (Poupry autres voies, Janville-en-Beauce, Toury), 10 m (Janville secteur commerces/artisanat depuis axe), 20 m (Toury secteur commerces/artisanat depuis axe), 30 m (Poupry le long RD 954 depuis axe), 50 m (Poupry le long bretelle A10 depuis axe), 75 m (Garancières-en-Beauce le long RD 191 depuis axe), 15 m (Garancières-en-Beauce le long RD 17 depuis axe). Fresnay-l'Évêque, Les Villages Vovéens, Ymonville : alignement ou recul selon volumétrie.",65,"Implantation en limites séparatives ou en retrait. Retrait = moitié de la hauteur du bâtiment rabattue au sol (Bazoches-en-Dunois, Garancières-en-Beauce, Les Villages Vovéens, Orgères-en-Beauce, Sainville). Retrait ≥ 3 m (Péronville). Accès aux bâtiments garanti (Poinville). Poupry : 1 limite séparative max ou retrait ≥ 5 m.",66,"Coefficient de pleine terre minimal : 15% (Janville-en-Beauce secteur commerces/artisanat), 30% (Bazoches-les-Hautes, Sainville, Poupry, Toury). Surfaces semées/plantées ≥ 30% de la parcelle (Poupry, Toury). 1 arbre de grand développement pour 150 m² de surface semée (Poupry, Toury). Accompagnement paysager préconisé (nombreuses communes).",71,"1 place par emploi ou par tranche de 100 m² (industrie Poupry) à 200 m² (entrepôt Poupry) ; aire d'attente PL obligatoire sur domaine privé (Janville, Toury, Poupry)","25 m² par place VL (Janville, Toury) ; 2 arbres/8 places VL (Poupry, Toury)","Janville-en-Beauce, Toury : artisanat/bureau = 60% de l'emprise au sol ; industrie = 1 place/50 m² emprise au sol ; entrepôt = 1 place/emploi ou 1 place/200 m² surface de plancher. Poupry : industrie = 1 place/emploi ou 1 place/100 m² SDP ; entrepôt = 1 place/emploi ou 1 place/200 m² SDP ; bureau = 1 place/emploi ou 1 place/25 m² SHON ; aire PL obligatoire. Garancières-en-Beauce, Sainville : stationnement PL hors clôtures. Fresnay-l'Évêque, Les Villages Vovéens : adapté aux besoins.",72,"Artisanat et commerce de détail (V tous groupes, V* groupe 7 Poupry : sous réserve compatibilité) | Restauration (V* groupe 1 si compatible voisinage, V* groupe 7 si liée aux activités de la zone) | Commerce de gros (V tous groupes, V* groupe 7 Poupry : sous réserve compatibilité) | Activités de services accueil clientèle (V tous groupes, V* groupe 7 si liée aux activités) | Hébergement hôtelier (V groupes 2-6, X groupes 1 et 7) | Cinéma (V groupes 3-6, X groupes 1,2,7) | Locaux/bureaux administrations publiques (V tous groupes) | Locaux techniques/industriels administrations (V tous groupes) | Établissements enseignement/santé/action sociale (V groupes 1,3-7, X groupe 2, V* groupe 7 si lié activités) | Salle d'art et spectacles (V groupes 3,4,6, X groupes 1,2,5,7, V* groupe 6 si compatible) | Équipements sportifs (V* groupes 1,6 si compatible, V* groupe 7 si lié activités, X groupes 2-5) | Autres équipements recevant du public (V groupes 2-6, X groupes 1,5,7) | Industrie (V tous groupes, V* groupe 7 Poupry : sous réserve compatibilité) | Entrepôts (V tous groupes, V* groupe 7 Poupry : sous réserve compatibilité) | Bureau (V tous groupes, V* groupe 7 Poupry : sous réserve compatibilité) | Centre de congrès et d'exposition (V groupes 2,4,6, X groupes 1,3,5,7)","Logement (X tous groupes) | Hébergement (X tous groupes) | Exploitation agricole (X groupes 1,3,4,6,7 ; V groupes 2,5) | Exploitation forestière (X groupes 1,3,4,6,7 ; V groupes 2,5)","Poupry : recul 100 m de l'axe A10, 50 m de l'axe bretelle A10, 30 m de l'axe RD 954 ; orientations imposées des bâtiments par rapport aux voies ; interdiction d'accès direct sur RD 954, A10, bretelle A10 et RD 10 (sauf accès de service secours/incendie pour RD 10) ; dans les marges de recul : seuls autorisés aménagements paysagers, dispositifs eaux pluviales végétalisés, cheminements doux perméables, chaussées ≤ 7 m, ouvrages techniques réseaux, stationnement VL dissimulé, stockage/exposition avec paysagement (page 65-66) | Poupry : assainissement eaux usées industrielles = rejet au réseau public après traitement préalable sous réserve de capacité ; à défaut, traitement conforme à la réglementation ; coefficient d'imperméabilisation ≤ 70% ; branchements privés électricité et télécommunications obligatoirement enterrés ; défense incendie adaptée (page 74) | Poupry, Toury : bâtiments non contigus sur même propriété éloignés d'au moins la hauteur du bâtiment le plus élevé, minimum 5 m (page 67) | Poupry, Toury : aires de stationnement PL avec plantations périphériques (1 arbre/place) ; aires stockage à l'air libre avec accompagnement paysager (page 71) | Janville-en-Beauce, Toury : aire d'attente poids lourds obligatoire sur domaine privé (page 72) | Janville-en-Beauce, Orgères-en-Beauce : accès minimum 3,50-5 m lié à défense incendie (page 73) | Poupry, Toury : accès par voies internes de zone, nombre d'accès limité pour sécurité ; voies en impasse aménagées pour demi-tour (page 73) | Terminiers, Toury : eaux usées et eaux pluviales gérées à la parcelle (zone assainissement non collectif) (page 74) | Garancières-en-Beauce : recul 75 m de l'axe RD 191, recul 15 m de l'axe RD 17 (page 65) | Dispositions générales applicables : zones humides (principe ERC), zones inondables (interdiction constructibilité Péronville/Nottonville), risque technologique (servitude PM2/ICPE), isolement acoustique abords voies transport terrestre, retrait-gonflement argiles, cavités souterraines (page 30-32)"
"48.1965615494506,  1.942992985236549",48.1965615494506,1.942992985236549,2026-06-11T16:09:48,2026-02-02,Toury,200070159,Ux,UX,openrouter/owl-alpha,https://www.geoportail-urbanisme.gouv.fr/api/document/download-by-partition/DU_200070159/file/200070159_reglement_20260202.pdf,"Variable selon communes : 6 m (Janville-en-Beauce secteur commerces/artisanat/services), fonction des hauteurs environnantes (Fresnay-l'Évêque, Louville-la-Chenard, Les Villages Vovéens, Poinville, Ymonville, Bazoches-en-Dunois, Orgères-en-Beauce, Terminiers), 17 m (Garancières-en-Beauce), 16 m (Poupry, Toury)","Garancières-en-Beauce : dépassement de 5 m admis pour ouvrages techniques (cheminées, silos, etc.). Poupry/Toury : dépassement possible sur 10% de l'emprise au sol ; ouvrages techniques de faible emprise peuvent dépasser sous réserve d'harmonie paysagère.",66-68,Variable selon communes,"Janville-en-Beauce (secteur commerces/artisanat/services) : max 70%. Orgères-en-Beauce, Poupry, Toury : max 70%. Bazoches-en-Dunois, Poinville, Terminiers : induite par règles de stationnement et gestion des eaux pluviales.",66-67,"Variable selon communes : recul ≥ 3 m ou moitié de la hauteur du bâtiment (Louville-la-Chenard, Orgères-en-Beauce, Sainville) ; recul ≥ 5 m (Poinville) ; alignement ou recul selon volumétrie (Fresnay-l'Évêque, Les Villages Vovéens, Ymonville) ; recul ≥ 5 m (Janville-en-Beauce, Toury) ; recul min 20 m axe voie (Toury secteur commerces/artisanat/services) ; recul min 10 m axe voie (Janville-en-Beauce secteur commerces/artisanat/services) ; recul ≥ 75 m Rd 191 et ≥ 15 m Rd 17 (Garancières-en-Beauce) ; recul ≥ 100 m A10, ≥ 50 m bretelle A10, ≥ 30 m Rd 954, ≥ 5 m autres voies (Poupry).",64-66,"Variable selon communes : limites séparatives ou retrait selon volumétrie (Fresnay-l'Évêque, Les Villages Vovéens, Ymonville) ; limites ou retrait ≥ 3 m (Janville-en-Beauce, Toury) ; en limite de zones urbaines/à urbaniser non activités : recul ≥ 15 m (Janville-en-Beauce, Toury) ; retrait = moitié de la hauteur du bâtiment (Bazoches-en-Dunois, Garancières-en-Beauce, Les Villages Vovéens, Orgères-en-Beauce, Sainville) ; retrait ≥ 3 m (Péronville) ; retrait garantissant accès aux bâtiments (Poinville) ; 1 limite séparative max ou retrait ≥ 5 m (Poupry).",65-67,"Janville-en-Beauce (secteur commerces/artisanat/services) : coefficient de pleine terre min 15%. Bazoches-les-Hautes, Sainville : coefficient de pleine terre min 30%. Poupry, Toury : surfaces semées/plantées min 30% de la parcelle, enherbées, 1 arbre grand développement/150 m² semé. Accompagnement paysager et clôtures végétales préconisés dans plusieurs communes.",70-71,"Poupry : aire réservée PL suffisante, non barriérée. Janville-en-Beauce, Toury : aire d'attente PL sur domaine privé obligatoire. Garancières-en-Beauce, Sainville : stationnement PL hors clôture.","Janville-en-Beauce, Toury : 25 m² par place VL (accès inclus). Poupry : 2 arbres/8 places VL. Janville-en-Beauce, Toury : 25% minimum des aires ≥ 8 places en matériau perméable.","Janville-en-Beauce, Toury : par fonction (artisanat/bureau : 60% emprise au sol ; industrie : 1 place/50 m² emprise au sol ; entrepôt : 1 place/emploi ou tranche de 200 m² SP). Poupry : industrie 1 place/emploi ou 100 m² SP ; entrepôt 1 place/emploi ou 200 m² SP ; hôtelier 1 place/chambre ; restauration 1 place/7 m² salle ; bureau 1 place/emploi et 25 m² SHON ; aire PL séparée obligatoire. Fresnay-l'Évêque, Les Villages Vovéens : adapté aux besoins. Garancières-en-Beauce, Sainville : stationnement PL en attente hors clôture obligatoire.",71-73,"Artisanat et commerce de détail (tous groupes, V* pour Poupry : liées aux besoins des activités de la zone, compatibles avec voisinage et environnement) | Restauration (V* pour Groupe 1 si compatibles zone/voisinage ; V* pour Poupry si liées aux activités de la zone) | Commerce de gros (V* pour Poupry : compatibles avec voisinage, santé, environnement, paysage) | Activités de services avec accueil de clientèle (V* pour Poupry si liées aux activités de la zone) | Hébergement hôtelier (sauf Groupe 1) | Cinéma (sauf Groupes 1, 2, 7) | Locaux et bureaux accueillant du public des administrations (tous groupes) | Locaux techniques et industriels des administrations (tous groupes) | Établissements d'enseignement, santé, action sociale (sauf Groupes 2, 5, 6 ; V* pour Poupry si liées aux activités) | Salles d'art et spectacles (sauf Groupes 1, 2, 5, 7 ; V* pour Groupe 6 si compatibles zone/voisinage) | Équipements sportifs (V* Groupes 1 et 6 si compatibles zone/voisinage ; V* Poupry si liées aux activités) | Autres équipements recevant du public (sauf Groupes 1, 6, 7) | Industrie (V* pour Poupry : compatibles avec voisinage, santé, environnement, paysage) | Entrepôts (V* pour Poupry : compatibles avec voisinage, santé, environnement, paysage) | Bureau (V* pour Poupry : compatibles avec voisinage, santé, environnement, paysage) | Centre de congrès et d'exposition (sauf Groupes 1, 3, 5, 7)","Exploitation agricole et forestière (sauf Groupes 2, 5) | Logement (tous groupes) | Hébergement (tous groupes) | Cinéma (Groupes 1, 2, 7)","64, 66 | 73-74 | 73-74 | 74, 99 | 74, 99-100 | 68 | 71 | 99 | 74, 100 | 32"
"48.1965615494506,  1.942992985236549",48.1965615494506,1.942992985236549,2026-06-11T16:10:02,2026-02-02,Toury,200070159,Ux,UX,openrouter/owl-alpha,https://www.geoportail-urbanisme.gouv.fr/api/document/download-by-partition/DU_200070159/file/200070159_reglement_20260202.pdf,"Variable selon communes : 6 m (Janville-en-Beauce secteur commerces/artisanat/services), fonction des hauteurs environnantes (Fresnay-l'Évêque, Louville-la-Chenard, Les Villages Vovéens, Poinville, Ymonville, Bazoches-en-Dunois, Orgères-en-Beauce, Terminiers), 17 m (Garancières-en-Beauce), 16 m (Poupry, Toury, avec dépassement possible de 10% de l'emprise au sol)","Pour Garancières-en-Beauce : dépassement de 5 m admis pour ouvrages techniques (cheminées, silos, etc.). Pour Poupry/Toury : ouvrages techniques de faible emprise peuvent dépasser sous réserve d'harmonie paysagère.",67,"Variable : 70% max (Janville-en-Beauce secteur commerces/artisanat/services ; Orgères-en-Beauce, Poupry, Toury), induite par règles stationnement et eaux pluviales (Bazoches-en-Dunois, Poinville, Terminiers)",Pas de réglementation générale ; se référer aux dispositions générales en l'absence de précision.,66,"Variable selon communes : recul ≥ 3 m ou moitié de la hauteur du bâtiment (Louville-la-Chenard, Orgères-en-Beauce, Sainville), recul ≥ 5 m (Poinville), alignement ou recul selon volumétrie (Fresnay-l'Évêque, Les Villages Vovéens, Ymonville), recul ≥ 5 m (Janville-en-Beauce, Toury), recul ≥ 20 m de l'axe (Toury secteur commerces/artisanat/services), recul ≥ 10 m de l'axe (Janville-en-Beauce secteur commerces/artisanat/services), recul ≥ 75 m de l'axe Rd 191 et ≥ 15 m Rd 17 (Garancières-en-Beauce), recul 100 m de l'axe A10, 50 m bretelle A10, 30 m Rd 954, 5 m autres voies (Poupry)",64-65,"Variable selon communes : limites séparatives ou recul selon volumétrie (Fresnay-l'Évêque, Les Villages Vovéens, Ymonville), limites séparatives ou recul ≥ 3 m (Janville-en-Beauce, Toury), recul = moitié de la hauteur du bâtiment (Bazoches-en-Dunois, Garancières-en-Beauce, Les Villages Vovéens, Orgères-en-Beauce, Sainville), recul ≥ 3 m (Péronville), retrait garantissant l'accès aux bâtiments (Poinville), 1 limite séparative max ou recul ≥ 5 m (Poupry)",65-66,"Coefficient de pleine terre : 15% (Janville-en-Beauce secteur commerces/artisanat/services), 30% (Bazoches-les-Hautes, Sainville), 30% surfaces semées/plantées (Poupry, Toury). Accompagnement paysager préconisé (Bazoches-les-Hautes, Éole-en-Beauce, Fresnay-l'Évêque, Garancières-en-Beauce, Les Villages Vovéens, Louville-la-Chenard, Nottonville, Orgères-en-Beauce, Ouarville, Péronville, Poinville, Sainville, Terminiers, Ymonville). Pour Poupry/Toury : 1 arbre grand développement/150 m² semé ; aires PL plantées (1 arbre/place) ; aires stockage à l'air libre avec aménagement paysager ; haies/bosquets ≥ 3 essences locales.",70-71,"Aire d'attente PL sur domaine privé (Janville-en-Beauce, Toury) ; aire réservée PL (Poupry) ; stationnement PL hors clôture (Garancières-en-Beauce, Sainville)","25 m² par place VL (Janville-en-Beauce, Toury) ; 2 arbres/8 places VL (Poupry, Toury)",Variable selon communes. Janville-en-Beauce/Toury : artisanat/bureau = 60% de l'emprise au sol ; industrie = 1 place/50 m² emprise au sol ; entrepôts = 1 place/emploi ou tranche de 200 m² SP ; aire d'attente PL sur domaine privé obligatoire ; ≥ 25% perméable pour aires ≥ 8 places. Poupry : industrie = 1 place/emploi ou 100 m² SP ; entrepôts = 1 place/emploi ou 200 m² SP ; bureaux = 1 place/emploi et 25 m² SHON ; aire PL dédiée. Fresnay-l'Évêque/Les Villages Vovéens : adapté aux besoins. Garancières-en-Beauce/Sainville : stationnement PL en attente hors clôture.,71-73,"Artisanat et commerce de détail (tous groupes, V* pour Poupry : liés aux besoins des activités de la zone, compatibles avec voisinage et paysage) | Restauration (V* pour Baudreville/Groupe1 : compatibles avec zone et voisinage ; V* pour Poupry : liées aux activités de la zone) | Commerce de gros (V* pour Poupry : compatibles avec OAP, qualité environnementale, voisinage, santé, paysage) | Activités de services avec accueil clientèle (V* pour Poupry : liées aux activités de la zone) | Hébergement hôtelier (sauf Groupe 1) | Cinéma (sauf Groupes 1, 2, 7) | Locaux/bureaux administrations publiques (tous groupes) | Locaux techniques/industriels administrations publiques (tous groupes) | Établissements enseignement/santé/action sociale (sauf Groupes 2, 5, 6 ; V* pour Poupry : liées aux activités de la zone) | Salles d'art et spectacles (sauf Groupes 1, 2, 5, 7 ; V* Groupe 6 : compatibles avec zone et voisinage) | Équipements sportifs (V* Groupes 1, 6 : compatibles avec zone et voisinage ; V* Groupe 7 : liées aux activités de la zone) | Autres équipements recevant du public (sauf Groupes 1, 6, 7) | Industrie (V* pour Poupry : compatibles avec OAP, qualité environnementale, voisinage, santé, paysage) | Entrepôts (V* pour Poupry : compatibles avec OAP, qualité environnementale, voisinage, santé, paysage) | Bureau (V* pour Poupry : compatibles avec OAP, qualité environnementale, voisinage, santé, paysage) | Centre de congrès et d'exposition (sauf Groupes 1, 3, 5, 7)","Exploitation agricole et forestière (sauf Groupes 2, 5) | Logement (tous groupes) | Hébergement (tous groupes) | Cinéma (Groupes 1, 2, 7)","Poupry : recul 100 m de l'axe A10, 50 m de la bretelle A10, 30 m de la Rd 954 ; constructions orientées perpendiculairement à A10 et Rd 954 ; dans les marges de recul : seuls autorisés aménagements paysagers, dispositifs eaux pluviales végétalisés, cheminements doux perméables, chaussées ≤ 7 m dissimulées, ouvrages techniques réseaux, aires stationnement VL dissimulées, aires stockage/exposition liées à activité avec paysagement (page 64, 91-92) | Poupry et Toury : aucun accès direct sur RD 954, A10 et sa bretelle, sauf accès de service (secours/incendie) sur RD 10 ; accès par voies internes de la zone ; nombre d'accès limité pour sécurité (page 73-74, 98-99) | Poupry : eaux usées industrielles rejetées au réseau public après traitement préalable et sous réserve de capacité du réseau ; autorisation préalable de la collectivité requise ; coefficient d'imperméabilisation ≤ 70% (page 74, 99-100) | Poupry et Toury : bâtiments non contigus sur même propriété éloignés d'au moins la hauteur du bâtiment le plus élevé, minimum 5 m (page 66, 93) | Janville-en-Beauce et Toury : aire d'attente poids lourds obligatoire sur domaine privé pour éviter attentes sur domaine public (page 72, 97) | Péronville : recul limites séparatives ≥ 3 m (page 66) | Garancières-en-Beauce : recul 75 m de l'axe Rd 191, 15 m de la Rd 17 (page 64) | Poinville : recul voies ≥ 5 m pour maintenir espace stationnement (page 65) | Bazoches-les-Hautes : largeur minimale accès/voies 3 m (page 73) | Janville-en-Beauce : largeur minimale accès/voies 4,50 m (page 73) | Orgères-en-Beauce : largeur minimale accès/voies 5 m (page 73) | Terminiers, Toury : eaux usées et eaux pluviales gérées à la parcelle selon zones d'assainissement non collectif (page 74, 100) | Poupry : branchements privés électricité et télécommunications obligatoirement enterrés (page 74, 100) | Poupry : défense incendie – caractéristiques techniques adaptées à l'aménagement de la zone (page 99)"
"45.85145559603743, 5.268132024909448",45.85145559603743,5.268132024909448,2026-06-11T16:11:17,2026-02-03,Blyes,01047,Ux,UX,openrouter/owl-alpha,https://www.geoportail-urbanisme.gouv.fr/api/document/download-by-partition/DU_01047/file/01047_reglement_20260203.pdf,Pas de hauteur maximum fixée,Le volume construit ne doit pas dépasser 6 m³ par m² de terrain,Page 38 – ARTICLE Ux. 10,"0,5","Le coefficient d'emprise au sol est fixé à 0,5",Page 38 – ARTICLE Ux. 9,"Recul minimum de 10 mètres par rapport à la limite d'emprise des voies publiques ou privées ouvertes à la circulation automobile. Exceptions : ouvrages techniques publics, reconstruction à l'identique après sinistre, extension de constructions existantes ne respectant pas le recul, ou justification par l'ordonnance générale des constructions avoisinantes.",Page 37 – ARTICLE Ux. 6,"Distance horizontale minimale égale à la moitié de la différence d'altitude entre le point de la construction et le point le plus proche de la limite séparative, sans pouvoir être inférieure à 5 mètres. Exception : construction en limite séparative admise pour des constructions de volume et d'aspect homogène édifiées simultanément sur des terrains contigus (sauf présence de haie naturelle). Exceptions supplémentaires : reconstruction à l'identique après sinistre, ouvrages techniques nécessaires.",Page 37-38 – ARTICLE Ux. 7,"Surface minimale d'espaces verts (gazon, plantations) : 10% de la superficie de chaque parcelle. Conservation prioritaire des boisements et haies existants. Surfaces non bâties et non aménagées en circulation ou aires de service obligatoirement engazonnées ou plantées. Marges de reculement plantées sous réserve de sécurité. Surfaces en réserve d'extension à conserver à l'état naturel, cultivées ou plantées. Limites séparatives plantées (double rang d'arbres de hautes tiges, bouquets d'arbres ou haies vives). Essences locales imposées. Entretien et propreté requis.",Page 40-41 – ARTICLE Ux. 13,,,"Stationnement à assurer hors emprise des voies publiques ou privées. Construction à usage industriel et artisanal : 1 place pour 100 m² de SHON. Construction à usage de bureau et services : 1 place pour 30 m² de SHON (personnel) et 1 place pour 15 m² de SHON (accueil public). Possibilité de démontrer la faisabilité extérieure. Adaptations possibles pour petites opérations. Dispositions plus contraignantes possibles (stationnement PL, fréquentation exceptionnelle). Étude recommandée au-delà de 300 m² de SHON. Alternatives : aménagement sur un autre terrain à moins de 300 m ou versement de la participation L 421-3.",Page 39-40 – ARTICLE Ux. 12,Activités industrielles | Activités de services | Logements de gardiennage/surveillance intégrés au volume des bâtiments d'activités ou à proximité immédiate (sous condition de nécessité permanente de présence),Toutes les occupations et utilisations du sol non mentionnées à l'article Ux. 2 (interdiction générale par défaut) | Valorisation des ressources minérales du sous-sol sur les terrains de la ZAC de la Baccolanche (incompatible avec l'image architecturale et paysagère de porte d'entrée du PIPA),"Zone destinée à l'extension du Parc Industriel de la Plaine de l'Ain (PIPA) – vocation industrielle et services | Accès interdit sur une voie présentant une gêne ou un risque pour la circulation si le terrain est riverain de plusieurs voies | Voies privées : dimensions, formes et caractéristiques techniques adaptées aux usages et opérations desservies | Eaux usées industrielles : recyclage maximal et traitement obligatoire avant rejet dans le réseau public | Eaux pluviales : infiltration des eaux de toitures ; eaux de voiries et parkings collectées et renvoyées en débit régulé (15 l/s/ha) vers réseau EP collectif, zone de décantation et bassin d'infiltration | Dispositif permanent de confinement des effluents ou eaux d'extinction en limite de lot en cas de pollution accidentelle ou d'incendie | Avis du Syndicat Mixte de la Plaine de l'Ain (aménageur) requis sur les permis de construire dans la ZAC, avec appui éventuel du coloriste-conseil et du paysagiste | Clôtures soumises à l'accord de l'architecte-conseil de la zone avant dépôt du permis de construire | Stationnement de poids lourds pouvant être imposé si notoirement nécessaire | Article R 111-21 du Code de l'Urbanisme applicable (refus possible si atteinte au caractère des lieux, sites, paysages ou perspectives monumentales)"
"49.1143457333262, 2.76812718377991",49.1143457333262,2.76812718377991,2026-06-11T16:11:33,2026-04-27,Silly-le-Long,60619,UIb,UIB,openrouter/owl-alpha,https://www.geoportail-urbanisme.gouv.fr/api/document/download-by-partition/DU_60619/file/60619_reglement_20260427.pdf,15 m au faîtage ou à l'acrotère (toits terrasses),"Dépassement ponctuel autorisé pour raisons techniques ou fonctionnelles justifiées (cheminée et/ou colonnes d'aération). Des hauteurs supérieures peuvent être autorisées s'il s'agit de remplacer une construction existante d'une hauteur supérieure et dans la limite de cette hauteur, ou s'il s'agit d'un équipement public.",Page 27,,Article UI 9 : Non réglementé.,Page 27,Retrait de 100 m minimum par rapport à l'alignement. Exception : ne s'applique pas au lot n°6 délimité au plan d'aménagement de la ZAC. Aucun nouvel accès sur la RN2 n'est autorisé (article UI 3.3).,"Page 26, Page 25","Retrait de 20 m minimum par rapport aux limites séparatives. Exception : ne s'applique pas au lot n°6 délimité au plan d'aménagement de la ZAC. Les constructions de moins de 20 m² peuvent s'implanter en limite ou avec un retrait minimal de 0,50 m. Les extensions de constructions existantes sont autorisées dans le prolongement du bâti existant. Les constructions d'équipement public, d'infrastructure et ouvrage technique peuvent s'implanter en limite ou avec un retrait minimal de 0,50 m.","Page 26, Page 27","Minimum 30 % de surface perméable sur l'ensemble de l'unité foncière. Les marges de recul et espaces non bâtis doivent faire l'objet d'un traitement paysager végétal. Plantations en essences régionales, haies résineuses proscrites. Traitement paysager qualitatif avec strate de haute tige pour insertion au site. Se référer au Cahier des Prescriptions Architecturales, Urbaines, Paysagères, Environnementales et Artistiques de la ZAC.",Page 30,,,,"Page 29, Page 30","Constructions et installations à usage commercial, artisanal, de bureaux, d'entrepôts et d'industrie (ICPE ou non), sous condition de nuisances maîtrisées (bruit, poussière, odeurs, fumée, circulation, risques d'incendie/explosion) | Postes de distribution de carburants et activités annexes de station service (hors ateliers de réparation, dépôt de vieux véhicules), sous réserve de non-gêne circulation et conditions d'accès/sécurité adaptées | Extensions ou modifications de constructions existantes et ICPE soumises à déclaration, sous condition de prévention satisfaisante des nuisances | Constructions destinées au logement des personnes nécessaires à la surveillance des établissements autorisés (intégrées ou accolées au bâtiment d'activité) | Hôtels et restaurants sous réserve d'intégration dans le site | Constructions d'équipements d'infrastructure liées à la voirie et aux réseaux divers","Constructions à usage d'habitation et changement de destination à usage d'habitation (sauf logements de surveillance) | Terrains de camping et parcs résidentiels de loisirs | Résidences mobiles de loisirs, stationnement de caravanes de plus de 3 mois hors terrains aménagés | Garages collectifs de caravanes et dépôts de véhicules de plus de 10 unités | Affouillements et exhaussements du sol non liés aux constructions/activités autorisées | Dépôts de véhicules usagés, ferraille, matériaux ou déchets | Ouverture et exploitation de carrière | Installations classées pour la protection de l'environnement soumises à autorisation (secteur UIa – article 1.2, applicable par référence au secteur UI) | Constructions à vocation agricole, industrielle ou d'entrepôt (secteur UIa – article 1.2)","Aucun nouvel accès sur la RN2 n'est autorisé (article UI 3.3). (Page 25) | Les constructions à usage d'entrepôt, d'industrie, ICPE sont admises sous condition que les nuisances (bruit, poussière, odeurs, fumée, circulation, risques d'incendie/explosion) ne créent pas de dangers pour le voisinage. (Page 23, Page 24) | Les ICPE soumises à autorisation sont interdites dans le secteur UIa (article UI 1.2). Les ICPE soumises à déclaration sont admises sous condition de prévention satisfaisante des nuisances (article UI 2). (Page 23, Page 24) | Les postes de distribution de carburants sont admis sous réserve de non-gêne pour la circulation et de conditions d'accès et de sécurité adaptées à l'importance du trafic routier. (Page 24) | Les impasses doivent être aménagées pour permettre aux véhicules de faire demi-tour ; à défaut, un espace technique en entrée de zone doit être prévu (collecte déchets, distribution courrier). (Page 24) | Les aires de stockage ou de dépôt doivent être masquées par une haie végétale (article UI 13). (Page 30) | Gestion des eaux pluviales à la parcelle obligatoire sauf contraintes techniques justifiées ; infiltration prioritaire des eaux de ruissellement (article UI 4.3). (Page 26) | Tout déversement autre que domestique dans le réseau public doit respecter l'article L1331-10 du code de la Santé publique et R.111-12 du code de l'urbanisme. (Page 25) | Les extensions ou modifications de constructions existantes ne doivent pas augmenter de façon significative les besoins en infrastructure de voirie et réseaux divers (article UI 2). (Page 23, Page 24) | Cahier des Prescriptions Architecturales, Urbaines, Paysagères, Environnementales et Artistiques de la ZAC applicable au secteur UIb (matériaux, couleurs, clôtures, espaces verts). (Page 28, Page 29, Page 30)"
"49.215950012207, 2.14318585395813",49.215950012207,2.14318585395813,2026-06-11T16:11:35,2026-02-09,Méru,60395,1AUec,,openrouter/owl-alpha,https://www.geoportail-urbanisme.gouv.fr/api/document/download-by-partition/DU_60395/file/60395_reglement_20260209.pdf,,,,,,,,,,,,,,,,,,,
"47.9808082580566, -1.52301681041718",47.9808082580566,-1.52301681041718,2026-06-11T16:12:56,2021-06-24,Amanlis,35002,1AUAT,,openrouter/owl-alpha,https://www.geoportail-urbanisme.gouv.fr/api/document/download-by-partition/DU_35002/file/35002_reglement_20210624.pdf,,Non règlementé,60,,pas de réglementation,,"Les constructions doivent être implantées à au moins 5 mètres de la limite de l'emprise des voies, sauf indications contraires portées aux documents graphiques du PLU",60,"Les constructions, lorsqu'elles ne jouxtent pas les limites séparatives, doivent être implantées à une distance de ces limites au moins égale à la moitié de leur hauteur mesurée au point le plus haut sans pouvoir être inférieure à 3 mètres. Dans le cas de constructions en limite séparative, des murs coupe-feu devront être prévus",60,"Un pourcentage minimum de 10% de non-imperméabilisation doit être atteint sur le terrain d'assiette du projet. Les espaces de pleine terre, les arbres et haies sont considérés comme des espaces végétalisés et perméables. Les surfaces semi-perméables sont considérées non imperméabilisées sur 50% de leur surface. Les espaces libres de toute construction, de circulation ou de stationnement seront aménagés en espaces paysagers. Les haies devront être composées d'essences locales de type bocager. La plantation d'espèces au fort potentiel allergisant et/ou invasives est interdite",61,,,"Le stationnement des véhicules automobiles et des deux roues devra être adapté aux besoins des constructions et installations et assuré en dehors des voies publiques. Pour toute construction nouvelle à usage principal de bureaux, le stationnement devra représenter au minimum 1,5% de la surface de plancher. En cas d'impossibilité de réaliser des places de stationnement, le pétitionnaire peut être tenu quitte de ces obligations dans les conditions prévues par l'article L.151-33 du Code de l'urbanisme",62,"Exploitation agricole | Exploitation forestière | Logement | Hébergement | Locaux et bureaux accueillant du public des administrations publiques et assimilées | Locaux techniques et industriels des administrations publiques et assimilées | Etablissements d'enseignement, de santé et d'action sociale | Salles d'art et de spectacles | Equipements sportifs | Artisanat et commerce de détail | Restauration | Commerce de gros | Activités de services où s'effectue l'accueil d'une clientèle | Hébergement hôtelier et touristique | Cinéma | Industrie | Entrepôt | Bureau | Centre de congrès et d'exposition","Destinations et sous-destinations non autorisées à l'article 1AUAT 1 | Ouverture ou extension de carrières et de mines | Création de dépôts de véhicules, de garages collectifs de caravanes | Ouverture de terrains aménagés pour le camping, pour le stationnement de caravanes et de résidences mobiles de loisirs ainsi que les parcs résidentiels de loisirs | Stationnement de caravanes quelle qu'en soit la durée | Constructions, ouvrages ou travaux incompatibles avec les orientations d'aménagement et de programmation | Affouillements, exhaussements des sols, dépôts de matériaux non liés aux activités de construction ou d'aménagement admis dans la zone","La loge de gardiennage est autorisée sous condition qu'elle soit intégrée au bâtiment principal d'activité et que sa surface de plancher ne dépasse pas 35 m² (60) | Les voies doivent présenter des caractéristiques permettant de satisfaire aux exigences de la sécurité, de la défense contre l'incendie et de la protection civile (62) | Les accès doivent être adaptés à l'opération et aménagés de façon à apporter la moindre gêne à la circulation publique. Le positionnement des accès doit assurer la sécurité des usagers et leurs abords doivent être dégagés de façon à assurer la visibilité (62) | La gestion des eaux pluviales de la zone doit être compatible avec le Zonage d'Assainissement des Eaux Pluviales annexé au PLU (63) | Les raccordements aux réseaux d'électricité et de téléphone devront obligatoirement être réalisés en souterrain (63) | La pose d'équipements haut et très haut débit (fourreaux, chambre mutualisée en limite du domaine public) devra être réalisée en réseau souterrain (63)"
"47.8564910888672, 3.5387749671936",47.8564910888672,3.5387749671936,2026-06-11T16:13:30,2023-06-29,Appoigny,89013,UEc,UEC,openrouter/owl-alpha,https://www.geoportail-urbanisme.gouv.fr/api/document/download-by-partition/DU_89013/file/89013_reglement_20230629.pdf,16m au faîtage hors tout (sauf édicule technique),"Cas particulier de la zone UEc, dérogation à la règle générale de 12m",Page 28,50% de la surface du terrain (unité foncière) ; portée à 60% pour les constructions justifiant de performances énergétiques et énergies renouvelables (chapitre VIII du code de l'urbanisme),Dispositions applicables dans le seul secteur UEc,Page 28,pas de réglementation,,La distance minimale entre deux constructions non contigües est de 6 m,Page 28,pas de réglementation,,,,pas de réglementation,,,,"Les constructions doivent présenter un aspect compatible avec le caractère ou l'intérêt des lieux avoisinants, des sites et les paysages naturels ou urbains. Les volumes doivent demeurer simples. Les bâtiments devront être traités architecturalement sur leurs quatre côtés. (Page 28) | Les matériaux de couverture doivent être mats et ne présenter aucune surface réfléchissante. (Page 28) | La réalisation de toitures végétalisées est autorisée. (Page 28) | En secteur UEc : pas d'obligation d'acrotère en partie haute lorsque la pente des toitures est inférieure à 20° (disposition applicable à l'ensemble des secteurs sauf UEc). (Page 28)"
"48.7079527730069, 1.37886660058593",48.7079527730069,1.37886660058593,2026-06-11T16:14:50,2023-04-12,Vernouillet,28404,UXbb,UXBB,openrouter/owl-alpha,https://www.geoportail-urbanisme.gouv.fr/api/document/download-by-partition/DU_28404/file/28404_reglement_20230412.pdf,,,,,,,"Sous-secteur UXbb : la distance horizontale de tout point du bâtiment au point le plus proche de la limite des emprises publiques, de l'alignement existant ou futur et des voies privées ouvertes à la circulation publique doit être au moins égale à la hauteur de ce bâtiment à l'égout du toit divisé par 2 (H/2 = L), sans pouvoir être inférieure à 5 mètres (schéma N°2 en annexe). Exception : la limite de l'espace public au sud de la ZAC est exclue de cette règle (règle H=L, minimum 10 m applicable au reste du secteur UXbb).",page 38,pas de réglementation,,"Le long de la limite de l'espace public au sud de la ZAC, la façade de la construction devra être implantée à l'intérieur d'une bande de 5 à 8 mètres mesurée à partir de l'alignement (schéma N°2). Clôtures en secteurs UXba et UXbb obligatoires, plantées de haies vives (hors haies mono-spécifiques persistantes interdites), hauteur maximale 2 m (2,50 m si exigé par une autre réglementation), type treillis soudé.","pages 38, 41",1 place de 50 m² entre 500 et 1 000 m² de surface de plancher ; 2 places de 50 m² au-dessus de 1 000 m² (activités économiques),1 place pour 100 m² de surface de plancher + 1 place supplémentaire par tranche de 100 m²,"Constructions à destination d'activités économiques : 1 place VL pour 100 m² de surface de plancher + 1 place supplémentaire par tranche de 100 m². 1 place deux-roues par tranche de 200 m². 1 place PL de 50 m² entre 500 et 1 000 m² de surface de plancher, puis 2 places de 50 m² au-dessus de 1 000 m². Constructions à destination d'entrepôts : 1 place par emploi ou par tranche de 300 m² de surface de plancher (réductible selon densité d'occupation ou organisation en équipes). 1 place PMR minimum par tranche de 50 places.",page 91,"Activités, services et commerces dont la nuisance ou le fonctionnement sont compatibles avec le caractère général de la zone (sous réserve de prescriptions spéciales) | Constructions à caractère provisoire ou précaire liées aux chantiers | Dépôts à l'air libre ayant un rapport avec une entreprise de la zone, sous réserve de conséquences dommageables nulles sur l'environnement | Carrières, décharges, récupération de métaux et pièces automobiles existantes à la date de création de la ZAC et transférées en secteur UXbb","Constructions à destination d'habitation | Stationnement des caravanes et mobile-home | Ouverture et exploitation de carrières, décharges, récupération de métaux et pièces automobiles (sauf transfert d'existant dans le cadre de la ZAC) | Constructions présentant un caractère provisoire ou précaire (sauf installations liées aux chantiers) | Dépôts à l'air libre sans rapport avec une entreprise de la zone ou de nature à avoir des conséquences dommageables sur l'environnement | Affouillements et exhaussements des sols sans rapport direct avec les travaux de construction ou l'aménagement paysager ou compromettant la stabilité des sols, l'écoulement des eaux ou le caractère du site","Accès direct obligatoire à une voie publique ou privée pour toute construction. Les caractéristiques des accès doivent permettre de satisfaire aux règles minimales de desserte concernant la défense contre l'incendie, la protection civile, le brancardage, le ramassage des ordures ménagères. Les manœuvres doivent être aisées sur la parcelle. Les voies publiques créées doivent présenter une emprise minimale de 10 mètres. Les voies en impasse doivent permettre le demi-tour des véhicules. (page 34) | Gestion des eaux pluviales : rejet au milieu naturel sur l'unité foncière (infiltration ou écoulement en eaux superficielles). Système de stockage et d'infiltration obligatoire pour une occurrence centennale. Rejet dans le réseau public uniquement si infiltration/rétention impossibles ou insuffisantes, avec débit de fuite limité. Séparation obligatoire eaux pluviales/eaux usées. En cas d'absence de réseau public, gestion intégrale sur l'unité foncière sans rejet vers le domaine public ni propriétés voisines. Surfaces imperméabilisées de stationnement : prétraitement de débourbage-déshuilage avant rejet. (page 36) | Raccordement aux réseaux d'énergie (électricité, gaz) en souterrain jusqu'à la limite du domaine public. Raccordement télédistribution en souterrain. (pages 36, 38) | Pour les constructions à destination d'activités économiques : local de stockage des ordures ménagères pour le tri sélectif obligatoire, conforme aux dispositions en annexe du PLU. (page 36) | Toute construction ou installation nouvelle doit être raccordée au réseau public d'eau potable. Branchement obligatoire sur le réseau collectif d'assainissement pour toute construction engendrant des eaux usées (canalisations souterraines). Respect du règlement d'assainissement intercommunal. (page 36) | Les aires de stockage à l'air libre ne doivent pas être visibles depuis les voies publiques et les voies privées à usage public. (page 41) | Les constructions par leur situation, destination ou dimensions ne doivent pas porter atteinte à la salubrité, à la sécurité publique ou avoir des conséquences dommageables sur l'environnement. Autorisation d'utilisation du sol pouvant être refusée ou soumise à prescriptions si l'opération porte atteinte aux sites, paysages naturels ou urbains, ou à l'organisation du paysage (couleurs et volumes). (pages 33, 41) | Acrotères obligatoires. Toits à pente maximale de 10°. Matériaux de remplissage (parpaings, briques creuses) interdits en apparent. Matériaux de façade privilégiés : acier, aluminium, béton, bois, cuivre, enduit, verre, zinc, brique. (page 41) | Enseignes soumises à autorisation, inscrites sur les élévations du permis de construire, limitées au nom et logo de l'entreprise, non lumineuses (éclairage indirect uniquement), ne dépassant pas l'acrotère. Panneaux publicitaires visibles depuis la RN154 interdits. (page 41)"
"48.1168937683105, -2.87589263916016",48.1168937683105,-2.87589263916016,2026-06-11T16:17:16,2025-09-30,Saint-Gérand,245614433,Aa,AA,openrouter/owl-alpha,https://www.geoportail-urbanisme.gouv.fr/api/document/download-by-partition/DU_245614433/file/245614433_reglement_20250930.pdf,,"Pas de réglementation spécifique pour le secteur Aa. Pour les constructions à vocation d'habitation (Aa et Ab) : RDC+1+combles. Pour les autres destinations en Aa et Ab : hauteur non réglementée. Pour les STECAL : Ah = R+1+combles (6m annexes), Ai = 15m, Al = R+1 ou R+combles, Agv = 6m.",100-101,,Pas de réglementation pour les secteurs Aa et Ab (sauf extensions d'habitations existantes). Pour les STECAL : Ah = 30% de l'unité foncière (neuf) / 50% (extension ≤100m² ES) ou 40% (>100m² ES) ; Ai = 40% ; Al = 20% + limites absolues par STECAL ; Agv = 5%.,100-101,"Implantation au-delà des marges de recul figurant aux documents graphiques. Le long des routes départementales, accord préalable du gestionnaire de voirie requis. Le long des autres voies, implantation libre. Recul minimal de 50m du canal de Nantes à Brest, 35m du Blavet et de l'Oust, 35m de l'axe des autres cours d'eau pour les nouvelles constructions artificialisant le sol.",99,"Implantation soit en limite séparative, soit à une distance au moins égale à la moitié de la hauteur à l'égout de toiture, sans pouvoir être inférieure à 3m. Les bâtiments d'élevage et fosses à l'air libre doivent respecter une marge d'isolement par rapport aux zones U et AU selon la réglementation spécifique.",100,Limitation de l'imperméabilisation des sols et favorisation de l'infiltration des eaux pluvaires. Conservation des plantations existantes d'essences locales ou plantation d'essences locales variées. Traitement paysager des abords des constructions. Les aires de stockage ou de dépôt doivent être masquées par une trame végétalisée. Plantations d'essences locales en accompagnement des bâtiments agricoles et à vocation économique.,103-104,,,Le stationnement doit être assuré en dehors des voies publiques. Les aires de stationnement doivent être réalisées sur l'unité foncière concernée. Les aires ouvertes au public doivent présenter un revêtement perméable ou semi-perméable. Nombre de places minimum détaillé en annexe 1.,105,"Exploitation agricole (constructions et installations nécessaires à l'exploitation agricole, CUMA, transformation/conditionnement/commercialisation des produits agricoles en prolongement de la production - avis CDPENAF requis) | Logements de fonction (neufs ou évolution de bâtiments existants) si strictement nécessaires, ≤50m d'un ensemble bâti ou du corps principal de l'exploitation, 1 seul logement par exploitation (sauf formes sociétaires) | Locaux de permanence (≤35m², incorporés ou en extension du corps principal) | Changement de destination de bâtiments existants repérés au règlement graphique (logement, bureau, hébergement touristique, restauration, artisanat et commerce de détail sous conditions) | Constructions et installations nécessaires à la transformation, au conditionnement et à la commercialisation des produits agricoles (en prolongement de la production, avis CDPENAF) | Constructions et installations nécessaires à la sécurité, gestion ou ouverture au public des espaces | Constructions et installations nécessaires aux locaux techniques et industriels des administrations publiques et assimilés | Infrastructures routières et ouvrages connexes d'intérêt public | Installations d'intérêt collectif à usage de loisir et aménagements légers | Abris pour animaux démontables (hauteur <2m, emprise <10m²) | Affouillements et exhaussements intégrés paysagèrement et nécessaires | Installations solaires photovoltaïques au sol en tant que constructions industrielles de production d'énergie (sous-destination 'locaux techniques et industriels des administrations publiques et assimilés')",Exploitation forestière | Hébergement (destination) | Artisanat et commerce de détail (sauf changement de destination de bâtiments existants repérés) | Restauration (sauf changement de destination de bâtiments existants repérés) | Commerce de gros | Activités de services avec accueil de clientèle (sauf changement de destination de bâtiments existants repérés) | Hébergement hôtelier et touristique (sauf changement de destination de bâtiments existants repérés) | Cinéma | Industrie | Entrepôt | Bureau (sauf changement de destination de bâtiments existants repérés) | Centre de congrès et d'exposition,Règle de réciprocité (article L111-3 du code rural) : les nouvelles constructions à usage non agricole doivent respecter les distances d'éloignement imposées aux bâtiments agricoles vis-à-vis des habitations (réglementation sanitaire départementale). | Avis conforme de la CDPENAF requis pour les constructions de transformation/conditionnement/commercialisation des produits agricoles et pour le changement de destination en zone A (hors secteurs Ah et Al). | Interdiction d'ouvrir des voies privées non directement liées et nécessaires aux occupations autorisées. | Interdiction du stationnement des caravanes (hors secteur Agv). | Les bâtiments d'élevage doivent respecter les marges d'isolement réglementaires par rapport aux zones U et AU. | Les installations solaires photovoltaïques au sol ne sont autorisées en zone A que si elles relèvent de la sous-destination 'locaux techniques et industriels des administrations publiques et assimilés' (production d'énergie).
"45.8776893615723, 4.90614318847656",45.8776893615723,4.90614318847656,2026-06-11T16:18:31,2025-06-06,Mionnay,01248,1AUe,,openrouter/owl-alpha,https://www.geoportail-urbanisme.gouv.fr/api/document/download-by-partition/DU_01248/file/01248_reglement_20250606.pdf,,,,,,,,,,,Tout projet doit garantir un battement qualitatif minéral et/ou végétal des espaces communs.,Page 80,,,Les aires de stationnement sont autorisées dans la mesure où celles-ci sont directement liées et nécessaires à l'usage d'activité de la zone.,Page 80,"Constructions à usage d'activités artisanales, industrielles, d'entrepôt, de bureaux et de services | Activités commerciales liées à une activité de production située en zone 1AUE (magasin d'usine, showroom) avec surface de vente ≤ 300 m² | Commerces inter-entreprises (Business to Business) exclusivement réservés aux entreprises | ICPE soumises à déclaration et à autorisation, compatibles avec les activités autorisées de la zone | Logements de gardiennage (terrain > 5 000 m², intégrés au volume principal, 1 seul par terrain, surface de plancher max 100 m²)",Habitations (sauf celles autorisées à l'article 2) | Exploitations agricoles | Dépôts de substances toxiques ou dangereuses à l'air libre | Commerces (sauf ceux autorisés à l'article 2),"ICPE soumises à déclaration et à autorisation autorisées si compatibles avec les activités de la zone | Conditions cumulées d'urbanisation : desserte et équipements suffisants (voirie, accès, réseaux, assainissement), compatibilité avec les orientations d'aménagement du secteur, non-compromission de l'aménagement cohérent du secteur | Obligation de structurer l'espace par un maillage fonctionnel cohérent avec le secteur et le maillage préexistant | Obligation de prendre en compte la morphologie des espaces urbains environnants"
"48.22866689690652, 4.089394298965852",48.22866689690652,4.089394298965852,2026-06-11T16:18:40,2022-07-11,Saint-Léger-près-Troyes,10344,UY,UY,openrouter/owl-alpha,https://www.geoportail-urbanisme.gouv.fr/api/document/download-by-partition/DU_10344/file/10344_reglement_20220711.pdf,,,,,,,,,,,,,,,"Article UY7 : Stationnement motorisé et vélos hors voies publiques selon les principes minima par destination. Toute tranche de calcul débutée arrondie à la tranche supérieure. Stationnement vélos = moitié du nombre de places motorisées. Aires de manœuvre, chargement/déchargement hors domaine public. Aires de stationnement et d'évolution des poids lourds à l'intérieur des parcelles en fonction des activités. Portails conseillés en retrait de l'alignement (place de midi). En cas de plusieurs destinations, le plus grand nombre de stationnement demandé fait office de minimum exigé.",Page 43,"Artisanat | Industrie, entrepôt | Commerces | Hôtel-restaurant | Bureaux, services, professions libérales | Maison d'habitation – logement individuel",,"Les aires de manœuvre, de chargement et de déchargement doivent être assurées en dehors du domaine public (art. UY7.1.5) (Page 43) | Les aires de stationnement et d'évolution des poids lourds doivent être prévues à l'intérieur des parcelles en fonction des activités (art. UY7.1.6) (Page 43) | Toute construction ou occupation du sol doit être desservie par une voirie suffisante ; en cas de création de voie nouvelle, elle doit permettre l'accès aux services de secours et de lutte contre l'incendie (art. UY8.1.1 et 8.1.2) (Page 44) | Les voies en impasse doivent être aménagées à leur extrémité pour permettre aux véhicules de lutte contre l'incendie ou de ramassage des ordures de tourner (art. UY8.1.3) (Page 44) | Les installations industrielles ne doivent rejeter dans le réseau public d'assainissement que les effluents pré-épurés conformément aux dispositions réglementaires en vigueur (art. UY9.3.3) (Page 45) | Les eaux pluviales des surfaces consacrées au stationnement et aux circulations autres que piétonnes doivent faire l'objet d'un pré-traitement avant rejet et être récupérées et infiltrées sur le terrain d'assise (art. UY9.4.3) (Page 45)"
"48.69236644136862 , 5.922400829895903",48.69236644136862,5.922400829895903,2026-06-11T16:18:41,2026-01-29,Toul,200070563,A,A,openrouter/owl-alpha,https://www.geoportail-urbanisme.gouv.fr/api/document/download-by-partition/DU_200070563/file/200070563_reglement_20260129.pdf,,,,,,,,,,,,,,,,,"Constructions et installations nécessaires à l'exploitation agricole ou au stockage et à l'entretien de matériel agricole par les coopératives d'utilisation de matériel agricole agréées | Constructions, installations, extensions ou annexes aux bâtiments d'habitation | Changements de destination et aménagements sous conditions",,Les constructions et installations nécessaires à l'exploitation agricole sont autorisées sous conditions (page 5) | Les changements de destination de bâtiments existants sont possibles dans les zones agricoles dès lors que ce changement ne compromet pas l'exploitation agricole ou la qualité paysagère du site (page 6) | Les clôtures liées à l'activité agricole ne sont pas soumises à déclaration préalable dans les zones naturelles et agricoles (page 8)
"48.732116477566365,  3.9166923231675",48.732116477566365,3.9166923231675,2026-06-11T16:18:45,2024-02-15,Connantre,51165,1AUY,,openrouter/owl-alpha,https://www.geoportail-urbanisme.gouv.fr/api/document/download-by-partition/DU_51165/file/51165_reglement_20240215.pdf,15 mètres,constructions nouvelles à usage d'activités et agricoles,Page 32,65 %,de la superficie de l'unité foncière,Page 31,Toutes les constructions doivent être implantées à 5 mètres au moins de l'alignement des voies de desserte.,Page 30,"Implantation soit sur une (ou les) limite(s) séparative(s), soit en retrait : distance D ≥ H/2 avec 3 mètres minimum.",Page 30,"10% minimum de l'unité foncière en espaces verts avec bosquets d'essences locales. Aires de dépôt, stockage et stationnement PL/VL dissimulées par haies vives. 1 arbre haute tige/100m² non construit ; 1 arbre haute tige/50m² de stationnement.",Page 34,1 place PL pour 2000-5000m² ; 2 places PL pour 5000-10000m² ; 3 places PL minimum pour >10000m²,1 place VL par logement + 1 place deux roues ; 1 place VL/30m² SHON (bureaux/services) ; 1 place VL/40m² (commerces) ; 1 place VL/80m² (artisanat/industrie) ou 2 places VL/200m² pour les entrepôts ; 1 emplacement vélos 1m²/50m²,Le stationnement doit être assuré en dehors des voies publiques. Les aires doivent permettre les manœuvres de chargement/déchargement hors voies publiques.,Page 33-34,"commerce | artisanat | entrepôts commerciaux | bureaux | services | industrie | entrepôts industriels | installations classées pour la protection de l'environnement (déclaration, enregistrement, autorisation) | installations agricoles | dépôts ouverts liés à l'activité | constructions d'habitation pour direction/surveillance/gardiennage (intégrées au volume, max 100m²)",constructions de toute nature non autorisées à l'article 1AUY 2 | dépôts ouverts non liés à l'activité,"Les aires de dépôt, stockage et stationnement des poids lourds et véhicules utilitaires doivent être dissimulées par des haies vives. (Page 32) | Les manœuvres de chargement et de déchargement doivent pouvoir être effectuées hors des voies ou espaces publics. (Page 33) | Les accès doivent satisfaire aux besoins de desserte : carrossabilité, défense contre l'incendie, protection civile, brancardage, enlèvement des ordures ménagères. (Page 29) | Voies nouvelles : largeur minimale plate-forme 10m, chaussée 6m, retournement circulaire rayon 11m minimum en impasse. (Page 29) | Les constructions à usage d'habitation sont limitées à 100m² de surface de plancher et doivent être intégrées au volume des bâtiments d'activités. (Page 28) | Les constructions sont implantées au fur et à mesure de l'avancement des réseaux. (Page 28) | Secteur de protection contre le bruit des infrastructures de transport : isolement acoustique conforme requis. (Page 28) | Eaux résiduaires industrielles : rejet soumis à accord de la Mairie pour le réseau public. (Page 30) | Aucun rejet des eaux pluviales dans le réseau collectif d'eaux usées n'est admis. (Page 30)"
"48.7862586975098, 4.19621753692627",48.7862586975098,4.19621753692627,2026-06-11T16:19:00,2021-12-16,Bussy-Lettrée,51099,UVb,UVB,openrouter/owl-alpha,https://www.geoportail-urbanisme.gouv.fr/api/document/download-by-partition/DU_51099/file/51099_reglement_20211216.pdf,20 mètres à l'acrotère ou à l'égout du toit en ZAC 1 ; 50 mètres en ZAC 2,"Les constructions dont la fonction nécessite l'édification en bordure de voie publique (poste de garde, postes privés de gaz ou d'électricité…) sont limitées à 5 mètres. Les dispositifs techniques ne sont pas pris en compte. Pas de hauteur réglementée dans le secteur UVd hormis les limites de sécurité aérienne.",Page 26,,pas de réglementation,,"ZAC 1 : implantation entre 15 m minimum et 20 m maximum par rapport à l'emprise publique du mail principal (RD 777) ; 8 m minimum et 12 m maximum par rapport aux voiries secondaires et tertiaires. ZAC 2 : 15 m minimum par rapport au mail principal (RD 777) ; 8 m minimum par rapport aux voiries secondaires et tertiaires. Le long des bassins : recul minimal de 10 m par rapport au domaine public. Non réglementé dans le secteur UVd. Exception : constructions dont la fonction nécessite l'édification en bordure de voie publique (poste de garde, etc.).",Page 24-25,"Les constructions peuvent être implantées sur la ou les limites séparatives. Sinon, la distance minimale est égale à la moitié de la hauteur de la construction, sans pouvoir être inférieure à 5 mètres dans le secteur UVb. Non réglementé dans le secteur UVd.",Page 25,"En dehors du secteur UVd, les surfaces libres de toute construction, aires de stockage, stationnement ou circulation doivent être végétalisées (arbres, arbustes, etc.) en privilégiant les essences locales.",Page 26-27,,,"Le stationnement des véhicules (voitures, camions, véhicules utilitaires, deux-roues) doit correspondre aux besoins des constructions et installations autorisées et être assuré en-dehors des voies publiques. Des aires suffisantes doivent être prévues pour l'évolution des véhicules de livraison, de services et de sécurité.",Page 27,"Activités industrielles | Activités logistiques | Activités commerciales | Activités de services | Embranchable fer (pour partie) | Constructions destinées à l'habitation pour le logement de personnes nécessaires au gardiennage, surveillance ou direction des établissements de la zone, intégrées aux constructions admises | Dépôts de véhicules neufs ou d'occasion (≥ 10 unités) destinés à la vente, location ou réparation | Activités de démantèlement, recyclage ou déconstruction (sous conditions : pas de pollution des sols, insertion dans l'environnement) | Aérogénérateurs et panneaux photovoltaïques intégrés dans les constructions d'activité (panneaux photovoltaïques seuls autorisés sur délaissés) | Affouillements et exhaussements de sol liés à la réalisation d'une construction ou équipement admis","Constructions destinées à l'exploitation agricole ou forestière | Ouverture et exploitation de carrières | Parcs ou terrains de sports ou de loisirs | Terrains de camping, parcs résidentiels, habitations légères de loisirs | Garages collectifs de caravanes ou résidences mobiles de loisirs | Stationnement de caravanes isolées | Dépôts extérieurs de matériaux à ciel ouvert (sauf en UVd) | Installations de stations radio-émettrices pouvant brouiller l'aviation civile","Plan d'Exposition au Bruit (PEB) de Châlons-Vatry approuvé le 3 mars 1999 (document 5.c) | Périmètres d'isolement des ICPE XPO LOGISTICS et VEOLOG n°2 (document 5.c) | Périmètre de protection éloigné du captage d'alimentation d'eau potable de Vassimont-Chapelaine (document 5.a) | Accès directs par la RD 977 et à partir du mail principal (RD 777) interdits sauf pour installations nécessaires aux services publics | Accès ne doivent pas être situés à moins de 17 m d'une intersection de voie ou d'un rond-point | Accès doivent permettre l'accès des poids lourds sans manœuvre sur la voie publique | Voies nouvelles en impasse doivent permettre le demi-tour des véhicules | Eaux usées non domestiques : dispositif de traitement des effluents adapté à la nature de l'activité avant rejet dans le réseau public | Eaux de ruissellement des aires d'évolution et de stationnement : évacuation après traitement par le réseau public d'eau pluviale | Chaque pétitionnaire doit assurer la défense incendie propre à son activité | Activités grandes consommatrices d'eau : dispositifs techniques d'alimentation à prévoir | Stockage des déchets interdit sur l'ensemble des terrains | Ordures domestiques stockées dans un enclos en harmonie avec les bâtiments | Flux lumineux dirigés vers le ciel interdits | Clôtures : grillage métallique rigide doublé éventuellement d'une haie, hauteur max 2 m hors bas-volets, en limite du domaine public (sauf le long du domaine public de l'aéroport et voies de service, ou impératifs liés à la nature de l'activité ou à la sécurité) | Aléa faible de retrait-gonflement des argiles"
"47.7186012268066, 1.50938057899475",47.7186012268066,1.50938057899475,2026-06-11T16:19:43,2025-11-20,Mer,200055481,UXi,UXI,openrouter/owl-alpha,https://www.geoportail-urbanisme.gouv.fr/api/document/download-by-partition/DU_200055481/file/200055481_reglement_20251120.pdf,20 mètres à l'égout du toit ou à l'acrotère,Hauteur prise au point médian de chaque façade par rapport au terrain naturel,Page 108,70 % de la superficie de l'unité foncière,Y compris les annexes,Page 108,"Implantation en retrait minimum de 5 mètres par rapport aux voies et emprises. Exceptions possibles : cohérence architecturale avec l'existant, extension/réfection/adaptation d'existant, équipements d'intérêt public, proximité d'arbres de qualité paysagère/écologique, élément recensé au règlement graphique. Débord autorisé jusqu'à 35 cm à compter de l'alignement pour isolation extérieure, végétalisation des façades ou gestion des eaux pluviales (gouttières).",Page 107,"Implantation en retrait par rapport aux limites séparatives avec une distance minimale de 5 mètres. Exceptions : constructions de moins de 20 m² d'emprise au sol, ouvrages enterrés, constructions nécessaires aux services publics ou d'intérêt collectif (retrait minimum 1 mètre), annexes (implantation en limite séparative acceptée). Autres exceptions admises : impossibilité technique, proximité d'arbres, élément recensé au règlement graphique, cohérence architecturale, extension/réfection/adaptation d'existant.",Page 108,"Coefficient de Biotope par Surface (CBS) minimum de 0,5 en UXi. En cas d'impossibilité technique avérée : surface végétalisée au moins égale à 40% des espaces libres de construction avec épaisseur d'au moins 80 cm. Plantation ou maintien d'arbres de haute tige à raison d'1 arbre minimum pour 100 m² d'espace de pleine terre. Les marges d'isolement par rapport aux limites séparatives doivent être majoritairement végétalisées avec traitement paysager qualitatif. Pour activités avec nuisances visuelles (dépôts, stockage extérieurs) : plantation d'arbres formant écran visuel sur les marges d'isolement. Tout arbre de haute tige mature doit être conservé sauf état sanitaire défavorable, impossibilité d'implantation différente ou essence allergène.",Pages 112-113,,,"Stationnement à assurer en dehors des voies de desserte. Pour les constructions destinées aux 'Autres activités des secteurs primaire, secondaire ou tertiaire', réalisation d'un espace de stationnement correspondant aux besoins des constructions. La mutualisation des espaces de stationnement sera recherchée le plus possible en UXi. Places automobiles : longueur min 5 m, largeur min 2,5 m. Aires de +4 places : au moins 1 place PMR (longueur 5 m, largeur 3,30 m, pente <2%). Revêtements perméables privilégiés. En cas d'impossibilité technique de stationner sur la même parcelle, stationnement possible sur unité foncière proche.",Pages 113-114,"Industrie (autorisée en UXi) | Entrepôts (autorisés en UXi) | Artisanat et commerce de détail (autorisés en UXi) | Restauration (autorisée en UXi sous condition de constituer une offre de services aux travailleurs de la zone) | Commerce de gros (autorisé en UXi) | Activités de services avec accueil de clientèle (autorisées en UXi) | Logements de fonction destinés au gardiennage de l'activité, intégrés dans le volume des bâtiments d'activités","Exploitations agricoles | Exploitations forestières | Logements (sauf logements de fonction de gardiennage intégrés) | Hébergement | Hôtels | Autres hébergements touristiques | Cinéma | Locaux et bureaux accueillant du public des administrations publiques | Locaux techniques et industriels des administrations publiques | Etablissements d'enseignement, de santé et d'action sociale | Salles d'art et de spectacles | Equipements sportifs | Autres équipements recevant du public | Bureaux | Centres de congrès et d'exposition | Cuisine dédiée à la vente en ligne | Terrains de camping et stationnement de caravanes | Parcs résidentiels de loisirs | Habitations légères de loisirs | Dépôts sauvages de ferraille, déchets | Carrières, gravières et mines | Activités incompatibles avec le caractère de la zone (nuisances : bruits, odeurs, fumées, trafic de véhicules)","Interdiction de l'emploi de tôle brute ou galvanisée, non peinte en usine, en façade et en toiture en UXi (Page 109) | Les affouillements et exhaussements de sol sont autorisés sous conditions : nécessaires pour ouvrages/constructions autorisés, liés à équipements d'intérêt général, n'augmentent pas le risque de ruissellement ou d'inondation (Page 106) | Les extensions, réfection, adaptation et changement de destination de constructions existantes sont autorisés sous réserve de ne pas entraîner de dangers ni incompatibilités avec le caractère de la zone (bruits, odeurs, fumées, trafic de véhicules, santé, sécurité, salubrité publique) (Page 106) | Les constructions doivent être compatibles avec les Orientations d'Aménagement et de Programmation (OAP) et conformes aux dispositions du PPRi (Plan de Prévention des Risques d'inondation) (Page 106) | En zones soumises au risque inondation, les murs de soutènement verticaux de plus de 2 mètres sont interdits sauf talus végétal (pente 45°) ou murs verticaux successifs de moins de 2 m espacés de plus de 1 m (Page 108) | L'ensemble du territoire est soumis au risque retrait-gonflement des argiles – à prendre en compte dès la conception du projet (Page 104) | Les eaux résiduelles provenant des industries et commerces/activités de services doivent être soumises à prétraitement avant rejet dans le réseau collectif d'assainissement, suivant la nature des effluents (Page 115) | Gestion des eaux pluviales par infiltration à la parcelle prioritaire. En cas d'eaux pluviales polluées, mise en œuvre d'installations de collecte, stockage et traitement avant rejet au réseau (Page 115) | Les accès débouchant sur les voies doivent être aménagés en fonction de l'importance du trafic pour éviter contraintes et dangers pour la circulation générale (Page 114) | Les voies à créer doivent présenter une largeur minimale de 4 m (emprise totale) ou 5,5 m si longueur supérieure à 50 m. Voies à sens unique : largeur minimale 3 m. Limiter les voies en impasse, favoriser la mutualisation des voies existantes (Page 114-115) | Les aires de stationnement ouvertes au public, les infrastructures routières et leurs accessoires, et les installations nécessaires aux équipements publics liés aux réseaux divers sont autorisés sous réserve de ne causer aucun danger, nuisance ou insalubrité (Page 107) | En limite de zones naturelles (N) ou agricoles (A), les clôtures doivent être constituées de grillages doublés de haies indigènes (Page 110) | Les composteurs, citernes, espaces de stockage des conteneurs à déchets et récupérateurs d'eau doivent être dissimulés de la voie publique (Page 111) | Au sein des zones humides, les mouvements de terre et les stockages de matériaux sont interdits (Page 113)"
"47.9722911973024, 2.7818069183574217",47.9722911973024,2.7818069183574217,2026-06-11T16:19:59,2026-03-03,Amilly,244500203,Ux,UX,openrouter/owl-alpha,https://www.geoportail-urbanisme.gouv.fr/api/document/download-by-partition/DU_244500203/file/244500203_reglement_20260303.pdf,15 mètres (hors Uxt : 7 mètres),"Hormis en sous-secteur Uxt où la hauteur maximale est fixée à 7 mètres. En cas de bâtiment existant sur l'unité foncière d'une hauteur supérieure à 15 m, la hauteur de la construction ne doit pas dépasser la hauteur absolue du bâtiment existant.",75,,,,Les façades des constructions doivent être implantées en retrait d'au moins 3 mètres de l'alignement ou de la limite qui s'y substitue.,74,"En retrait de 15 mètres minimum des limites séparatives jouxtant une zone à vocation résidentielle (portée à 3 mètres pour les constructions à destination de commerce et en secteur Uxt). Dans les autres cas : soit en retrait de 5 mètres minimum, soit sur la limite sous réserve de répondre aux prescriptions de sécurité incendie.",74,Surfaces libres non affectées aux voiries et stationnements végétalisées sur au moins 20 %. Aires de stationnement de plus de 10 places : 1 arbre pour 4 places. Partie de terrain libre entre voie publique et construction végétalisée. Emplacements déchets masqués par haies arbustives.,76,,,"1 place pour 40 m² de surface de plancher OU 0.75 place par emploi salarié (solution la plus favorable). Commerces : 8 places pour 100 m² de surface de vente. Habitation : 1 place par logement (2 places à partir de 80 m²). Aires de stationnement, d'évolution, de chargement et de déchargement à l'intérieur du terrain, dimensionnées selon besoins. Cycles : 1 m² pour 100 m² de SDP (ou 1 m² pour 10 emplois si SDP ≥ 1 000 m²).",77,Industrie | Entrepôt | Bureau | Artisanat et commerce de détail (sous conditions en Uxt) | Commerce de gros | Activités de services accueil clientèle | Restaurants (sous condition de SDP > 300 m² dans certaines ZAE) | Hébergement hôtelier et touristique | Cinéma | Centre de congrès et d'exposition | Cuisine dédiée à la vente en ligne | Equipements d'intérêt collectif et services publics | Logement (si lié et nécessaire aux usages de la zone),"Exploitation agricole et forestière | Terrains aménagés pour accueil de campeurs et caravanes | Stationnement isolé de caravanes plus de 3 mois | Affouillements et exhaussements (sauf nécessaires aux usages de la zone ou infrastructures routières/autoroutières) | En secteur Uxt : seuls admis constructions artisanales, commerces de détail et bureaux","Interdiction des constructions présentant un aspect extérieur attirant excessivement l'attention des usagers de l'autoroute (matériaux brillants, réverbération, éblouissement) – page 75 | Les constructions et installations non liées à l'activité autoroutière ne peuvent pas rejeter leurs eaux pluviales dans le réseau ou ouvrages de gestion liés à l'autoroute, sauf accord exprès du gestionnaire – page 79 | Servitude de passage de 6 mètres le long des cours d'eau non domaniaux (article X, dispositions générales) – page 10 | Prise en compte des risques ICPE : établissement CAPROGA à Chalette-sur-Loing (zones d'effet 50 à 97 m pour silos, 20 m pour dépôt d'engrais) ; silo CAPROGA à Corquilleroy (distance ≥ 1× hauteur du silo, minimum 25 m) – pages 10-11 | Anciens terrains SAINT-GOBAIN à Chalette-sur-Loing : seules autorisées constructions industrielles, artisanales et commerciales sans étude d'impact sanitaire – page 11 | PPRI Loing Aval et Ouanne applicables en sus du règlement – page 72 | Risques de retrait-gonflement des sols argileux, remontée de nappes, cavités souterraines – page 72"
"49.235515194713415, 6.149396114380305",49.235515194713415,6.149396114380305,2026-06-11T16:20:55,2025-01-27,Talange,57663,UXc,UXC,openrouter/owl-alpha,https://www.geoportail-urbanisme.gouv.fr/api/document/download-by-partition/DU_57663/file/57663_reglement_20250127.pdf,,,,,,,,,,,,,,,,,,,
"46.8557597153336, 1.73934521975706",46.8557597153336,1.73934521975706,2026-06-12T10:50:13,2025-09-30,Montierchaume,243600327,Uy2,UY,openrouter/owl-alpha,https://www.geoportail-urbanisme.gouv.fr/api/document/download-by-partition/DU_243600327/file/243600327_reglement_20250930.pdf,non précisé,non précisé,non précisé,non précisé,non précisé,non précisé,non précisé,non précisé,non précisé,non précisé,non précisé,non précisé,non précisé,non précisé,non précisé,non précisé,,,
"55 Avenue De La Haute Borne, 95310 Saint-Ouen-l'Aumône, France",49.03843556515221,2.1494371287193985,2026-06-12T14:45:43,2025-11-27,Saint-Ouen-l'Aumône,95572,UJg,UJ | 1AU et en | A | AU | N | U | UA qui | UB | UC qui | UG qui | UJ qui | UL | AU n | UA | ne | non | UA est | UB est | UC | UC est | UE | UE sont | UE est | UG | UG est | UJ est | UJ sous | UJd | UG et UB,openrouter/owl-alpha,https://www.geoportail-urbanisme.gouv.fr/api/document/download-by-partition/DU_95572/file/95572_reglement_20251127.pdf,20 mètres,"Hauteur maximale zone UJ (sauf UJa, UJb, UJe, UJf). Limitée à 14 m dans une bande de 30 m donnant sur la berge de l'Oise. Hauteur des dépôts à l'air libre ne peut dépasser 5 m.",165,Définie au document graphique N°5.2,L'emprise au sol des bâtiments s'apprécie au regard du total des lots détenus par le pétitionnaire en copropriété. Sauf équipements d'intérêt collectif et services publics.,164-165,"Marge de recul de 10 m pour les voies principales (avenue des Béthunes, avenue de la Haute-Borne, avenue du Fief, avenue du Fond de Vaux, avenue Marcel Dassault, avenue des Bellevues, rue de Paris, TCSP). Marge de recul de 5 m pour les autres voies. Se référer aux marges de recul pour A15 et RN184.",162-163,"Implantation possible en limite séparative sous condition de former un ensemble architectural cohérent, sans baies sur limites. Sinon, marge d'isolement L ≥ H/2 avec minimum 6 m. Marge spéciale d'isolement de 10 m en limites des zones d'habitat (UG et UB). Aucune façade de quais de déchargement en vis-à-vis ou à moins de 20 m des limites séparatives des zones UG et UB.",163-164,"20 % minimum de la superficie totale de l'unité foncière en espaces verts de pleine terre (15 % en UJg car identifié comme secteur UJa/UJb/UJd dans le texte, mais UJg n'étant pas listé parmi les secteurs avec réduction, la proportion de 20 % s'applique). Plantation d'1 arbre de haute tige pour 100 m² de pleine terre. 1 arbre de haute tige pour 4 places de stationnement en aérien. Marges de recul paysagères avec 1 arbre de haute tige pour 100 m². Coefficient de compensation possible (max 20 % de la surface exigée).",168-171,"1 place PL par 1000 m² de surface de plancher (artisanat, industrie, entrepôt). Les quais de chargement pourront être compris dans la norme exigible.",Artisanat : 1 place VL/100 m² jusqu'à 1000 m² puis 1/150 m² au-delà. Industrie : 1 place VL/100 m² jusqu'à 1000 m² puis 1/150 m² au-delà. Entrepôt : 1 place VL/150 m² jusqu'à 7000 m² puis 1/200 m² au-delà. Commerce de détail : 1 place VL/30 m². Commerce de gros avec activité de détail : 1 place VL/50 m². Bureaux : 1 place VL/55 m². Restauration : 1 place VL/10 m² de salle.,Stationnement à réaliser sur le terrain d'assiette. Les quais de chargement pourront être compris dans la norme exigible. Distinction PL et VL selon les sous-destinations.,173-175,"Industrie | Bureau | Entrepôts (sous conditions : nécessaires à une activité de production sur le site) | Cuisine dédiée à la vente en ligne | Centre de congrès et exposition | Activités de service avec accueil d'une clientèle | Artisanat et commerce de détail | Restauration | Commerce de gros | Logement (uniquement liés aux fonctions de surveillance et de gardiennage, limité à 70 m² SDP, 1 seul logement par unité foncière) | Equipements d'intérêt collectif et services publics","Constructions nouvelles à usage d'entrepôts sauf si nécessaires à une activité de production sur le site | Aires de stockage, d'entreposage non liées à une activité de production ou de transformation sur site (en UJd, UJe, UJf, UJh) | Dépôts de toute nature en vitrine le long de la RN184 (ferrailles, épaves, matériaux, stockages non couverts, quais de déchargement) | Installations classées soumises à autorisation ou enregistrement (en UJe et UJf) | Caravanes et camping | Ouverture et exploitation de carrières","PPRT (Plan de Prévention des Risques Technologiques) de la société Ampère applicable sur une partie de la zone UJ (annexe 9 du PLU) | Risques technologiques de la distillerie Hauguel (arrêté préfectoral d'autorisation du 29 août 1980, complété en 2008 et 2020) | PPRI de la Vallée de l'Oise : zones bleues, turquoises, vertes et jaunes – la règle la plus restrictive s'impose | Périmètres d'attente de projet d'aménagement global (PAPAG) : interdiction des constructions nouvelles ou extensions > 20 m² de surface de plancher pour 5 ans | Fuseau d'étude du projet A104 : aucun aménagement susceptible de compromettre le projet | Marges de recul L.111-6 et L.111-8 le long de l'A15 et de la RN184 | Interdiction de créer des accès sur la RN184 | Obligation de gestion des eaux pluviales à la parcelle (infiltration et/ou stockage-évacuation) | Prétraitement des eaux de ruissellement (débourbage/déshuilage) pour parkings > 1000 m² et voiries | Obligation de performance énergétique : constructions > 500 m² d'emprise au sol doivent respecter l'article L.111-19-1 du Code de l'urbanisme (dispositifs de production d'énergie renouvelable ou végétalisation) | Interdiction des pylônes et masts de télécommunication à moins de 300 m des Monuments Historiques et 180 m du sommet de la berge de l'Oise | Servitudes d'utilité publique (canalisations de gaz, risques carrières souterraines, pollution des sols – sites SIS, BASOL, BASIAS) | Nuisances sonores : isolation acoustique obligatoire pour les bâtiments d'habitation, d'enseignement, de santé à proximité des infrastructures de transport terrestre"
"Rue Zi D'outreville, 60540 Bornel, France",49.201749558259365,2.222354957028216,2026-06-12T14:52:54,2026-02-26,Bornel,60088,UE,UE | UE ne | UE L | UE Sont | UE La | UE Les | UE de,openrouter/owl-alpha,https://www.geoportail-urbanisme.gouv.fr/api/document/download-by-partition/DU_60088/file/60088_reglement_20260226.pdf,UEa : 13 m au faîtage ; UEc : 9 m au faîtage ; reste de la zone UE : 15 m au faîtage,"La hauteur est mesurée au faîtage depuis le sol naturel. Les ouvrages indispensables de faible emprise (souches, locaux techniques, garde-corps, acrotère) ne sont pas pris en compte. Pour les extensions/changements de destination de constructions existantes plus hautes, la hauteur ne pourra excéder celle du bâtiment existant. Un dépassement peut être autorisé pour raisons techniques ou fonctionnelles (château d'eau, cheminées, colonnes d'aération, réservoirs, clochers, etc.).",71,60 % de la surface totale du terrain,L'emprise au sol de l'ensemble des constructions ne doit pas dépasser 60 % de la surface totale du terrain. Cette règle ne s'applique pas aux équipements d'intérêt collectif et services publics si des contraintes techniques ou fonctionnelles le justifient.,71,UEa : constructions édifiées soit à l'alignement soit avec un retrait d'au moins 5 m par rapport à la voie ouverte à la circulation publique. Reste de la zone UE : retrait d'au moins 10 m par rapport à la VC n°3 et la rue du Menillet ; retrait d'au moins 5 m par rapport aux autres voies et emprises publiques. Aucun nouvel accès particulier n'est autorisé sur la VC n°3. Les dispositions ne s'appliquent pas aux extensions/réfections de constructions existantes si l'extension ne réduit pas le recul initial.,"71, 72, 76","UEa : distance des limites séparatives des parcelles situées en zone UA au moins égale à la demie-hauteur du bâtiment, sans jamais être inférieure à 3 m. Reste de la zone UE : marge minimale au moins égale à la demie-hauteur du bâtiment, sans jamais être inférieure à 3 m. Dans toute la zone UE : aucune construction à moins de 10 m des berges d'un cours d'eau. Distance entre deux constructions non contiguës sur un même terrain : au moins 4 m. Les dispositions ne s'appliquent pas aux extensions/réfections de constructions existantes si l'extension ne réduit pas le recul initial.",72,Les espaces paysagers de pleine terre doivent couvrir au moins 25 % de la surface totale du terrain (ou 20 % si le stationnement fait l'objet d'un revêtement alvéolaire semi-perméable). Les plantations doivent reprendre des essences locales. Les espaces libres après implantation doivent faire l'objet d'un traitement paysager. Les dépôts ou aires de stockage doivent être dissimulés par des haies vives ou des arbres.,74,non précisé,15 m² par place minimum,"Le stationnement doit être assuré hors voies et espaces publics sur le terrain d'assiette. Règles minimales : bureaux : 1 place / 25 m² de surface de plancher (min. 2 places) ; artisanat/commerce de détail/services avec accueil clientèle : 1 place / 25 m² (min. 2 places) ; restauration : 1 place / 10 m² (min. 2 places) ; hébergement hôtelier : 1 place par chambre ; entrepôts hors logistique : 1 place / 300 m² (min. 2 places) ; activités industrielles, logistique et commerce de gros : 1 place / 200 m². S'ajoutent les places pour camions, véhicules utilitaires et visiteurs. Places facilement accessibles, non enfilade, min. 15 m² par place VL. Bureaux neufs : espace réservé au stationnement sécurisé des vélos.","74, 75","Activités industrielles (hors UEa et UEc) | Activités artisanales | Commerces (surface de vente ≤ 300 m² en UEa, ≤ 1000 m² en UEc et reste de UE) | Services | Entrepôts hors logistique | Logistique (hors UEa et UEc) | Bureaux | Restauration | Hébergement hôtelier et touristique | Commerce de gros (hors UEa et UEc) | Logements de surveillance/entretien intégrés dans le volume des constructions autorisées (hors UEa)","UEa : constructions à usage d'habitation ; constructions à usage d'industrie et d'entrepôt de logistique ; commerces dont la surface de vente excède 300 m² | UEc : logements (sauf surveillance/entretien intégrés) ; constructions à usage industriel ; constructions à usage d'entrepôt et de logistique ; commerces dont la surface de vente excède 1000 m² | Reste de UE : logements (sauf surveillance/entretien intégrés) ; commerces dont la surface de vente excède 1000 m² | Toute la zone UE : constructions sur sous-sol ; exploitations agricoles ou forestières ; campings, parcs résidentiels de loisirs, habitations légères de loisirs, résidences mobiles de loisirs et caravanes ; ouverture et exploitation de carrières ; constructions incompatibles avec la vie de quartier (nuisances : bruit, poussière, odeurs, fumée, risques d'incendie/explosion, circulation/stationnement)","UEa : secteur soumis à pollution des sols avérée – interdiction des logements et des activités industrielles/logistiques ; les activités doivent être compatibles avec le voisinage en raison de la situation en cœur d'agglomération. | Interdiction de tout nouvel accès particulier sur la VC n°3 (p. 76). | Obligation d'espaces de stationnement pour camions et véhicules utilitaires en plus des places VL (p. 75). | Les accès doivent être adaptés aux exigences de sécurité, défense contre l'incendie et protection civile (p. 76). | Les impasses de plus de 30 m doivent permettre le demi-tour des véhicules (p. 76). | Les établissements produisant des eaux usées non domestiques non raccordées au réseau doivent disposer d'ouvrages de prétraitement et traitement adaptés (p. 76). | Gestion des eaux pluviales sur le terrain d'assiette, dimensionnées a minima pour une pluie de retour 20 ans (p. 76-77). | Présence d'eau dans le sol par endroit – risques d'infiltration : techniques de construction adaptées requises (p. 70). | Risques de retrait-gonflement des argiles – étude géotechnique obligatoire par un bureau d'études spécialisé (p. 70)."
"8 Rue Émile Zola, 60110 Méru, France",49.219711448475636,2.1317913796361267,2026-06-12T14:53:21,2026-02-09,Méru,60395,UI,UI | UI La,openrouter/owl-alpha,https://www.geoportail-urbanisme.gouv.fr/api/document/download-by-partition/DU_60395/file/60395_reglement_20260209.pdf,"10 m (12,50 m pour constructions à énergie positive ou exemplarité énergétique/environnementale)","Hauteur mesurée du sol naturel jusqu'au sommet du bâtiment. Dépassement de 25 % autorisé pour constructions à énergie positive ou exemplarité énergétique. Dépassement possible pour raisons techniques/fonctionnelles liées à l'activité (élévateur, trémie, pont roulant, colonne d'aération, réservoir, etc.)",p.81/236,Non réglementé,pas de réglementation,p.81/236,"Retrait minimum de 10 m par rapport à l'alignement de la voie desservant la construction (minimum 3 m pour les autres voies). Recul ramené à 5 m pour postes de gardiennage et constructions à usage d'habitation. Interdiction de construire à moins de 20 m de l'emprise de l'autoroute A16 et à moins de 10 m de l'emprise de la plate-forme SNCF (sauf quais de chargement, rampes d'accès et constructions liées à l'exploitation ferroviaire).",p.80/236,Marge minimale de 6 m par rapport aux limites séparatives. Dérogation possible pour équipements d'infrastructure/superstructure si contraintes techniques ou fonctionnelles justifiées.,p.80/236,pas de réglementation,non précisé,non précisé,non précisé,"Le stationnement doit être assuré hors voirie publique. Ratio selon usage : bureaux 1 place/60 m², hôtels 1 place/chambre + 1 place/10 m² restaurant, activités industrielles/artisanales 1 place/100 m², commerces 1 place/50 m², entrepôts 1 place/300 m². Espace vélos obligatoire pour bureaux neufs (1,5 % surface plancher).",p.83/236,"Constructions et installations à usage industriel, artisanal ou d'entrepôt (y compris ICPE soumises à autorisation ou déclaration) | Constructions à usage commercial si surface de vente < 1 000 m² (sauf extension ou démolition/reconstruction de commerces existants) | Extensions de constructions industrielles existantes générant des distances d'isolement ou activités connexes (transformation, conditionnement) | Constructions à usage de services nécessaires aux activités industrielles existantes (restaurant d'entreprise, salles de réunions) | Hôtels et restaurants (sous réserve d'insertion dans le site) | Constructions à usage de bureau | Extensions de constructions à usage d'habitation existantes (sans création de logement supplémentaire) et leurs annexes | Aires de stationnement ouvertes au public | Dépôts de véhicules | Postes de distribution de carburants et ateliers de réparation (liés aux activités autorisées, compatibles avec l'environnement) | Logements de fonction (surveillance, entretien, fonctionnement des établissements) | Constructions à usage socio-culturel, sportif, restauration, services (crèche, lingerie) liés aux activités autorisées | Ouvrages nécessaires à la gestion, entretien, surveillance des activités autorisées | Dépôts de matériaux liés aux activités autorisées | Constructions/installations/dépôts de l'exploitant ferroviaire | Constructions/installations/dépôts de clients ferroviaires sur emplacements dédiés (entreposage, stockage, conditionnement) | Équipements d'infrastructure liés à la voirie et réseaux divers (transformateurs, pylônes, réservoirs, postes de détente gaz, STEP, bassins de retenue) | Équipements publics ou d'intérêt général","Tout mode d'occupation ou d'utilisation non énuméré à l'article UI 2 | Dépôts incompatibles avec le caractère de la zone, la sécurité, la salubrité ou la commodité du voisinage","Accès direct à une voie ouverte à la circulation publique obligatoire pour être constructible (p.79/236) | Accès adaptés aux exigences de sécurité, défense incendie et protection civile (p.79/236) | Impasses > 40 m doivent permettre le demi-tour des véhicules (p.79/236) | Largeur minimale de chaussée : 6 m (3,50 m en sens unique) (p.79/236) | Raccordement au réseau collectif d'assainissement obligatoire si zone couverte (p.79/236) | Traitement des eaux pluviales à la parcelle (p.80/236) | Réseaux électriques en souterrain pour lotissements/ensembles avec voies nouvelles (p.80/236) | Espaces situés dans périmètres de protection ICPE soumis à dispositions particulières (annexe servitudes) (p.78/236) | Bâtiments à usage d'habitation, enseignement, santé, hébergement touristique dans secteurs affectés par le bruit : isolement acoustique minimum obligatoire (p.78/236) | Risque retrait-gonflement des argiles : étude géotechnique recommandée (p.78/236) | Dépôts et aires de stockage permanents ne doivent pas être visibles des voies publiques (p.83/236) | Citernes de gaz/fioul masquées ou non visibles de la voie publique (p.83/236) | Clôtures : hauteur max 2 m, matériaux et types réglementés selon localisation (p.82/236, p.83/236) | Raccordement au réseau Très Haut Débit obligatoire pour toute construction neuve (p.85/236) | Dérogation possible aux articles 3 à 13 pour ouvrages d'intérêt général ou de service public (p.78/236)"
"D 4e3, 95340 Persan, France",49.15187683848981,2.2505338700670734,2026-06-12T14:53:41,2024-07-15,Persan,95487,1AUIa,1AUI,openrouter/owl-alpha,https://www.geoportail-urbanisme.gouv.fr/api/document/download-by-partition/DU_95487/file/95487_reglement_20240715.pdf,15 m,Hauteur totale mesurée à partir du sol naturel projeté. Des dépassements ponctuels peuvent être autorisés pour les ouvrages tels que souches de cheminées. Ne sont pas soumis à ces règles les équipements publics ou d'intérêt général lorsque des nécessités techniques d'utilisation le justifient.,55,60 % de la surface du terrain,L'emprise au sol ne devra pas excéder 60 % de la surface du terrain.,55,"Toute nouvelle construction doit être édifiée à 6 m au moins de l'alignement des voies de desserte publique ou privée d'une emprise supérieure ou égale à 15 m, et à 3 m au moins de l'alignement des voies d'une emprise inférieure à 15 m. Par rapport à la RD4, un retrait de 20 m de l'axe de la voie devra être respecté. Par rapport à la RD301, un retrait de 25 m par rapport à l'alignement devra être respecté. Exemptions : équipements publics ou d'intérêt général liés à la voirie et aux réseaux divers, locaux destinés au stockage des déchets, modifications/transformations/extensions de bâtiments existants.",54,"Les constructions peuvent être implantées en limite séparative (sans baies dans ce cas) ou en retrait. En retrait, la largeur (L) des marges d'isolement est au moins égale à la hauteur (H) des constructions avec un minimum de 6 m. Cette largeur peut être réduite à H/2 avec un minimum de 3 m pour les parties de murs ne comportant pas de baies. Exemptions : équipements d'intérêt général ou liés à la voirie et aux réseaux divers, modifications/transformations/extensions de bâtiments existants sous réserve que les marges existantes ne soient pas diminuées.",55,"Les aires de stationnement doivent comporter 1 arbre de haute tige pour 4 places de stationnement (diamètre minimum 18/20). Des espaces plantés avec arbres de hautes tiges doivent être aménagés autour des parcs de stationnement de plus de 1 000 m² ; au-delà de 2 000 m², ils doivent être divisés par des rangées d'arbres ou de haies vives. Les limites parcellaires latérales et de fond de parcelle non bâties doivent être plantées de haies vives et/ou d'arbres de haute tige. Les espaces libres non bâtis (hors circulations et stationnements) doivent être traités sur au moins 50 % avec un aménagement paysager comportant des arbres de haute tige à raison d'un arbre pour 100 m². Le long de la RD301 : 100 % des espaces libres doivent être traités avec un aménagement paysager à raison d'un arbre pour 100 m².",56-57,non précisé,non précisé,"Le stationnement des véhicules correspondant aux besoins des constructions et installations doit être assuré en dehors des voies publiques. L'emprise au sol des aires de stationnement pour les commerces ne pourra excéder une fois la surface de plancher du bâtiment ayant été soumis à l'autorisation commerciale. Une participation pour non-réalisation de places de stationnement pourra être exigée par la commune. Les établissements de plus de 250 m² de surface de plancher recevant ou générant des livraisons doivent réserver sur leur terrain les emplacements nécessaires pour assurer toutes les opérations de chargements, déchargement et manutention.",56,"Activités économiques | Activités commerciales | Équipements publics ou d'intérêt général | Constructions à destination d'habitation destinées à des personnes dont la présence permanente est nécessaire pour assurer le fonctionnement, la surveillance, le gardiennage ou la sécurité des constructions et occupations admises sur la zone | Logements de fonction liés aux équipements publics ou d'intérêt général","Constructions à destination agricole | Ouverture de terrains aménagés pour l'accueil des campeurs et des caravanes (hors aire d'accueil des gens du voyage publique) | Constructions à destination d'habitation (sauf exceptions ci-dessus) | Terrains affectés au stationnement de caravanes isolées, résidences mobiles d'habitation, habitations légères de loisir et résidences mobiles de loisir (hors aire d'accueil des gens du voyage publique) | Décharges | Aires de stockage à l'air libre | Ouverture et exploitation des carrières","Les constructions sont autorisées dans le cadre d'une opération d'aménagement d'ensemble par secteur, réalisable par tranches, sous réserve du respect des orientations d'aménagement définies dans le document « Orientations d'Aménagement ». (52) | Les accès doivent être adaptés au type d'occupation ou d'utilisation du sol envisagé. Les voies nouvelles doivent permettre la circulation et l'utilisation des engins de lutte contre l'incendie. Les voies en impasses doivent être aménagées pour permettre aux véhicules privés, aux poids lourds et à ceux des services publics de faire aisément demi-tour. (53) | L'évacuation des eaux résiduaires industrielles dans le réseau public d'assainissement est subordonnée à un pré-traitement approprié. (54) | Les opérations de construction neuve à destination d'activité et de commerce devront donner lieu à la réalisation d'un local ou d'un espace dimensionné pour la collecte sélective. (54) | Les établissements de plus de 250 m² de surface de plancher recevant ou générant des livraisons doivent réserver sur leur terrain les emplacements nécessaires pour assurer toutes les opérations de chargements, déchargement et manutention. (56) | Les voies traversées par des lignes à haute tension sont soumises au respect de servitudes d'ancrage, de surplomb, de passage ou d'appui, d'élagage ou d'abattage d'arbres (annexe 8 du PLU). (52) | Dans une bande de 250 m de part et d'autre de l'autoroute A16 et de la RD301 (type 2), toute construction à usage d'habitation doit comporter un isolement acoustique conforme à la réglementation en vigueur. (52-53) | Dans une bande de 100 m de part et d'autre de la RD4 (type 3), toute construction à usage d'habitation doit comporter un isolement acoustique conforme à la réglementation en vigueur. (53) | A l'intérieur de la zone où figurent d'anciennes carrières souterraines abandonnées, toutes mesures devront être prises pour assurer la stabilité des constructions. Les projets de construction font l'objet d'un avis de l'inspection générale des carrières. Les permis de construire peuvent être soumis à des règles techniques spéciales ou être refusés. (53) | Pour tout nouveau projet, une régulation des eaux pluviales sur la parcelle puis infiltration in situ après traitement (débourbage et déshuilage) si la nature du sous-sol le permet. Les ouvrages de pré-traitement doivent faire l'objet de convention d'entretien. (54)"
"380 Rue Isaac Newton, 60230 Chambly, France",49.154610579696396,2.251919171469325,2026-06-12T14:53:54,2020-11-12,Chambly,60139,UIa,UI | UI La,openrouter/owl-alpha,https://www.geoportail-urbanisme.gouv.fr/api/document/download-by-partition/DU_60139/file/60139_reglement_20201112.pdf,15 mètres,"Les superstructures de faible emprise peuvent dépasser de 1,5 m maximum. Les ouvrages techniques de faible emprise (locaux techniques d'ascenseurs, cheminées, ouvrages de production d'énergies renouvelables) ne sont pas pris en compte sous réserve d'une bonne intégration paysagère.",102,Non règlementée,pas de réglementation,102,"Recul minimal de 15 mètres par rapport à la RD 1001 (ou RD301, ex RN1). Recul minimal de 15 mètres par rapport à la rue Thomas Edison. Recul minimal de 10 mètres par rapport aux autres voies. Les aires de stationnement doivent respecter un recul minimal de 10 mètres par rapport à la RD 1001 (ou RD301). Les installations techniques non intégrées à une construction principale doivent être implantées à l'alignement de la voie ou emprise publique.",101,"Les constructions peuvent être implantées sur les limites séparatives (sans ouverture prenant jour sur les terrains voisins). Lorsqu'elles ne sont pas en limite séparative : si hauteur < 10 m, distance ≥ hauteur du bâtiment avec minimum 5 m ; si hauteur ≥ 10 m, distance minimum 10 m. Par rapport au fond de terrain : distance ≥ hauteur du bâtiment avec minimum 5 m. Recul minimal de 4 m par rapport aux berges de l'Esches et du Coisnon. Les installations techniques ne sont pas soumises aux dispositions générales.",101-102,"Coefficient de biotope par surface (CBS) de 0,3 par unité foncière. Coefficient de pleine terre de 0,3 par unité foncière. Espaces engazonnés et plantés de 3 m de profondeur à partir de la limite du lot par rapport à la voie, inaccessibles aux véhicules. Talus recouverts de plantes tapissantes ou engazonnés. 1 arbre pour 100 m² d'espaces verts sur 12% minimum de la superficie totale de l'unité foncière. Surfaces plantées de moins de 30 m² non comptabilisées. Si plantation sur dalles : épaisseur végétale minimale 60 cm. Protection des plantations existantes. Tout arbre abattu remplacé par 2 arbres d'importance au moins équivalente.",106,non précisé,non précisé,"Stationnement automobile : Commerces : 1 place / 20 m² de surface de plancher. Bureaux : 1 place / 40 m² de surface de plancher. Autres constructions d'activités économiques : 1 place / 150 m² de surface de plancher. Hôtel : 1 place / chambre + 1 place de car minimum à partir de 30 chambres. Habitations : 1 place / logement. Stationnement cycles bureaux/services : 1,5 m² / tranche entière de 100 m² de surface plancher. Stationnement cycles commerces : 1,5 m² / tranche entière de 60 m² de surface plancher affectée à la vente. Places autonomes à partir de 3 places. Zones de manœuvre indépendantes des voies publiques. Dimensions extérieures : largeur 2,30 m, longueur 4,80 m, superficie 20 m². Dimensions intérieures : largeur 2,40 m, longueur 5 m, superficie 25 m². Sorties de garage : pallier de 5 m, pente ≤ 5%. Pour les parkings de plus de 40 places et par tranche de 200 places : espace vert de 12% de la surface de stationnement. 1 arbre à moyenne tige pour 4 emplacements. Stationnement visible depuis les voies masqué par haie de 1,20 m.",106-107,"Artisanat et commerce de détail (sous conditions : pas d'atteinte à la salubrité/sécurité, pas de gêne excédant les inconvénients normaux du voisinage ; dans la bande de 75 m le long de la RN1 : bâtiments annexes et aires de stockages extérieurs interdits) | Commerce de gros (sous conditions : idem) | Hébergement hôtelier et touristique (sous conditions : idem) | Restauration (sous conditions : idem) | Cinéma (sous conditions : idem) | Activités de services avec accueil de clientèle (sous conditions : idem) | Locaux et bureaux accueillant du public des administrations publiques | Établissements d'enseignement | Salles d'art et de spectacles | Locaux techniques et industriels des administrations publiques | Établissements de santé et d'action sociale | Équipements sportifs | Autres équipements recevant du public | Industrie (sous conditions : idem que artisanat) | Entrepôt (sous conditions : idem) | Bureau (sous conditions : idem) | Centre de congrès et d'exposition (sous conditions : idem) | Affouillements et exhaussements du sol (sous conditions : directement liés aux travaux de construction, aménagements techniques d'activités ou aménagement paysager) | Dépôt et stockage de déchets de toute nature, véhicules usagés, ferrailles et matériaux de démolition (sous conditions : liés et nécessaires à l'activité concernée et autorisée dans la zone – note : interdit en UIb) | Démolitions (autorisées) | Logements (sous conditions : nécessaires à la gestion, surveillance de l'activité autorisée, inclus dans le volume construit des bâtiments d'activités)","Hébergement (hors hôtelier/touristique) | Camping | Exploitation agricole | Exploitation forestière | Groupes de garages | Carrières, installations et constructions nécessaires à cette exploitation | Stationnement de caravanes et habitations légères de loisirs | Établissements hippiques liés aux activités de loisirs","Dans la bande de 75 m du secteur UIa le long de la RN1 : les bâtiments annexes et les aires de stockages extérieures sont interdits. (99) | Les établissements d'activités et de services, les installations soumises à déclaration et à autorisation sont autorisés à condition de ne pas porter atteinte à la salubrité et à la sécurité et de ne pas apporter une gêne excédant les inconvénients normaux du voisinage. (99) | Les aires de stockage de matières premières ou de combustibles doivent être localisées de façon à ne pas être perçues à partir des espaces publics et intégrées ou composées avec le bâtiment principal ou faire l'objet d'un aménagement permettant de les protéger des vues. (103) | Les déchets industriels ou dus aux activités autorisées : le traitement in situ doit être indiqué dans le permis de construire et les installations assimilées au bâtiment. (105) | Les déchets urbains et ménagers doivent être regroupés dans des volumes incorporés à la construction principale ou à la clôture, de dimensions suffisantes pour recevoir les containers agréés. (105) | Les eaux de ruissellement des voiries et des parkings pour les aires de stationnement de plus de 5 places doivent subir un traitement adapté pour réduire sables, matières décantables et hydrocarbures avant rejet. (109) | L'infiltration des eaux pluviales sur la parcelle est requise pour chaque projet. Les réseaux internes doivent être de type séparatif. Techniques de gestion alternative privilégiées. (109) | Les locaux poubelles dont le contenu ou l'affectation serait visible depuis la rue sont interdits. (109) | Les façades visibles depuis la RD 1001 (ou RD301) doivent être traitées comme des façades principales et ne pas constituer des arrières de bâtiments. (103) | Les clôtures sur voie ou espace public doivent avoir un caractère essentiellement végétal (grillage doublé de végétaux), hauteur maximale 1,80 m. Seules les activités économiques existantes ou autorisées peuvent implanter des clôtures de 2 m maximum lorsque leur activité le justifie. (104) | Les portails doivent être exclusivement composés de cadres métalliques avec barreaudage vertical de section rectangulaire, en aluminium laqué vert foncé ou métal pré laqué. (104-105) | Les couvertures apparentes en matériaux ondulés, papier goudronné, bac acier galvanisé et matière translucide sont interdites. (104) | Les panneaux photovoltaïques et capteurs solaires sont autorisés à condition de respecter la pente de toit. En toiture terrasse, ils ne doivent pas dépasser l'acrotère. (105) | Les réseaux électriques, téléphoniques, de fibre optique doivent être réalisés en souterrain. Fourreaux pour fibre optique exigés. (109) | Les voies créées ou modifiées doivent permettre l'accès et le retournement des véhicules de collecte aux points de dépôts d'ordures ménagères. (108) | Tout terrain doit présenter un accès de 4 m minimum sur toute sa longueur. (108) | Réglementation des secteurs affectés par le bruit : A16, RD 21 et RD 1001. (97) | Réglementation des routes classées grande circulation : RD 1001, RD4E3. (97) | La proximité de la RD 1001 ou RD 301 implique le respect de la loi du 27 janvier 1995 soumettant à des conditions spéciales les constructions dans une bande de 75 mètres comptés à partir des axes des routes nationales et de la RD4. (97)"
"7 Rue De La Chênaie, 76800 Saint-Étienne-du-Rouvray, France",49.3865170659314,1.0753629176742834,2026-06-12T15:57:58,2026-05-04,Saint-Étienne-du-Rouvray,200023414,UXM-c,A | A et N | AC | AC Ces | N | NA | NO | UAA | UE | UXM | UAB | U ou AU | au | UAC | non | UR | UBA1 | UBA2 | UBB1 | UD | UXT | UAA les | UBB2 | UBH | Aucune | UCO | UP | UZ | UXA | UXI | UXC | URP19,openrouter/owl-alpha,https://www.geoportail-urbanisme.gouv.fr/api/document/download-by-partition/DU_200023414/file/200023414_reglement_20260504.pdf,15 m,"En l'absence d'inscription graphique au règlement graphique – Planche 2. Si inscription graphique, c'est la règle graphique qui prévaut.",225,non précisé,Article non réglementé (pas de coefficient d'emprise au sol fixé dans la zone UXM),224,"En l'absence d'indications graphiques au règlement graphique – Planche 2 : implantation selon l'implantation dominante des constructions existantes du même côté de la voie ; s'il n'existe pas d'implantation dominante, recul minimal de 5 m de l'alignement.",223-224,"Les constructions peuvent s'implanter sur les limites séparatives. En cas de retrait, distance au moins égale à la moitié de la hauteur de la construction, avec un minimum de 5 m vis-à-vis de la limite séparative (L≥H/2 et ≥ 5 m).",224,"Au moins 25% de la surface du terrain doit être traité en espaces verts (hors secteurs de biotope). Dans les secteurs de biotope : voir article 5.1.2 de la section 4 du Livre 1. Pour toute nouvelle construction (hors extension), 1 arbre par tranche de 300 m² de terrain.",227-228,non précisé,non précisé,Voir Livre 1 – Dispositions communes applicables à toutes les zones (articles 6.1 et 6.2). Les normes de stationnement dépendent de la zone de stationnement (I à V) dans laquelle se situe le terrain et de la destination/sous-destination de la construction.,228,"Industrie | Entrepôt | Bureau | Équipements d'intérêt collectif et services publics (hors panneaux photovoltaïques au sol) | Antennes relais | Installations classées pour la protection de l'environnement (sous conditions) | Logement de gardiennage/surveillance | Commerce et activités de service (hors secteur « ci ») : artisanat et commerce de détail, restauration, hébergement hôtelier et touristique, cinémas, commerce de gros (sous conditions de surface : < 500 m² de surface de plancher, ou < 1500 m² dans les secteurs indicés « c ») | Agriculture urbaine (sous conditions) | Énergies renouvelables (secteur « e »)","Panneaux photovoltaïques au sol (en dehors du secteur « e ») | Commerce et activités de service dans le secteur indicé « ci » (artisanat, commerce de détail hors showroom, activités de service avec accueil clientèle, restauration, hébergement, cinémas)","Le secteur UXM-c est un secteur indicé « c » au sein de la zone UXM, autorisant les commerces et activités de service dans la limite d'une surface de plancher maximale de 1500 m² (page 13). | Risque inondation (ruissellement, débordement de cours d'eau, remontée de Seine) : selon la zone d'aléa (fort, moyen, faible), des restrictions s'appliquent aux constructions d'activité (extensions limitées à 10% ou 20% de l'emprise au sol, rehaussement du plancher obligatoire de 30 cm à 1,30 m selon l'aléa, interdiction de stockage de produits dangereux/polluants, prescriptions constructives pour libre écoulement des eaux). Voir pages 52-63. | Risque cavité : extensions limitées à 20% de la surface de plancher pour les activités, interdiction de créer de nouvelles activités (page 65-66). | Risque falaise : selon les communes, restrictions variables sur les extensions et reconstructions (pages 63-65). | Risque technologique (ICPE Seveso seuil bas, PPRT) : les fiches communales et le PPRT s'appliquent en sus du PLU ; la règle la plus contraignante s'impose (page 67). | Secteurs de biotope : coefficient de biotope applicable, part minimale de végétalisation de 25% de la surface de terrain dont 10% minimum en espaces verts de pleine terre (pages 35-36). | Lisières forestières : bande de 15 m depuis la limite de la zone naturelle boisée où toute nouvelle construction est interdite (sauf annexes ≤ 15 m² et équipements liés à la filière bois) (page 41-42). | Franges urbaines : retrait minimal de 5 m vis-à-vis de la limite séparative en contact avec une zone agricole ou naturelle (page 41)."
"13 Rue Des Blés, 93210 Saint-Denis, France",48.91277817067865,2.362520213777543,2026-06-12T16:24:32,2025-12-16,Saint-Denis,200057867,UP33M,UP33M | UH | UP16 | UP | UMD | UMGP | UMT | UC | UM | UA | UE est | N | UG | UVP | A | UP22 | UP34E | UH Les | UA et UE | UGtc | UP36EM | UH et UG | UP38 | UH du | UE | UP39 | UM UMh | UMh | UM et le | UC UCa | UH UHj1 | UHc | UA UAa | UA L | UE UEb | UEe | UG UGa | UVP Les | UVP et N | N Les | UP20 | UP20b | UP01 | UP02 | UP03 | UP04 | UP04c | UP05 | UP06 | UP08 | UP37 | UP37e | UP11 | UP11 L | UP12 | UP12 LA | UP13 | UP13 LA | UH ou UM | UP31 | UP31 LA | UH se | N et | UP19 | non | UP33mc,openrouter/owl-alpha,https://www.geoportail-urbanisme.gouv.fr/api/document/download-by-partition/DU_200057867/file/200057867_reglement_20251216.pdf,non précisé,non précisé,non précisé,non précisé,non précisé,non précisé,non précisé,non précisé,non précisé,non précisé,non précisé,non précisé,non précisé,non précisé,non précisé,non précisé,,,
"1 Rue De La Croix Brisée, 91320 Wissous, France",48.7245541660038,2.3093529951415235,2026-06-15T17:03:42,2026-02-11,Wissous,91689,UIw,U1 | U2 | U3 | U4 | UI | UL | 1AUZ | 2AU | A | UZ | U et AU | U | A et B | A ou N | U2 et le | U4 a | UI Sont | UI hors | UI a,openrouter/owl-alpha,https://www.geoportail-urbanisme.gouv.fr/api/document/download-by-partition/DU_91689/file/91689_reglement_20260211.pdf,"Indiquée en cote NGF sur le document graphique ; en l'absence de cote : 19,5 m à l'égout du toit ou à l'acrotère","Dans les secteurs UIw et UIwa, la hauteur des constructions est indiquée en cote NGF sur le document graphique. Dans les secteurs non couverts par le document graphique, la hauteur ne doit pas excéder 19,5 m à l'égout du toit ou à l'acrotère. Dépassement admis pour assurer une continuité de hauteur avec une construction existante voisine. La hauteur des locaux techniques et industriels des administrations publiques ou assimilés n'est pas réglementée.",75-76,Non réglementée,pas de réglementation,73,"Le long des autoroutes A6, A6B et A10 : retrait de 50 mètres minimum de part et d'autre des axes des voies (sauf constructions liées aux infrastructures routières, services publics exigeant la proximité immédiate, bâtiments agricoles, réseaux d'intérêt public, adaptation/changement de destination/réfection/extension de constructions existantes). Le long de voies tertiaires créées : implantation à l'alignement ou retrait au moins égal à 6,5 m. Le long de l'avenue Charles Lindbergh et de l'avenue Jeanne Garnerin (partie en prolongement) : linéaire de façade au moins égal à 10 m implanté à 6,50 m de l'alignement. Implantation différente autorisée pour assurer une continuité d'implantation avec une construction existante voisine.",76-77,"Retrait de 4 mètres minimum depuis les limites séparatives. Le retrait correspond à la distance comptée perpendiculairement de tout point de la construction (balcons et oriels compris) au point le plus proche de la limite séparative. Ne sont pas compris les éléments de modénature (corniches, débords de toiture) ni les parties enterrées. Implantation de plusieurs constructions sur une même propriété autorisée à condition que la distance horizontale soit au moins égale à la moitié de la hauteur de la construction la plus élevée, avec un minimum de 5 m (sans baies) ou 8 m (avec baies).",77-78,"Les mails établissant la structure paysagère interne aux îlots doivent être plantés d'essences hygrophiles à croissance rapide. Les marges de reculement par rapport aux voies et emprises publiques doivent être végétalisées. Les surfaces non bâties et non occupées par des aires de stationnement ou d'évolution des véhicules doivent être engazonnées. Les arbres à feuillage persistants sont interdits. Si des arbres sont plantés à l'alignement, la direction est parallèle à la structure paysagère. La règle ne s'applique pas aux équipements d'intérêt collectif et services publics.",82-83,non précisé,non précisé,"Le stationnement doit être assuré en dehors des voies et emprises publiques. Pour les activités : Industrie et entrepôt : au minimum 10% de la surface de plancher. Commerce de gros : l'espace de stationnement doit correspondre aux besoins. Artisanat, commerce de détail, restauration, activités de services : au minimum 60% de la superficie de plancher avec 2 places minimum par local. Bureau : au minimum 1 place pour 60 m² de surface de plancher (hors périmètre 500 m gare RER C et future gare Antony Pôle : au maximum 1 place pour 45 m²). Commerce et activités de services ≥ 500 m² : 1 place vélo pour 10 employés. Industrie et entrepôt : 1 place vélo pour 10 employés. Dimensions des places : longueur 5 m, largeur utile 2,30 m, dégagement 5,50 m. Rampes : largeur minimale 3,50 m (sens unique), 6 m ou 3,50 m avec feux (double sens > 30 places). Pente maximale 5% dans les 5 premiers mètres (15% en cas d'impossibilité technique pour pavillons).",83-85,"Entrepôts (sous conditions : associés sur la même unité foncière à une construction ayant une destination autorisée, indispensables à l'activité principale, compatibles avec le voisinage) | Industrie (uniquement dans le secteur UIwa, sous mêmes conditions que les entrepôts) | Commerce de gros | Artisanat et commerce de détail | Restauration | Activités de services où s'effectue l'accueil d'une clientèle | Bureau | Centre de congrès et d'exposition | Hébergement hôtelier et touristique | Cinéma | Habitation (sous conditions : intégrée dans le volume d'un bâtiment à vocation principale autorisée, n'occupant pas plus de 50% de la surface de plancher totale, destinée aux personnes dont la présence permanente est nécessaire pour la surveillance/gardiennage) | Installations classées pour la protection de l'environnement (sous conditions de compatibilité avec le voisinage et les infrastructures) | Affouillements et exhaussements de sol (dans la limite de 50 cm, sous conditions)","Exploitation agricole et forestière | Bureaux et locaux accueillant du public des administrations publiques | Etablissements d'enseignement, de santé et d'action sociale | Salles d'art et de spectacles | Equipements sportifs | Autres équipements recevant du public | Camping | Stationnement isolé de caravanes/camping-cars/mobil-homes | Parcs de stationnement | Dépôts de ferrailles, matériaux, combustibles solides ou liquides, installations de casse de voitures et transformation de matériaux de récupération","ICPE soumises à autorisation et établissements classés SEVESO autorisés à condition que l'emprise se situe à plus de 175 m des limites des parcelles situées en zones U1 à U4 ou UL (page 72). | Des secteurs de la zone UI sont situés en secteur d'information sur les sols (SIS) – se reporter au document graphique et à l'annexe 5.5 (page 72). | Les vitrages réfléchissants et opaques pour les baies sont interdits dans les secteurs UIw et UIwa (page 79). | Les couleurs vives (blanc pur, rouge vermillon…) sont interdites sauf limitées à des lignes, éléments ponctuels ou signalétique ; gammes de vert ou brun à privilégier (page 79). | Clôtures : dispositifs à claire-voie doublés ou non de haies ; soubassements pleins limités à 40 cm de hauteur ; portails coulissants en grillage (page 81). | Le long de l'A10, sur une profondeur de 25 m par rapport à la limite de la ZAC, la moitié au moins de la superficie doit être traitée en espace vert engazonné (uniquement secteur UIwa) (page 83). | Retrait de 50 m le long des autoroutes A6, A6B et A10 (page 76). | Stationnement : industrie et entrepôt = 10% minimum de la surface de plancher (page 84)."
"20 Avenue Jean Moulin, 87400 Saint-Léonard-de-Noblat, France",45.82961244102853,1.5023597456097946,2026-06-15T18:33:22,2024-10-03,Saint-Léonard-de-Noblat,87161,UC,UC | UC ZONE | UC En | UX,openrouter/owl-alpha,https://www.geoportail-urbanisme.gouv.fr/api/document/download-by-partition/DU_87161/file/87161_reglement_20241003.pdf,10 mètres,du niveau du sol intérieur le plus bas au faîtage ou à l'acrotère,19,non précisé,"Les constructions liées à l'artisanat et au commerce de détail, à la restauration, au commerce de gros sont autorisées sous condition d'une emprise au sol supérieure à 200 m²",19,"Les constructions situées sur une même unité foncière doivent être implantées soit en extension, soit accolées aux constructions existantes, soit à une distance maximale de 30 mètres",19,pas de réglementation,non précisé,Plantation d'un arbre minimum pour 8 places de stationnement et d'un arbre pour 400 m² d'espace imperméabilisé. En cas d'ombrières photovoltaïques cette règle ne s'impose pas. Les clôtures doivent privilégier les compositions végétales. Les clôtures végétales existantes doivent être conservées et régénérées.,21,non précisé,non précisé,"Plantation d'un arbre minimum pour 8 places de stationnement et d'un arbre pour 400 m² d'espace imperméabilisé. En cas d'ombrières photovoltaïques cette règle de plantation d'arbres ne s'impose pas. Pour les constructions recevant du public, un espace à vélo doit être aménagé.",21,"Artisanat et commerce de détail (sous condition emprise au sol > 200 m²) | Restauration (sous condition emprise au sol > 200 m²) | Commerce de gros (sous condition emprise au sol > 200 m²) | Activités de services où s'effectue l'accueil d'une clientèle | Hébergement hôtelier et touristique | Cinéma | Locaux et bureaux accueillant du public des administrations publiques et assimilés | Locaux techniques et industriels des administrations publiques et assimilés (sous condition de ne pas créer de nuisances) | Etablissements d'enseignement, de santé et d'action sociale | Salles d'art et de spectacles | Equipements sportifs | Autres équipements recevant du public | Industrie | Entrepôt | Bureau | Centre de congrès et d'exposition | Logements destinés aux personnes dont la présence permanente est nécessaire pour assurer la direction, la surveillance ou le gardiennage des établissements",,"Les constructions liées à l'artisanat, commerce de détail, restauration et commerce de gros ne sont autorisées que si leur emprise au sol est supérieure à 200 m² (page 19) | Les locaux techniques et industriels des administrations publiques ne doivent pas créer de nuisances (page 19) | Les constructions doivent respecter la pente naturelle du terrain, s'adapter à sa configuration, les remblais et déblais sont réduits au maximum (page 19) | Les stockages de matériaux visibles de l'espace public doivent être masqués par un accompagnement végétal (page 21) | Les revêtements de sols pour les espaces extérieurs doivent être perméables et de tons clairs, le blanc est interdit (page 21)"
"31 Rue Du Châtenet, 87410 Le Palais-sur-Vienne, France",45.87280121082287,1.304786565104763,2026-06-15T18:34:20,2026-02-27,Le Palais-sur-Vienne,87113,Ue,N | UE | UG | UG1 | UG1 est | UG2,openrouter/owl-alpha,https://www.geoportail-urbanisme.gouv.fr/api/document/download-by-partition/DU_87113/file/87113_reglement_20260227.pdf,12 m au faîtage,"Lorsqu'une construction existante dépasse la hauteur maximale, les extensions et travaux de réhabilitation pourront disposer d'une hauteur équivalente, sans toutefois la dépasser.","28, 29",Non réglementée (sauf habitation liée à la surveillance limitée à 50 m² de surface de plancher),L'emprise bâtie des constructions à usage d'habitation destinées au logement des personnes nécessaires pour assurer la direction ou la surveillance des services et installations est limitée à 50 m² de surface de plancher. L'emprise bâtie est non réglementée dans les autres cas.,"28, 29","Recul des constructions nouvelles compris entre 5 et 10 m par rapport à l'alignement de la voie ou de l'emprise publique. Les surfaces libres dans la bande de recul devront avoir un coefficient biotope de surface (CBS) minimum de 0,5 (hors accès véhicules et piétons). Cette règle ne concerne pas les constructions situées le long d'un espace vert ou d'un cheminement piéton, ni les constructions et installations nécessaires au fonctionnement des services publics ou d'intérêt collectif.","28, 29",Non réglementé (NR),28,"L'espace en pleine terre ne pourra être inférieur à 20 % de la surface de l'unité foncière pour l'ensemble des zones UE et UE1 sauf contraintes existantes et sous réserve de justifications. Les surfaces libres dans la bande de recul (5-10 m) devront avoir un coefficient biotope de surface (CBS) minimum de 0,5.","28, 29",non précisé,non précisé,"Commerces : 1 place pour 40 m² de surface plancher à partir de 120 m². Commerces de gros : 1 place pour 100 m² de surface plancher. Bureaux : 1 place minimum par tranche de 120 m² de surface plancher. Artisanat et industries : 1 place minimum par tranche de 150 m² de surface plancher. Une ou plusieurs places de stationnement pour les livraisons est exigée à partir de 500 m² de surface de plancher pour les commerces et 300 m² pour l'artisanat et l'industrie. Les aires de stationnement des poids lourds, livraisons et tout engin > 3,5 tonnes sont localisées à l'arrière des bâtiments, sauf justification.","31, 32","Artisanat et commerce de détail (en UE et UE1) | Restauration (en UE et UE1) | Commerce de gros (en UE et UE1) | Activités de services avec accueil de clientèle (en UE et UE1) | Hébergement hôtelier et touristique (en UE et UE1) | Cinéma (en UE et UE1) | Locaux et bureaux accueillant du public des administrations (en UE et UE1) | Locaux techniques et industriels des administrations publiques ou assimilées | Etablissements d'enseignement, de santé et d'action sociale (en UE et UE1) | Equipements sportifs (en UE et UE1) | Salle d'art et de spectacle (en UE et UE1) | Autres équipements recevant du public (en UE et UE1) | Entrepôts (en UE et UE1) | Industries (en UE et UE1) | Bureaux (en UE et UE1) | Centre de congrès et d'exposition (en UE et UE1) | ICPE (non interdites en zone UE) | Constructions à usage d'habitation destinées au logement des personnes dont la présence est nécessaire pour assurer la direction ou la surveillance des services et installations (sous conditions)","Exploitations agricoles | Exploitations forestières | Logement (sauf habitation de gardiennage/surveillance) | Hébergement (sauf habitation de gardiennage/surveillance) | Artisanat et commerce de détail (en UEr) | Restauration (en UE et UE1) | Commerce de gros (en UEr) | Activités de services avec accueil de clientèle (en UEr) | Hébergement hôtelier et touristique | Cinéma (en UEr) | Locaux et bureaux accueillant du public des administrations (en UEr) | Etablissements d'enseignement, de santé et d'action sociale | Equipements sportifs | Salle d'art et de spectacle | Autres équipements recevant du public (en UEr) | Entrepôts (en UEr) | Industries (en UEr) | Bureaux (en UEr) | Centre de congrès et d'exposition","Les stockages et dépôts de matériaux, produits et les aires de livraison doivent être intégrés de préférence au volume du bâtiment et ne pas être visibles depuis l'espace public. Ces aires doivent être délimitées par un écran bâti ou végétal. | Les aires de stationnement des poids lourds, livraisons et tout engin > 3,5 tonnes sont localisées à l'arrière des bâtiments, sauf justification au regard de l'organisation des activités de l'entreprise et des possibilités techniques. | Les conteneurs stockant les déchets en attente de collecte sont de préférence localisés à l'intérieur des bâtiments. En cas d'impossibilité technique, le stockage extérieur est compris dans un enclos et ne doit pas être visible depuis l'espace public. | L'évacuation des eaux usées d'origine industrielle ou assimilable dans le réseau public d'assainissement est subordonnée à l'autorisation de la collectivité. Un dispositif de prétraitement peut être exigé. | Les dispositifs nécessaires à l'utilisation des énergies renouvelables doivent être intégrés à larchitecture des constructions (sauf impossibilité technique ou motifs de sécurité). | Les clôtures ne sont pas obligatoires ; si réalisées, hauteur max 2 m, grillage avec maille la plus large possible pour la petite faune, dispositif de franchissement tous les 30 m si nécessaire. | Les haies monospécifiques (thuyas, cyprès, laurier) sont interdites ; les espèces exotiques invasives sont interdites. | Les revêtements devront être perméables sauf contraintes techniques."
"91 Avenue Du 8 Mai 1945, 86000 Poitiers, France",46.55702554609718,0.3134516128652365,2026-06-16T09:46:05,2026-02-27,Poitiers,200069854,UE,UE,openrouter/owl-alpha,https://www.geoportail-urbanisme.gouv.fr/api/document/download-by-partition/DU_200069854/file/200069854_reglement_20260227_A.pdf,"pas de limite chiffrée fixée ; la hauteur doit s'insérer harmonieusement dans l'environnement bâti, présenter une hauteur équivalente à celle des bâtiments voisins, tenir compte des lignes d'orientation des faîtages et de la volumétrie avoisinante","Toute nouvelle construction ; obligation d'intégrer un dispositif de nidification des rapaces diurnes si hauteur totale > 18 m au-dessus du sol fini en au moins un point, ou en cas de rénovation importante (coût ≥ 25 % de la valeur vénale) ; les édifices monumentaux peuvent déroger",56,pas de limite d'emprise au sol fixée,aucune,56,"Les constructions doivent être desservies par des voies carrossables par tous temps, largeur minimale 4 m (ponctuellement 3 m accepté pour une seule activité économique faiblement génératrice de trafic). Impasses > 30 m : dispositif de retournement à moins de 30 m de l'extrémité, largeur 6 m min hors stationnement. Voies tertiaires mixtes : emprise min 4 m ; non mixtes : 6 m. Voies secondaires sans transport collectif : plate-forme min 9 m (sauf mixte). Voies structurantes / avec transport collectif : emprise min 12 m. Le long d'axes bruyants, distances minimales d'implantation indiquées sur les documents graphiques. Par rapport aux emprises ferroviaires LGV : distance min 25 m pour les constructions autres qu'habitation. Possibilité d'obligation d'alignement ou de marge de recul (5 m par défaut si non précisé) sur certains axes.","52, 53, 55",La construction peut joindre une ou plusieurs limites séparatives. Interdite en limite séparative en bordure des zones d'habitat existant ou prévu. Doit respecter les besoins d'éclairement naturel des constructions voisines. Doit joindre la limite ou en être suffisamment éloignée pour permettre l'entretien et la ventilation du terrain (sauf surélévation à partir d'un volume existant en rez-de-chaussée).,"55, 56","Les espaces non bâtis non nécessaires au stationnement, accès véhicules, circulation piétonne et aires de jeux doivent être plantés d'essences variées conformes aux orientations d'aménagement biodiversité. Bassins d'orage à végétaliser et ouvrir au public. Plantations obligatoires sur les aires de stationnement de grandes dimensions.",58,non précisé,non précisé,"Les normes de stationnement sont définies en annexe 2 du règlement selon la destination de la construction. Pour les opérations de 4 logements ou plus, des places visiteurs supplémentaires sont requises. En cas de modification/extension/changement de destination, le nombre minimal de places exigible est égal à l'accroissement des besoins. Possibilité d'adaptation pour les organismes disposant d'un Plan de Déplacements d'Entreprises (PDE). Stationnement à assurer priorité sur le terrain de l'opération, sinon à proximité. Mutualisation possible sous conditions (proximité, plages horaires complémentaires, etc.). Rangement sécurisé des bicyclettes obligatoire. Sur les grandes aires de stationnement, plantations obligatoires et matériaux moins routiers possibles pour les besoins ponctuels.","57, 58","Activités économiques (vocation principale de la zone) | Activités non commerciales dans le secteur UEnc (réglementées) | Parcs de loisirs et activités liées dans le secteur UEpl | Habitation liée au fonctionnement, surveillance ou gardiennage des établissements (dans le volume des bâtiments économiques ou accolée) | Reconstruction de bâtiments après sinistre (dans la limite de la surface de plancher et emprise au sol préexistantes, sans changement de destination)","Habitation non liée au fonctionnement, surveillance ou gardiennage des établissements | Transformation de bâtiments existants pour usage d'habitation non lié au fonctionnement/surveillance/gardiennage | Activités incompatibles avec celles existantes pour raisons de salubrité et sécurité | Dépôts non contrôlés (véhicules désaffectés, roulottes, caravanes, etc.) | Remblais gênants pour l'écoulement des eaux dans les talwegs (sauf ouvrages de stockage/traitement des eaux pluviales) | Constructions dans une bande de 10 m à partir des rivières (le Clain, la Boivre, l'Auxance, le Miosson, la Feuillante), sauf impossibilité avérée | Création de commerces de détail et ensembles commerciaux de magasins de détail de plus de 500 m² de surface de plancher (secteur UEnc) | Activités économiques non liées au développement et au fonctionnement des activités de loisirs (secteur UEpl)","Interdiction de tout projet nécessitant une dégradation des haies repérées sur les documents graphiques (tolérance ponctuelle pour accès/voie avec restitution de la continuité biologique) ; ne s'applique pas aux équipements et services publics ou d'intérêt général (p. 51) | Accès sur voie publique pouvant être interdit pour raisons de sécurité (manque de visibilité, insertion inadaptée sur voies à fort trafic) (p. 52) | Constructions en talweg autorisées à condition de ne pas gêner l'écoulement des eaux (p. 52) | Constructions situées en dessous du terrain ou de la chaussée desservant les constructions doivent être protégées contre les eaux de ruissellement et le refoulement des réseaux (p. 54) | Gestion des eaux pluviales : débit de fuite max 1 l/s.ha pour pluie décennale, 3 l/s.ha pour pluie centennale ; infiltration possible après traitement ; excédent rejeté dans le dispositif collectif (p. 53-54) | Stockages à implanter à l'arrière des bâtiments et invisibles depuis le domaine public (p. 57) | Clôtures entièrement grillagées en limite du domaine public en contact avec trottoir ou voie revêtue : soubassement min 7 cm obligatoire (p. 57) | Mâts et totems interdits (sauf obligation réglementaire ou équipements publics) (p. 57) | Toitures terrasse invisibles depuis l'espace public (sauf si végétalisées) (p. 57) | Parpaing non enduit interdit ; parpaing même enduit à limiter (p. 57) | Interdiction des décors peints et représentations peintes ou en volume des produits fabriqués ou vendus (p. 56-57) | Sous-secteur UEn (terrains sans assainissement collectif) : unités foncières constructibles uniquement si elles permettent la réalisation d'un dispositif épuratoire (p. 54-55) | Réserve d'eau pour défense incendie obligatoire si réseau d'eau potable insuffisant ; réutilisation des eaux pluviales après traitement autorisée (p. 54)"
"61 Rue Pasteur, 37290 Yzeures-sur-Creuse, France",46.784230583677385,0.8813863097574313,2026-06-16T10:00:03,2017-06-08,Yzeures-sur-Creuse,37282,UC,UC | UH,openrouter/owl-alpha,https://www.geoportail-urbanisme.gouv.fr/api/document/download-by-partition/DU_37282/file/37282_reglement_20170608.pdf,12 mètres au sommet de l'acrotère ou au faîtage,"Pour les constructions existantes de hauteur supérieure, la hauteur maximale autorisée pour les extensions est celle du bâtiment existant",29,non réglementé,non précisé,28,"Les constructions doivent être implantées soit à l'alignement des voies existantes, à élargir ou à créer, soit avec un retrait minimal de 2 mètres par rapport à l'alignement. Exception : les ouvrages techniques liés aux services publics peuvent ne pas respecter ces règles pour des raisons techniques. Les constructions existantes peuvent être refaites, transformées, étendues ou surélevées dans leur alignement ou en retrait.",27,"Les constructions doivent être implantées soit sur limite(s) séparative(s) avec mesures anti-incendie (murs coupe-feu), soit en retrait minimal de 2 mètres. Exception pour les ouvrages techniques liés aux services publics. Les constructions existantes peuvent être étendues parallèlement à la limite dans leur alignement.",28,"Les espaces libres de toute construction doivent être plantés ou engazonnés. Les plantations d'espèces invasives sont interdites. Les aires de stationnement de plus de 10 véhicules doivent être paysagées (arbres de hautes tiges). Les zones de stockage et dépôts extérieures visibles depuis l'espace public doivent être masquées par des écrans végétaux à feuilles persistantes ou marcescentes (houx, troènes, charmes, chênes, hêtres, etc.).",33,non précisé,non précisé,Les aires de stationnement groupées de plus de 10 véhicules doivent faire l'objet d'un traitement paysager (plantations d'arbres de hautes tiges). Les parcs de stationnement de véhicules sont autorisés dans la zone.,33,"Constructions et installations à usage d'activités commerciales, artisanales, industrielles, de bureaux, de services et d'entrepôts | Installations classées pour la protection de l'environnement (ICPE) correspondant à une activité autorisée, à l'exception des installations SEVESO | Équipements compatibles avec la vocation de la zone (atelier technique, centre de secours...) | Logements directement nécessaires au fonctionnement des activités autorisées, intégrés dans le volume de la construction à usage d'activités | Extension des constructions à usage d'habitation existantes et leurs annexes | Parcs de stationnement de véhicules | Aires de stockage à ciel ouvert liées à une activité autorisée | Affouillements et exhaussements de sol liés à une occupation autorisée | Constructions et ouvrages techniques liés aux infrastructures publiques ou services publics (réseaux, transformateurs, stations de pompage, bassins de rétention...)",Toutes les occupations et utilisations du sol non mentionnées à l'article UC-2 | Installations classées SEVESO,"Risque de mouvements de terrain liés à la sécheresse et réhydratation des sols : étude préalable du sol fortement conseillée pour adapter les fondations (page 24) | Risque sismique zone 2 : application obligatoire des règles de construction parasismique nationales (page 24) | Marges de recul possibles entre nouvelles constructions et ICPE existantes (page 24) | Rejet des effluents non domestiques au réseau public soumis à convention de raccordement et éventuellement à prétraitement (page 26) | Gestion des eaux pluviales prioritairement à la parcelle par infiltration ; rejet au réseau collectif seulement si infiltration impossible (page 26-27) | Disconnection totale entre eau de process industriel et réseau d'eau potable public obligatoire (page 26) | Récupération des eaux de toiture autorisée pour usages réglementés ; interconnexion eau de pluie/eau potable interdite (page 27) | Réseaux divers (téléphone, électricité) obligatoirement enterrés et/ou dissimulés en façade (page 27) | Zones de stockage et dépôts extérieurs visibles depuis l'espace public à masquer par écrans végétaux persistants (page 33) | Largeur de chaussée des voies nouvelles : 5 m minimum (3.50 m en sens unique) (page 26) | Accès aménagés pour la sécurité des usagers et la défense incendie (page 25-26)"
"4 Rue Hélène Boucher, 28630 Gellainville, France",48.43309586532928,1.5303835335197675,2026-06-16T10:03:51,2020-09-09,Gellainville,28177,Uxa,Ux | Uxa | Uxb | UXa | UXb,openrouter/owl-alpha,https://www.geoportail-urbanisme.gouv.fr/api/document/download-by-partition/DU_28177/file/28177_reglement_20200909.pdf,côte 170 NGF,"La hauteur maximale des constructions ne peut dépasser la côte 170 NGF. Lorsque l'implantation se fait sur un terrain en pente, le niveau de sol considéré est la moyenne des niveaux de sol bordant le bâti.",page 19,60% de la superficie totale du terrain,L'emprise au sol des constructions ne doit pas dépasser 60% de la superficie totale du terrain. Ne s'appliquent pas les constructions techniques liées aux services publics.,page 19,Par rapport à l'autoroute A11 : distance ≥ 20 m par rapport à l'alignement. Par rapport à la RN 154 : distance ≥ 15 m par rapport à l'alignement. Par rapport aux autres voies et emprises publiques : distance ≥ 5 m par rapport à l'alignement.,page 18,La distance horizontale de tout point d'une construction au point le plus proche de la limite séparative doit être au moins égale à 5 mètres. Exception : les ouvrages techniques publics peuvent être implantés en limite séparative.,page 18,"Dans les parties recouvertes par des éléments paysagers identifiés au document graphique, seuls sont autorisés les abris de jardins et les serres à condition que leur surface de plancher soit ≤ 20 m².",page 16,non précisé,non précisé,Le stationnement doit être assuré en dehors des voies publiques. Pour les constructions destinées au commerce : 1 place par tranche de 40 m² de surface de vente. Hôtels : 1 place pour 1 chambre. Restaurants : 1 place pour 10 m² de salle de restaurant.,page 19,Activités industrielles existantes (extensions) dans périmètre Z1/Z2 de 50 m autour des ICPE de la SCAEL | Voies ferrées de transport de marchandises dans périmètre de 50 m autour des ICPE | Voies de desserte de l'établissement générant le périmètre (modifications/construction) dans périmètre de 50 m | Constructions/extensions à usage industriel entre 50 et 60 m des ICPE si non facteur aggravant du risque | Constructions/extensions à usage d'entrepôts entre 50 et 60 m des ICPE si non facteur aggravant du risque | Modifications de constructions existantes à usage de bureau sans changement de destination entre 50 et 60 m | Ouvrages techniques d'intérêt public entre 50 et 60 m si non affectation de la sécurité des installations | Constructions/extensions à usage agricole entre 50 et 60 m des ICPE,Constructions destinées à l'exploitation agricole ou forestière (tout le secteur Ux) | Habitations dans périmètres Z1 et Z2 autour des ICPE (SCAEL) | Immeubles occupés par des tiers dans périmètres Z1 et Z2 autour des ICPE | Immeubles de grande hauteur dans périmètres Z1 et Z2 autour des ICPE | Établissements recevant du public dans périmètres Z1 et Z2 autour des ICPE | Voies de communication dont le débit est supérieur à 2000 véhicules par jour dans périmètres Z1 et Z2 | Voies ferrées sur lesquelles circulent plus de 30 trains par jour dans périmètres Z1 et Z2,"Périmètres Z1 et Z2 définis autour des ICPE (capacités de stockage et tours de manutention de la coopérative agricole SCAEL) : interdictions multiples (habitations, ERP, immeubles de grande hauteur, voies >2000 véhicules/jour, voies ferrées >30 trains/jour) | Périmètre de 50 m autour des ICPE : seules extensions d'activités industrielles existantes engendrant les distances d'isolement, voies ferrées de transport de marchandises et voies de desserte sont autorisées | Périmètre de 50 à 60 m autour des ICPE : constructions/extensions industrielles et d'entrepôts autorisées si non facteur aggravant du risque | Zone de bruit Uxbr : les constructions nouvelles dans un secteur affecté par le bruit d'une infrastructure de transport terrestre doivent faire l'objet d'une isolation acoustique conforme à la réglementation en vigueur | Les toitures des constructions d'activités doivent être obligatoirement en terrasse ; tôle ou plastique ondulés interdits | Les voies en impasse doivent permettre aux véhicules de lutte contre l'incendie et d'enlèvement des ordures de faire aisément demi-tour | L'évacuation des eaux usées non domestiques est subordonnée à un prétraitement approprié | Les rejets des eaux pluviales dans les réseaux doivent être limités par des ouvrages de rétention et/ou de récupération"
"49.8067613617016, 1.97500662158203",49.8067613617016,1.97500662158203,2026-06-16T10:06:00,2025-07-07,Croixrault,200071181,1AUF,,openrouter/owl-alpha,https://www.geoportail-urbanisme.gouv.fr/api/document/download-by-partition/DU_200071181/file/200071181_reglement_20250707_A.pdf,non précisé,"La hauteur maximale des constructions autres que d'habitation n'est pas réglementée. Les constructions à usage d'habitation pourront compter 1 niveau habitable sur rez-de-chaussée, auquel peut s’adjoindre 1 niveau de combles ou d’attique aménageable.",52/93,non précisé,non précisé,non précisé,non réglementé,52/93,Recul minimum de 10 mètres par rapport aux berges des cours d'eau. Ce recul peut être réduit à 5 mètres pour les extensions de construction principale existante à la date d’approbation du PLU.,52/93,Les espaces libres doivent être aménagés en espaces verts. Ils doivent représenter au 15 % de la surface de l’unité foncière.,54/93,1 place par 120 m² de surface de plancher,1 place par 120 m² de surface de plancher,"Pour les activités industrielles, artisanales et les entrepôts : 1 place de stationnement pour véhicule motorisé par 120 m² de surface de plancher. Le stationnement destiné à recevoir des poids lourds doit être réalisé dans l’emprise de l’entreprise ou de l’établissement auxquels ils sont affectés.",55/93,"exploitation agricole | exploitation forestière | logement | hébergement | artisanat et commerce de détail | restauration | commerce de gros | activités de services où s'effectue l'accueil d'une clientèle | hébergement hôtelier et touristique | cinéma | locaux et bureaux accueillant du public des administrations publiques et assimilés | locaux techniques et industriels des administrations publiques et assimilés | établissements d'enseignement, de santé et d'action sociale | salles d'art et de spectacles | équipements sportifs | autres équipements recevant du public | industrie | entrepôt | bureau | centre de congrès et d'exposition","affouillements et exhaussements du sol (sauf exceptions) | terrains de camping caravanage | habitations légères de loisirs | parcs résidentiels de loisirs | installations établies pour plus de trois mois constituées par d'anciens véhicules, de caravanes et d’abris désaffectés",55/93 | 56/93 | 56/93 | 46/93 | 46/93 | 53/93 | 53/93
"46.7986473765031, 1.77646767036132",46.7986473765031,1.77646767036132,2026-06-16T10:07:08,2025-09-30,Étrechet,243600327,1AUy1,,openrouter/owl-alpha,https://www.geoportail-urbanisme.gouv.fr/api/document/download-by-partition/DU_243600327/file/243600327_reglement_20250930.pdf,non précisé,"Le règlement de la zone 1AUy1 est identique à celui de la zone Uy1. Dans Uy1, la hauteur des constructions correspondant aux sous-destinations « Industrie » et « Entrepôt » ne peut excéder 18 mètres à l'égout du toit ou à l'acrotère, et 20 mètres au point le plus haut de la construction. Pour les autres destinations dans Uy1, la hauteur ne peut excéder 15 mètres à l'égout du toit ou à l'acrotère.","161, 126-127",non précisé,Non réglementé dans le secteur Uy1 (et donc 1AUy1 par renvoi).,127,"Les constructions doivent s'implanter à l'alignement ou avec un retrait de 5 mètres minimum par rapport aux voies et emprises publiques. Un retrait supérieur pourra être exigé dans le cadre de l'application d'une réglementation spécifique s'imposant au PLUi. Un retrait différent est possible pour les locaux accessoires, lorsque la géométrie de la parcelle le nécessite, lors d'une opération d'aménagement d'ensemble, ou pour une construction en second rang. Ces règles ne concernent pas les équipements d'intérêt collectif et les services publics.",126,Les constructions doivent s'implanter en respectant une marge de 5 mètres minimum par rapport aux limites séparatives. Cette marge peut être réduite pour les équipements d'intérêt collectif et les services publics. Les constructions pourront s'implanter sur une ou plusieurs limites séparatives sous réserve de ne pas créer de nuisances supplémentaires et de risques pour la sécurité des usagers et à condition que des mesures soient prises pour éviter la propagation des incendies (murs coupe-feu par exemple).,126,"Le terrain d'assiette des constructions nouvelles et des aménagements devra comporter un minimum de 20 % de surfaces semi-perméables. Dans le cas d'une opération d'aménagement d'ensemble, tout ou partie de ces surfaces peut être mutualisé à l'échelle de l'opération. Les surfaces réservées au stationnement doivent être plantées à raison d'un arbre de haute tige pour 10 places de stationnement (sous réserve de la réglementation nationale). La plantation d'écrans de verdure en bordure d'emprise publique, en limite séparative ou sur le terrain peut être exigée.",128-129,non précisé,non précisé,"Le stationnement des véhicules de toute nature doit être assuré en dehors des voies publiques ou privées, par la réalisation d'aires de stationnement sur le terrain propre à l'opération ou mutualisées. Pour les bureaux et services : 1 place pour 25 m² de surface de plancher. Pour l'hébergement hôtelier : 1 place par chambre + places adaptées aux besoins du personnel. L'emprise au sol des surfaces affectées aux aires de stationnement d'un commerce soumis à autorisation d'exploitation commerciale ne pourra excéder les trois quarts de la surface de plancher des bâtiments affectés au commerce. Les surfaces de stationnement imperméables sont autorisées sous réserve de la présence d'un dispositif de collecte et de dépollution des eaux pluviales.",129-130,"Logement de fonction (surface limitée à 50 m², intégré à une construction principale, ou annexe/extension d'un logement existant sans créer de nouveau logement) | Hébergement (uniquement dans Uy1a, le château d'Ozans) | Artisanat et commerce de détail (interdit dans Uy1) | Restauration (si l'activité participe au bon fonctionnement de l'entreprise ou des entreprises de la zone) | Hébergement hôtelier et touristique (si l'activité participe au bon fonctionnement des entreprises de la zone) | Activités de services avec accueil d'une clientèle | Equipements d'intérêt collectif et services publics (locaux et bureaux accueillant du public, établissements d'enseignement/de santé/d'action sociale sous réserve de compatibilité, équipements sportifs) | Industrie (autorisée sans condition spécifique dans Uy1) | Entrepôts (autorisés sans condition spécifique dans Uy1) | Installations et constructions liées à la production d'énergie renouvelable (si liées à une activité existante ou créée et compatibles avec les activités existantes à proximité, ou lorsque les contraintes d'usage du terrain ne permettent pas d'autre valorisation)","Commerce de gros | Cinéma | Salles d'art et de spectacles | Centre de congrès et d'exposition | Exploitation agricole | Exploitation forestière | Camping en dehors des terrains aménagés | Résidences mobiles constituant l'habitat des gens du voyage | Carrières | Déchets de toute nature, stockage de ferrailles et matériaux de démolition ou de récupération (sauf si liés à une activité existante dans la zone, ne présentent pas de risques de sécurité ou d'insalubrité, et ne sont pas visibles depuis l'espace public)","Règles de renvoi : le règlement du sous-secteur 1AUy1 est identique au règlement de la zone Uy1 (page 161). | Implantation sur limites séparatives autorisée sous réserve de mesures de sécurité incendie (murs coupe-feu) et de non-aggravation des nuisances (page 126). | Les locaux techniques et les aires de stockage doivent être implantés de manière à réduire leur perception visuelle (à l'arrière d'une construction par exemple). En cas d'impossibilité, ils seront masqués par un dispositif adapté (un muret, un panneau, une haie compacte) (page 128). | Clôtures : hauteur maximale de 2 mètres, composées de matériaux de teintes sombres (page 128). | Façades : l'aspect extérieur des façades donnant sur les voies et emprises publiques doit être en cohérence avec l'environnement immédiat. La pose de dispositifs supportant des panneaux photovoltaïques est interdite sur les façades et pignons visibles depuis l'espace public (page 127). | Dispositions générales applicables : conditions de desserte (accès, voies de circulation, alimentation en eau potable, gestion des eaux usées et pluviales, gestion des déchets, réseaux d'énergie, infrastructures de communications électroniques) (pages 26-29). | Performances énergétiques et environnementales : toute construction neuve supérieure à 2000 m² de surface de plancher doit comporter un dispositif d'énergie renouvelable (minimum 15% du bilan énergétique). Obligations d'intégration de procédés de production d'énergies renouvelables ou de végétalisation sur les toitures et parcs de stationnement (page 30). | Routes classées à grande circulation : interdiction de construire dans une bande de 100 m (autoroutes, routes express) ou 75 m (autres routes à grande circulation) de part et d'autre de l'axe, sauf exceptions (page 20). | Secteurs affectés par le bruit : prescriptions d'isolement acoustique minimum à proximité des voies bruyantes et du Plan d'Exposition au Bruit de l'aérodrome (page 21)."
"46.6156692504883, 0.326888531446457",46.6156692504883,0.326888531446457,2026-06-16T10:38:51,2026-02-27,Poitiers,200069854,AUe1 n°15_retry,AUE,openrouter/owl-alpha,https://www.geoportail-urbanisme.gouv.fr/api/document/download-by-partition/DU_200069854/file/200069854_reglement_20260227_A.pdf,non précisé,"Sauf adaptations justifiées par les orientations d'aménagement, la hauteur doit s'insérer harmonieusement dans l'environnement bâti et paysager, et tenir compte des lignes d'orientation des faîtages et de la volumétrie des constructions voisines. Dispositif de nidification des rapaces diurnes obligatoire si hauteur totale dépasse 18 mètres.",98,pas de limite d'emprise au sol fixée,non précisé,98,La construction doit être desservie par une voie carrossable par tous les temps d'une largeur minimale de 4 m (ponctuellement rétrécissable à 3 m). Les impasses de plus de 30 m doivent disposer d'un dispositif de retournement (Annexe 3) et d'une largeur de 6 m minimum hors stationnement. Voies tertiaires : 4 m (mixtes) ou 6 m ; secondaires : 9 m ; structurantes : 12 m.,94,"La construction peut joindre une ou plusieurs limites séparatives. Toutefois, elle ne sera pas autorisée en limite séparative en bordure des zones d'habitat existant ou prévu. Elle doit respecter les besoins d'éclairement naturel et permettre un entretien correct du terrain.",97,"Les espaces non bâtis non nécessaires au stationnement, aux accès ou à la circulation piétonne doivent être plantés d'essences variées. Les bassins d'orage doivent être végétalisés et ouverts au public. Les clôtures doivent être perméables pour le passage des petits mammifères.",100,non précisé,non précisé,L'annexe 2 du règlement indique les normes à respecter. Le stationnement doit être assuré en priorité sur le terrain de l'opération. Les organismes justifiant d'un Plan de Déplacements d'Entreprises (PDE) peuvent adapter le nombre de places.,99,"Activités (secteur AUe1) | Habitations liées au fonctionnement, à la surveillance ou au gardiennage des établissements (dans le volume des bâtiments économiques ou accolées) | Aménagements et extensions limités (50 m² de surface de plancher et 50 m² d'emprise au sol) en dehors d'opérations d'aménagement d'ensemble | Abris de jardin et annexes limités | Équipements publics et d'intérêt collectif | Aires publiques d'accueil des gens du voyage","Habitat non lié au fonctionnement, à la surveillance ou au gardiennage des établissements | Dépôts de toute nature non contrôlés | Carrières, affouillements et exhaussements (sauf exceptions) | Constructions dans une bande de 10 m le long des rivières (Clain, Boivre, Auxance, Miosson, Feuillante) | Tout projet compromettant l'aménagement ultérieur de la zone",97 | 95 | 95 | 93
