{"type":"FeatureCollection","features":[{"type":"Feature","geometry":{"type":"Point","coordinates":[2.5511375,49.0834393]},"properties":{"type":"entree","autoroute":"A1"}},{"type":"Feature","geometry":{"type":"Point","coordinates":[2.5421644,49.0391224]},"properties":{"type":"entree","autoroute":"A1"}},{"type":"Feature","geometry":{"type":"Point","coordinates":[4.766659,44.4780298]},"properties":{"type":"entree","autoroute":"A7"}},{"type":"Feature","geometry":{"type":"Point","coordinates":[2.4635493,48.8840815]},"properties":{"type":"entree","autoroute":"A3"}},{"type":"Feature","geometry":{"type":"Point","coordinates":[2.4812559,48.926226]},"properties":{"type":"entree","autoroute":"A3"}},{"type":"Feature","geometry":{"type":"Point","coordinates":[3.135706,50.1488086]},"properties":{"type":"entree","autoroute":"A2"}},{"type":"Feature","geometry":{"type":"Point","coordinates":[5.7016497,45.1610235]},"properties":{"type":"entree","autoroute":"A480"}},{"type":"Feature","geometry":{"type":"Point","coordinates":[4.7628814,45.8267911]},"properties":{"type":"entree","autoroute":"A6"}},{"type":"Feature","geometry":{"type":"Point","coordinates":[3.5439093,47.8564829]},"properties":{"type":"entree","autoroute":"A6"}},{"type":"Feature","geometry":{"type":"Point","coordinates":[5.6222818,45.281496]},"properties":{"type":"entree","autoroute":"A48"}},{"type":"Feature","geometry":{"type":"Point","coordinates":[5.5235017,45.2825546]},"properties":{"type":"entree","autoroute":"A49"}},{"type":"Feature","geometry":{"type":"Point","coordinates":[5.4973085,45.2409215]},"properties":{"type":"entree","autoroute":"A49"}},{"type":"Feature","geometry":{"type":"Point","coordinates":[4.8455346,45.5085537]},"properties":{"type":"entree","autoroute":"A7"}},{"type":"Feature","geometry":{"type":"Point","coordinates":[5.6271281,45.2699068]},"properties":{"type":"entree","autoroute":"A48"}},{"type":"Feature","geometry":{"type":"Point","coordinates":[5.6262236,45.2717682]},"properties":{"type":"entree","autoroute":"A48"}},{"type":"Feature","geometry":{"type":"Point","coordinates":[5.8187736,45.2197755]},"properties":{"type":"entree","autoroute":"A41"}},{"type":"Feature","geometry":{"type":"Point","coordinates":[5.8438633,45.2388284]},"properties":{"type":"entree","autoroute":"A41"}},{"type":"Feature","geometry":{"type":"Point","coordinates":[5.8918199,45.2637018]},"properties":{"type":"entree","autoroute":"A41"}},{"type":"Feature","geometry":{"type":"Point","coordinates":[6.1771944,49.2599938]},"properties":{"type":"entree","autoroute":"A31"}},{"type":"Feature","geometry":{"type":"Point","coordinates":[6.1808687,49.2387772]},"properties":{"type":"entree","autoroute":"A31"}},{"type":"Feature","geometry":{"type":"Point","coordinates":[6.1811113,48.6400499]},"properties":{"type":"entree","autoroute":"A330"}},{"type":"Feature","geometry":{"type":"Point","coordinates":[6.2136727,48.6181616]},"properties":{"type":"entree","autoroute":"A33"}},{"type":"Feature","geometry":{"type":"Point","coordinates":[6.2142453,49.1949867]},"properties":{"type":"entree","autoroute":"A4"}},{"type":"Feature","geometry":{"type":"Point","coordinates":[6.2319236,49.1861814]},"properties":{"type":"entree","autoroute":"A4"}},{"type":"Feature","geometry":{"type":"Point","coordinates":[6.113546,49.0947865]},"properties":{"type":"entree","autoroute":"A31"}},{"type":"Feature","geometry":{"type":"Point","coordinates":[6.1120098,49.071064]},"properties":{"type":"entree","autoroute":"A31"}},{"type":"Feature","geometry":{"type":"Point","coordinates":[5.9052932,48.6578562]},"properties":{"type":"entree","autoroute":"A31"}},{"type":"Feature","geometry":{"type":"Point","coordinates":[5.1426406,47.2731345]},"properties":{"type":"entree","autoroute":"A31"}},{"type":"Feature","geometry":{"type":"Point","coordinates":[5.155516,47.2714981]},"properties":{"type":"entree","autoroute":"A39"}},{"type":"Feature","geometry":{"type":"Point","coordinates":[4.9875555,47.1444071]},"properties":{"type":"entree","autoroute":"A31"}},{"type":"Feature","geometry":{"type":"Point","coordinates":[5.0011191,47.2137905]},"properties":{"type":"entree","autoroute":"A31"}},{"type":"Feature","geometry":{"type":"Point","coordinates":[5.3289348,46.0604151]},"properties":{"type":"entree","autoroute":"A42"}},{"type":"Feature","geometry":{"type":"Point","coordinates":[5.6075195,45.5747556]},"properties":{"type":"entree","autoroute":"A43"}},{"type":"Feature","geometry":{"type":"Point","coordinates":[5.3168757,45.5723988]},"properties":{"type":"entree","autoroute":"A43"}},{"type":"Feature","geometry":{"type":"Point","coordinates":[5.2176906,45.6119636]},"properties":{"type":"entree","autoroute":"A43"}},{"type":"Feature","geometry":{"type":"Point","coordinates":[5.0444253,45.6715177]},"properties":{"type":"entree","autoroute":"A43"}},{"type":"Feature","geometry":{"type":"Point","coordinates":[5.054946,45.6669891]},"properties":{"type":"entree","autoroute":"A43"}},{"type":"Feature","geometry":{"type":"Point","coordinates":[5.0516071,45.6726614]},"properties":{"type":"entree","autoroute":"A432"}},{"type":"Feature","geometry":{"type":"Point","coordinates":[5.1607153,45.6326213]},"properties":{"type":"entree","autoroute":"A43"}},{"type":"Feature","geometry":{"type":"Point","coordinates":[4.9039862,45.7281123]},"properties":{"type":"entree","autoroute":"A43"}},{"type":"Feature","geometry":{"type":"Point","coordinates":[5.0269737,45.8320876]},"properties":{"type":"entree","autoroute":"A42"}},{"type":"Feature","geometry":{"type":"Point","coordinates":[5.0592899,45.6881753]},"properties":{"type":"entree","autoroute":"A432"}},{"type":"Feature","geometry":{"type":"Point","coordinates":[7.3819613,48.7695105]},"properties":{"type":"entree","autoroute":"A4"}},{"type":"Feature","geometry":{"type":"Point","coordinates":[4.9689278,47.1263959]},"properties":{"type":"entree","autoroute":"A31"}},{"type":"Feature","geometry":{"type":"Point","coordinates":[4.9038814,47.0544276]},"properties":{"type":"entree","autoroute":"A31"}},{"type":"Feature","geometry":{"type":"Point","coordinates":[4.8926017,43.9813057]},"properties":{"type":"entree","autoroute":"A7"}},{"type":"Feature","geometry":{"type":"Point","coordinates":[6.1129769,49.4288785]},"properties":{"type":"entree","autoroute":"A31"}},{"type":"Feature","geometry":{"type":"Point","coordinates":[6.9149903,49.0697434]},"properties":{"type":"entree","autoroute":"A4"}},{"type":"Feature","geometry":{"type":"Point","coordinates":[6.9940248,49.0474838]},"properties":{"type":"entree","autoroute":"A4"}},{"type":"Feature","geometry":{"type":"Point","coordinates":[5.5123177,47.9928126]},"properties":{"type":"entree","autoroute":"A31"}},{"type":"Feature","geometry":{"type":"Point","coordinates":[5.2989009,47.9417417]},"properties":{"type":"entree","autoroute":"A31"}},{"type":"Feature","geometry":{"type":"Point","coordinates":[4.7900002,44.1241294]},"properties":{"type":"entree","autoroute":"A9"}},{"type":"Feature","geometry":{"type":"Point","coordinates":[6.3242281,46.1162649]},"properties":{"type":"entree","autoroute":"A410"}},{"type":"Feature","geometry":{"type":"Point","coordinates":[7.1973973,43.6746977]},"properties":{"type":"entree","autoroute":"A8"}},{"type":"Feature","geometry":{"type":"Point","coordinates":[7.2011407,43.6698503]},"properties":{"type":"entree","autoroute":"A8"}},{"type":"Feature","geometry":{"type":"Point","coordinates":[7.1224987,43.6324857]},"properties":{"type":"entree","autoroute":"A8"}},{"type":"Feature","geometry":{"type":"Point","coordinates":[7.9706942,48.7975602]},"properties":{"type":"entree","autoroute":"A35"}},{"type":"Feature","geometry":{"type":"Point","coordinates":[7.7399689,48.6735472]},"properties":{"type":"entree","autoroute":"A35"}},{"type":"Feature","geometry":{"type":"Point","coordinates":[7.68204,48.7506065]},"properties":{"type":"entree","autoroute":"A4"}},{"type":"Feature","geometry":{"type":"Point","coordinates":[7.733925,48.6789245]},"properties":{"type":"entree","autoroute":"A4"}},{"type":"Feature","geometry":{"type":"Point","coordinates":[7.5165479,48.4579992]},"properties":{"type":"entree","autoroute":"A35"}},{"type":"Feature","geometry":{"type":"Point","coordinates":[6.6277381,45.9664781]},"properties":{"type":"entree","autoroute":"A40"}},{"type":"Feature","geometry":{"type":"Point","coordinates":[6.4212363,46.0672004]},"properties":{"type":"entree","autoroute":"A40"}},{"type":"Feature","geometry":{"type":"Point","coordinates":[6.380517,46.0750069]},"properties":{"type":"entree","autoroute":"A40"}},{"type":"Feature","geometry":{"type":"Point","coordinates":[6.3252551,46.127374]},"properties":{"type":"entree","autoroute":"A40"}},{"type":"Feature","geometry":{"type":"Point","coordinates":[6.1001945,46.1372641]},"properties":{"type":"entree","autoroute":"A41"}},{"type":"Feature","geometry":{"type":"Point","coordinates":[6.1277252,45.9874082]},"properties":{"type":"entree","autoroute":"A41"}},{"type":"Feature","geometry":{"type":"Point","coordinates":[5.6899824,45.132828]},"properties":{"type":"entree","autoroute":"A480"}},{"type":"Feature","geometry":{"type":"Point","coordinates":[4.9624838,47.3378575]},"properties":{"type":"entree","autoroute":"A38"}},{"type":"Feature","geometry":{"type":"Point","coordinates":[5.0822438,47.2998099]},"properties":{"type":"entree","autoroute":"A39"}},{"type":"Feature","geometry":{"type":"Point","coordinates":[5.3950319,47.1150476]},"properties":{"type":"entree","autoroute":"A39"}},{"type":"Feature","geometry":{"type":"Point","coordinates":[6.0285193,44.437405]},"properties":{"type":"entree","autoroute":"A51"}},{"type":"Feature","geometry":{"type":"Point","coordinates":[-1.6795678,43.3707251]},"properties":{"type":"entree","autoroute":"A63"}},{"type":"Feature","geometry":{"type":"Point","coordinates":[1.8311429,50.9406352]},"properties":{"type":"entree","autoroute":"A16"}},{"type":"Feature","geometry":{"type":"Point","coordinates":[1.8721795,50.9359658]},"properties":{"type":"entree","autoroute":"A16"}},{"type":"Feature","geometry":{"type":"Point","coordinates":[2.5952605,50.8130663]},"properties":{"type":"entree","autoroute":"A25"}},{"type":"Feature","geometry":{"type":"Point","coordinates":[7.3853542,48.7712359]},"properties":{"type":"entree","autoroute":"A4"}},{"type":"Feature","geometry":{"type":"Point","coordinates":[7.7110608,48.7042245]},"properties":{"type":"entree","autoroute":"A4"}},{"type":"Feature","geometry":{"type":"Point","coordinates":[-1.3775841,43.4491228]},"properties":{"type":"entree","autoroute":"A64"}},{"type":"Feature","geometry":{"type":"Point","coordinates":[1.471414,43.5737221]},"properties":{"type":"entree","autoroute":"A620"}},{"type":"Feature","geometry":{"type":"Point","coordinates":[1.4196748,43.6264853]},"properties":{"type":"entree","autoroute":"A620"}},{"type":"Feature","geometry":{"type":"Point","coordinates":[1.4296335,43.652451]},"properties":{"type":"entree","autoroute":"A62"}},{"type":"Feature","geometry":{"type":"Point","coordinates":[1.4435434,43.6468188]},"properties":{"type":"entree","autoroute":"A62"}},{"type":"Feature","geometry":{"type":"Point","coordinates":[1.4845689,43.6114491]},"properties":{"type":"entree","autoroute":"A61"}},{"type":"Feature","geometry":{"type":"Point","coordinates":[1.492915,43.5971344]},"properties":{"type":"entree","autoroute":"A61"}},{"type":"Feature","geometry":{"type":"Point","coordinates":[-0.5448212,43.3938245]},"properties":{"type":"entree","autoroute":"A64"}},{"type":"Feature","geometry":{"type":"Point","coordinates":[-0.3437857,43.3297335]},"properties":{"type":"entree","autoroute":"A64"}},{"type":"Feature","geometry":{"type":"Point","coordinates":[1.805001,48.965393]},"properties":{"type":"entree","autoroute":"A13"}},{"type":"Feature","geometry":{"type":"Point","coordinates":[1.7663751,48.9649349]},"properties":{"type":"entree","autoroute":"A13"}},{"type":"Feature","geometry":{"type":"Point","coordinates":[1.7455199,48.9676551]},"properties":{"type":"entree","autoroute":"A13"}},{"type":"Feature","geometry":{"type":"Point","coordinates":[1.4953304,49.0234939]},"properties":{"type":"entree","autoroute":"A13"}},{"type":"Feature","geometry":{"type":"Point","coordinates":[1.1777681,49.2483969]},"properties":{"type":"entree","autoroute":"A13"}},{"type":"Feature","geometry":{"type":"Point","coordinates":[1.068173,49.3403007]},"properties":{"type":"entree","autoroute":"A13"}},{"type":"Feature","geometry":{"type":"Point","coordinates":[1.23385,49.1891588]},"properties":{"type":"entree","autoroute":"A13"}},{"type":"Feature","geometry":{"type":"Point","coordinates":[1.5118095,49.0204396]},"properties":{"type":"entree","autoroute":"A13"}},{"type":"Feature","geometry":{"type":"Point","coordinates":[1.6859077,48.9826224]},"properties":{"type":"entree","autoroute":"A13"}},{"type":"Feature","geometry":{"type":"Point","coordinates":[1.7010775,48.9796442]},"properties":{"type":"entree","autoroute":"A13"}},{"type":"Feature","geometry":{"type":"Point","coordinates":[2.0515516,48.9079503]},"properties":{"type":"entree","autoroute":"A14"}},{"type":"Feature","geometry":{"type":"Point","coordinates":[4.7968241,44.6661903]},"properties":{"type":"entree","autoroute":"A7"}},{"type":"Feature","geometry":{"type":"Point","coordinates":[4.7955929,44.7602003]},"properties":{"type":"entree","autoroute":"A7"}},{"type":"Feature","geometry":{"type":"Point","coordinates":[3.933404,43.6063585]},"properties":{"type":"entree","autoroute":"A709"}},{"type":"Feature","geometry":{"type":"Point","coordinates":[3.929036,43.6046721]},"properties":{"type":"entree","autoroute":"A709"}},{"type":"Feature","geometry":{"type":"Point","coordinates":[4.8749128,44.9002998]},"properties":{"type":"entree","autoroute":"A7"}},{"type":"Feature","geometry":{"type":"Point","coordinates":[4.8859214,44.9729042]},"properties":{"type":"entree","autoroute":"A7"}},{"type":"Feature","geometry":{"type":"Point","coordinates":[4.7882563,44.1330937]},"properties":{"type":"entree","autoroute":"A9"}},{"type":"Feature","geometry":{"type":"Point","coordinates":[5.0350782,43.8137371]},"properties":{"type":"entree","autoroute":"A7"}},{"type":"Feature","geometry":{"type":"Point","coordinates":[5.0767789,43.7625007]},"properties":{"type":"entree","autoroute":"A7"}},{"type":"Feature","geometry":{"type":"Point","coordinates":[5.0861761,43.7457749]},"properties":{"type":"entree","autoroute":"A7"}},{"type":"Feature","geometry":{"type":"Point","coordinates":[5.86414,45.2453958]},"properties":{"type":"entree","autoroute":"A41"}},{"type":"Feature","geometry":{"type":"Point","coordinates":[5.1999865,45.0637596]},"properties":{"type":"entree","autoroute":"A49"}},{"type":"Feature","geometry":{"type":"Point","coordinates":[5.4255964,45.1997461]},"properties":{"type":"entree","autoroute":"A49"}},{"type":"Feature","geometry":{"type":"Point","coordinates":[5.5252072,45.2874526]},"properties":{"type":"entree","autoroute":"A49"}},{"type":"Feature","geometry":{"type":"Point","coordinates":[5.6182298,45.2993547]},"properties":{"type":"entree","autoroute":"A49"}},{"type":"Feature","geometry":{"type":"Point","coordinates":[5.70117,45.1583119]},"properties":{"type":"entree","autoroute":"A480"}},{"type":"Feature","geometry":{"type":"Point","coordinates":[5.7028605,45.1946144]},"properties":{"type":"entree","autoroute":"A480"}},{"type":"Feature","geometry":{"type":"Point","coordinates":[3.140434,45.1148479]},"properties":{"type":"entree","autoroute":"A75"}},{"type":"Feature","geometry":{"type":"Point","coordinates":[3.2458381,45.2998237]},"properties":{"type":"entree","autoroute":"A75"}},{"type":"Feature","geometry":{"type":"Point","coordinates":[3.2752854,45.3370584]},"properties":{"type":"entree","autoroute":"A75"}},{"type":"Feature","geometry":{"type":"Point","coordinates":[3.251757,45.4940857]},"properties":{"type":"entree","autoroute":"A75"}},{"type":"Feature","geometry":{"type":"Point","coordinates":[3.257155,45.499012]},"properties":{"type":"entree","autoroute":"A75"}},{"type":"Feature","geometry":{"type":"Point","coordinates":[3.2678524,45.5572719]},"properties":{"type":"entree","autoroute":"A75"}},{"type":"Feature","geometry":{"type":"Point","coordinates":[3.2403586,45.5814997]},"properties":{"type":"entree","autoroute":"A75"}},{"type":"Feature","geometry":{"type":"Point","coordinates":[3.1929901,45.6275913]},"properties":{"type":"entree","autoroute":"A75"}},{"type":"Feature","geometry":{"type":"Point","coordinates":[3.148587,45.6890044]},"properties":{"type":"entree","autoroute":"A75"}},{"type":"Feature","geometry":{"type":"Point","coordinates":[3.1555405,45.7261821]},"properties":{"type":"entree","autoroute":"A75"}},{"type":"Feature","geometry":{"type":"Point","coordinates":[3.1608156,45.8441522]},"properties":{"type":"entree","autoroute":"A71"}},{"type":"Feature","geometry":{"type":"Point","coordinates":[5.420236,46.6608238]},"properties":{"type":"entree","autoroute":"A39"}},{"type":"Feature","geometry":{"type":"Point","coordinates":[4.1819863,45.7374886]},"properties":{"type":"entree","autoroute":"A72"}},{"type":"Feature","geometry":{"type":"Point","coordinates":[4.1081618,45.8249442]},"properties":{"type":"entree","autoroute":"A89"}},{"type":"Feature","geometry":{"type":"Point","coordinates":[4.0422378,45.8575311]},"properties":{"type":"entree","autoroute":"A89"}},{"type":"Feature","geometry":{"type":"Point","coordinates":[3.575199,45.882915]},"properties":{"type":"entree","autoroute":"A89"}},{"type":"Feature","geometry":{"type":"Point","coordinates":[3.3978844,45.8521977]},"properties":{"type":"entree","autoroute":"A89"}},{"type":"Feature","geometry":{"type":"Point","coordinates":[3.2951088,45.8338899]},"properties":{"type":"entree","autoroute":"A89"}},{"type":"Feature","geometry":{"type":"Point","coordinates":[3.1912788,45.7829286]},"properties":{"type":"entree","autoroute":"A711"}},{"type":"Feature","geometry":{"type":"Point","coordinates":[3.1470273,45.7403132]},"properties":{"type":"entree","autoroute":"A75"}},{"type":"Feature","geometry":{"type":"Point","coordinates":[3.1740335,45.6497065]},"properties":{"type":"entree","autoroute":"A75"}},{"type":"Feature","geometry":{"type":"Point","coordinates":[3.2505996,45.493242]},"properties":{"type":"entree","autoroute":"A75"}},{"type":"Feature","geometry":{"type":"Point","coordinates":[5.3981655,47.1253835]},"properties":{"type":"entree","autoroute":"A36"}},{"type":"Feature","geometry":{"type":"Point","coordinates":[5.5173306,47.1375879]},"properties":{"type":"entree","autoroute":"A36"}},{"type":"Feature","geometry":{"type":"Point","coordinates":[5.5864264,47.1485783]},"properties":{"type":"entree","autoroute":"A36"}},{"type":"Feature","geometry":{"type":"Point","coordinates":[6.9167474,47.6484134]},"properties":{"type":"entree","autoroute":"A36"}},{"type":"Feature","geometry":{"type":"Point","coordinates":[6.9293489,47.6528028]},"properties":{"type":"entree","autoroute":"A36"}},{"type":"Feature","geometry":{"type":"Point","coordinates":[7.1303981,47.7145402]},"properties":{"type":"entree","autoroute":"A36"}},{"type":"Feature","geometry":{"type":"Point","coordinates":[7.3744245,47.7726141]},"properties":{"type":"entree","autoroute":"A36"}},{"type":"Feature","geometry":{"type":"Point","coordinates":[7.4766112,48.3992428]},"properties":{"type":"entree","autoroute":"A35"}},{"type":"Feature","geometry":{"type":"Point","coordinates":[7.4979921,48.4351893]},"properties":{"type":"entree","autoroute":"A35"}},{"type":"Feature","geometry":{"type":"Point","coordinates":[7.5090725,48.453953]},"properties":{"type":"entree","autoroute":"A35"}},{"type":"Feature","geometry":{"type":"Point","coordinates":[2.4990192,48.9712574]},"properties":{"type":"entree","autoroute":"A104"}},{"type":"Feature","geometry":{"type":"Point","coordinates":[5.8897364,43.9168786]},"properties":{"type":"entree","autoroute":"A51"}},{"type":"Feature","geometry":{"type":"Point","coordinates":[5.8464973,43.8387113]},"properties":{"type":"entree","autoroute":"A51"}},{"type":"Feature","geometry":{"type":"Point","coordinates":[5.8156001,43.8035922]},"properties":{"type":"entree","autoroute":"A51"}},{"type":"Feature","geometry":{"type":"Point","coordinates":[5.7271822,43.7009266]},"properties":{"type":"entree","autoroute":"A51"}},{"type":"Feature","geometry":{"type":"Point","coordinates":[5.4952552,43.6566593]},"properties":{"type":"entree","autoroute":"A51"}},{"type":"Feature","geometry":{"type":"Point","coordinates":[5.4799971,43.5899885]},"properties":{"type":"entree","autoroute":"A51"}},{"type":"Feature","geometry":{"type":"Point","coordinates":[4.4421673,43.8713887]},"properties":{"type":"entree","autoroute":"A9"}},{"type":"Feature","geometry":{"type":"Point","coordinates":[4.2967039,43.7861892]},"properties":{"type":"entree","autoroute":"A9"}},{"type":"Feature","geometry":{"type":"Point","coordinates":[3.8786313,43.5759444]},"properties":{"type":"entree","autoroute":"A709"}},{"type":"Feature","geometry":{"type":"Point","coordinates":[3.896295,43.5889828]},"properties":{"type":"entree","autoroute":"A709"}},{"type":"Feature","geometry":{"type":"Point","coordinates":[1.4053675,43.6232248]},"properties":{"type":"entree","autoroute":"A621"}},{"type":"Feature","geometry":{"type":"Point","coordinates":[1.4111134,43.6250948]},"properties":{"type":"entree","autoroute":"A621"}},{"type":"Feature","geometry":{"type":"Point","coordinates":[1.4760786,43.6393805]},"properties":{"type":"entree","autoroute":"A62"}},{"type":"Feature","geometry":{"type":"Point","coordinates":[1.5681621,43.7208678]},"properties":{"type":"entree","autoroute":"A68"}},{"type":"Feature","geometry":{"type":"Point","coordinates":[5.0795586,45.0233812]},"properties":{"type":"entree","autoroute":"A49"}},{"type":"Feature","geometry":{"type":"Point","coordinates":[5.0451908,45.0205557]},"properties":{"type":"entree","autoroute":"A49"}},{"type":"Feature","geometry":{"type":"Point","coordinates":[1.4401075,43.5749836]},"properties":{"type":"entree","autoroute":"A620"}},{"type":"Feature","geometry":{"type":"Point","coordinates":[1.4377739,43.5732315]},"properties":{"type":"entree","autoroute":"A620"}},{"type":"Feature","geometry":{"type":"Point","coordinates":[1.4183833,43.5651746]},"properties":{"type":"entree","autoroute":"A64"}},{"type":"Feature","geometry":{"type":"Point","coordinates":[1.4095375,43.5539257]},"properties":{"type":"entree","autoroute":"A64"}},{"type":"Feature","geometry":{"type":"Point","coordinates":[3.8918274,43.5860245]},"properties":{"type":"entree","autoroute":"A709"}},{"type":"Feature","geometry":{"type":"Point","coordinates":[3.8718473,43.5728117]},"properties":{"type":"entree","autoroute":"A709"}},{"type":"Feature","geometry":{"type":"Point","coordinates":[0.9448416,43.1299255]},"properties":{"type":"entree","autoroute":"A64"}},{"type":"Feature","geometry":{"type":"Point","coordinates":[6.1083027,48.6945886]},"properties":{"type":"entree","autoroute":"A31"}},{"type":"Feature","geometry":{"type":"Point","coordinates":[6.1216941,48.6991395]},"properties":{"type":"entree","autoroute":"A31"}},{"type":"Feature","geometry":{"type":"Point","coordinates":[1.4066223,43.579003]},"properties":{"type":"entree","autoroute":"A620"}},{"type":"Feature","geometry":{"type":"Point","coordinates":[2.2725581,48.7142824]},"properties":{"type":"entree","autoroute":"A10"}},{"type":"Feature","geometry":{"type":"Point","coordinates":[2.222129,48.6904705]},"properties":{"type":"entree","autoroute":"A10"}},{"type":"Feature","geometry":{"type":"Point","coordinates":[2.1826529,48.658143]},"properties":{"type":"entree","autoroute":"A10"}},{"type":"Feature","geometry":{"type":"Point","coordinates":[1.9948592,48.5712844]},"properties":{"type":"entree","autoroute":"A10"}},{"type":"Feature","geometry":{"type":"Point","coordinates":[1.9274547,48.5529621]},"properties":{"type":"entree","autoroute":"A10"}},{"type":"Feature","geometry":{"type":"Point","coordinates":[1.9237502,48.5512527]},"properties":{"type":"entree","autoroute":"A10"}},{"type":"Feature","geometry":{"type":"Point","coordinates":[1.9100904,48.5442763]},"properties":{"type":"entree","autoroute":"A11"}},{"type":"Feature","geometry":{"type":"Point","coordinates":[1.8374786,48.5270874]},"properties":{"type":"entree","autoroute":"A11"}},{"type":"Feature","geometry":{"type":"Point","coordinates":[1.7977275,48.5196034]},"properties":{"type":"entree","autoroute":"A11"}},{"type":"Feature","geometry":{"type":"Point","coordinates":[1.4390763,48.36089]},"properties":{"type":"entree","autoroute":"A11"}},{"type":"Feature","geometry":{"type":"Point","coordinates":[0.3338122,48.0533151]},"properties":{"type":"entree","autoroute":"A11"}},{"type":"Feature","geometry":{"type":"Point","coordinates":[0.3000396,48.0503909]},"properties":{"type":"entree","autoroute":"A11"}},{"type":"Feature","geometry":{"type":"Point","coordinates":[0.1591971,48.0473849]},"properties":{"type":"entree","autoroute":"A11"}},{"type":"Feature","geometry":{"type":"Point","coordinates":[6.1813192,48.6434809]},"properties":{"type":"entree","autoroute":"A330"}},{"type":"Feature","geometry":{"type":"Point","coordinates":[6.1804789,48.6291059]},"properties":{"type":"entree","autoroute":"A33"}},{"type":"Feature","geometry":{"type":"Point","coordinates":[6.1372783,48.6476694]},"properties":{"type":"entree","autoroute":"A33"}},{"type":"Feature","geometry":{"type":"Point","coordinates":[6.0365477,48.6911173]},"properties":{"type":"entree","autoroute":"A31"}},{"type":"Feature","geometry":{"type":"Point","coordinates":[5.8924076,48.6558594]},"properties":{"type":"entree","autoroute":"A31"}},{"type":"Feature","geometry":{"type":"Point","coordinates":[5.8820828,48.633198]},"properties":{"type":"entree","autoroute":"A31"}},{"type":"Feature","geometry":{"type":"Point","coordinates":[4.8353778,46.9589046]},"properties":{"type":"entree","autoroute":"A6"}},{"type":"Feature","geometry":{"type":"Point","coordinates":[6.1563899,48.7529889]},"properties":{"type":"entree","autoroute":"A31"}},{"type":"Feature","geometry":{"type":"Point","coordinates":[6.8187263,49.1438528]},"properties":{"type":"entree","autoroute":"A320"}},{"type":"Feature","geometry":{"type":"Point","coordinates":[6.6553427,49.1340584]},"properties":{"type":"entree","autoroute":"A4"}},{"type":"Feature","geometry":{"type":"Point","coordinates":[6.9152831,49.1785193]},"properties":{"type":"entree","autoroute":"A320"}},{"type":"Feature","geometry":{"type":"Point","coordinates":[6.1099054,48.9232792]},"properties":{"type":"entree","autoroute":"A31"}},{"type":"Feature","geometry":{"type":"Point","coordinates":[6.1115014,48.9327596]},"properties":{"type":"entree","autoroute":"A31"}},{"type":"Feature","geometry":{"type":"Point","coordinates":[6.1539809,48.7399083]},"properties":{"type":"entree","autoroute":"A31"}},{"type":"Feature","geometry":{"type":"Point","coordinates":[6.8004049,49.137982]},"properties":{"type":"entree","autoroute":"A4"}},{"type":"Feature","geometry":{"type":"Point","coordinates":[6.459511,49.1405094]},"properties":{"type":"entree","autoroute":"A4"}},{"type":"Feature","geometry":{"type":"Point","coordinates":[6.0890289,48.8528615]},"properties":{"type":"entree","autoroute":"A31"}},{"type":"Feature","geometry":{"type":"Point","coordinates":[6.8796886,49.1695985]},"properties":{"type":"entree","autoroute":"A320"}},{"type":"Feature","geometry":{"type":"Point","coordinates":[6.8076318,49.1381907]},"properties":{"type":"entree","autoroute":"A320"}},{"type":"Feature","geometry":{"type":"Point","coordinates":[6.1649783,48.7285288]},"properties":{"type":"entree","autoroute":"A31"}},{"type":"Feature","geometry":{"type":"Point","coordinates":[6.1126275,48.9400358]},"properties":{"type":"entree","autoroute":"A31"}},{"type":"Feature","geometry":{"type":"Point","coordinates":[6.1109293,48.9285757]},"properties":{"type":"entree","autoroute":"A31"}},{"type":"Feature","geometry":{"type":"Point","coordinates":[6.6653818,49.1324956]},"properties":{"type":"entree","autoroute":"A4"}},{"type":"Feature","geometry":{"type":"Point","coordinates":[6.234995,49.1214097]},"properties":{"type":"entree","autoroute":"A315"}},{"type":"Feature","geometry":{"type":"Point","coordinates":[6.8141936,49.1418516]},"properties":{"type":"entree","autoroute":"A320"}},{"type":"Feature","geometry":{"type":"Point","coordinates":[6.1529542,48.7428533]},"properties":{"type":"entree","autoroute":"A31"}},{"type":"Feature","geometry":{"type":"Point","coordinates":[6.1543764,48.7557402]},"properties":{"type":"entree","autoroute":"A31"}},{"type":"Feature","geometry":{"type":"Point","coordinates":[6.5313215,49.1323719]},"properties":{"type":"entree","autoroute":"A4"}},{"type":"Feature","geometry":{"type":"Point","coordinates":[6.9409401,49.2000632]},"properties":{"type":"entree","autoroute":"A320"}},{"type":"Feature","geometry":{"type":"Point","coordinates":[1.9456692,43.2882087]},"properties":{"type":"entree","autoroute":"A61"}},{"type":"Feature","geometry":{"type":"Point","coordinates":[2.2248545,43.2167203]},"properties":{"type":"entree","autoroute":"A61"}},{"type":"Feature","geometry":{"type":"Point","coordinates":[2.5471248,43.1780792]},"properties":{"type":"entree","autoroute":"A61"}},{"type":"Feature","geometry":{"type":"Point","coordinates":[6.184929,48.6570894]},"properties":{"type":"entree","autoroute":"A330"}},{"type":"Feature","geometry":{"type":"Point","coordinates":[6.16529,48.7186828]},"properties":{"type":"entree","autoroute":"A31"}},{"type":"Feature","geometry":{"type":"Point","coordinates":[1.49374,43.5648351]},"properties":{"type":"entree","autoroute":"A61"}},{"type":"Feature","geometry":{"type":"Point","coordinates":[1.4137897,43.5695785]},"properties":{"type":"entree","autoroute":"A620"}},{"type":"Feature","geometry":{"type":"Point","coordinates":[2.303387,43.1948872]},"properties":{"type":"entree","autoroute":"A61"}},{"type":"Feature","geometry":{"type":"Point","coordinates":[3.4376001,43.4797978]},"properties":{"type":"entree","autoroute":"A75"}},{"type":"Feature","geometry":{"type":"Point","coordinates":[3.4436183,43.526802]},"properties":{"type":"entree","autoroute":"A75"}},{"type":"Feature","geometry":{"type":"Point","coordinates":[3.4592806,43.6169646]},"properties":{"type":"entree","autoroute":"A75"}},{"type":"Feature","geometry":{"type":"Point","coordinates":[3.4186741,43.4443529]},"properties":{"type":"entree","autoroute":"A75"}},{"type":"Feature","geometry":{"type":"Point","coordinates":[3.4441923,43.6584698]},"properties":{"type":"entree","autoroute":"A75"}},{"type":"Feature","geometry":{"type":"Point","coordinates":[3.4317131,43.4563558]},"properties":{"type":"entree","autoroute":"A75"}},{"type":"Feature","geometry":{"type":"Point","coordinates":[3.3426174,43.6950372]},"properties":{"type":"entree","autoroute":"A75"}},{"type":"Feature","geometry":{"type":"Point","coordinates":[3.3257231,43.7977331]},"properties":{"type":"entree","autoroute":"A75"}},{"type":"Feature","geometry":{"type":"Point","coordinates":[3.0850623,44.332434]},"properties":{"type":"entree","autoroute":"A75"}},{"type":"Feature","geometry":{"type":"Point","coordinates":[1.5686072,43.6884837]},"properties":{"type":"entree","autoroute":"A69"}},{"type":"Feature","geometry":{"type":"Point","coordinates":[1.4784377,43.6314086]},"properties":{"type":"entree","autoroute":"A61"}},{"type":"Feature","geometry":{"type":"Point","coordinates":[5.5235637,43.4987852]},"properties":{"type":"entree","autoroute":"A8"}},{"type":"Feature","geometry":{"type":"Point","coordinates":[5.597805,43.3234875]},"properties":{"type":"entree","autoroute":"A52"}},{"type":"Feature","geometry":{"type":"Point","coordinates":[5.5953861,43.3896596]},"properties":{"type":"entree","autoroute":"A52"}},{"type":"Feature","geometry":{"type":"Point","coordinates":[5.556214,43.4816575]},"properties":{"type":"entree","autoroute":"A8"}},{"type":"Feature","geometry":{"type":"Point","coordinates":[6.0278477,45.4827572]},"properties":{"type":"entree","autoroute":"A43"}},{"type":"Feature","geometry":{"type":"Point","coordinates":[6.0201646,45.4786082]},"properties":{"type":"entree","autoroute":"A41"}},{"type":"Feature","geometry":{"type":"Point","coordinates":[5.9979947,45.4243884]},"properties":{"type":"entree","autoroute":"A41"}},{"type":"Feature","geometry":{"type":"Point","coordinates":[6.051603,45.4918304]},"properties":{"type":"entree","autoroute":"A43"}},{"type":"Feature","geometry":{"type":"Point","coordinates":[5.9699922,45.5339149]},"properties":{"type":"entree","autoroute":"A43"}},{"type":"Feature","geometry":{"type":"Point","coordinates":[5.9647219,45.5405858]},"properties":{"type":"entree","autoroute":"A43"}},{"type":"Feature","geometry":{"type":"Point","coordinates":[4.8758672,45.0129824]},"properties":{"type":"entree","autoroute":"A7"}},{"type":"Feature","geometry":{"type":"Point","coordinates":[4.8732671,45.0652511]},"properties":{"type":"entree","autoroute":"A7"}},{"type":"Feature","geometry":{"type":"Point","coordinates":[4.8860302,44.9734593]},"properties":{"type":"entree","autoroute":"A7"}},{"type":"Feature","geometry":{"type":"Point","coordinates":[4.8120684,45.3195881]},"properties":{"type":"entree","autoroute":"A7"}},{"type":"Feature","geometry":{"type":"Point","coordinates":[4.7941198,46.2325547]},"properties":{"type":"entree","autoroute":"A6"}},{"type":"Feature","geometry":{"type":"Point","coordinates":[5.8954799,45.6125649]},"properties":{"type":"entree","autoroute":"A41"}},{"type":"Feature","geometry":{"type":"Point","coordinates":[0.7617565,43.1250735]},"properties":{"type":"entree","autoroute":"A64"}},{"type":"Feature","geometry":{"type":"Point","coordinates":[4.7913614,44.1238816]},"properties":{"type":"entree","autoroute":"A9"}},{"type":"Feature","geometry":{"type":"Point","coordinates":[3.0668363,44.0315999]},"properties":{"type":"entree","autoroute":"A75"}},{"type":"Feature","geometry":{"type":"Point","coordinates":[3.1902271,43.9781775]},"properties":{"type":"entree","autoroute":"A75"}},{"type":"Feature","geometry":{"type":"Point","coordinates":[3.310262,43.8456905]},"properties":{"type":"entree","autoroute":"A75"}},{"type":"Feature","geometry":{"type":"Point","coordinates":[3.326214,43.793461]},"properties":{"type":"entree","autoroute":"A75"}},{"type":"Feature","geometry":{"type":"Point","coordinates":[3.4520973,43.6551829]},"properties":{"type":"entree","autoroute":"A750"}},{"type":"Feature","geometry":{"type":"Point","coordinates":[3.4516209,43.6550161]},"properties":{"type":"entree","autoroute":"A750"}},{"type":"Feature","geometry":{"type":"Point","coordinates":[3.3839111,43.6799027]},"properties":{"type":"entree","autoroute":"A75"}},{"type":"Feature","geometry":{"type":"Point","coordinates":[3.324393,43.7208791]},"properties":{"type":"entree","autoroute":"A75"}},{"type":"Feature","geometry":{"type":"Point","coordinates":[5.3385303,45.5691189]},"properties":{"type":"entree","autoroute":"A43"}},{"type":"Feature","geometry":{"type":"Point","coordinates":[6.3331995,46.1178971]},"properties":{"type":"entree","autoroute":"A40"}},{"type":"Feature","geometry":{"type":"Point","coordinates":[5.5604075,45.3457938]},"properties":{"type":"entree","autoroute":"A48"}},{"type":"Feature","geometry":{"type":"Point","coordinates":[5.4237532,45.5608565]},"properties":{"type":"entree","autoroute":"A43"}},{"type":"Feature","geometry":{"type":"Point","coordinates":[5.4265836,45.5607653]},"properties":{"type":"entree","autoroute":"A43"}},{"type":"Feature","geometry":{"type":"Point","coordinates":[5.457446,45.5575012]},"properties":{"type":"entree","autoroute":"A43"}},{"type":"Feature","geometry":{"type":"Point","coordinates":[6.8541878,47.5213741]},"properties":{"type":"entree","autoroute":"A36"}},{"type":"Feature","geometry":{"type":"Point","coordinates":[6.5815379,47.4163061]},"properties":{"type":"entree","autoroute":"A36"}},{"type":"Feature","geometry":{"type":"Point","coordinates":[6.7571112,47.4571384]},"properties":{"type":"entree","autoroute":"A36"}},{"type":"Feature","geometry":{"type":"Point","coordinates":[5.1336496,47.2783723]},"properties":{"type":"entree","autoroute":"A39"}},{"type":"Feature","geometry":{"type":"Point","coordinates":[5.0345119,47.2642137]},"properties":{"type":"entree","autoroute":"A311"}},{"type":"Feature","geometry":{"type":"Point","coordinates":[2.8236931,42.5301247]},"properties":{"type":"entree","autoroute":"A9"}},{"type":"Feature","geometry":{"type":"Point","coordinates":[4.9365908,45.7193371]},"properties":{"type":"entree","autoroute":"A43"}},{"type":"Feature","geometry":{"type":"Point","coordinates":[4.9272689,45.7238489]},"properties":{"type":"entree","autoroute":"A43"}},{"type":"Feature","geometry":{"type":"Point","coordinates":[4.8839478,47.0385466]},"properties":{"type":"entree","autoroute":"A31"}},{"type":"Feature","geometry":{"type":"Point","coordinates":[3.6332497,43.4652525]},"properties":{"type":"entree","autoroute":"A9"}},{"type":"Feature","geometry":{"type":"Point","coordinates":[2.9922267,43.1618424]},"properties":{"type":"entree","autoroute":"A9"}},{"type":"Feature","geometry":{"type":"Point","coordinates":[3.2209883,43.3034073]},"properties":{"type":"entree","autoroute":"A9"}},{"type":"Feature","geometry":{"type":"Point","coordinates":[3.0335803,43.1760868]},"properties":{"type":"entree","autoroute":"A9"}},{"type":"Feature","geometry":{"type":"Point","coordinates":[3.0319039,43.1756635]},"properties":{"type":"entree","autoroute":"A9"}},{"type":"Feature","geometry":{"type":"Point","coordinates":[3.0894263,43.211681]},"properties":{"type":"entree","autoroute":"A9"}},{"type":"Feature","geometry":{"type":"Point","coordinates":[3.4663702,43.6576017]},"properties":{"type":"entree","autoroute":"A750"}},{"type":"Feature","geometry":{"type":"Point","coordinates":[4.7359924,44.021521]},"properties":{"type":"entree","autoroute":"A9"}},{"type":"Feature","geometry":{"type":"Point","coordinates":[5.5146058,46.7703671]},"properties":{"type":"entree","autoroute":"A39"}},{"type":"Feature","geometry":{"type":"Point","coordinates":[4.9277189,45.7997581]},"properties":{"type":"entree","autoroute":"A42"}},{"type":"Feature","geometry":{"type":"Point","coordinates":[4.9675496,45.6987675]},"properties":{"type":"entree","autoroute":"A46"}},{"type":"Feature","geometry":{"type":"Point","coordinates":[5.5738361,46.855701]},"properties":{"type":"entree","autoroute":"A39"}},{"type":"Feature","geometry":{"type":"Point","coordinates":[1.3857106,43.529323]},"properties":{"type":"entree","autoroute":"A64"}},{"type":"Feature","geometry":{"type":"Point","coordinates":[2.1974587,48.9040109]},"properties":{"type":"entree","autoroute":"A14"}},{"type":"Feature","geometry":{"type":"Point","coordinates":[3.0330657,44.1763765]},"properties":{"type":"entree","autoroute":"A75"}},{"type":"Feature","geometry":{"type":"Point","coordinates":[5.9236033,45.6508782]},"properties":{"type":"entree","autoroute":"A41"}},{"type":"Feature","geometry":{"type":"Point","coordinates":[5.9641036,45.7836938]},"properties":{"type":"entree","autoroute":"A41"}},{"type":"Feature","geometry":{"type":"Point","coordinates":[6.0895425,45.8996607]},"properties":{"type":"entree","autoroute":"A41"}},{"type":"Feature","geometry":{"type":"Point","coordinates":[2.4197279,43.1945163]},"properties":{"type":"entree","autoroute":"A61"}},{"type":"Feature","geometry":{"type":"Point","coordinates":[4.7669334,44.4807965]},"properties":{"type":"entree","autoroute":"A7"}},{"type":"Feature","geometry":{"type":"Point","coordinates":[2.3174203,48.937286]},"properties":{"type":"entree","autoroute":"A86"}},{"type":"Feature","geometry":{"type":"Point","coordinates":[2.3286848,48.929487]},"properties":{"type":"entree","autoroute":"A86"}},{"type":"Feature","geometry":{"type":"Point","coordinates":[2.4136354,48.9285158]},"properties":{"type":"entree","autoroute":"A86"}},{"type":"Feature","geometry":{"type":"Point","coordinates":[2.428218,48.9199841]},"properties":{"type":"entree","autoroute":"A86"}},{"type":"Feature","geometry":{"type":"Point","coordinates":[0.9837607,49.3386013]},"properties":{"type":"entree","autoroute":"A13"}},{"type":"Feature","geometry":{"type":"Point","coordinates":[0.9351689,49.3410674]},"properties":{"type":"entree","autoroute":"A13"}},{"type":"Feature","geometry":{"type":"Point","coordinates":[8.0809746,48.8920525]},"properties":{"type":"entree","autoroute":"A35"}},{"type":"Feature","geometry":{"type":"Point","coordinates":[4.3670525,45.469453]},"properties":{"type":"entree","autoroute":"A72"}},{"type":"Feature","geometry":{"type":"Point","coordinates":[1.3078464,43.4315666]},"properties":{"type":"entree","autoroute":"A64"}},{"type":"Feature","geometry":{"type":"Point","coordinates":[2.9791843,43.1515555]},"properties":{"type":"entree","autoroute":"A61"}},{"type":"Feature","geometry":{"type":"Point","coordinates":[2.5380366,43.1778593]},"properties":{"type":"entree","autoroute":"A61"}},{"type":"Feature","geometry":{"type":"Point","coordinates":[2.4173141,43.1934065]},"properties":{"type":"entree","autoroute":"A61"}},{"type":"Feature","geometry":{"type":"Point","coordinates":[2.3414978,43.1938051]},"properties":{"type":"entree","autoroute":"A61"}},{"type":"Feature","geometry":{"type":"Point","coordinates":[1.9416051,43.2896668]},"properties":{"type":"entree","autoroute":"A61"}},{"type":"Feature","geometry":{"type":"Point","coordinates":[-0.2913189,49.1671975]},"properties":{"type":"entree","autoroute":"A13"}},{"type":"Feature","geometry":{"type":"Point","coordinates":[-0.4288101,49.1646423]},"properties":{"type":"entree","autoroute":"A84"}},{"type":"Feature","geometry":{"type":"Point","coordinates":[-0.4338733,49.1647251]},"properties":{"type":"entree","autoroute":"A84"}},{"type":"Feature","geometry":{"type":"Point","coordinates":[-0.4656606,49.1592262]},"properties":{"type":"entree","autoroute":"A84"}},{"type":"Feature","geometry":{"type":"Point","coordinates":[-0.2065033,49.1748068]},"properties":{"type":"entree","autoroute":"A13"}},{"type":"Feature","geometry":{"type":"Point","coordinates":[5.0528793,45.675674]},"properties":{"type":"entree","autoroute":"A432"}},{"type":"Feature","geometry":{"type":"Point","coordinates":[5.0512264,45.6727889]},"properties":{"type":"entree","autoroute":"A432"}},{"type":"Feature","geometry":{"type":"Point","coordinates":[5.075416,45.8454876]},"properties":{"type":"entree","autoroute":"A42"}},{"type":"Feature","geometry":{"type":"Point","coordinates":[5.5328675,46.1377396]},"properties":{"type":"entree","autoroute":"A40"}},{"type":"Feature","geometry":{"type":"Point","coordinates":[5.5416135,46.1390557]},"properties":{"type":"entree","autoroute":"A404"}},{"type":"Feature","geometry":{"type":"Point","coordinates":[5.3763905,46.0880625]},"properties":{"type":"entree","autoroute":"A40"}},{"type":"Feature","geometry":{"type":"Point","coordinates":[5.493962,46.1201454]},"properties":{"type":"entree","autoroute":"A40"}},{"type":"Feature","geometry":{"type":"Point","coordinates":[2.3343718,48.9270483]},"properties":{"type":"entree","autoroute":"A86"}},{"type":"Feature","geometry":{"type":"Point","coordinates":[2.3801628,48.9225839]},"properties":{"type":"entree","autoroute":"A86"}},{"type":"Feature","geometry":{"type":"Point","coordinates":[2.2014204,48.9890252]},"properties":{"type":"entree","autoroute":"A15"}},{"type":"Feature","geometry":{"type":"Point","coordinates":[2.2645452,48.9633355]},"properties":{"type":"entree","autoroute":"A15"}},{"type":"Feature","geometry":{"type":"Point","coordinates":[2.2334,48.9773795]},"properties":{"type":"entree","autoroute":"A15"}},{"type":"Feature","geometry":{"type":"Point","coordinates":[2.2265242,48.9218214]},"properties":{"type":"entree","autoroute":"A86"}},{"type":"Feature","geometry":{"type":"Point","coordinates":[2.1901985,48.9916535]},"properties":{"type":"entree","autoroute":"A15"}},{"type":"Feature","geometry":{"type":"Point","coordinates":[6.3028889,45.3459415]},"properties":{"type":"entree","autoroute":"A43"}},{"type":"Feature","geometry":{"type":"Point","coordinates":[6.2226624,45.5656847]},"properties":{"type":"entree","autoroute":"A43"}},{"type":"Feature","geometry":{"type":"Point","coordinates":[-1.1309898,43.8820482]},"properties":{"type":"entree","autoroute":"A63"}},{"type":"Feature","geometry":{"type":"Point","coordinates":[-0.3544255,46.3097334]},"properties":{"type":"entree","autoroute":"A10"}},{"type":"Feature","geometry":{"type":"Point","coordinates":[-0.6721523,45.7564916]},"properties":{"type":"entree","autoroute":"A10"}},{"type":"Feature","geometry":{"type":"Point","coordinates":[-0.5981979,45.5808629]},"properties":{"type":"entree","autoroute":"A10"}},{"type":"Feature","geometry":{"type":"Point","coordinates":[-0.5436277,45.2565504]},"properties":{"type":"entree","autoroute":"A10"}},{"type":"Feature","geometry":{"type":"Point","coordinates":[-0.4930115,45.1923556]},"properties":{"type":"entree","autoroute":"A10"}},{"type":"Feature","geometry":{"type":"Point","coordinates":[-0.6742399,44.7637775]},"properties":{"type":"entree","autoroute":"A63"}},{"type":"Feature","geometry":{"type":"Point","coordinates":[-0.8787063,44.3232918]},"properties":{"type":"entree","autoroute":"A63"}},{"type":"Feature","geometry":{"type":"Point","coordinates":[-0.9647028,44.1486801]},"properties":{"type":"entree","autoroute":"A63"}},{"type":"Feature","geometry":{"type":"Point","coordinates":[-1.2279239,43.7123628]},"properties":{"type":"entree","autoroute":"A63"}},{"type":"Feature","geometry":{"type":"Point","coordinates":[5.701713,49.1413258]},"properties":{"type":"entree","autoroute":"A4"}},{"type":"Feature","geometry":{"type":"Point","coordinates":[5.9841934,49.1974812]},"properties":{"type":"entree","autoroute":"A4"}},{"type":"Feature","geometry":{"type":"Point","coordinates":[5.8626622,49.1947082]},"properties":{"type":"entree","autoroute":"A4"}},{"type":"Feature","geometry":{"type":"Point","coordinates":[6.1675728,49.199011]},"properties":{"type":"entree","autoroute":"A4"}},{"type":"Feature","geometry":{"type":"Point","coordinates":[6.1410105,49.2015099]},"properties":{"type":"entree","autoroute":"A4"}},{"type":"Feature","geometry":{"type":"Point","coordinates":[6.1250528,49.2069649]},"properties":{"type":"entree","autoroute":"A4"}},{"type":"Feature","geometry":{"type":"Point","coordinates":[5.1018098,49.0915457]},"properties":{"type":"entree","autoroute":"A4"}},{"type":"Feature","geometry":{"type":"Point","coordinates":[5.4147316,49.1092139]},"properties":{"type":"entree","autoroute":"A4"}},{"type":"Feature","geometry":{"type":"Point","coordinates":[5.2813724,49.0967117]},"properties":{"type":"entree","autoroute":"A4"}},{"type":"Feature","geometry":{"type":"Point","coordinates":[5.3023757,49.0982691]},"properties":{"type":"entree","autoroute":"A4"}},{"type":"Feature","geometry":{"type":"Point","coordinates":[4.87937,49.0724671]},"properties":{"type":"entree","autoroute":"A4"}},{"type":"Feature","geometry":{"type":"Point","coordinates":[4.3846404,45.4642385]},"properties":{"type":"entree","autoroute":"A72"}},{"type":"Feature","geometry":{"type":"Point","coordinates":[4.4987143,45.4697004]},"properties":{"type":"entree","autoroute":"A47"}},{"type":"Feature","geometry":{"type":"Point","coordinates":[4.5553542,45.4952536]},"properties":{"type":"entree","autoroute":"A47"}},{"type":"Feature","geometry":{"type":"Point","coordinates":[4.5683926,45.5064422]},"properties":{"type":"entree","autoroute":"A47"}},{"type":"Feature","geometry":{"type":"Point","coordinates":[4.6372678,45.5376785]},"properties":{"type":"entree","autoroute":"A47"}},{"type":"Feature","geometry":{"type":"Point","coordinates":[5.2951935,46.2096981]},"properties":{"type":"entree","autoroute":"A40"}},{"type":"Feature","geometry":{"type":"Point","coordinates":[5.1656672,46.2615065]},"properties":{"type":"entree","autoroute":"A40"}},{"type":"Feature","geometry":{"type":"Point","coordinates":[5.2453557,46.2545085]},"properties":{"type":"entree","autoroute":"A40"}},{"type":"Feature","geometry":{"type":"Point","coordinates":[5.6635303,45.2338955]},"properties":{"type":"entree","autoroute":"A48"}},{"type":"Feature","geometry":{"type":"Point","coordinates":[7.2571729,43.7296886]},"properties":{"type":"entree","autoroute":"A8"}},{"type":"Feature","geometry":{"type":"Point","coordinates":[1.9742317,50.9357179]},"properties":{"type":"entree","autoroute":"A16"}},{"type":"Feature","geometry":{"type":"Point","coordinates":[1.8635733,50.9355977]},"properties":{"type":"entree","autoroute":"A16"}},{"type":"Feature","geometry":{"type":"Point","coordinates":[2.5352458,50.541052]},"properties":{"type":"entree","autoroute":"A26"}},{"type":"Feature","geometry":{"type":"Point","coordinates":[2.6098752,50.5109766]},"properties":{"type":"entree","autoroute":"A26"}},{"type":"Feature","geometry":{"type":"Point","coordinates":[2.6882199,50.4877316]},"properties":{"type":"entree","autoroute":"A26"}},{"type":"Feature","geometry":{"type":"Point","coordinates":[2.6835851,50.4918127]},"properties":{"type":"entree","autoroute":"A26"}},{"type":"Feature","geometry":{"type":"Point","coordinates":[2.888683,50.3185142]},"properties":{"type":"entree","autoroute":"A26"}},{"type":"Feature","geometry":{"type":"Point","coordinates":[3.7217901,49.5684245]},"properties":{"type":"entree","autoroute":"A26"}},{"type":"Feature","geometry":{"type":"Point","coordinates":[3.2347247,49.8489826]},"properties":{"type":"entree","autoroute":"A26"}},{"type":"Feature","geometry":{"type":"Point","coordinates":[3.9818524,49.2863528]},"properties":{"type":"entree","autoroute":"A26"}},{"type":"Feature","geometry":{"type":"Point","coordinates":[3.9960224,49.3026244]},"properties":{"type":"entree","autoroute":"A26"}},{"type":"Feature","geometry":{"type":"Point","coordinates":[3.931016,49.430567]},"properties":{"type":"entree","autoroute":"A26"}},{"type":"Feature","geometry":{"type":"Point","coordinates":[3.9599407,49.2505091]},"properties":{"type":"entree","autoroute":"A344"}},{"type":"Feature","geometry":{"type":"Point","coordinates":[3.9587681,49.2503613]},"properties":{"type":"entree","autoroute":"A344"}},{"type":"Feature","geometry":{"type":"Point","coordinates":[3.9605272,49.2504002]},"properties":{"type":"entree","autoroute":"A26"}},{"type":"Feature","geometry":{"type":"Point","coordinates":[3.9612764,49.2541461]},"properties":{"type":"entree","autoroute":"A26"}},{"type":"Feature","geometry":{"type":"Point","coordinates":[4.0719208,49.2178339]},"properties":{"type":"entree","autoroute":"A344"}},{"type":"Feature","geometry":{"type":"Point","coordinates":[4.0264168,49.2475227]},"properties":{"type":"entree","autoroute":"A344"}},{"type":"Feature","geometry":{"type":"Point","coordinates":[4.0147663,49.2531534]},"properties":{"type":"entree","autoroute":"A344"}},{"type":"Feature","geometry":{"type":"Point","coordinates":[4.020421,49.2514607]},"properties":{"type":"entree","autoroute":"A344"}},{"type":"Feature","geometry":{"type":"Point","coordinates":[4.0837163,49.2079584]},"properties":{"type":"entree","autoroute":"A34"}},{"type":"Feature","geometry":{"type":"Point","coordinates":[4.0903135,49.2046459]},"properties":{"type":"entree","autoroute":"A4"}},{"type":"Feature","geometry":{"type":"Point","coordinates":[4.282262,49.0593408]},"properties":{"type":"entree","autoroute":"A4"}},{"type":"Feature","geometry":{"type":"Point","coordinates":[4.2869009,49.0552181]},"properties":{"type":"entree","autoroute":"A26"}},{"type":"Feature","geometry":{"type":"Point","coordinates":[4.284524,48.9732548]},"properties":{"type":"entree","autoroute":"A26"}},{"type":"Feature","geometry":{"type":"Point","coordinates":[5.1984159,47.5432028]},"properties":{"type":"entree","autoroute":"A31"}},{"type":"Feature","geometry":{"type":"Point","coordinates":[5.2086306,47.5909841]},"properties":{"type":"entree","autoroute":"A31"}},{"type":"Feature","geometry":{"type":"Point","coordinates":[5.1859876,47.6959823]},"properties":{"type":"entree","autoroute":"A31"}},{"type":"Feature","geometry":{"type":"Point","coordinates":[5.2240726,47.793912]},"properties":{"type":"entree","autoroute":"A31"}},{"type":"Feature","geometry":{"type":"Point","coordinates":[5.2178087,47.9240907]},"properties":{"type":"entree","autoroute":"A5"}},{"type":"Feature","geometry":{"type":"Point","coordinates":[4.7757712,48.1143574]},"properties":{"type":"entree","autoroute":"A5"}},{"type":"Feature","geometry":{"type":"Point","coordinates":[4.1912165,48.2275597]},"properties":{"type":"entree","autoroute":"A5"}},{"type":"Feature","geometry":{"type":"Point","coordinates":[4.1779769,48.2315204]},"properties":{"type":"entree","autoroute":"A26"}},{"type":"Feature","geometry":{"type":"Point","coordinates":[5.1475894,47.2761019]},"properties":{"type":"entree","autoroute":"A31"}},{"type":"Feature","geometry":{"type":"Point","coordinates":[5.8665227,46.0669472]},"properties":{"type":"entree","autoroute":"A40"}},{"type":"Feature","geometry":{"type":"Point","coordinates":[5.257955,47.2397788]},"properties":{"type":"entree","autoroute":"A39"}},{"type":"Feature","geometry":{"type":"Point","coordinates":[5.3844879,47.1276776]},"properties":{"type":"entree","autoroute":"A39"}},{"type":"Feature","geometry":{"type":"Point","coordinates":[5.4386718,47.0718664]},"properties":{"type":"entree","autoroute":"A39"}},{"type":"Feature","geometry":{"type":"Point","coordinates":[5.5011137,46.9934183]},"properties":{"type":"entree","autoroute":"A39"}},{"type":"Feature","geometry":{"type":"Point","coordinates":[5.5256222,46.7811085]},"properties":{"type":"entree","autoroute":"A39"}},{"type":"Feature","geometry":{"type":"Point","coordinates":[5.3326,46.5492444]},"properties":{"type":"entree","autoroute":"A39"}},{"type":"Feature","geometry":{"type":"Point","coordinates":[5.313735,46.4988502]},"properties":{"type":"entree","autoroute":"A39"}},{"type":"Feature","geometry":{"type":"Point","coordinates":[5.2728118,46.4413748]},"properties":{"type":"entree","autoroute":"A39"}},{"type":"Feature","geometry":{"type":"Point","coordinates":[5.2630774,46.3126099]},"properties":{"type":"entree","autoroute":"A39"}},{"type":"Feature","geometry":{"type":"Point","coordinates":[5.2627838,46.3125854]},"properties":{"type":"entree","autoroute":"A39"}},{"type":"Feature","geometry":{"type":"Point","coordinates":[2.2199655,50.9682265]},"properties":{"type":"entree","autoroute":"A16"}},{"type":"Feature","geometry":{"type":"Point","coordinates":[2.2848674,50.9973227]},"properties":{"type":"entree","autoroute":"A16"}},{"type":"Feature","geometry":{"type":"Point","coordinates":[2.5383408,51.0489724]},"properties":{"type":"entree","autoroute":"A16"}},{"type":"Feature","geometry":{"type":"Point","coordinates":[7.2939922,43.7324346]},"properties":{"type":"entree","autoroute":"A8"}},{"type":"Feature","geometry":{"type":"Point","coordinates":[2.8449295,50.6823942]},"properties":{"type":"entree","autoroute":"A25"}},{"type":"Feature","geometry":{"type":"Point","coordinates":[3.1294161,50.6013063]},"properties":{"type":"entree","autoroute":"A27"}},{"type":"Feature","geometry":{"type":"Point","coordinates":[2.0896407,48.8443265]},"properties":{"type":"entree","autoroute":"A13"}},{"type":"Feature","geometry":{"type":"Point","coordinates":[2.0974486,48.8423011]},"properties":{"type":"entree","autoroute":"A12"}},{"type":"Feature","geometry":{"type":"Point","coordinates":[3.1415744,49.0077739]},"properties":{"type":"entree","autoroute":"A4"}},{"type":"Feature","geometry":{"type":"Point","coordinates":[3.152376,49.0134474]},"properties":{"type":"entree","autoroute":"A4"}},{"type":"Feature","geometry":{"type":"Point","coordinates":[3.9429177,49.2479586]},"properties":{"type":"entree","autoroute":"A4"}},{"type":"Feature","geometry":{"type":"Point","coordinates":[3.0678787,48.9738962]},"properties":{"type":"entree","autoroute":"A4"}},{"type":"Feature","geometry":{"type":"Point","coordinates":[2.9576021,48.9107649]},"properties":{"type":"entree","autoroute":"A4"}},{"type":"Feature","geometry":{"type":"Point","coordinates":[2.8980521,48.8874103]},"properties":{"type":"entree","autoroute":"A4"}},{"type":"Feature","geometry":{"type":"Point","coordinates":[2.0479491,48.8025315]},"properties":{"type":"entree","autoroute":"A12"}},{"type":"Feature","geometry":{"type":"Point","coordinates":[2.116016,48.8398488]},"properties":{"type":"entree","autoroute":"A13"}},{"type":"Feature","geometry":{"type":"Point","coordinates":[2.2160373,48.8393999]},"properties":{"type":"entree","autoroute":"A13"}},{"type":"Feature","geometry":{"type":"Point","coordinates":[2.3932246,48.8247303]},"properties":{"type":"entree","autoroute":"A4"}},{"type":"Feature","geometry":{"type":"Point","coordinates":[2.423618,48.8173926]},"properties":{"type":"entree","autoroute":"A4"}},{"type":"Feature","geometry":{"type":"Point","coordinates":[2.439917,48.8175161]},"properties":{"type":"entree","autoroute":"A4"}},{"type":"Feature","geometry":{"type":"Point","coordinates":[2.4935049,48.8302624]},"properties":{"type":"entree","autoroute":"A4"}},{"type":"Feature","geometry":{"type":"Point","coordinates":[2.4355634,48.9433956]},"properties":{"type":"entree","autoroute":"A1"}},{"type":"Feature","geometry":{"type":"Point","coordinates":[2.382096,48.9339012]},"properties":{"type":"entree","autoroute":"A1"}},{"type":"Feature","geometry":{"type":"Point","coordinates":[2.3926067,48.8252]},"properties":{"type":"entree","autoroute":"A4"}},{"type":"Feature","geometry":{"type":"Point","coordinates":[2.253172,48.8489341]},"properties":{"type":"entree","autoroute":"A13"}},{"type":"Feature","geometry":{"type":"Point","coordinates":[7.1964163,43.6678088]},"properties":{"type":"entree","autoroute":"A8"}},{"type":"Feature","geometry":{"type":"Point","coordinates":[7.1521892,43.6602952]},"properties":{"type":"entree","autoroute":"A8"}},{"type":"Feature","geometry":{"type":"Point","coordinates":[7.1947169,43.677795]},"properties":{"type":"entree","autoroute":"A8"}},{"type":"Feature","geometry":{"type":"Point","coordinates":[7.2588196,43.7287711]},"properties":{"type":"entree","autoroute":"A8"}},{"type":"Feature","geometry":{"type":"Point","coordinates":[6.9388054,43.5434126]},"properties":{"type":"entree","autoroute":"A8"}},{"type":"Feature","geometry":{"type":"Point","coordinates":[6.6685993,43.4668751]},"properties":{"type":"entree","autoroute":"A8"}},{"type":"Feature","geometry":{"type":"Point","coordinates":[6.5472039,43.4570356]},"properties":{"type":"entree","autoroute":"A8"}},{"type":"Feature","geometry":{"type":"Point","coordinates":[6.4500596,43.4143039]},"properties":{"type":"entree","autoroute":"A8"}},{"type":"Feature","geometry":{"type":"Point","coordinates":[6.6794386,43.4633396]},"properties":{"type":"entree","autoroute":"A8"}},{"type":"Feature","geometry":{"type":"Point","coordinates":[5.421335,45.1972822]},"properties":{"type":"entree","autoroute":"A49"}},{"type":"Feature","geometry":{"type":"Point","coordinates":[0.7017602,49.3710023]},"properties":{"type":"entree","autoroute":"A13"}},{"type":"Feature","geometry":{"type":"Point","coordinates":[0.5760121,49.3844133]},"properties":{"type":"entree","autoroute":"A13"}},{"type":"Feature","geometry":{"type":"Point","coordinates":[0.4738666,49.3677664]},"properties":{"type":"entree","autoroute":"A13"}},{"type":"Feature","geometry":{"type":"Point","coordinates":[0.3598965,49.3370866]},"properties":{"type":"entree","autoroute":"A13"}},{"type":"Feature","geometry":{"type":"Point","coordinates":[0.3071097,49.3149887]},"properties":{"type":"entree","autoroute":"A13"}},{"type":"Feature","geometry":{"type":"Point","coordinates":[0.1054589,49.2587625]},"properties":{"type":"entree","autoroute":"A13"}},{"type":"Feature","geometry":{"type":"Point","coordinates":[0.0450638,49.2456701]},"properties":{"type":"entree","autoroute":"A13"}},{"type":"Feature","geometry":{"type":"Point","coordinates":[-0.0686833,49.231145]},"properties":{"type":"entree","autoroute":"A13"}},{"type":"Feature","geometry":{"type":"Point","coordinates":[0.0930052,49.2573754]},"properties":{"type":"entree","autoroute":"A13"}},{"type":"Feature","geometry":{"type":"Point","coordinates":[0.1163599,49.2605188]},"properties":{"type":"entree","autoroute":"A13"}},{"type":"Feature","geometry":{"type":"Point","coordinates":[0.2067766,49.2942258]},"properties":{"type":"entree","autoroute":"A13"}},{"type":"Feature","geometry":{"type":"Point","coordinates":[0.3222603,49.3219385]},"properties":{"type":"entree","autoroute":"A13"}},{"type":"Feature","geometry":{"type":"Point","coordinates":[0.3310234,49.3248547]},"properties":{"type":"entree","autoroute":"A13"}},{"type":"Feature","geometry":{"type":"Point","coordinates":[0.3701759,49.3380583]},"properties":{"type":"entree","autoroute":"A13"}},{"type":"Feature","geometry":{"type":"Point","coordinates":[7.1969426,43.6752521]},"properties":{"type":"entree","autoroute":"A8"}},{"type":"Feature","geometry":{"type":"Point","coordinates":[4.9831645,45.8177284]},"properties":{"type":"entree","autoroute":"A42"}},{"type":"Feature","geometry":{"type":"Point","coordinates":[7.0058042,43.5860351]},"properties":{"type":"entree","autoroute":"A8"}},{"type":"Feature","geometry":{"type":"Point","coordinates":[3.8937339,43.5874407]},"properties":{"type":"entree","autoroute":"A709"}},{"type":"Feature","geometry":{"type":"Point","coordinates":[-1.5713701,48.1711923]},"properties":{"type":"entree","autoroute":"A84"}},{"type":"Feature","geometry":{"type":"Point","coordinates":[-1.4946135,48.2244831]},"properties":{"type":"entree","autoroute":"A84"}},{"type":"Feature","geometry":{"type":"Point","coordinates":[-1.3226854,48.3194297]},"properties":{"type":"entree","autoroute":"A84"}},{"type":"Feature","geometry":{"type":"Point","coordinates":[-1.579859,47.2674256]},"properties":{"type":"entree","autoroute":"A11"}},{"type":"Feature","geometry":{"type":"Point","coordinates":[-0.1979437,49.1822356]},"properties":{"type":"entree","autoroute":"A13"}},{"type":"Feature","geometry":{"type":"Point","coordinates":[2.2988805,43.1959461]},"properties":{"type":"entree","autoroute":"A61"}},{"type":"Feature","geometry":{"type":"Point","coordinates":[1.8107729,43.3513095]},"properties":{"type":"entree","autoroute":"A61"}},{"type":"Feature","geometry":{"type":"Point","coordinates":[6.4147561,46.0655605]},"properties":{"type":"entree","autoroute":"A40"}},{"type":"Feature","geometry":{"type":"Point","coordinates":[3.1494088,45.8027893]},"properties":{"type":"entree","autoroute":"A71"}},{"type":"Feature","geometry":{"type":"Point","coordinates":[3.1406029,45.7743242]},"properties":{"type":"entree","autoroute":"A711"}},{"type":"Feature","geometry":{"type":"Point","coordinates":[3.1408529,45.7767907]},"properties":{"type":"entree","autoroute":"A71"}},{"type":"Feature","geometry":{"type":"Point","coordinates":[3.1455508,45.7432587]},"properties":{"type":"entree","autoroute":"A75"}},{"type":"Feature","geometry":{"type":"Point","coordinates":[3.0999932,45.969233]},"properties":{"type":"entree","autoroute":"A71"}},{"type":"Feature","geometry":{"type":"Point","coordinates":[3.0398958,44.1810786]},"properties":{"type":"entree","autoroute":"A75"}},{"type":"Feature","geometry":{"type":"Point","coordinates":[3.2438834,44.5069097]},"properties":{"type":"entree","autoroute":"A75"}},{"type":"Feature","geometry":{"type":"Point","coordinates":[3.2346044,44.4973336]},"properties":{"type":"entree","autoroute":"A75"}},{"type":"Feature","geometry":{"type":"Point","coordinates":[3.1951821,44.4392696]},"properties":{"type":"entree","autoroute":"A75"}},{"type":"Feature","geometry":{"type":"Point","coordinates":[3.1954055,44.4355601]},"properties":{"type":"entree","autoroute":"A75"}},{"type":"Feature","geometry":{"type":"Point","coordinates":[3.1168535,44.3825544]},"properties":{"type":"entree","autoroute":"A75"}},{"type":"Feature","geometry":{"type":"Point","coordinates":[3.2423748,44.6310741]},"properties":{"type":"entree","autoroute":"A75"}},{"type":"Feature","geometry":{"type":"Point","coordinates":[-0.9566912,48.9755837]},"properties":{"type":"entree","autoroute":"A84"}},{"type":"Feature","geometry":{"type":"Point","coordinates":[-0.9469018,48.9815723]},"properties":{"type":"entree","autoroute":"A84"}},{"type":"Feature","geometry":{"type":"Point","coordinates":[1.8506655,47.9549314]},"properties":{"type":"entree","autoroute":"A10"}},{"type":"Feature","geometry":{"type":"Point","coordinates":[1.8489394,47.9499871]},"properties":{"type":"entree","autoroute":"A10"}},{"type":"Feature","geometry":{"type":"Point","coordinates":[1.9045402,48.5387139]},"properties":{"type":"entree","autoroute":"A10"}},{"type":"Feature","geometry":{"type":"Point","coordinates":[2.0087442,47.5559797]},"properties":{"type":"entree","autoroute":"A71"}},{"type":"Feature","geometry":{"type":"Point","coordinates":[1.8565475,47.9667913]},"properties":{"type":"entree","autoroute":"A10"}},{"type":"Feature","geometry":{"type":"Point","coordinates":[1.8537016,48.2679804]},"properties":{"type":"entree","autoroute":"A10"}},{"type":"Feature","geometry":{"type":"Point","coordinates":[-1.0376903,48.9473166]},"properties":{"type":"entree","autoroute":"A84"}},{"type":"Feature","geometry":{"type":"Point","coordinates":[1.9111642,48.4518383]},"properties":{"type":"entree","autoroute":"A10"}},{"type":"Feature","geometry":{"type":"Point","coordinates":[-1.0249222,48.9471169]},"properties":{"type":"entree","autoroute":"A84"}},{"type":"Feature","geometry":{"type":"Point","coordinates":[-1.2076681,48.8587686]},"properties":{"type":"entree","autoroute":"A84"}},{"type":"Feature","geometry":{"type":"Point","coordinates":[-1.2489277,48.8387887]},"properties":{"type":"entree","autoroute":"A84"}},{"type":"Feature","geometry":{"type":"Point","coordinates":[-1.2878007,48.7431795]},"properties":{"type":"entree","autoroute":"A84"}},{"type":"Feature","geometry":{"type":"Point","coordinates":[-1.3451392,48.5275352]},"properties":{"type":"entree","autoroute":"A84"}},{"type":"Feature","geometry":{"type":"Point","coordinates":[-1.3284438,48.4593119]},"properties":{"type":"entree","autoroute":"A84"}},{"type":"Feature","geometry":{"type":"Point","coordinates":[-1.2474466,48.8455666]},"properties":{"type":"entree","autoroute":"A84"}},{"type":"Feature","geometry":{"type":"Point","coordinates":[-1.3260081,48.7126308]},"properties":{"type":"entree","autoroute":"A84"}},{"type":"Feature","geometry":{"type":"Point","coordinates":[-1.3370047,48.6236347]},"properties":{"type":"entree","autoroute":"A84"}},{"type":"Feature","geometry":{"type":"Point","coordinates":[-1.3230291,48.4408352]},"properties":{"type":"entree","autoroute":"A84"}},{"type":"Feature","geometry":{"type":"Point","coordinates":[-1.3095683,48.4005225]},"properties":{"type":"entree","autoroute":"A84"}},{"type":"Feature","geometry":{"type":"Point","coordinates":[-1.2974191,48.3441165]},"properties":{"type":"entree","autoroute":"A84"}},{"type":"Feature","geometry":{"type":"Point","coordinates":[3.1143982,46.0593206]},"properties":{"type":"entree","autoroute":"A71"}},{"type":"Feature","geometry":{"type":"Point","coordinates":[3.1353281,46.091275]},"properties":{"type":"entree","autoroute":"A71"}},{"type":"Feature","geometry":{"type":"Point","coordinates":[3.1127495,46.0534144]},"properties":{"type":"entree","autoroute":"A71"}},{"type":"Feature","geometry":{"type":"Point","coordinates":[2.629172,46.5097989]},"properties":{"type":"entree","autoroute":"A71"}},{"type":"Feature","geometry":{"type":"Point","coordinates":[3.1376034,46.0952935]},"properties":{"type":"entree","autoroute":"A71"}},{"type":"Feature","geometry":{"type":"Point","coordinates":[2.0439011,47.28904]},"properties":{"type":"entree","autoroute":"A71"}},{"type":"Feature","geometry":{"type":"Point","coordinates":[2.0435612,47.2866536]},"properties":{"type":"entree","autoroute":"A71"}},{"type":"Feature","geometry":{"type":"Point","coordinates":[2.1180247,47.2092924]},"properties":{"type":"entree","autoroute":"A71"}},{"type":"Feature","geometry":{"type":"Point","coordinates":[2.4547424,46.7190261]},"properties":{"type":"entree","autoroute":"A71"}},{"type":"Feature","geometry":{"type":"Point","coordinates":[2.6341832,46.5092367]},"properties":{"type":"entree","autoroute":"A71"}},{"type":"Feature","geometry":{"type":"Point","coordinates":[2.0050018,47.449443]},"properties":{"type":"entree","autoroute":"A71"}},{"type":"Feature","geometry":{"type":"Point","coordinates":[2.0068437,47.4670741]},"properties":{"type":"entree","autoroute":"A71"}},{"type":"Feature","geometry":{"type":"Point","coordinates":[2.0211435,47.4176737]},"properties":{"type":"entree","autoroute":"A71"}},{"type":"Feature","geometry":{"type":"Point","coordinates":[5.2312272,43.5571516]},"properties":{"type":"entree","autoroute":"A7"}},{"type":"Feature","geometry":{"type":"Point","coordinates":[5.2523537,43.4372648]},"properties":{"type":"entree","autoroute":"A7"}},{"type":"Feature","geometry":{"type":"Point","coordinates":[5.2769136,43.4158743]},"properties":{"type":"entree","autoroute":"A7"}},{"type":"Feature","geometry":{"type":"Point","coordinates":[5.3461774,43.3564593]},"properties":{"type":"entree","autoroute":"A55"}},{"type":"Feature","geometry":{"type":"Point","coordinates":[5.3540092,43.3342207]},"properties":{"type":"entree","autoroute":"A55"}},{"type":"Feature","geometry":{"type":"Point","coordinates":[5.3356844,43.3661515]},"properties":{"type":"entree","autoroute":"A55"}},{"type":"Feature","geometry":{"type":"Point","coordinates":[5.2436054,43.5516566]},"properties":{"type":"entree","autoroute":"A8"}},{"type":"Feature","geometry":{"type":"Point","coordinates":[5.0812907,43.7565447]},"properties":{"type":"entree","autoroute":"A7"}},{"type":"Feature","geometry":{"type":"Point","coordinates":[-0.7152492,49.0505349]},"properties":{"type":"entree","autoroute":"A84"}},{"type":"Feature","geometry":{"type":"Point","coordinates":[-0.784825,49.0463171]},"properties":{"type":"entree","autoroute":"A84"}},{"type":"Feature","geometry":{"type":"Point","coordinates":[-0.7113786,49.0510248]},"properties":{"type":"entree","autoroute":"A84"}},{"type":"Feature","geometry":{"type":"Point","coordinates":[5.421025,43.2852124]},"properties":{"type":"entree","autoroute":"A50"}},{"type":"Feature","geometry":{"type":"Point","coordinates":[5.6796659,45.0791769]},"properties":{"type":"entree","autoroute":"A51"}},{"type":"Feature","geometry":{"type":"Point","coordinates":[5.6703377,45.0874528]},"properties":{"type":"entree","autoroute":"A51"}},{"type":"Feature","geometry":{"type":"Point","coordinates":[7.4470732,43.7615291]},"properties":{"type":"entree","autoroute":"A8"}},{"type":"Feature","geometry":{"type":"Point","coordinates":[7.4842848,43.7971865]},"properties":{"type":"entree","autoroute":"A8"}},{"type":"Feature","geometry":{"type":"Point","coordinates":[5.5629651,45.3452615]},"properties":{"type":"entree","autoroute":"A48"}},{"type":"Feature","geometry":{"type":"Point","coordinates":[5.6385019,46.2643012]},"properties":{"type":"entree","autoroute":"A404"}},{"type":"Feature","geometry":{"type":"Point","coordinates":[5.6447112,46.2681178]},"properties":{"type":"entree","autoroute":"A404"}},{"type":"Feature","geometry":{"type":"Point","coordinates":[5.6444095,44.965262]},"properties":{"type":"entree","autoroute":"A51"}},{"type":"Feature","geometry":{"type":"Point","coordinates":[5.4275199,43.5213887]},"properties":{"type":"entree","autoroute":"A51"}},{"type":"Feature","geometry":{"type":"Point","coordinates":[4.9725573,47.1303393]},"properties":{"type":"entree","autoroute":"A31"}},{"type":"Feature","geometry":{"type":"Point","coordinates":[5.4836956,43.2913624]},"properties":{"type":"entree","autoroute":"A50"}},{"type":"Feature","geometry":{"type":"Point","coordinates":[5.0515853,43.3944616]},"properties":{"type":"entree","autoroute":"A55"}},{"type":"Feature","geometry":{"type":"Point","coordinates":[5.1922263,43.3731522]},"properties":{"type":"entree","autoroute":"A55"}},{"type":"Feature","geometry":{"type":"Point","coordinates":[5.2254441,43.3812467]},"properties":{"type":"entree","autoroute":"A55"}},{"type":"Feature","geometry":{"type":"Point","coordinates":[5.2503786,43.3912947]},"properties":{"type":"entree","autoroute":"A55"}},{"type":"Feature","geometry":{"type":"Point","coordinates":[5.2208737,43.3801374]},"properties":{"type":"entree","autoroute":"A55"}},{"type":"Feature","geometry":{"type":"Point","coordinates":[5.1818319,43.3737666]},"properties":{"type":"entree","autoroute":"A55"}},{"type":"Feature","geometry":{"type":"Point","coordinates":[0.163573,48.2458068]},"properties":{"type":"entree","autoroute":"A28"}},{"type":"Feature","geometry":{"type":"Point","coordinates":[0.1671536,48.2388236]},"properties":{"type":"entree","autoroute":"A28"}},{"type":"Feature","geometry":{"type":"Point","coordinates":[0.1714184,48.1914512]},"properties":{"type":"entree","autoroute":"A28"}},{"type":"Feature","geometry":{"type":"Point","coordinates":[3.085622,44.3309513]},"properties":{"type":"entree","autoroute":"A75"}},{"type":"Feature","geometry":{"type":"Point","coordinates":[0.2939795,48.0423124]},"properties":{"type":"entree","autoroute":"A28"}},{"type":"Feature","geometry":{"type":"Point","coordinates":[0.3123529,48.0024403]},"properties":{"type":"entree","autoroute":"A28"}},{"type":"Feature","geometry":{"type":"Point","coordinates":[1.5037608,47.3291113]},"properties":{"type":"entree","autoroute":"A85"}},{"type":"Feature","geometry":{"type":"Point","coordinates":[2.0398546,47.2901056]},"properties":{"type":"entree","autoroute":"A85"}},{"type":"Feature","geometry":{"type":"Point","coordinates":[1.4991943,47.3282756]},"properties":{"type":"entree","autoroute":"A85"}},{"type":"Feature","geometry":{"type":"Point","coordinates":[0.2819755,48.049771]},"properties":{"type":"entree","autoroute":"A11"}},{"type":"Feature","geometry":{"type":"Point","coordinates":[1.4803438,43.6238693]},"properties":{"type":"entree","autoroute":"A61"}},{"type":"Feature","geometry":{"type":"Point","coordinates":[0.8034919,45.1478469]},"properties":{"type":"entree","autoroute":"A89"}},{"type":"Feature","geometry":{"type":"Point","coordinates":[1.5809073,45.3065772]},"properties":{"type":"entree","autoroute":"A89"}},{"type":"Feature","geometry":{"type":"Point","coordinates":[4.4334725,45.4370853]},"properties":{"type":"entree","autoroute":"A72"}},{"type":"Feature","geometry":{"type":"Point","coordinates":[4.4319971,45.4408068]},"properties":{"type":"entree","autoroute":"A72"}},{"type":"Feature","geometry":{"type":"Point","coordinates":[3.1630784,45.8094229]},"properties":{"type":"entree","autoroute":"A89"}},{"type":"Feature","geometry":{"type":"Point","coordinates":[3.4131731,45.8508609]},"properties":{"type":"entree","autoroute":"A89"}},{"type":"Feature","geometry":{"type":"Point","coordinates":[4.2883461,45.5248931]},"properties":{"type":"entree","autoroute":"A72"}},{"type":"Feature","geometry":{"type":"Point","coordinates":[4.2973244,45.5178969]},"properties":{"type":"entree","autoroute":"A72"}},{"type":"Feature","geometry":{"type":"Point","coordinates":[3.6240412,45.8815965]},"properties":{"type":"entree","autoroute":"A89"}},{"type":"Feature","geometry":{"type":"Point","coordinates":[4.1162313,45.8149896]},"properties":{"type":"entree","autoroute":"A72"}},{"type":"Feature","geometry":{"type":"Point","coordinates":[2.6942083,45.7243093]},"properties":{"type":"entree","autoroute":"A89"}},{"type":"Feature","geometry":{"type":"Point","coordinates":[1.8527356,45.3124032]},"properties":{"type":"entree","autoroute":"A89"}},{"type":"Feature","geometry":{"type":"Point","coordinates":[1.7526394,45.325587]},"properties":{"type":"entree","autoroute":"A89"}},{"type":"Feature","geometry":{"type":"Point","coordinates":[1.3875654,45.1552681]},"properties":{"type":"entree","autoroute":"A89"}},{"type":"Feature","geometry":{"type":"Point","coordinates":[1.5135586,45.2340906]},"properties":{"type":"entree","autoroute":"A20"}},{"type":"Feature","geometry":{"type":"Point","coordinates":[1.5402559,45.2520439]},"properties":{"type":"entree","autoroute":"A20"}},{"type":"Feature","geometry":{"type":"Point","coordinates":[1.4923543,45.1869562]},"properties":{"type":"entree","autoroute":"A20"}},{"type":"Feature","geometry":{"type":"Point","coordinates":[1.5757679,45.311235]},"properties":{"type":"entree","autoroute":"A20"}},{"type":"Feature","geometry":{"type":"Point","coordinates":[1.6096094,45.2842809]},"properties":{"type":"entree","autoroute":"A89"}},{"type":"Feature","geometry":{"type":"Point","coordinates":[1.4362931,45.1616296]},"properties":{"type":"entree","autoroute":"A89"}},{"type":"Feature","geometry":{"type":"Point","coordinates":[5.8212795,43.1276525]},"properties":{"type":"entree","autoroute":"A50"}},{"type":"Feature","geometry":{"type":"Point","coordinates":[5.583106,43.2275229]},"properties":{"type":"entree","autoroute":"A50"}},{"type":"Feature","geometry":{"type":"Point","coordinates":[5.5882397,43.2693877]},"properties":{"type":"entree","autoroute":"A50"}},{"type":"Feature","geometry":{"type":"Point","coordinates":[4.4329443,45.4355492]},"properties":{"type":"entree","autoroute":"A72"}},{"type":"Feature","geometry":{"type":"Point","coordinates":[4.8683842,47.0333347]},"properties":{"type":"entree","autoroute":"A6"}},{"type":"Feature","geometry":{"type":"Point","coordinates":[4.6990009,47.1500895]},"properties":{"type":"entree","autoroute":"A6"}},{"type":"Feature","geometry":{"type":"Point","coordinates":[4.7188791,47.1017855]},"properties":{"type":"entree","autoroute":"A6"}},{"type":"Feature","geometry":{"type":"Point","coordinates":[4.5017064,47.3069204]},"properties":{"type":"entree","autoroute":"A6"}},{"type":"Feature","geometry":{"type":"Point","coordinates":[4.5528995,47.2526382]},"properties":{"type":"entree","autoroute":"A6"}},{"type":"Feature","geometry":{"type":"Point","coordinates":[4.5555592,47.251981]},"properties":{"type":"entree","autoroute":"A6"}},{"type":"Feature","geometry":{"type":"Point","coordinates":[2.3340427,48.7563822]},"properties":{"type":"entree","autoroute":"A6B"}},{"type":"Feature","geometry":{"type":"Point","coordinates":[2.3058382,48.7101109]},"properties":{"type":"entree","autoroute":"A126"}},{"type":"Feature","geometry":{"type":"Point","coordinates":[2.3058958,48.7092346]},"properties":{"type":"entree","autoroute":"A126"}},{"type":"Feature","geometry":{"type":"Point","coordinates":[2.3407318,48.7623851]},"properties":{"type":"entree","autoroute":"A6A"}},{"type":"Feature","geometry":{"type":"Point","coordinates":[2.3389233,48.7602339]},"properties":{"type":"entree","autoroute":"A6B"}},{"type":"Feature","geometry":{"type":"Point","coordinates":[2.3461045,48.7732639]},"properties":{"type":"entree","autoroute":"A6B"}},{"type":"Feature","geometry":{"type":"Point","coordinates":[2.3462225,48.786528]},"properties":{"type":"entree","autoroute":"A6B"}},{"type":"Feature","geometry":{"type":"Point","coordinates":[2.3435776,48.7650692]},"properties":{"type":"entree","autoroute":"A106"}},{"type":"Feature","geometry":{"type":"Point","coordinates":[2.4352878,48.6062879]},"properties":{"type":"entree","autoroute":"A6"}},{"type":"Feature","geometry":{"type":"Point","coordinates":[2.3346931,48.679018]},"properties":{"type":"entree","autoroute":"A6"}},{"type":"Feature","geometry":{"type":"Point","coordinates":[2.3922961,48.6416953]},"properties":{"type":"entree","autoroute":"A6"}},{"type":"Feature","geometry":{"type":"Point","coordinates":[2.3946906,48.6394236]},"properties":{"type":"entree","autoroute":"A6"}},{"type":"Feature","geometry":{"type":"Point","coordinates":[2.4289637,48.616416]},"properties":{"type":"entree","autoroute":"A6"}},{"type":"Feature","geometry":{"type":"Point","coordinates":[2.5924584,48.3388658]},"properties":{"type":"entree","autoroute":"A6"}},{"type":"Feature","geometry":{"type":"Point","coordinates":[1.4937284,43.5690718]},"properties":{"type":"entree","autoroute":"A61"}},{"type":"Feature","geometry":{"type":"Point","coordinates":[6.3599411,43.3996242]},"properties":{"type":"entree","autoroute":"A8"}},{"type":"Feature","geometry":{"type":"Point","coordinates":[6.1956735,43.4049632]},"properties":{"type":"entree","autoroute":"A8"}},{"type":"Feature","geometry":{"type":"Point","coordinates":[6.0650222,43.4216243]},"properties":{"type":"entree","autoroute":"A8"}},{"type":"Feature","geometry":{"type":"Point","coordinates":[5.8781943,43.454218]},"properties":{"type":"entree","autoroute":"A8"}},{"type":"Feature","geometry":{"type":"Point","coordinates":[5.8091719,43.4723296]},"properties":{"type":"entree","autoroute":"A8"}},{"type":"Feature","geometry":{"type":"Point","coordinates":[5.885408,43.4501968]},"properties":{"type":"entree","autoroute":"A8"}},{"type":"Feature","geometry":{"type":"Point","coordinates":[5.9947703,43.4214657]},"properties":{"type":"entree","autoroute":"A8"}},{"type":"Feature","geometry":{"type":"Point","coordinates":[6.3629337,43.4003815]},"properties":{"type":"entree","autoroute":"A8"}},{"type":"Feature","geometry":{"type":"Point","coordinates":[-0.505394,47.4744552]},"properties":{"type":"entree","autoroute":"A87N"}},{"type":"Feature","geometry":{"type":"Point","coordinates":[-0.6072599,44.7900259]},"properties":{"type":"entree","autoroute":"A630"}},{"type":"Feature","geometry":{"type":"Point","coordinates":[-0.6615683,44.8581702]},"properties":{"type":"entree","autoroute":"A630"}},{"type":"Feature","geometry":{"type":"Point","coordinates":[-0.6594371,44.8603301]},"properties":{"type":"entree","autoroute":"A630"}},{"type":"Feature","geometry":{"type":"Point","coordinates":[-0.6237264,44.7888767]},"properties":{"type":"entree","autoroute":"A630"}},{"type":"Feature","geometry":{"type":"Point","coordinates":[-0.6747344,44.8404296]},"properties":{"type":"entree","autoroute":"A630"}},{"type":"Feature","geometry":{"type":"Point","coordinates":[-0.6646156,44.8545049]},"properties":{"type":"entree","autoroute":"A630"}},{"type":"Feature","geometry":{"type":"Point","coordinates":[-0.6623834,44.8574564]},"properties":{"type":"entree","autoroute":"A630"}},{"type":"Feature","geometry":{"type":"Point","coordinates":[-0.6710034,44.8453716]},"properties":{"type":"entree","autoroute":"A630"}},{"type":"Feature","geometry":{"type":"Point","coordinates":[-0.6763653,44.8327995]},"properties":{"type":"entree","autoroute":"A630"}},{"type":"Feature","geometry":{"type":"Point","coordinates":[-0.6758613,44.8294783]},"properties":{"type":"entree","autoroute":"A630"}},{"type":"Feature","geometry":{"type":"Point","coordinates":[-0.6764298,44.8320619]},"properties":{"type":"entree","autoroute":"A630"}},{"type":"Feature","geometry":{"type":"Point","coordinates":[-0.6586436,44.8019485]},"properties":{"type":"entree","autoroute":"A630"}},{"type":"Feature","geometry":{"type":"Point","coordinates":[-0.5663038,44.7782225]},"properties":{"type":"entree","autoroute":"A630"}},{"type":"Feature","geometry":{"type":"Point","coordinates":[-0.583462,44.7818408]},"properties":{"type":"entree","autoroute":"A630"}},{"type":"Feature","geometry":{"type":"Point","coordinates":[-0.5808767,44.7811475]},"properties":{"type":"entree","autoroute":"A630"}},{"type":"Feature","geometry":{"type":"Point","coordinates":[-0.5558113,44.7727156]},"properties":{"type":"entree","autoroute":"A62"}},{"type":"Feature","geometry":{"type":"Point","coordinates":[-1.528711,48.20161]},"properties":{"type":"entree","autoroute":"A84"}},{"type":"Feature","geometry":{"type":"Point","coordinates":[-1.2129737,46.8144214]},"properties":{"type":"entree","autoroute":"A83"}},{"type":"Feature","geometry":{"type":"Point","coordinates":[7.544973,47.5918143]},"properties":{"type":"entree","autoroute":"A35"}},{"type":"Feature","geometry":{"type":"Point","coordinates":[7.3851609,48.0705197]},"properties":{"type":"entree","autoroute":"A35"}},{"type":"Feature","geometry":{"type":"Point","coordinates":[7.3705146,48.0420321]},"properties":{"type":"entree","autoroute":"A35"}},{"type":"Feature","geometry":{"type":"Point","coordinates":[7.3873928,47.8728065]},"properties":{"type":"entree","autoroute":"A35"}},{"type":"Feature","geometry":{"type":"Point","coordinates":[7.4092256,47.7745714]},"properties":{"type":"entree","autoroute":"A35"}},{"type":"Feature","geometry":{"type":"Point","coordinates":[7.4064537,48.2294887]},"properties":{"type":"entree","autoroute":"A35"}},{"type":"Feature","geometry":{"type":"Point","coordinates":[7.4758493,48.3930342]},"properties":{"type":"entree","autoroute":"A35"}},{"type":"Feature","geometry":{"type":"Point","coordinates":[6.4751037,49.1410045]},"properties":{"type":"entree","autoroute":"A4"}},{"type":"Feature","geometry":{"type":"Point","coordinates":[6.204705,49.1985563]},"properties":{"type":"entree","autoroute":"A4"}},{"type":"Feature","geometry":{"type":"Point","coordinates":[6.1751491,49.2063737]},"properties":{"type":"entree","autoroute":"A31"}},{"type":"Feature","geometry":{"type":"Point","coordinates":[6.1754328,49.2200245]},"properties":{"type":"entree","autoroute":"A31"}},{"type":"Feature","geometry":{"type":"Point","coordinates":[6.1788937,49.2441702]},"properties":{"type":"entree","autoroute":"A31"}},{"type":"Feature","geometry":{"type":"Point","coordinates":[6.176698,49.2652138]},"properties":{"type":"entree","autoroute":"A31"}},{"type":"Feature","geometry":{"type":"Point","coordinates":[6.1848012,49.3360775]},"properties":{"type":"entree","autoroute":"A31"}},{"type":"Feature","geometry":{"type":"Point","coordinates":[6.1677824,49.3479027]},"properties":{"type":"entree","autoroute":"A31"}},{"type":"Feature","geometry":{"type":"Point","coordinates":[-1.5248519,48.2061858]},"properties":{"type":"entree","autoroute":"A84"}},{"type":"Feature","geometry":{"type":"Point","coordinates":[5.6824201,45.2144756]},"properties":{"type":"entree","autoroute":"A480"}},{"type":"Feature","geometry":{"type":"Point","coordinates":[6.9512539,43.5580453]},"properties":{"type":"entree","autoroute":"A8"}},{"type":"Feature","geometry":{"type":"Point","coordinates":[6.9558632,43.5574177]},"properties":{"type":"entree","autoroute":"A8"}},{"type":"Feature","geometry":{"type":"Point","coordinates":[2.7956539,48.8334388]},"properties":{"type":"entree","autoroute":"A4"}},{"type":"Feature","geometry":{"type":"Point","coordinates":[2.8208541,48.8402259]},"properties":{"type":"entree","autoroute":"A4"}},{"type":"Feature","geometry":{"type":"Point","coordinates":[2.5383625,48.8352978]},"properties":{"type":"entree","autoroute":"A4"}},{"type":"Feature","geometry":{"type":"Point","coordinates":[2.6380708,48.8310867]},"properties":{"type":"entree","autoroute":"A4"}},{"type":"Feature","geometry":{"type":"Point","coordinates":[2.8099616,48.8362853]},"properties":{"type":"entree","autoroute":"A4"}},{"type":"Feature","geometry":{"type":"Point","coordinates":[-0.4466646,47.5092045]},"properties":{"type":"entree","autoroute":"A11"}},{"type":"Feature","geometry":{"type":"Point","coordinates":[-0.0891056,47.9081806]},"properties":{"type":"entree","autoroute":"A11"}},{"type":"Feature","geometry":{"type":"Point","coordinates":[7.7797073,48.6778856]},"properties":{"type":"entree","autoroute":"A35"}},{"type":"Feature","geometry":{"type":"Point","coordinates":[7.8146663,48.6841772]},"properties":{"type":"entree","autoroute":"A35"}},{"type":"Feature","geometry":{"type":"Point","coordinates":[0.61808,44.1560388]},"properties":{"type":"entree","autoroute":"A62"}},{"type":"Feature","geometry":{"type":"Point","coordinates":[3.2185305,45.5980593]},"properties":{"type":"entree","autoroute":"A75"}},{"type":"Feature","geometry":{"type":"Point","coordinates":[5.3588554,45.1558083]},"properties":{"type":"entree","autoroute":"A49"}},{"type":"Feature","geometry":{"type":"Point","coordinates":[6.0846322,46.1294927]},"properties":{"type":"entree","autoroute":"A40"}},{"type":"Feature","geometry":{"type":"Point","coordinates":[6.203912,48.618224]},"properties":{"type":"entree","autoroute":"A33"}},{"type":"Feature","geometry":{"type":"Point","coordinates":[6.1837563,48.6255354]},"properties":{"type":"entree","autoroute":"A330"}},{"type":"Feature","geometry":{"type":"Point","coordinates":[6.1835183,48.624882]},"properties":{"type":"entree","autoroute":"A330"}},{"type":"Feature","geometry":{"type":"Point","coordinates":[6.2366028,49.1259748]},"properties":{"type":"entree","autoroute":"A314"}},{"type":"Feature","geometry":{"type":"Point","coordinates":[6.2239083,49.120969]},"properties":{"type":"entree","autoroute":"A314"}},{"type":"Feature","geometry":{"type":"Point","coordinates":[6.1183322,49.0966721]},"properties":{"type":"entree","autoroute":"A31"}},{"type":"Feature","geometry":{"type":"Point","coordinates":[6.1605371,49.1183]},"properties":{"type":"entree","autoroute":"A31"}},{"type":"Feature","geometry":{"type":"Point","coordinates":[5.8981508,49.1983702]},"properties":{"type":"entree","autoroute":"A4"}},{"type":"Feature","geometry":{"type":"Point","coordinates":[5.9928293,49.1913339]},"properties":{"type":"entree","autoroute":"A4"}},{"type":"Feature","geometry":{"type":"Point","coordinates":[6.0583651,49.1804003]},"properties":{"type":"entree","autoroute":"A4"}},{"type":"Feature","geometry":{"type":"Point","coordinates":[4.4429431,49.0342482]},"properties":{"type":"entree","autoroute":"A4"}},{"type":"Feature","geometry":{"type":"Point","coordinates":[4.4397658,49.0347244]},"properties":{"type":"entree","autoroute":"A4"}},{"type":"Feature","geometry":{"type":"Point","coordinates":[5.6168962,49.1266767]},"properties":{"type":"entree","autoroute":"A4"}},{"type":"Feature","geometry":{"type":"Point","coordinates":[5.2940348,49.0980562]},"properties":{"type":"entree","autoroute":"A4"}},{"type":"Feature","geometry":{"type":"Point","coordinates":[5.2730277,49.0959419]},"properties":{"type":"entree","autoroute":"A4"}},{"type":"Feature","geometry":{"type":"Point","coordinates":[5.0993881,49.091683]},"properties":{"type":"entree","autoroute":"A4"}},{"type":"Feature","geometry":{"type":"Point","coordinates":[4.8774352,49.0726863]},"properties":{"type":"entree","autoroute":"A4"}},{"type":"Feature","geometry":{"type":"Point","coordinates":[4.525006,49.0279554]},"properties":{"type":"entree","autoroute":"A4"}},{"type":"Feature","geometry":{"type":"Point","coordinates":[6.2669304,48.618672]},"properties":{"type":"entree","autoroute":"A33"}},{"type":"Feature","geometry":{"type":"Point","coordinates":[5.3772263,43.3356427]},"properties":{"type":"entree","autoroute":"A7"}},{"type":"Feature","geometry":{"type":"Point","coordinates":[5.376779,43.3376952]},"properties":{"type":"entree","autoroute":"A7"}},{"type":"Feature","geometry":{"type":"Point","coordinates":[2.6352027,48.5967666]},"properties":{"type":"entree","autoroute":"A5B"}},{"type":"Feature","geometry":{"type":"Point","coordinates":[6.7641501,47.4618572]},"properties":{"type":"entree","autoroute":"A36"}},{"type":"Feature","geometry":{"type":"Point","coordinates":[6.8233348,47.5027563]},"properties":{"type":"entree","autoroute":"A36"}},{"type":"Feature","geometry":{"type":"Point","coordinates":[6.9164127,47.6481736]},"properties":{"type":"entree","autoroute":"A36"}},{"type":"Feature","geometry":{"type":"Point","coordinates":[7.0258152,47.6998889]},"properties":{"type":"entree","autoroute":"A36"}},{"type":"Feature","geometry":{"type":"Point","coordinates":[7.4299386,47.7892527]},"properties":{"type":"entree","autoroute":"A36"}},{"type":"Feature","geometry":{"type":"Point","coordinates":[6.8109491,47.4866635]},"properties":{"type":"entree","autoroute":"A36"}},{"type":"Feature","geometry":{"type":"Point","coordinates":[7.5047243,47.7783485]},"properties":{"type":"entree","autoroute":"A36"}},{"type":"Feature","geometry":{"type":"Point","coordinates":[2.8931401,50.308283]},"properties":{"type":"entree","autoroute":"A1"}},{"type":"Feature","geometry":{"type":"Point","coordinates":[5.0797762,47.3019808]},"properties":{"type":"entree","autoroute":"A39"}},{"type":"Feature","geometry":{"type":"Point","coordinates":[5.1259804,47.2808066]},"properties":{"type":"entree","autoroute":"A39"}},{"type":"Feature","geometry":{"type":"Point","coordinates":[5.0756166,47.3030613]},"properties":{"type":"entree","autoroute":"A39"}},{"type":"Feature","geometry":{"type":"Point","coordinates":[3.145403,45.7473131]},"properties":{"type":"entree","autoroute":"A75"}},{"type":"Feature","geometry":{"type":"Point","coordinates":[2.8714711,50.2740311]},"properties":{"type":"entree","autoroute":"A1"}},{"type":"Feature","geometry":{"type":"Point","coordinates":[4.8218675,45.6924482]},"properties":{"type":"entree","autoroute":"A450"}},{"type":"Feature","geometry":{"type":"Point","coordinates":[4.774896,45.6722319]},"properties":{"type":"entree","autoroute":"A450"}},{"type":"Feature","geometry":{"type":"Point","coordinates":[4.7975533,45.680818]},"properties":{"type":"entree","autoroute":"A450"}},{"type":"Feature","geometry":{"type":"Point","coordinates":[2.8326379,49.8527491]},"properties":{"type":"entree","autoroute":"A1"}},{"type":"Feature","geometry":{"type":"Point","coordinates":[2.2425468,49.84985]},"properties":{"type":"entree","autoroute":"A29"}},{"type":"Feature","geometry":{"type":"Point","coordinates":[2.2393161,49.8475104]},"properties":{"type":"entree","autoroute":"A16"}},{"type":"Feature","geometry":{"type":"Point","coordinates":[2.2161628,49.8725528]},"properties":{"type":"entree","autoroute":"A16"}},{"type":"Feature","geometry":{"type":"Point","coordinates":[1.4907279,49.7565125]},"properties":{"type":"entree","autoroute":"A29"}},{"type":"Feature","geometry":{"type":"Point","coordinates":[2.8568926,42.4754244]},"properties":{"type":"entree","autoroute":"A9"}},{"type":"Feature","geometry":{"type":"Point","coordinates":[5.0794467,47.3017418]},"properties":{"type":"entree","autoroute":"A39"}},{"type":"Feature","geometry":{"type":"Point","coordinates":[6.5547144,47.4118226]},"properties":{"type":"entree","autoroute":"A36"}},{"type":"Feature","geometry":{"type":"Point","coordinates":[-1.5044998,48.2191919]},"properties":{"type":"entree","autoroute":"A84"}},{"type":"Feature","geometry":{"type":"Point","coordinates":[6.8078907,43.5456139]},"properties":{"type":"entree","autoroute":"A8"}},{"type":"Feature","geometry":{"type":"Point","coordinates":[6.8158769,43.5434602]},"properties":{"type":"entree","autoroute":"A8"}},{"type":"Feature","geometry":{"type":"Point","coordinates":[5.8917069,47.2325473]},"properties":{"type":"entree","autoroute":"A36"}},{"type":"Feature","geometry":{"type":"Point","coordinates":[5.7055507,47.1864205]},"properties":{"type":"entree","autoroute":"A36"}},{"type":"Feature","geometry":{"type":"Point","coordinates":[5.5784231,47.1477328]},"properties":{"type":"entree","autoroute":"A36"}},{"type":"Feature","geometry":{"type":"Point","coordinates":[2.89919,50.314985]},"properties":{"type":"entree","autoroute":"A26"}},{"type":"Feature","geometry":{"type":"Point","coordinates":[2.9748367,50.4290877]},"properties":{"type":"entree","autoroute":"A21"}},{"type":"Feature","geometry":{"type":"Point","coordinates":[3.1134078,50.3984367]},"properties":{"type":"entree","autoroute":"A21"}},{"type":"Feature","geometry":{"type":"Point","coordinates":[1.8291621,47.0824955]},"properties":{"type":"entree","autoroute":"A20"}},{"type":"Feature","geometry":{"type":"Point","coordinates":[1.5411402,46.6177252]},"properties":{"type":"entree","autoroute":"A20"}},{"type":"Feature","geometry":{"type":"Point","coordinates":[1.2807039,45.8403622]},"properties":{"type":"entree","autoroute":"A20"}},{"type":"Feature","geometry":{"type":"Point","coordinates":[1.3032342,45.7844494]},"properties":{"type":"entree","autoroute":"A20"}},{"type":"Feature","geometry":{"type":"Point","coordinates":[1.3561665,45.714592]},"properties":{"type":"entree","autoroute":"A20"}},{"type":"Feature","geometry":{"type":"Point","coordinates":[3.9151026,46.4560658]},"properties":{"type":"entree","autoroute":"A79"}},{"type":"Feature","geometry":{"type":"Point","coordinates":[4.8768255,44.9074788]},"properties":{"type":"entree","autoroute":"A7"}},{"type":"Feature","geometry":{"type":"Point","coordinates":[1.5835418,46.6992484]},"properties":{"type":"entree","autoroute":"A20"}},{"type":"Feature","geometry":{"type":"Point","coordinates":[2.3396939,47.0428783]},"properties":{"type":"entree","autoroute":"A71"}},{"type":"Feature","geometry":{"type":"Point","coordinates":[4.9176401,45.7262943]},"properties":{"type":"entree","autoroute":"A43"}},{"type":"Feature","geometry":{"type":"Point","coordinates":[3.1524617,50.758523]},"properties":{"type":"entree","autoroute":"A22"}},{"type":"Feature","geometry":{"type":"Point","coordinates":[3.1376549,50.7425388]},"properties":{"type":"entree","autoroute":"A22"}},{"type":"Feature","geometry":{"type":"Point","coordinates":[7.1349695,43.644452]},"properties":{"type":"entree","autoroute":"A8"}},{"type":"Feature","geometry":{"type":"Point","coordinates":[5.4273974,43.5281364]},"properties":{"type":"entree","autoroute":"A51"}},{"type":"Feature","geometry":{"type":"Point","coordinates":[4.9083504,45.7906655]},"properties":{"type":"entree","autoroute":"A42"}},{"type":"Feature","geometry":{"type":"Point","coordinates":[5.3569319,43.3780249]},"properties":{"type":"entree","autoroute":"A7"}},{"type":"Feature","geometry":{"type":"Point","coordinates":[5.3652155,43.4167249]},"properties":{"type":"entree","autoroute":"A51"}},{"type":"Feature","geometry":{"type":"Point","coordinates":[4.778233,49.7388025]},"properties":{"type":"entree","autoroute":"A34"}},{"type":"Feature","geometry":{"type":"Point","coordinates":[4.7873311,49.7379101]},"properties":{"type":"entree","autoroute":"A34"}},{"type":"Feature","geometry":{"type":"Point","coordinates":[4.9046875,49.6970557]},"properties":{"type":"entree","autoroute":"A34"}},{"type":"Feature","geometry":{"type":"Point","coordinates":[4.6651686,49.6807068]},"properties":{"type":"entree","autoroute":"A34"}},{"type":"Feature","geometry":{"type":"Point","coordinates":[4.6773405,49.6912926]},"properties":{"type":"entree","autoroute":"A34"}},{"type":"Feature","geometry":{"type":"Point","coordinates":[4.4976404,49.5930852]},"properties":{"type":"entree","autoroute":"A34"}},{"type":"Feature","geometry":{"type":"Point","coordinates":[5.0836462,43.6250882]},"properties":{"type":"entree","autoroute":"A54"}},{"type":"Feature","geometry":{"type":"Point","coordinates":[3.6419868,50.4262378]},"properties":{"type":"entree","autoroute":"A2"}},{"type":"Feature","geometry":{"type":"Point","coordinates":[3.6057503,50.3752984]},"properties":{"type":"entree","autoroute":"A2"}},{"type":"Feature","geometry":{"type":"Point","coordinates":[2.152922,49.0113113]},"properties":{"type":"entree","autoroute":"A15"}},{"type":"Feature","geometry":{"type":"Point","coordinates":[4.1905825,45.6385197]},"properties":{"type":"entree","autoroute":"A72"}},{"type":"Feature","geometry":{"type":"Point","coordinates":[1.5125791,45.5299787]},"properties":{"type":"entree","autoroute":"A20"}},{"type":"Feature","geometry":{"type":"Point","coordinates":[-0.5407851,44.7898716]},"properties":{"type":"entree","autoroute":"A630"}},{"type":"Feature","geometry":{"type":"Point","coordinates":[-0.5383073,44.7963496]},"properties":{"type":"entree","autoroute":"A630"}},{"type":"Feature","geometry":{"type":"Point","coordinates":[-0.5345405,44.8012789]},"properties":{"type":"entree","autoroute":"A630"}},{"type":"Feature","geometry":{"type":"Point","coordinates":[2.0762197,49.0444146]},"properties":{"type":"entree","autoroute":"A15"}},{"type":"Feature","geometry":{"type":"Point","coordinates":[4.8285396,46.3493216]},"properties":{"type":"entree","autoroute":"A40"}},{"type":"Feature","geometry":{"type":"Point","coordinates":[4.8982478,46.3022402]},"properties":{"type":"entree","autoroute":"A40"}},{"type":"Feature","geometry":{"type":"Point","coordinates":[4.8784176,46.3305464]},"properties":{"type":"entree","autoroute":"A40"}},{"type":"Feature","geometry":{"type":"Point","coordinates":[4.849457,46.3390485]},"properties":{"type":"entree","autoroute":"A40"}},{"type":"Feature","geometry":{"type":"Point","coordinates":[4.828665,46.3489034]},"properties":{"type":"entree","autoroute":"A40"}},{"type":"Feature","geometry":{"type":"Point","coordinates":[2.6717126,48.0605051]},"properties":{"type":"entree","autoroute":"A77"}},{"type":"Feature","geometry":{"type":"Point","coordinates":[3.0125089,47.2038113]},"properties":{"type":"entree","autoroute":"A77"}},{"type":"Feature","geometry":{"type":"Point","coordinates":[3.0033528,47.2345769]},"properties":{"type":"entree","autoroute":"A77"}},{"type":"Feature","geometry":{"type":"Point","coordinates":[2.7150846,48.2712742]},"properties":{"type":"entree","autoroute":"A6"}},{"type":"Feature","geometry":{"type":"Point","coordinates":[2.2224437,48.7775043]},"properties":{"type":"entree","autoroute":"A86"}},{"type":"Feature","geometry":{"type":"Point","coordinates":[2.8632219,42.4716458]},"properties":{"type":"entree","autoroute":"A9"}},{"type":"Feature","geometry":{"type":"Point","coordinates":[2.8955039,42.7859925]},"properties":{"type":"entree","autoroute":"A9"}},{"type":"Feature","geometry":{"type":"Point","coordinates":[2.8612457,42.6613073]},"properties":{"type":"entree","autoroute":"A9"}},{"type":"Feature","geometry":{"type":"Point","coordinates":[-0.2625717,44.5403172]},"properties":{"type":"entree","autoroute":"A62"}},{"type":"Feature","geometry":{"type":"Point","coordinates":[-0.4995827,44.6981447]},"properties":{"type":"entree","autoroute":"A62"}},{"type":"Feature","geometry":{"type":"Point","coordinates":[-0.2679919,44.5450047]},"properties":{"type":"entree","autoroute":"A62"}},{"type":"Feature","geometry":{"type":"Point","coordinates":[-0.05049,44.508894]},"properties":{"type":"entree","autoroute":"A62"}},{"type":"Feature","geometry":{"type":"Point","coordinates":[2.3130269,48.7624476]},"properties":{"type":"entree","autoroute":"A86"}},{"type":"Feature","geometry":{"type":"Point","coordinates":[1.4079494,43.5523027]},"properties":{"type":"entree","autoroute":"A64"}},{"type":"Feature","geometry":{"type":"Point","coordinates":[7.2817623,47.7492318]},"properties":{"type":"entree","autoroute":"A36"}},{"type":"Feature","geometry":{"type":"Point","coordinates":[1.7836462,50.9109133]},"properties":{"type":"entree","autoroute":"A16"}},{"type":"Feature","geometry":{"type":"Point","coordinates":[1.7979674,50.1266259]},"properties":{"type":"entree","autoroute":"A28"}},{"type":"Feature","geometry":{"type":"Point","coordinates":[2.3137704,48.6982108]},"properties":{"type":"entree","autoroute":"A6"}},{"type":"Feature","geometry":{"type":"Point","coordinates":[5.6913325,45.1386408]},"properties":{"type":"entree","autoroute":"A480"}},{"type":"Feature","geometry":{"type":"Point","coordinates":[-1.5512228,47.2742685]},"properties":{"type":"entree","autoroute":"A11"}},{"type":"Feature","geometry":{"type":"Point","coordinates":[2.259133,48.7187601]},"properties":{"type":"entree","autoroute":"A126"}},{"type":"Feature","geometry":{"type":"Point","coordinates":[5.6387289,43.4718117]},"properties":{"type":"entree","autoroute":"A8"}},{"type":"Feature","geometry":{"type":"Point","coordinates":[5.0373747,47.2708448]},"properties":{"type":"entree","autoroute":"A311"}},{"type":"Feature","geometry":{"type":"Point","coordinates":[2.939745,47.4284599]},"properties":{"type":"entree","autoroute":"A77"}},{"type":"Feature","geometry":{"type":"Point","coordinates":[-1.5083376,47.2853844]},"properties":{"type":"entree","autoroute":"A11"}},{"type":"Feature","geometry":{"type":"Point","coordinates":[-1.4716616,47.2911042]},"properties":{"type":"entree","autoroute":"A11"}},{"type":"Feature","geometry":{"type":"Point","coordinates":[-0.8094411,47.4338545]},"properties":{"type":"entree","autoroute":"A11"}},{"type":"Feature","geometry":{"type":"Point","coordinates":[-0.7860882,47.4349187]},"properties":{"type":"entree","autoroute":"A11"}},{"type":"Feature","geometry":{"type":"Point","coordinates":[-0.5094052,47.5012885]},"properties":{"type":"entree","autoroute":"A11"}},{"type":"Feature","geometry":{"type":"Point","coordinates":[-0.4830666,47.5001868]},"properties":{"type":"entree","autoroute":"A11"}},{"type":"Feature","geometry":{"type":"Point","coordinates":[2.712775,46.3968832]},"properties":{"type":"entree","autoroute":"A71"}},{"type":"Feature","geometry":{"type":"Point","coordinates":[2.7002864,46.3900793]},"properties":{"type":"entree","autoroute":"A714"}},{"type":"Feature","geometry":{"type":"Point","coordinates":[-1.5179725,47.277646]},"properties":{"type":"entree","autoroute":"A11"}},{"type":"Feature","geometry":{"type":"Point","coordinates":[-1.3868117,47.3376928]},"properties":{"type":"entree","autoroute":"A11"}},{"type":"Feature","geometry":{"type":"Point","coordinates":[-0.8124735,47.4341674]},"properties":{"type":"entree","autoroute":"A11"}},{"type":"Feature","geometry":{"type":"Point","coordinates":[-0.6939029,47.4633626]},"properties":{"type":"entree","autoroute":"A11"}},{"type":"Feature","geometry":{"type":"Point","coordinates":[4.5308725,45.4948107]},"properties":{"type":"entree","autoroute":"A47"}},{"type":"Feature","geometry":{"type":"Point","coordinates":[0.3244258,47.9542435]},"properties":{"type":"entree","autoroute":"A28"}},{"type":"Feature","geometry":{"type":"Point","coordinates":[3.2345299,49.845706]},"properties":{"type":"entree","autoroute":"A29"}},{"type":"Feature","geometry":{"type":"Point","coordinates":[0.7616393,47.4631863]},"properties":{"type":"entree","autoroute":"A10"}},{"type":"Feature","geometry":{"type":"Point","coordinates":[0.7225801,47.4084813]},"properties":{"type":"entree","autoroute":"A10"}},{"type":"Feature","geometry":{"type":"Point","coordinates":[0.7253784,47.4096403]},"properties":{"type":"entree","autoroute":"A10"}},{"type":"Feature","geometry":{"type":"Point","coordinates":[0.7150809,47.3680542]},"properties":{"type":"entree","autoroute":"A10"}},{"type":"Feature","geometry":{"type":"Point","coordinates":[0.761522,47.4680391]},"properties":{"type":"entree","autoroute":"A28"}},{"type":"Feature","geometry":{"type":"Point","coordinates":[0.5936354,47.5586726]},"properties":{"type":"entree","autoroute":"A28"}},{"type":"Feature","geometry":{"type":"Point","coordinates":[0.3618632,47.6917731]},"properties":{"type":"entree","autoroute":"A28"}},{"type":"Feature","geometry":{"type":"Point","coordinates":[0.1373339,48.0396807]},"properties":{"type":"entree","autoroute":"A81"}},{"type":"Feature","geometry":{"type":"Point","coordinates":[-0.3293578,48.0239276]},"properties":{"type":"entree","autoroute":"A81"}},{"type":"Feature","geometry":{"type":"Point","coordinates":[-0.833563,48.1073712]},"properties":{"type":"entree","autoroute":"A81"}},{"type":"Feature","geometry":{"type":"Point","coordinates":[-0.7375133,48.1050803]},"properties":{"type":"entree","autoroute":"A81"}},{"type":"Feature","geometry":{"type":"Point","coordinates":[-0.4802965,48.0556378]},"properties":{"type":"entree","autoroute":"A81"}},{"type":"Feature","geometry":{"type":"Point","coordinates":[4.6516871,47.2940154]},"properties":{"type":"entree","autoroute":"A38"}},{"type":"Feature","geometry":{"type":"Point","coordinates":[4.5719847,47.2561332]},"properties":{"type":"entree","autoroute":"A38"}},{"type":"Feature","geometry":{"type":"Point","coordinates":[4.6250922,47.2853465]},"properties":{"type":"entree","autoroute":"A38"}},{"type":"Feature","geometry":{"type":"Point","coordinates":[4.69521,47.2884492]},"properties":{"type":"entree","autoroute":"A38"}},{"type":"Feature","geometry":{"type":"Point","coordinates":[5.5667638,43.4812858]},"properties":{"type":"entree","autoroute":"A8"}},{"type":"Feature","geometry":{"type":"Point","coordinates":[1.5292051,45.0280348]},"properties":{"type":"entree","autoroute":"A20"}},{"type":"Feature","geometry":{"type":"Point","coordinates":[1.33501,43.9824729]},"properties":{"type":"entree","autoroute":"A20"}},{"type":"Feature","geometry":{"type":"Point","coordinates":[1.3207964,43.9372788]},"properties":{"type":"entree","autoroute":"A20"}},{"type":"Feature","geometry":{"type":"Point","coordinates":[1.3876093,44.0291933]},"properties":{"type":"entree","autoroute":"A20"}},{"type":"Feature","geometry":{"type":"Point","coordinates":[1.3109679,43.9262765]},"properties":{"type":"entree","autoroute":"A62"}},{"type":"Feature","geometry":{"type":"Point","coordinates":[2.3713629,43.192198]},"properties":{"type":"entree","autoroute":"A61"}},{"type":"Feature","geometry":{"type":"Point","coordinates":[6.6831912,43.461605]},"properties":{"type":"entree","autoroute":"A8"}},{"type":"Feature","geometry":{"type":"Point","coordinates":[6.7424949,43.4763577]},"properties":{"type":"entree","autoroute":"A8"}},{"type":"Feature","geometry":{"type":"Point","coordinates":[6.1061197,49.0837599]},"properties":{"type":"entree","autoroute":"A31"}},{"type":"Feature","geometry":{"type":"Point","coordinates":[6.1247899,49.0984966]},"properties":{"type":"entree","autoroute":"A31"}},{"type":"Feature","geometry":{"type":"Point","coordinates":[1.4726844,43.6425982]},"properties":{"type":"entree","autoroute":"A62"}},{"type":"Feature","geometry":{"type":"Point","coordinates":[1.4179777,43.624439]},"properties":{"type":"entree","autoroute":"A620"}},{"type":"Feature","geometry":{"type":"Point","coordinates":[1.4183211,43.6240452]},"properties":{"type":"entree","autoroute":"A621"}},{"type":"Feature","geometry":{"type":"Point","coordinates":[5.1726622,45.8618292]},"properties":{"type":"entree","autoroute":"A42"}},{"type":"Feature","geometry":{"type":"Point","coordinates":[0.7450389,47.4498926]},"properties":{"type":"entree","autoroute":"A10"}},{"type":"Feature","geometry":{"type":"Point","coordinates":[-1.4157501,48.2607245]},"properties":{"type":"entree","autoroute":"A84"}},{"type":"Feature","geometry":{"type":"Point","coordinates":[1.3229357,43.4780997]},"properties":{"type":"entree","autoroute":"A64"}},{"type":"Feature","geometry":{"type":"Point","coordinates":[1.3094581,43.4344248]},"properties":{"type":"entree","autoroute":"A64"}},{"type":"Feature","geometry":{"type":"Point","coordinates":[1.2821827,43.3839114]},"properties":{"type":"entree","autoroute":"A64"}},{"type":"Feature","geometry":{"type":"Point","coordinates":[1.2783833,43.3756187]},"properties":{"type":"entree","autoroute":"A64"}},{"type":"Feature","geometry":{"type":"Point","coordinates":[0.8064478,47.3076992]},"properties":{"type":"entree","autoroute":"A85"}},{"type":"Feature","geometry":{"type":"Point","coordinates":[0.7065898,47.3533527]},"properties":{"type":"entree","autoroute":"A10"}},{"type":"Feature","geometry":{"type":"Point","coordinates":[4.4256331,43.7605357]},"properties":{"type":"entree","autoroute":"A54"}},{"type":"Feature","geometry":{"type":"Point","coordinates":[4.3979562,43.7912136]},"properties":{"type":"entree","autoroute":"A54"}},{"type":"Feature","geometry":{"type":"Point","coordinates":[4.5467564,43.6878605]},"properties":{"type":"entree","autoroute":"A54"}},{"type":"Feature","geometry":{"type":"Point","coordinates":[6.0339745,43.1430634]},"properties":{"type":"entree","autoroute":"A570"}},{"type":"Feature","geometry":{"type":"Point","coordinates":[5.9792701,43.1307395]},"properties":{"type":"entree","autoroute":"A57"}},{"type":"Feature","geometry":{"type":"Point","coordinates":[6.3248032,43.3453701]},"properties":{"type":"entree","autoroute":"A57"}},{"type":"Feature","geometry":{"type":"Point","coordinates":[6.2399778,49.1260168]},"properties":{"type":"entree","autoroute":"A315"}},{"type":"Feature","geometry":{"type":"Point","coordinates":[6.2475978,49.1346432]},"properties":{"type":"entree","autoroute":"A315"}},{"type":"Feature","geometry":{"type":"Point","coordinates":[6.2480547,49.1352075]},"properties":{"type":"entree","autoroute":"A315"}},{"type":"Feature","geometry":{"type":"Point","coordinates":[6.0916085,48.8863439]},"properties":{"type":"entree","autoroute":"A313"}},{"type":"Feature","geometry":{"type":"Point","coordinates":[6.0779927,48.8931378]},"properties":{"type":"entree","autoroute":"A313"}},{"type":"Feature","geometry":{"type":"Point","coordinates":[6.091575,48.8862536]},"properties":{"type":"entree","autoroute":"A313"}},{"type":"Feature","geometry":{"type":"Point","coordinates":[6.1102357,48.8163783]},"properties":{"type":"entree","autoroute":"A31"}},{"type":"Feature","geometry":{"type":"Point","coordinates":[6.1114379,48.8148795]},"properties":{"type":"entree","autoroute":"A31"}},{"type":"Feature","geometry":{"type":"Point","coordinates":[6.1810824,49.2010821]},"properties":{"type":"entree","autoroute":"A4"}},{"type":"Feature","geometry":{"type":"Point","coordinates":[0.0533671,47.9811416]},"properties":{"type":"entree","autoroute":"A11"}},{"type":"Feature","geometry":{"type":"Point","coordinates":[0.4439034,49.0375245]},"properties":{"type":"entree","autoroute":"A28"}},{"type":"Feature","geometry":{"type":"Point","coordinates":[2.4488471,48.8120111]},"properties":{"type":"entree","autoroute":"A86"}},{"type":"Feature","geometry":{"type":"Point","coordinates":[2.3973698,48.7724898]},"properties":{"type":"entree","autoroute":"A86"}},{"type":"Feature","geometry":{"type":"Point","coordinates":[0.1664433,48.2404955]},"properties":{"type":"entree","autoroute":"A28"}},{"type":"Feature","geometry":{"type":"Point","coordinates":[0.1315716,48.4531782]},"properties":{"type":"entree","autoroute":"A28"}},{"type":"Feature","geometry":{"type":"Point","coordinates":[0.3075629,48.7747934]},"properties":{"type":"entree","autoroute":"A28"}},{"type":"Feature","geometry":{"type":"Point","coordinates":[6.3544844,45.3004127]},"properties":{"type":"entree","autoroute":"A43"}},{"type":"Feature","geometry":{"type":"Point","coordinates":[6.1434104,48.7721362]},"properties":{"type":"entree","autoroute":"A31"}},{"type":"Feature","geometry":{"type":"Point","coordinates":[5.8575341,48.3007909]},"properties":{"type":"entree","autoroute":"A31"}},{"type":"Feature","geometry":{"type":"Point","coordinates":[7.4036269,47.7835601]},"properties":{"type":"entree","autoroute":"A35"}},{"type":"Feature","geometry":{"type":"Point","coordinates":[0.9850036,47.5458221]},"properties":{"type":"entree","autoroute":"A10"}},{"type":"Feature","geometry":{"type":"Point","coordinates":[1.3904563,47.667612]},"properties":{"type":"entree","autoroute":"A10"}},{"type":"Feature","geometry":{"type":"Point","coordinates":[0.763604,47.4650103]},"properties":{"type":"entree","autoroute":"A10"}},{"type":"Feature","geometry":{"type":"Point","coordinates":[5.3841779,47.1179982]},"properties":{"type":"entree","autoroute":"A36"}},{"type":"Feature","geometry":{"type":"Point","coordinates":[2.4389005,48.8745344]},"properties":{"type":"entree","autoroute":"A3"}},{"type":"Feature","geometry":{"type":"Point","coordinates":[2.4718792,48.8833195]},"properties":{"type":"entree","autoroute":"A86"}},{"type":"Feature","geometry":{"type":"Point","coordinates":[2.4761381,48.9466143]},"properties":{"type":"entree","autoroute":"A3"}},{"type":"Feature","geometry":{"type":"Point","coordinates":[2.4785347,48.8866551]},"properties":{"type":"entree","autoroute":"A103"}},{"type":"Feature","geometry":{"type":"Point","coordinates":[0.6824399,47.2867674]},"properties":{"type":"entree","autoroute":"A10"}},{"type":"Feature","geometry":{"type":"Point","coordinates":[0.6338236,47.1697596]},"properties":{"type":"entree","autoroute":"A10"}},{"type":"Feature","geometry":{"type":"Point","coordinates":[0.358032,46.6729526]},"properties":{"type":"entree","autoroute":"A10"}},{"type":"Feature","geometry":{"type":"Point","coordinates":[-0.0849363,46.4284508]},"properties":{"type":"entree","autoroute":"A10"}},{"type":"Feature","geometry":{"type":"Point","coordinates":[0.3502322,46.6264817]},"properties":{"type":"entree","autoroute":"A10"}},{"type":"Feature","geometry":{"type":"Point","coordinates":[0.6943195,47.3320138]},"properties":{"type":"entree","autoroute":"A10"}},{"type":"Feature","geometry":{"type":"Point","coordinates":[2.4733831,48.9589921]},"properties":{"type":"entree","autoroute":"A3"}},{"type":"Feature","geometry":{"type":"Point","coordinates":[6.1164839,49.0961656]},"properties":{"type":"entree","autoroute":"A31"}},{"type":"Feature","geometry":{"type":"Point","coordinates":[2.4946877,48.9779243]},"properties":{"type":"entree","autoroute":"A3"}},{"type":"Feature","geometry":{"type":"Point","coordinates":[2.5877145,48.9743302]},"properties":{"type":"entree","autoroute":"A104"}},{"type":"Feature","geometry":{"type":"Point","coordinates":[-1.4796139,47.2863038]},"properties":{"type":"entree","autoroute":"A811"}},{"type":"Feature","geometry":{"type":"Point","coordinates":[2.4052871,48.9268483]},"properties":{"type":"entree","autoroute":"A86"}},{"type":"Feature","geometry":{"type":"Point","coordinates":[2.4186501,48.9275238]},"properties":{"type":"entree","autoroute":"A86"}},{"type":"Feature","geometry":{"type":"Point","coordinates":[2.2961604,48.937744]},"properties":{"type":"entree","autoroute":"A86"}},{"type":"Feature","geometry":{"type":"Point","coordinates":[2.2625428,48.9357559]},"properties":{"type":"entree","autoroute":"A86"}},{"type":"Feature","geometry":{"type":"Point","coordinates":[3.6024488,48.2410523]},"properties":{"type":"entree","autoroute":"A5"}},{"type":"Feature","geometry":{"type":"Point","coordinates":[3.1218074,48.3714403]},"properties":{"type":"entree","autoroute":"A5"}},{"type":"Feature","geometry":{"type":"Point","coordinates":[2.6171325,48.5942247]},"properties":{"type":"entree","autoroute":"A5A"}},{"type":"Feature","geometry":{"type":"Point","coordinates":[2.5913067,48.6042689]},"properties":{"type":"entree","autoroute":"A5A"}},{"type":"Feature","geometry":{"type":"Point","coordinates":[2.5436439,48.6229115]},"properties":{"type":"entree","autoroute":"A5A"}},{"type":"Feature","geometry":{"type":"Point","coordinates":[2.5366946,48.629444]},"properties":{"type":"entree","autoroute":"A5A"}},{"type":"Feature","geometry":{"type":"Point","coordinates":[2.6056581,48.5990024]},"properties":{"type":"entree","autoroute":"A5A"}},{"type":"Feature","geometry":{"type":"Point","coordinates":[2.642378,48.5928703]},"properties":{"type":"entree","autoroute":"A5"}},{"type":"Feature","geometry":{"type":"Point","coordinates":[2.6369909,48.5846563]},"properties":{"type":"entree","autoroute":"A5B"}},{"type":"Feature","geometry":{"type":"Point","coordinates":[2.6182977,48.6520862]},"properties":{"type":"entree","autoroute":"A5B"}},{"type":"Feature","geometry":{"type":"Point","coordinates":[6.1123133,49.0398992]},"properties":{"type":"entree","autoroute":"A31"}},{"type":"Feature","geometry":{"type":"Point","coordinates":[3.0422659,46.3985522]},"properties":{"type":"entree","autoroute":"A79"}},{"type":"Feature","geometry":{"type":"Point","coordinates":[3.1080492,48.0614605]},"properties":{"type":"entree","autoroute":"A19"}},{"type":"Feature","geometry":{"type":"Point","coordinates":[3.2614168,48.2413957]},"properties":{"type":"entree","autoroute":"A19"}},{"type":"Feature","geometry":{"type":"Point","coordinates":[-0.2138288,48.0057733]},"properties":{"type":"entree","autoroute":"A81"}},{"type":"Feature","geometry":{"type":"Point","coordinates":[2.0425122,48.7963212]},"properties":{"type":"entree","autoroute":"A12"}},{"type":"Feature","geometry":{"type":"Point","coordinates":[0.2516897,49.4952126]},"properties":{"type":"entree","autoroute":"A131"}},{"type":"Feature","geometry":{"type":"Point","coordinates":[0.3538865,49.4812039]},"properties":{"type":"entree","autoroute":"A131"}},{"type":"Feature","geometry":{"type":"Point","coordinates":[0.2671903,49.4945888]},"properties":{"type":"entree","autoroute":"A131"}},{"type":"Feature","geometry":{"type":"Point","coordinates":[0.2731965,49.4938182]},"properties":{"type":"entree","autoroute":"A131"}},{"type":"Feature","geometry":{"type":"Point","coordinates":[3.6835055,43.4812317]},"properties":{"type":"entree","autoroute":"A9"}},{"type":"Feature","geometry":{"type":"Point","coordinates":[3.6854517,43.481661]},"properties":{"type":"entree","autoroute":"A9"}},{"type":"Feature","geometry":{"type":"Point","coordinates":[3.8332611,43.5640938]},"properties":{"type":"entree","autoroute":"A709"}},{"type":"Feature","geometry":{"type":"Point","coordinates":[-0.3368714,47.5397347]},"properties":{"type":"entree","autoroute":"A85"}},{"type":"Feature","geometry":{"type":"Point","coordinates":[-0.1903452,47.4709]},"properties":{"type":"entree","autoroute":"A85"}},{"type":"Feature","geometry":{"type":"Point","coordinates":[-0.1306791,47.417587]},"properties":{"type":"entree","autoroute":"A85"}},{"type":"Feature","geometry":{"type":"Point","coordinates":[2.4904359,48.8516379]},"properties":{"type":"entree","autoroute":"A86"}},{"type":"Feature","geometry":{"type":"Point","coordinates":[-0.8357613,44.5370416]},"properties":{"type":"entree","autoroute":"A63"}},{"type":"Feature","geometry":{"type":"Point","coordinates":[-0.8184613,44.403677]},"properties":{"type":"entree","autoroute":"A63"}},{"type":"Feature","geometry":{"type":"Point","coordinates":[-1.2285108,43.7027397]},"properties":{"type":"entree","autoroute":"A63"}},{"type":"Feature","geometry":{"type":"Point","coordinates":[0.4463848,47.3338059]},"properties":{"type":"entree","autoroute":"A85"}},{"type":"Feature","geometry":{"type":"Point","coordinates":[0.4502886,47.3333096]},"properties":{"type":"entree","autoroute":"A85"}},{"type":"Feature","geometry":{"type":"Point","coordinates":[3.2016637,47.012283]},"properties":{"type":"entree","autoroute":"A77"}},{"type":"Feature","geometry":{"type":"Point","coordinates":[4.1175505,43.7035584]},"properties":{"type":"entree","autoroute":"A9"}},{"type":"Feature","geometry":{"type":"Point","coordinates":[4.1131275,43.7006787]},"properties":{"type":"entree","autoroute":"A9"}},{"type":"Feature","geometry":{"type":"Point","coordinates":[4.1351479,43.7151866]},"properties":{"type":"entree","autoroute":"A9"}},{"type":"Feature","geometry":{"type":"Point","coordinates":[4.2219284,43.7511054]},"properties":{"type":"entree","autoroute":"A9"}},{"type":"Feature","geometry":{"type":"Point","coordinates":[6.0497452,43.1616393]},"properties":{"type":"entree","autoroute":"A57"}},{"type":"Feature","geometry":{"type":"Point","coordinates":[4.4264998,43.8567828]},"properties":{"type":"entree","autoroute":"A9"}},{"type":"Feature","geometry":{"type":"Point","coordinates":[4.4440367,43.8724588]},"properties":{"type":"entree","autoroute":"A9"}},{"type":"Feature","geometry":{"type":"Point","coordinates":[4.3579371,43.8070531]},"properties":{"type":"entree","autoroute":"A54"}},{"type":"Feature","geometry":{"type":"Point","coordinates":[7.8584838,48.7083405]},"properties":{"type":"entree","autoroute":"A35"}},{"type":"Feature","geometry":{"type":"Point","coordinates":[2.2796696,49.1003986]},"properties":{"type":"entree","autoroute":"A16"}},{"type":"Feature","geometry":{"type":"Point","coordinates":[1.1795747,49.2234578]},"properties":{"type":"entree","autoroute":"A154"}},{"type":"Feature","geometry":{"type":"Point","coordinates":[6.1769978,48.6116817]},"properties":{"type":"entree","autoroute":"A330"}},{"type":"Feature","geometry":{"type":"Point","coordinates":[6.1752733,49.1971054]},"properties":{"type":"entree","autoroute":"A31"}},{"type":"Feature","geometry":{"type":"Point","coordinates":[6.1294146,49.304564]},"properties":{"type":"entree","autoroute":"A30"}},{"type":"Feature","geometry":{"type":"Point","coordinates":[6.1665084,49.293755]},"properties":{"type":"entree","autoroute":"A30"}},{"type":"Feature","geometry":{"type":"Point","coordinates":[3.1535306,45.8933609]},"properties":{"type":"entree","autoroute":"A71"}},{"type":"Feature","geometry":{"type":"Point","coordinates":[2.2061665,49.0262418]},"properties":{"type":"entree","autoroute":"A115"}},{"type":"Feature","geometry":{"type":"Point","coordinates":[2.2010444,49.0307716]},"properties":{"type":"entree","autoroute":"A115"}},{"type":"Feature","geometry":{"type":"Point","coordinates":[2.1834895,49.0476308]},"properties":{"type":"entree","autoroute":"A115"}},{"type":"Feature","geometry":{"type":"Point","coordinates":[2.1914978,49.051485]},"properties":{"type":"entree","autoroute":"A115"}},{"type":"Feature","geometry":{"type":"Point","coordinates":[2.1883205,49.0429528]},"properties":{"type":"entree","autoroute":"A115"}},{"type":"Feature","geometry":{"type":"Point","coordinates":[2.107559,49.0329173]},"properties":{"type":"entree","autoroute":"A15"}},{"type":"Feature","geometry":{"type":"Point","coordinates":[2.003414,48.9200283]},"properties":{"type":"entree","autoroute":"A13"}},{"type":"Feature","geometry":{"type":"Point","coordinates":[2.0433168,48.9135524]},"properties":{"type":"entree","autoroute":"A14"}},{"type":"Feature","geometry":{"type":"Point","coordinates":[2.4731429,48.9573644]},"properties":{"type":"entree","autoroute":"A3"}},{"type":"Feature","geometry":{"type":"Point","coordinates":[2.4920371,48.9728843]},"properties":{"type":"entree","autoroute":"A104"}},{"type":"Feature","geometry":{"type":"Point","coordinates":[2.5078515,48.9872607]},"properties":{"type":"entree","autoroute":"A1"}},{"type":"Feature","geometry":{"type":"Point","coordinates":[2.5024919,48.9845446]},"properties":{"type":"entree","autoroute":"A3"}},{"type":"Feature","geometry":{"type":"Point","coordinates":[2.4809783,48.968882]},"properties":{"type":"entree","autoroute":"A3"}},{"type":"Feature","geometry":{"type":"Point","coordinates":[2.4850772,48.9728879]},"properties":{"type":"entree","autoroute":"A104"}},{"type":"Feature","geometry":{"type":"Point","coordinates":[2.5122763,48.9672029]},"properties":{"type":"entree","autoroute":"A104"}},{"type":"Feature","geometry":{"type":"Point","coordinates":[2.5334146,48.9584114]},"properties":{"type":"entree","autoroute":"A104"}},{"type":"Feature","geometry":{"type":"Point","coordinates":[2.5019818,48.9832583]},"properties":{"type":"entree","autoroute":"A1"}},{"type":"Feature","geometry":{"type":"Point","coordinates":[2.5159313,48.9959775]},"properties":{"type":"entree","autoroute":"A1"}},{"type":"Feature","geometry":{"type":"Point","coordinates":[2.5081375,48.9863724]},"properties":{"type":"entree","autoroute":"A3"}},{"type":"Feature","geometry":{"type":"Point","coordinates":[2.5308347,49.0142845]},"properties":{"type":"entree","autoroute":"A1"}},{"type":"Feature","geometry":{"type":"Point","coordinates":[2.5303653,49.0138752]},"properties":{"type":"entree","autoroute":"A1"}},{"type":"Feature","geometry":{"type":"Point","coordinates":[2.5500085,49.0575627]},"properties":{"type":"entree","autoroute":"A1"}},{"type":"Feature","geometry":{"type":"Point","coordinates":[2.5516632,49.1075584]},"properties":{"type":"entree","autoroute":"A1"}},{"type":"Feature","geometry":{"type":"Point","coordinates":[2.7953348,48.5393681]},"properties":{"type":"entree","autoroute":"A5"}},{"type":"Feature","geometry":{"type":"Point","coordinates":[2.7267521,48.5852065]},"properties":{"type":"entree","autoroute":"A5"}},{"type":"Feature","geometry":{"type":"Point","coordinates":[3.1038349,50.5985639]},"properties":{"type":"entree","autoroute":"A22"}},{"type":"Feature","geometry":{"type":"Point","coordinates":[3.1206005,50.6575071]},"properties":{"type":"entree","autoroute":"A22"}},{"type":"Feature","geometry":{"type":"Point","coordinates":[3.1365374,50.6505725]},"properties":{"type":"entree","autoroute":"A22"}},{"type":"Feature","geometry":{"type":"Point","coordinates":[2.6118528,48.9638014]},"properties":{"type":"entree","autoroute":"A104"}},{"type":"Feature","geometry":{"type":"Point","coordinates":[2.6285851,48.9432749]},"properties":{"type":"entree","autoroute":"A104"}},{"type":"Feature","geometry":{"type":"Point","coordinates":[2.6406887,48.906342]},"properties":{"type":"entree","autoroute":"A104"}},{"type":"Feature","geometry":{"type":"Point","coordinates":[2.6709424,48.8698005]},"properties":{"type":"entree","autoroute":"A104"}},{"type":"Feature","geometry":{"type":"Point","coordinates":[2.6634071,48.8417875]},"properties":{"type":"entree","autoroute":"A104"}},{"type":"Feature","geometry":{"type":"Point","coordinates":[2.667829,48.8337667]},"properties":{"type":"entree","autoroute":"A104"}},{"type":"Feature","geometry":{"type":"Point","coordinates":[2.6181985,48.8298188]},"properties":{"type":"entree","autoroute":"A4"}},{"type":"Feature","geometry":{"type":"Point","coordinates":[2.4292241,48.8692454]},"properties":{"type":"entree","autoroute":"A3"}},{"type":"Feature","geometry":{"type":"Point","coordinates":[6.1622327,49.2955655]},"properties":{"type":"entree","autoroute":"A30"}},{"type":"Feature","geometry":{"type":"Point","coordinates":[2.358888,48.9024295]},"properties":{"type":"entree","autoroute":"A1"}},{"type":"Feature","geometry":{"type":"Point","coordinates":[2.357021,48.9229337]},"properties":{"type":"entree","autoroute":"A1"}},{"type":"Feature","geometry":{"type":"Point","coordinates":[2.3670896,48.9308835]},"properties":{"type":"entree","autoroute":"A1"}},{"type":"Feature","geometry":{"type":"Point","coordinates":[2.3747955,48.9327179]},"properties":{"type":"entree","autoroute":"A1"}},{"type":"Feature","geometry":{"type":"Point","coordinates":[2.3589526,48.901771]},"properties":{"type":"entree","autoroute":"A1"}},{"type":"Feature","geometry":{"type":"Point","coordinates":[2.349617,48.9228017]},"properties":{"type":"entree","autoroute":"A86"}},{"type":"Feature","geometry":{"type":"Point","coordinates":[2.2900525,48.9365539]},"properties":{"type":"entree","autoroute":"A86"}},{"type":"Feature","geometry":{"type":"Point","coordinates":[2.3005088,48.9384068]},"properties":{"type":"entree","autoroute":"A86"}},{"type":"Feature","geometry":{"type":"Point","coordinates":[2.2982261,48.9377897]},"properties":{"type":"entree","autoroute":"A15"}},{"type":"Feature","geometry":{"type":"Point","coordinates":[2.2932284,48.9406008]},"properties":{"type":"entree","autoroute":"A15"}},{"type":"Feature","geometry":{"type":"Point","coordinates":[2.276172,48.9337674]},"properties":{"type":"entree","autoroute":"A86"}},{"type":"Feature","geometry":{"type":"Point","coordinates":[2.2404659,48.9291426]},"properties":{"type":"entree","autoroute":"A86"}},{"type":"Feature","geometry":{"type":"Point","coordinates":[2.1694699,48.8896886]},"properties":{"type":"entree","autoroute":"A86"}},{"type":"Feature","geometry":{"type":"Point","coordinates":[2.1582069,48.8741297]},"properties":{"type":"entree","autoroute":"A86"}},{"type":"Feature","geometry":{"type":"Point","coordinates":[2.1652354,48.8859735]},"properties":{"type":"entree","autoroute":"A86"}},{"type":"Feature","geometry":{"type":"Point","coordinates":[2.1580577,48.8699145]},"properties":{"type":"entree","autoroute":"A86"}},{"type":"Feature","geometry":{"type":"Point","coordinates":[2.2062942,48.9035669]},"properties":{"type":"entree","autoroute":"A86"}},{"type":"Feature","geometry":{"type":"Point","coordinates":[5.9814682,49.3576028]},"properties":{"type":"entree","autoroute":"A30"}},{"type":"Feature","geometry":{"type":"Point","coordinates":[6.1098937,49.3109038]},"properties":{"type":"entree","autoroute":"A30"}},{"type":"Feature","geometry":{"type":"Point","coordinates":[6.1002406,49.3118506]},"properties":{"type":"entree","autoroute":"A30"}},{"type":"Feature","geometry":{"type":"Point","coordinates":[6.139461,48.6466847]},"properties":{"type":"entree","autoroute":"A33"}},{"type":"Feature","geometry":{"type":"Point","coordinates":[1.4940125,43.5599113]},"properties":{"type":"entree","autoroute":"A61"}},{"type":"Feature","geometry":{"type":"Point","coordinates":[1.4936281,43.5528868]},"properties":{"type":"entree","autoroute":"A620"}},{"type":"Feature","geometry":{"type":"Point","coordinates":[1.489093,43.5612049]},"properties":{"type":"entree","autoroute":"A620"}},{"type":"Feature","geometry":{"type":"Point","coordinates":[6.1842057,49.1483311]},"properties":{"type":"entree","autoroute":"A31"}},{"type":"Feature","geometry":{"type":"Point","coordinates":[1.3923755,43.622105]},"properties":{"type":"entree","autoroute":"A621"}},{"type":"Feature","geometry":{"type":"Point","coordinates":[1.3996951,43.6213545]},"properties":{"type":"entree","autoroute":"A621"}},{"type":"Feature","geometry":{"type":"Point","coordinates":[1.418017,43.6207477]},"properties":{"type":"entree","autoroute":"A620"}},{"type":"Feature","geometry":{"type":"Point","coordinates":[1.4177337,43.6228996]},"properties":{"type":"entree","autoroute":"A620"}},{"type":"Feature","geometry":{"type":"Point","coordinates":[1.4215592,43.6452998]},"properties":{"type":"entree","autoroute":"A620"}},{"type":"Feature","geometry":{"type":"Point","coordinates":[1.486011,43.603387]},"properties":{"type":"entree","autoroute":"A61"}},{"type":"Feature","geometry":{"type":"Point","coordinates":[1.4941272,43.5906845]},"properties":{"type":"entree","autoroute":"A61"}},{"type":"Feature","geometry":{"type":"Point","coordinates":[3.0923514,48.0588334]},"properties":{"type":"entree","autoroute":"A6"}},{"type":"Feature","geometry":{"type":"Point","coordinates":[3.5521734,47.8550921]},"properties":{"type":"entree","autoroute":"A6"}},{"type":"Feature","geometry":{"type":"Point","coordinates":[3.6496499,47.7995583]},"properties":{"type":"entree","autoroute":"A6"}},{"type":"Feature","geometry":{"type":"Point","coordinates":[3.6753356,47.7853891]},"properties":{"type":"entree","autoroute":"A6"}},{"type":"Feature","geometry":{"type":"Point","coordinates":[3.7269721,47.7499751]},"properties":{"type":"entree","autoroute":"A6"}},{"type":"Feature","geometry":{"type":"Point","coordinates":[3.8578504,47.6800297]},"properties":{"type":"entree","autoroute":"A6"}},{"type":"Feature","geometry":{"type":"Point","coordinates":[3.8858369,47.6594525]},"properties":{"type":"entree","autoroute":"A6"}},{"type":"Feature","geometry":{"type":"Point","coordinates":[3.9105763,47.5990695]},"properties":{"type":"entree","autoroute":"A6"}},{"type":"Feature","geometry":{"type":"Point","coordinates":[3.9161073,47.5908352]},"properties":{"type":"entree","autoroute":"A6"}},{"type":"Feature","geometry":{"type":"Point","coordinates":[3.8840027,47.6600548]},"properties":{"type":"entree","autoroute":"A6"}},{"type":"Feature","geometry":{"type":"Point","coordinates":[5.0279778,47.2414287]},"properties":{"type":"entree","autoroute":"A311"}},{"type":"Feature","geometry":{"type":"Point","coordinates":[6.1841985,48.625993]},"properties":{"type":"entree","autoroute":"A33"}},{"type":"Feature","geometry":{"type":"Point","coordinates":[6.3546839,43.3937381]},"properties":{"type":"entree","autoroute":"A57"}},{"type":"Feature","geometry":{"type":"Point","coordinates":[6.3586686,43.3973779]},"properties":{"type":"entree","autoroute":"A57"}},{"type":"Feature","geometry":{"type":"Point","coordinates":[6.1817035,48.6350743]},"properties":{"type":"entree","autoroute":"A330"}},{"type":"Feature","geometry":{"type":"Point","coordinates":[5.8956409,49.1981871]},"properties":{"type":"entree","autoroute":"A4"}},{"type":"Feature","geometry":{"type":"Point","coordinates":[6.1817524,48.6205396]},"properties":{"type":"entree","autoroute":"A330"}},{"type":"Feature","geometry":{"type":"Point","coordinates":[4.725173,46.0233654]},"properties":{"type":"entree","autoroute":"A6"}},{"type":"Feature","geometry":{"type":"Point","coordinates":[4.7252767,46.021486]},"properties":{"type":"entree","autoroute":"A6"}},{"type":"Feature","geometry":{"type":"Point","coordinates":[2.333053,48.8181767]},"properties":{"type":"entree","autoroute":"A6A"}},{"type":"Feature","geometry":{"type":"Point","coordinates":[4.9005585,46.5852781]},"properties":{"type":"entree","autoroute":"A6"}},{"type":"Feature","geometry":{"type":"Point","coordinates":[4.9073037,46.5062576]},"properties":{"type":"entree","autoroute":"A6"}},{"type":"Feature","geometry":{"type":"Point","coordinates":[4.8363262,46.3690727]},"properties":{"type":"entree","autoroute":"A6"}},{"type":"Feature","geometry":{"type":"Point","coordinates":[4.838332,46.3706631]},"properties":{"type":"entree","autoroute":"A6"}},{"type":"Feature","geometry":{"type":"Point","coordinates":[4.828388,46.354308]},"properties":{"type":"entree","autoroute":"A6"}},{"type":"Feature","geometry":{"type":"Point","coordinates":[4.8264587,46.8077395]},"properties":{"type":"entree","autoroute":"A6"}},{"type":"Feature","geometry":{"type":"Point","coordinates":[4.8216608,46.8637118]},"properties":{"type":"entree","autoroute":"A6"}},{"type":"Feature","geometry":{"type":"Point","coordinates":[4.8228576,46.8597382]},"properties":{"type":"entree","autoroute":"A6"}},{"type":"Feature","geometry":{"type":"Point","coordinates":[4.7575148,45.8356612]},"properties":{"type":"entree","autoroute":"A6"}},{"type":"Feature","geometry":{"type":"Point","coordinates":[4.7278503,45.9290818]},"properties":{"type":"entree","autoroute":"A6"}},{"type":"Feature","geometry":{"type":"Point","coordinates":[4.7448135,45.9284759]},"properties":{"type":"entree","autoroute":"A46"}},{"type":"Feature","geometry":{"type":"Point","coordinates":[4.8150029,45.9020465]},"properties":{"type":"entree","autoroute":"A46"}},{"type":"Feature","geometry":{"type":"Point","coordinates":[7.372233,48.1179146]},"properties":{"type":"entree","autoroute":"A35"}},{"type":"Feature","geometry":{"type":"Point","coordinates":[4.9159968,45.8404637]},"properties":{"type":"entree","autoroute":"A46"}},{"type":"Feature","geometry":{"type":"Point","coordinates":[4.9186523,45.8260172]},"properties":{"type":"entree","autoroute":"A46"}},{"type":"Feature","geometry":{"type":"Point","coordinates":[4.9184843,45.8187357]},"properties":{"type":"entree","autoroute":"A46"}},{"type":"Feature","geometry":{"type":"Point","coordinates":[4.9281016,45.8069311]},"properties":{"type":"entree","autoroute":"A42"}},{"type":"Feature","geometry":{"type":"Point","coordinates":[4.9255216,45.7957535]},"properties":{"type":"entree","autoroute":"A42"}},{"type":"Feature","geometry":{"type":"Point","coordinates":[4.9577282,45.706848]},"properties":{"type":"entree","autoroute":"A43"}},{"type":"Feature","geometry":{"type":"Point","coordinates":[4.9695301,45.6940362]},"properties":{"type":"entree","autoroute":"A46"}},{"type":"Feature","geometry":{"type":"Point","coordinates":[4.9620632,45.6847639]},"properties":{"type":"entree","autoroute":"A46"}},{"type":"Feature","geometry":{"type":"Point","coordinates":[4.960793,45.6804106]},"properties":{"type":"entree","autoroute":"A46"}},{"type":"Feature","geometry":{"type":"Point","coordinates":[4.9439243,45.6726153]},"properties":{"type":"entree","autoroute":"A46"}},{"type":"Feature","geometry":{"type":"Point","coordinates":[4.9360585,45.6709429]},"properties":{"type":"entree","autoroute":"A46"}},{"type":"Feature","geometry":{"type":"Point","coordinates":[4.9106797,45.6445949]},"properties":{"type":"entree","autoroute":"A46"}},{"type":"Feature","geometry":{"type":"Point","coordinates":[4.9035078,45.6431855]},"properties":{"type":"entree","autoroute":"A46"}},{"type":"Feature","geometry":{"type":"Point","coordinates":[4.852299,45.5972506]},"properties":{"type":"entree","autoroute":"A46"}},{"type":"Feature","geometry":{"type":"Point","coordinates":[4.8487388,45.5950193]},"properties":{"type":"entree","autoroute":"A46"}},{"type":"Feature","geometry":{"type":"Point","coordinates":[4.8030642,45.5893067]},"properties":{"type":"entree","autoroute":"A46"}},{"type":"Feature","geometry":{"type":"Point","coordinates":[4.8337837,45.6485731]},"properties":{"type":"entree","autoroute":"A7"}},{"type":"Feature","geometry":{"type":"Point","coordinates":[4.8476819,45.6740496]},"properties":{"type":"entree","autoroute":"A7"}},{"type":"Feature","geometry":{"type":"Point","coordinates":[4.8435017,45.6937998]},"properties":{"type":"entree","autoroute":"A7"}},{"type":"Feature","geometry":{"type":"Point","coordinates":[4.8451655,45.6917611]},"properties":{"type":"entree","autoroute":"A7"}},{"type":"Feature","geometry":{"type":"Point","coordinates":[4.8338446,45.6966903]},"properties":{"type":"entree","autoroute":"A450"}},{"type":"Feature","geometry":{"type":"Point","coordinates":[4.1769958,43.7257593]},"properties":{"type":"entree","autoroute":"A9"}},{"type":"Feature","geometry":{"type":"Point","coordinates":[1.9220399,48.550642]},"properties":{"type":"entree","autoroute":"A10"}},{"type":"Feature","geometry":{"type":"Point","coordinates":[3.9310212,43.6052021]},"properties":{"type":"entree","autoroute":"A709"}},{"type":"Feature","geometry":{"type":"Point","coordinates":[3.443374,43.5197377]},"properties":{"type":"entree","autoroute":"A75"}},{"type":"Feature","geometry":{"type":"Point","coordinates":[3.4360721,43.4737619]},"properties":{"type":"entree","autoroute":"A75"}},{"type":"Feature","geometry":{"type":"Point","coordinates":[4.4221491,43.8522583]},"properties":{"type":"entree","autoroute":"A9"}},{"type":"Feature","geometry":{"type":"Point","coordinates":[4.3387226,43.8082265]},"properties":{"type":"entree","autoroute":"A9"}},{"type":"Feature","geometry":{"type":"Point","coordinates":[3.5476275,43.6466845]},"properties":{"type":"entree","autoroute":"A750"}},{"type":"Feature","geometry":{"type":"Point","coordinates":[2.5048872,48.8279556]},"properties":{"type":"entree","autoroute":"A4"}},{"type":"Feature","geometry":{"type":"Point","coordinates":[1.3567862,47.3056191]},"properties":{"type":"entree","autoroute":"A85"}},{"type":"Feature","geometry":{"type":"Point","coordinates":[4.7893924,45.6771009]},"properties":{"type":"entree","autoroute":"A450"}},{"type":"Feature","geometry":{"type":"Point","coordinates":[4.793354,45.6788458]},"properties":{"type":"entree","autoroute":"A450"}},{"type":"Feature","geometry":{"type":"Point","coordinates":[1.4777633,43.5698386]},"properties":{"type":"entree","autoroute":"A620"}},{"type":"Feature","geometry":{"type":"Point","coordinates":[3.174993,46.9596281]},"properties":{"type":"entree","autoroute":"A77"}},{"type":"Feature","geometry":{"type":"Point","coordinates":[2.4260449,48.9410009]},"properties":{"type":"entree","autoroute":"A1"}},{"type":"Feature","geometry":{"type":"Point","coordinates":[6.1833773,49.1533356]},"properties":{"type":"entree","autoroute":"A31"}},{"type":"Feature","geometry":{"type":"Point","coordinates":[3.970037,49.2535946]},"properties":{"type":"entree","autoroute":"A344"}},{"type":"Feature","geometry":{"type":"Point","coordinates":[3.0450655,50.6170139]},"properties":{"type":"entree","autoroute":"A25"}},{"type":"Feature","geometry":{"type":"Point","coordinates":[2.3252539,51.0081095]},"properties":{"type":"entree","autoroute":"A16"}},{"type":"Feature","geometry":{"type":"Point","coordinates":[2.421055,48.865661]},"properties":{"type":"entree","autoroute":"A3"}},{"type":"Feature","geometry":{"type":"Point","coordinates":[2.1765883,48.65402]},"properties":{"type":"entree","autoroute":"A10"}},{"type":"Feature","geometry":{"type":"Point","coordinates":[3.0743122,50.616327]},"properties":{"type":"entree","autoroute":"A25"}},{"type":"Feature","geometry":{"type":"Point","coordinates":[6.1744906,49.2148923]},"properties":{"type":"entree","autoroute":"A31"}},{"type":"Feature","geometry":{"type":"Point","coordinates":[5.9232322,49.409144]},"properties":{"type":"entree","autoroute":"A30"}},{"type":"Feature","geometry":{"type":"Point","coordinates":[-0.6540261,46.3911247]},"properties":{"type":"entree","autoroute":"A83"}},{"type":"Feature","geometry":{"type":"Point","coordinates":[0.5966542,43.1041196]},"properties":{"type":"entree","autoroute":"A64"}},{"type":"Feature","geometry":{"type":"Point","coordinates":[4.7202272,44.2177679]},"properties":{"type":"entree","autoroute":"A7"}},{"type":"Feature","geometry":{"type":"Point","coordinates":[6.8563178,47.6135682]},"properties":{"type":"entree","autoroute":"A36"}},{"type":"Feature","geometry":{"type":"Point","coordinates":[6.8607026,47.622157]},"properties":{"type":"entree","autoroute":"A36"}},{"type":"Feature","geometry":{"type":"Point","coordinates":[4.8047123,45.5895328]},"properties":{"type":"entree","autoroute":"A46"}},{"type":"Feature","geometry":{"type":"Point","coordinates":[6.1069003,49.3659622]},"properties":{"type":"entree","autoroute":"A31"}},{"type":"Feature","geometry":{"type":"Point","coordinates":[5.5830105,46.8744287]},"properties":{"type":"entree","autoroute":"A39"}},{"type":"Feature","geometry":{"type":"Point","coordinates":[7.3823279,48.0954478]},"properties":{"type":"entree","autoroute":"A35"}},{"type":"Feature","geometry":{"type":"Point","coordinates":[7.1620737,47.7248954]},"properties":{"type":"entree","autoroute":"A36"}},{"type":"Feature","geometry":{"type":"Point","coordinates":[7.2754672,47.7471495]},"properties":{"type":"entree","autoroute":"A36"}},{"type":"Feature","geometry":{"type":"Point","coordinates":[7.3912752,47.7765477]},"properties":{"type":"entree","autoroute":"A36"}},{"type":"Feature","geometry":{"type":"Point","coordinates":[1.4844238,43.6384119]},"properties":{"type":"entree","autoroute":"A68"}},{"type":"Feature","geometry":{"type":"Point","coordinates":[1.4786763,43.6378032]},"properties":{"type":"entree","autoroute":"A68"}},{"type":"Feature","geometry":{"type":"Point","coordinates":[1.4778061,43.634614]},"properties":{"type":"entree","autoroute":"A62"}},{"type":"Feature","geometry":{"type":"Point","coordinates":[4.7466642,44.2978239]},"properties":{"type":"entree","autoroute":"A7"}},{"type":"Feature","geometry":{"type":"Point","coordinates":[4.7391851,44.3282687]},"properties":{"type":"entree","autoroute":"A7"}},{"type":"Feature","geometry":{"type":"Point","coordinates":[2.1798019,48.7803862]},"properties":{"type":"entree","autoroute":"A86"}},{"type":"Feature","geometry":{"type":"Point","coordinates":[0.9838282,47.2884016]},"properties":{"type":"entree","autoroute":"A85"}},{"type":"Feature","geometry":{"type":"Point","coordinates":[0.0816759,48.6582856]},"properties":{"type":"entree","autoroute":"A88"}},{"type":"Feature","geometry":{"type":"Point","coordinates":[0.194437,48.6307978]},"properties":{"type":"entree","autoroute":"A88"}},{"type":"Feature","geometry":{"type":"Point","coordinates":[0.1951212,48.6283926]},"properties":{"type":"entree","autoroute":"A28"}},{"type":"Feature","geometry":{"type":"Point","coordinates":[0.0106338,48.6876569]},"properties":{"type":"entree","autoroute":"A88"}},{"type":"Feature","geometry":{"type":"Point","coordinates":[2.2236727,48.777175]},"properties":{"type":"entree","autoroute":"A86"}},{"type":"Feature","geometry":{"type":"Point","coordinates":[2.4787692,48.5635488]},"properties":{"type":"entree","autoroute":"A6"}},{"type":"Feature","geometry":{"type":"Point","coordinates":[-0.3395022,46.3570384]},"properties":{"type":"entree","autoroute":"A83"}},{"type":"Feature","geometry":{"type":"Point","coordinates":[-0.821568,46.433658]},"properties":{"type":"entree","autoroute":"A83"}},{"type":"Feature","geometry":{"type":"Point","coordinates":[-1.0547639,46.9032308]},"properties":{"type":"entree","autoroute":"A87"}},{"type":"Feature","geometry":{"type":"Point","coordinates":[4.7922454,44.6448225]},"properties":{"type":"entree","autoroute":"A7"}},{"type":"Feature","geometry":{"type":"Point","coordinates":[4.7967268,44.5971201]},"properties":{"type":"entree","autoroute":"A7"}},{"type":"Feature","geometry":{"type":"Point","coordinates":[4.7919766,44.6442321]},"properties":{"type":"entree","autoroute":"A7"}},{"type":"Feature","geometry":{"type":"Point","coordinates":[-0.6664543,45.7869633]},"properties":{"type":"entree","autoroute":"A837"}},{"type":"Feature","geometry":{"type":"Point","coordinates":[6.0126467,49.3306839]},"properties":{"type":"entree","autoroute":"A30"}},{"type":"Feature","geometry":{"type":"Point","coordinates":[1.4911574,43.5578657]},"properties":{"type":"entree","autoroute":"A623"}},{"type":"Feature","geometry":{"type":"Point","coordinates":[1.708597,43.7579272]},"properties":{"type":"entree","autoroute":"A68"}},{"type":"Feature","geometry":{"type":"Point","coordinates":[7.3945571,47.8409311]},"properties":{"type":"entree","autoroute":"A35"}},{"type":"Feature","geometry":{"type":"Point","coordinates":[3.1419201,50.7464658]},"properties":{"type":"entree","autoroute":"A22"}},{"type":"Feature","geometry":{"type":"Point","coordinates":[1.9043664,43.8758192]},"properties":{"type":"entree","autoroute":"A68"}},{"type":"Feature","geometry":{"type":"Point","coordinates":[2.079635,49.0418931]},"properties":{"type":"entree","autoroute":"A15"}},{"type":"Feature","geometry":{"type":"Point","coordinates":[2.2305068,49.7578783]},"properties":{"type":"entree","autoroute":"A16"}},{"type":"Feature","geometry":{"type":"Point","coordinates":[2.3643265,48.7396828]},"properties":{"type":"entree","autoroute":"A106"}},{"type":"Feature","geometry":{"type":"Point","coordinates":[-1.5688118,47.2677459]},"properties":{"type":"entree","autoroute":"A11"}},{"type":"Feature","geometry":{"type":"Point","coordinates":[-1.5445363,47.2755815]},"properties":{"type":"entree","autoroute":"A11"}},{"type":"Feature","geometry":{"type":"Point","coordinates":[2.7666739,48.1727138]},"properties":{"type":"entree","autoroute":"A77"}},{"type":"Feature","geometry":{"type":"Point","coordinates":[4.7935804,44.7568434]},"properties":{"type":"entree","autoroute":"A7"}},{"type":"Feature","geometry":{"type":"Point","coordinates":[2.3224416,48.9316194]},"properties":{"type":"entree","autoroute":"A86"}},{"type":"Feature","geometry":{"type":"Point","coordinates":[1.3904927,44.042906]},"properties":{"type":"entree","autoroute":"A20"}},{"type":"Feature","geometry":{"type":"Point","coordinates":[5.2856173,47.9290507]},"properties":{"type":"entree","autoroute":"A31"}},{"type":"Feature","geometry":{"type":"Point","coordinates":[-0.5209174,44.8831884]},"properties":{"type":"entree","autoroute":"A630"}},{"type":"Feature","geometry":{"type":"Point","coordinates":[-0.5664585,44.8863347]},"properties":{"type":"entree","autoroute":"A630"}},{"type":"Feature","geometry":{"type":"Point","coordinates":[-0.5937135,44.8888283]},"properties":{"type":"entree","autoroute":"A630"}},{"type":"Feature","geometry":{"type":"Point","coordinates":[-0.6047239,44.8895714]},"properties":{"type":"entree","autoroute":"A630"}},{"type":"Feature","geometry":{"type":"Point","coordinates":[-0.6165302,44.8897432]},"properties":{"type":"entree","autoroute":"A630"}},{"type":"Feature","geometry":{"type":"Point","coordinates":[3.7511857,43.633869]},"properties":{"type":"entree","autoroute":"A750"}},{"type":"Feature","geometry":{"type":"Point","coordinates":[3.698218,43.6283286]},"properties":{"type":"entree","autoroute":"A750"}},{"type":"Feature","geometry":{"type":"Point","coordinates":[3.6890175,43.6303626]},"properties":{"type":"entree","autoroute":"A750"}},{"type":"Feature","geometry":{"type":"Point","coordinates":[3.5681762,43.642244]},"properties":{"type":"entree","autoroute":"A750"}},{"type":"Feature","geometry":{"type":"Point","coordinates":[-0.6497922,44.8668748]},"properties":{"type":"entree","autoroute":"A630"}},{"type":"Feature","geometry":{"type":"Point","coordinates":[-0.5172614,44.88448]},"properties":{"type":"entree","autoroute":"A630"}},{"type":"Feature","geometry":{"type":"Point","coordinates":[-0.5554177,44.8833724]},"properties":{"type":"entree","autoroute":"A630"}},{"type":"Feature","geometry":{"type":"Point","coordinates":[-0.6304766,44.8781287]},"properties":{"type":"entree","autoroute":"A630"}},{"type":"Feature","geometry":{"type":"Point","coordinates":[0.1795399,48.0537636]},"properties":{"type":"entree","autoroute":"A11"}},{"type":"Feature","geometry":{"type":"Point","coordinates":[2.4918027,48.8832836]},"properties":{"type":"entree","autoroute":"A103"}},{"type":"Feature","geometry":{"type":"Point","coordinates":[2.6282988,48.9389419]},"properties":{"type":"entree","autoroute":"A104"}},{"type":"Feature","geometry":{"type":"Point","coordinates":[2.6684407,48.8773048]},"properties":{"type":"entree","autoroute":"A104"}},{"type":"Feature","geometry":{"type":"Point","coordinates":[4.7345054,44.0205438]},"properties":{"type":"entree","autoroute":"A9"}},{"type":"Feature","geometry":{"type":"Point","coordinates":[7.4219159,43.7553276]},"properties":{"type":"entree","autoroute":"A8"}},{"type":"Feature","geometry":{"type":"Point","coordinates":[-0.5135844,44.8846869]},"properties":{"type":"entree","autoroute":"A630"}},{"type":"Feature","geometry":{"type":"Point","coordinates":[-0.5862752,44.7828525]},"properties":{"type":"entree","autoroute":"A630"}},{"type":"Feature","geometry":{"type":"Point","coordinates":[-0.59309,44.7851876]},"properties":{"type":"entree","autoroute":"A630"}},{"type":"Feature","geometry":{"type":"Point","coordinates":[-0.596948,44.7869181]},"properties":{"type":"entree","autoroute":"A630"}},{"type":"Feature","geometry":{"type":"Point","coordinates":[5.5697668,46.8507743]},"properties":{"type":"entree","autoroute":"A39"}},{"type":"Feature","geometry":{"type":"Point","coordinates":[2.6605136,48.897169]},"properties":{"type":"entree","autoroute":"A104"}},{"type":"Feature","geometry":{"type":"Point","coordinates":[1.3188199,43.4737136]},"properties":{"type":"entree","autoroute":"A64"}},{"type":"Feature","geometry":{"type":"Point","coordinates":[-0.6189247,44.7893254]},"properties":{"type":"entree","autoroute":"A630"}},{"type":"Feature","geometry":{"type":"Point","coordinates":[-0.554418,44.7784833]},"properties":{"type":"entree","autoroute":"A630"}},{"type":"Feature","geometry":{"type":"Point","coordinates":[5.2660444,43.3912875]},"properties":{"type":"entree","autoroute":"A55"}},{"type":"Feature","geometry":{"type":"Point","coordinates":[5.4335505,43.515693]},"properties":{"type":"entree","autoroute":"A8"}},{"type":"Feature","geometry":{"type":"Point","coordinates":[5.40714,43.4928939]},"properties":{"type":"entree","autoroute":"A51"}},{"type":"Feature","geometry":{"type":"Point","coordinates":[-0.5270394,44.8792886]},"properties":{"type":"entree","autoroute":"A630"}},{"type":"Feature","geometry":{"type":"Point","coordinates":[2.4366617,48.8736549]},"properties":{"type":"entree","autoroute":"A3"}},{"type":"Feature","geometry":{"type":"Point","coordinates":[1.8574013,48.2774901]},"properties":{"type":"entree","autoroute":"A10"}},{"type":"Feature","geometry":{"type":"Point","coordinates":[1.8507098,48.1111208]},"properties":{"type":"entree","autoroute":"A10"}},{"type":"Feature","geometry":{"type":"Point","coordinates":[1.8510642,48.1056796]},"properties":{"type":"entree","autoroute":"A10"}},{"type":"Feature","geometry":{"type":"Point","coordinates":[3.2418162,47.9420471]},"properties":{"type":"entree","autoroute":"A6"}},{"type":"Feature","geometry":{"type":"Point","coordinates":[1.3122976,43.4626527]},"properties":{"type":"entree","autoroute":"A64"}},{"type":"Feature","geometry":{"type":"Point","coordinates":[1.5978875,43.7427087]},"properties":{"type":"entree","autoroute":"A68"}},{"type":"Feature","geometry":{"type":"Point","coordinates":[3.1959649,47.9761212]},"properties":{"type":"entree","autoroute":"A6"}},{"type":"Feature","geometry":{"type":"Point","coordinates":[7.3783991,43.7463748]},"properties":{"type":"entree","autoroute":"A500"}},{"type":"Feature","geometry":{"type":"Point","coordinates":[7.3770983,43.7456875]},"properties":{"type":"entree","autoroute":"A500"}},{"type":"Feature","geometry":{"type":"Point","coordinates":[1.3193918,43.9323687]},"properties":{"type":"entree","autoroute":"A20"}},{"type":"Feature","geometry":{"type":"Point","coordinates":[7.3949432,47.7965337]},"properties":{"type":"entree","autoroute":"A35"}},{"type":"Feature","geometry":{"type":"Point","coordinates":[1.0292571,43.2100532]},"properties":{"type":"entree","autoroute":"A64"}},{"type":"Feature","geometry":{"type":"Point","coordinates":[1.6523353,43.413266]},"properties":{"type":"entree","autoroute":"A66"}},{"type":"Feature","geometry":{"type":"Point","coordinates":[1.6438072,43.4238034]},"properties":{"type":"entree","autoroute":"A61"}},{"type":"Feature","geometry":{"type":"Point","coordinates":[1.5465896,43.4879949]},"properties":{"type":"entree","autoroute":"A61"}},{"type":"Feature","geometry":{"type":"Point","coordinates":[1.5521002,43.4816233]},"properties":{"type":"entree","autoroute":"A61"}},{"type":"Feature","geometry":{"type":"Point","coordinates":[1.6245953,43.3867458]},"properties":{"type":"entree","autoroute":"A66"}},{"type":"Feature","geometry":{"type":"Point","coordinates":[1.6214009,43.3854326]},"properties":{"type":"entree","autoroute":"A66"}},{"type":"Feature","geometry":{"type":"Point","coordinates":[6.1128659,49.3465162]},"properties":{"type":"entree","autoroute":"A31"}},{"type":"Feature","geometry":{"type":"Point","coordinates":[1.4012209,43.5874174]},"properties":{"type":"entree","autoroute":"A620"}},{"type":"Feature","geometry":{"type":"Point","coordinates":[3.3490763,43.3611722]},"properties":{"type":"entree","autoroute":"A9"}},{"type":"Feature","geometry":{"type":"Point","coordinates":[3.2926413,43.3381598]},"properties":{"type":"entree","autoroute":"A9"}},{"type":"Feature","geometry":{"type":"Point","coordinates":[3.4117176,43.3764486]},"properties":{"type":"entree","autoroute":"A9"}},{"type":"Feature","geometry":{"type":"Point","coordinates":[3.4671958,43.3954963]},"properties":{"type":"entree","autoroute":"A9"}},{"type":"Feature","geometry":{"type":"Point","coordinates":[2.5707672,48.6118598]},"properties":{"type":"entree","autoroute":"A5A"}},{"type":"Feature","geometry":{"type":"Point","coordinates":[0.8112057,49.6281365]},"properties":{"type":"entree","autoroute":"A150"}},{"type":"Feature","geometry":{"type":"Point","coordinates":[0.8383693,49.363489]},"properties":{"type":"entree","autoroute":"A13"}},{"type":"Feature","geometry":{"type":"Point","coordinates":[0.7759666,49.2452987]},"properties":{"type":"entree","autoroute":"A28"}},{"type":"Feature","geometry":{"type":"Point","coordinates":[5.9536126,43.1213399]},"properties":{"type":"entree","autoroute":"A57"}},{"type":"Feature","geometry":{"type":"Point","coordinates":[4.9129899,43.9275817]},"properties":{"type":"entree","autoroute":"A7"}},{"type":"Feature","geometry":{"type":"Point","coordinates":[4.9139736,43.9192718]},"properties":{"type":"entree","autoroute":"A7"}},{"type":"Feature","geometry":{"type":"Point","coordinates":[6.0855114,43.1259531]},"properties":{"type":"entree","autoroute":"A570"}},{"type":"Feature","geometry":{"type":"Point","coordinates":[6.0845636,43.2399748]},"properties":{"type":"entree","autoroute":"A57"}},{"type":"Feature","geometry":{"type":"Point","coordinates":[6.0388446,43.193506]},"properties":{"type":"entree","autoroute":"A57"}},{"type":"Feature","geometry":{"type":"Point","coordinates":[0.1568385,44.9833963]},"properties":{"type":"entree","autoroute":"A89"}},{"type":"Feature","geometry":{"type":"Point","coordinates":[0.0275241,45.003217]},"properties":{"type":"entree","autoroute":"A89"}},{"type":"Feature","geometry":{"type":"Point","coordinates":[-1.2998812,48.3346157]},"properties":{"type":"entree","autoroute":"A84"}},{"type":"Feature","geometry":{"type":"Point","coordinates":[5.9921887,43.1358251]},"properties":{"type":"entree","autoroute":"A57"}},{"type":"Feature","geometry":{"type":"Point","coordinates":[1.4039157,43.582899]},"properties":{"type":"entree","autoroute":"A620"}},{"type":"Feature","geometry":{"type":"Point","coordinates":[2.4440286,48.8770683]},"properties":{"type":"entree","autoroute":"A3"}},{"type":"Feature","geometry":{"type":"Point","coordinates":[2.5780184,48.8350551]},"properties":{"type":"entree","autoroute":"A4"}},{"type":"Feature","geometry":{"type":"Point","coordinates":[1.4970369,43.5757069]},"properties":{"type":"entree","autoroute":"A61"}},{"type":"Feature","geometry":{"type":"Point","coordinates":[1.463805,43.6464199]},"properties":{"type":"entree","autoroute":"A62"}},{"type":"Feature","geometry":{"type":"Point","coordinates":[2.2182844,48.6881536]},"properties":{"type":"entree","autoroute":"A10"}},{"type":"Feature","geometry":{"type":"Point","coordinates":[3.1128582,50.6666235]},"properties":{"type":"entree","autoroute":"A22"}},{"type":"Feature","geometry":{"type":"Point","coordinates":[2.2936785,51.0002046]},"properties":{"type":"entree","autoroute":"A16"}},{"type":"Feature","geometry":{"type":"Point","coordinates":[5.6830398,43.1930403]},"properties":{"type":"entree","autoroute":"A50"}},{"type":"Feature","geometry":{"type":"Point","coordinates":[5.58691,43.2071511]},"properties":{"type":"entree","autoroute":"A50"}},{"type":"Feature","geometry":{"type":"Point","coordinates":[5.5959968,43.250412]},"properties":{"type":"entree","autoroute":"A50"}},{"type":"Feature","geometry":{"type":"Point","coordinates":[5.5913699,43.3028981]},"properties":{"type":"entree","autoroute":"A52"}},{"type":"Feature","geometry":{"type":"Point","coordinates":[5.58812,43.2941459]},"properties":{"type":"entree","autoroute":"A52"}},{"type":"Feature","geometry":{"type":"Point","coordinates":[5.5763676,43.3069503]},"properties":{"type":"entree","autoroute":"A501"}},{"type":"Feature","geometry":{"type":"Point","coordinates":[5.5688188,43.3029673]},"properties":{"type":"entree","autoroute":"A501"}},{"type":"Feature","geometry":{"type":"Point","coordinates":[5.5552683,43.291535]},"properties":{"type":"entree","autoroute":"A501"}},{"type":"Feature","geometry":{"type":"Point","coordinates":[5.605145,43.3833346]},"properties":{"type":"entree","autoroute":"A52"}},{"type":"Feature","geometry":{"type":"Point","coordinates":[1.3156342,43.4679994]},"properties":{"type":"entree","autoroute":"A64"}},{"type":"Feature","geometry":{"type":"Point","coordinates":[5.3926065,43.4311053]},"properties":{"type":"entree","autoroute":"A515"}},{"type":"Feature","geometry":{"type":"Point","coordinates":[4.8369597,45.4952419]},"properties":{"type":"entree","autoroute":"A7"}},{"type":"Feature","geometry":{"type":"Point","coordinates":[7.3362329,47.7671345]},"properties":{"type":"entree","autoroute":"A36"}},{"type":"Feature","geometry":{"type":"Point","coordinates":[5.28252,46.2320697]},"properties":{"type":"entree","autoroute":"A40"}},{"type":"Feature","geometry":{"type":"Point","coordinates":[5.5893878,43.2359595]},"properties":{"type":"entree","autoroute":"A50"}},{"type":"Feature","geometry":{"type":"Point","coordinates":[5.5928909,43.2408344]},"properties":{"type":"entree","autoroute":"A50"}},{"type":"Feature","geometry":{"type":"Point","coordinates":[7.3600773,47.9242077]},"properties":{"type":"entree","autoroute":"A35"}},{"type":"Feature","geometry":{"type":"Point","coordinates":[1.449838,48.3656046]},"properties":{"type":"entree","autoroute":"A11"}},{"type":"Feature","geometry":{"type":"Point","coordinates":[2.6688916,48.8643854]},"properties":{"type":"entree","autoroute":"A104"}},{"type":"Feature","geometry":{"type":"Point","coordinates":[-1.6717058,43.3735189]},"properties":{"type":"entree","autoroute":"A63"}},{"type":"Feature","geometry":{"type":"Point","coordinates":[-0.5143577,47.4685097]},"properties":{"type":"entree","autoroute":"A87N"}},{"type":"Feature","geometry":{"type":"Point","coordinates":[-0.5168722,47.4630705]},"properties":{"type":"entree","autoroute":"A87N"}},{"type":"Feature","geometry":{"type":"Point","coordinates":[1.2883989,45.8797566]},"properties":{"type":"entree","autoroute":"A20"}},{"type":"Feature","geometry":{"type":"Point","coordinates":[1.3056326,45.7784917]},"properties":{"type":"entree","autoroute":"A20"}},{"type":"Feature","geometry":{"type":"Point","coordinates":[1.3042454,45.9360439]},"properties":{"type":"entree","autoroute":"A20"}},{"type":"Feature","geometry":{"type":"Point","coordinates":[1.9672172,47.1416435]},"properties":{"type":"entree","autoroute":"A20"}},{"type":"Feature","geometry":{"type":"Point","coordinates":[-0.4887731,44.9098232]},"properties":{"type":"entree","autoroute":"A10"}},{"type":"Feature","geometry":{"type":"Point","coordinates":[-0.4899148,45.1844206]},"properties":{"type":"entree","autoroute":"A10"}},{"type":"Feature","geometry":{"type":"Point","coordinates":[-0.5502083,45.9661904]},"properties":{"type":"entree","autoroute":"A10"}},{"type":"Feature","geometry":{"type":"Point","coordinates":[-0.4270558,44.9938577]},"properties":{"type":"entree","autoroute":"A10"}},{"type":"Feature","geometry":{"type":"Point","coordinates":[-0.5962256,45.6078316]},"properties":{"type":"entree","autoroute":"A10"}},{"type":"Feature","geometry":{"type":"Point","coordinates":[-0.4281409,45.0078155]},"properties":{"type":"entree","autoroute":"A10"}},{"type":"Feature","geometry":{"type":"Point","coordinates":[-0.4319547,45.0171298]},"properties":{"type":"entree","autoroute":"A10"}},{"type":"Feature","geometry":{"type":"Point","coordinates":[-0.4298475,45.0126995]},"properties":{"type":"entree","autoroute":"A10"}},{"type":"Feature","geometry":{"type":"Point","coordinates":[7.3831655,47.8800454]},"properties":{"type":"entree","autoroute":"A35"}},{"type":"Feature","geometry":{"type":"Point","coordinates":[1.6403769,43.2334987]},"properties":{"type":"entree","autoroute":"A66"}},{"type":"Feature","geometry":{"type":"Point","coordinates":[1.6416896,43.2360472]},"properties":{"type":"entree","autoroute":"A66"}},{"type":"Feature","geometry":{"type":"Point","coordinates":[1.616766,43.1501545]},"properties":{"type":"entree","autoroute":"A66"}},{"type":"Feature","geometry":{"type":"Point","coordinates":[1.6240861,43.1385803]},"properties":{"type":"entree","autoroute":"A66"}},{"type":"Feature","geometry":{"type":"Point","coordinates":[1.5732655,44.7008325]},"properties":{"type":"entree","autoroute":"A20"}},{"type":"Feature","geometry":{"type":"Point","coordinates":[5.2527918,43.4371661]},"properties":{"type":"entree","autoroute":"A7"}},{"type":"Feature","geometry":{"type":"Point","coordinates":[5.4077891,43.5028121]},"properties":{"type":"entree","autoroute":"A51"}},{"type":"Feature","geometry":{"type":"Point","coordinates":[5.4072796,43.4654375]},"properties":{"type":"entree","autoroute":"A51"}},{"type":"Feature","geometry":{"type":"Point","coordinates":[5.5028254,45.5641213]},"properties":{"type":"entree","autoroute":"A43"}},{"type":"Feature","geometry":{"type":"Point","coordinates":[1.9245828,48.9650037]},"properties":{"type":"entree","autoroute":"A13"}},{"type":"Feature","geometry":{"type":"Point","coordinates":[5.6598942,43.4699935]},"properties":{"type":"entree","autoroute":"A8"}},{"type":"Feature","geometry":{"type":"Point","coordinates":[5.6862485,45.1191442]},"properties":{"type":"entree","autoroute":"A480"}},{"type":"Feature","geometry":{"type":"Point","coordinates":[6.086886,45.8951848]},"properties":{"type":"entree","autoroute":"A41"}},{"type":"Feature","geometry":{"type":"Point","coordinates":[5.4593613,45.2091178]},"properties":{"type":"entree","autoroute":"A49"}},{"type":"Feature","geometry":{"type":"Point","coordinates":[5.5057888,45.366267]},"properties":{"type":"entree","autoroute":"A48"}},{"type":"Feature","geometry":{"type":"Point","coordinates":[2.5511644,48.8362916]},"properties":{"type":"entree","autoroute":"A4"}},{"type":"Feature","geometry":{"type":"Point","coordinates":[7.5340675,47.6025675]},"properties":{"type":"entree","autoroute":"A35"}},{"type":"Feature","geometry":{"type":"Point","coordinates":[2.4348647,48.9132096]},"properties":{"type":"entree","autoroute":"A86"}},{"type":"Feature","geometry":{"type":"Point","coordinates":[1.7005144,50.8273423]},"properties":{"type":"entree","autoroute":"A16"}},{"type":"Feature","geometry":{"type":"Point","coordinates":[0.1459544,47.2594092]},"properties":{"type":"entree","autoroute":"A85"}},{"type":"Feature","geometry":{"type":"Point","coordinates":[7.3554262,48.7604661]},"properties":{"type":"entree","autoroute":"A4"}},{"type":"Feature","geometry":{"type":"Point","coordinates":[-0.1362939,47.4205466]},"properties":{"type":"entree","autoroute":"A85"}},{"type":"Feature","geometry":{"type":"Point","coordinates":[0.5552954,47.3032563]},"properties":{"type":"entree","autoroute":"A85"}},{"type":"Feature","geometry":{"type":"Point","coordinates":[4.0943247,45.8381414]},"properties":{"type":"entree","autoroute":"A89"}},{"type":"Feature","geometry":{"type":"Point","coordinates":[4.0905594,45.8415957]},"properties":{"type":"entree","autoroute":"A89"}},{"type":"Feature","geometry":{"type":"Point","coordinates":[5.4489065,43.5117138]},"properties":{"type":"entree","autoroute":"A8"}},{"type":"Feature","geometry":{"type":"Point","coordinates":[5.3960374,43.5296635]},"properties":{"type":"entree","autoroute":"A8"}},{"type":"Feature","geometry":{"type":"Point","coordinates":[3.5393611,50.3385169]},"properties":{"type":"entree","autoroute":"A2"}},{"type":"Feature","geometry":{"type":"Point","coordinates":[2.7241292,48.5861906]},"properties":{"type":"entree","autoroute":"A5"}},{"type":"Feature","geometry":{"type":"Point","coordinates":[5.0909599,45.6553553]},"properties":{"type":"entree","autoroute":"A43"}},{"type":"Feature","geometry":{"type":"Point","coordinates":[2.8707036,48.9171677]},"properties":{"type":"entree","autoroute":"A140"}},{"type":"Feature","geometry":{"type":"Point","coordinates":[2.5068057,48.9685673]},"properties":{"type":"entree","autoroute":"A104"}},{"type":"Feature","geometry":{"type":"Point","coordinates":[-0.5597812,47.4972253]},"properties":{"type":"entree","autoroute":"A11"}},{"type":"Feature","geometry":{"type":"Point","coordinates":[2.2526803,49.1210257]},"properties":{"type":"entree","autoroute":"A16"}},{"type":"Feature","geometry":{"type":"Point","coordinates":[4.9297259,45.7230613]},"properties":{"type":"entree","autoroute":"A43"}},{"type":"Feature","geometry":{"type":"Point","coordinates":[5.3038122,45.5801538]},"properties":{"type":"entree","autoroute":"A43"}},{"type":"Feature","geometry":{"type":"Point","coordinates":[-0.6284838,47.4937268]},"properties":{"type":"entree","autoroute":"A11"}},{"type":"Feature","geometry":{"type":"Point","coordinates":[2.8093466,49.850861]},"properties":{"type":"entree","autoroute":"A29"}},{"type":"Feature","geometry":{"type":"Point","coordinates":[-0.7944885,47.4341022]},"properties":{"type":"entree","autoroute":"A11"}},{"type":"Feature","geometry":{"type":"Point","coordinates":[3.4018826,43.6788203]},"properties":{"type":"entree","autoroute":"A75"}},{"type":"Feature","geometry":{"type":"Point","coordinates":[3.4610992,43.6110437]},"properties":{"type":"entree","autoroute":"A75"}},{"type":"Feature","geometry":{"type":"Point","coordinates":[3.4494215,43.6466895]},"properties":{"type":"entree","autoroute":"A75"}},{"type":"Feature","geometry":{"type":"Point","coordinates":[5.4815261,43.2919402]},"properties":{"type":"entree","autoroute":"A50"}},{"type":"Feature","geometry":{"type":"Point","coordinates":[2.2489931,48.8483741]},"properties":{"type":"entree","autoroute":"A13"}},{"type":"Feature","geometry":{"type":"Point","coordinates":[5.0841074,45.76869]},"properties":{"type":"entree","autoroute":"A432"}},{"type":"Feature","geometry":{"type":"Point","coordinates":[5.2472922,45.9119946]},"properties":{"type":"entree","autoroute":"A42"}},{"type":"Feature","geometry":{"type":"Point","coordinates":[4.2837815,48.9701102]},"properties":{"type":"entree","autoroute":"A26"}},{"type":"Feature","geometry":{"type":"Point","coordinates":[7.4149952,47.785096]},"properties":{"type":"entree","autoroute":"A36"}},{"type":"Feature","geometry":{"type":"Point","coordinates":[7.4045394,47.7819138]},"properties":{"type":"entree","autoroute":"A35"}},{"type":"Feature","geometry":{"type":"Point","coordinates":[7.4101967,47.7832041]},"properties":{"type":"entree","autoroute":"A36"}},{"type":"Feature","geometry":{"type":"Point","coordinates":[5.4720915,43.5756168]},"properties":{"type":"entree","autoroute":"A51"}},{"type":"Feature","geometry":{"type":"Point","coordinates":[2.2316459,49.7644175]},"properties":{"type":"entree","autoroute":"A16"}},{"type":"Feature","geometry":{"type":"Point","coordinates":[3.2034499,46.9809023]},"properties":{"type":"entree","autoroute":"A77"}},{"type":"Feature","geometry":{"type":"Point","coordinates":[4.6209809,47.2832279]},"properties":{"type":"entree","autoroute":"A38"}},{"type":"Feature","geometry":{"type":"Point","coordinates":[5.4872701,43.5954174]},"properties":{"type":"entree","autoroute":"A51"}},{"type":"Feature","geometry":{"type":"Point","coordinates":[5.4938381,43.6365973]},"properties":{"type":"entree","autoroute":"A51"}},{"type":"Feature","geometry":{"type":"Point","coordinates":[2.2342891,49.8495233]},"properties":{"type":"entree","autoroute":"A16"}},{"type":"Feature","geometry":{"type":"Point","coordinates":[2.2048301,49.6055917]},"properties":{"type":"entree","autoroute":"A16"}},{"type":"Feature","geometry":{"type":"Point","coordinates":[2.2035886,49.601738]},"properties":{"type":"entree","autoroute":"A16"}},{"type":"Feature","geometry":{"type":"Point","coordinates":[3.4744743,43.6586781]},"properties":{"type":"entree","autoroute":"A750"}},{"type":"Feature","geometry":{"type":"Point","coordinates":[2.2346508,48.9260663]},"properties":{"type":"entree","autoroute":"A86"}},{"type":"Feature","geometry":{"type":"Point","coordinates":[5.7980326,45.579058]},"properties":{"type":"entree","autoroute":"A43"}},{"type":"Feature","geometry":{"type":"Point","coordinates":[3.3153676,50.3412044]},"properties":{"type":"entree","autoroute":"A21"}},{"type":"Feature","geometry":{"type":"Point","coordinates":[-0.6032442,47.3291573]},"properties":{"type":"entree","autoroute":"A87"}},{"type":"Feature","geometry":{"type":"Point","coordinates":[3.1301419,50.3862508]},"properties":{"type":"entree","autoroute":"A21"}},{"type":"Feature","geometry":{"type":"Point","coordinates":[5.2420692,45.6061463]},"properties":{"type":"entree","autoroute":"A43"}},{"type":"Feature","geometry":{"type":"Point","coordinates":[5.2338663,45.6079533]},"properties":{"type":"entree","autoroute":"A43"}},{"type":"Feature","geometry":{"type":"Point","coordinates":[0.1966307,48.6300584]},"properties":{"type":"entree","autoroute":"A28"}},{"type":"Feature","geometry":{"type":"Point","coordinates":[0.1946225,48.6307937]},"properties":{"type":"entree","autoroute":"A88"}},{"type":"Feature","geometry":{"type":"Point","coordinates":[6.8846493,49.1728973]},"properties":{"type":"entree","autoroute":"A320"}},{"type":"Feature","geometry":{"type":"Point","coordinates":[6.8989506,49.1765594]},"properties":{"type":"entree","autoroute":"A320"}},{"type":"Feature","geometry":{"type":"Point","coordinates":[6.9182852,49.1825898]},"properties":{"type":"entree","autoroute":"A320"}},{"type":"Feature","geometry":{"type":"Point","coordinates":[4.6997462,45.8199855]},"properties":{"type":"entree","autoroute":"A89"}},{"type":"Feature","geometry":{"type":"Point","coordinates":[1.402888,43.7132354]},"properties":{"type":"entree","autoroute":"A62"}},{"type":"Feature","geometry":{"type":"Point","coordinates":[6.1841011,49.3024188]},"properties":{"type":"entree","autoroute":"A31"}},{"type":"Feature","geometry":{"type":"Point","coordinates":[0.1822143,48.6385864]},"properties":{"type":"entree","autoroute":"A88"}},{"type":"Feature","geometry":{"type":"Point","coordinates":[7.3984001,47.7791548]},"properties":{"type":"entree","autoroute":"A36"}},{"type":"Feature","geometry":{"type":"Point","coordinates":[1.2110155,49.5320771]},"properties":{"type":"entree","autoroute":"A28"}},{"type":"Feature","geometry":{"type":"Point","coordinates":[1.5388448,49.740304]},"properties":{"type":"entree","autoroute":"A29"}},{"type":"Feature","geometry":{"type":"Point","coordinates":[1.472226,49.741207]},"properties":{"type":"entree","autoroute":"A28"}},{"type":"Feature","geometry":{"type":"Point","coordinates":[2.2194118,49.8790171]},"properties":{"type":"entree","autoroute":"A16"}},{"type":"Feature","geometry":{"type":"Point","coordinates":[2.2169873,49.8755372]},"properties":{"type":"entree","autoroute":"A29"}},{"type":"Feature","geometry":{"type":"Point","coordinates":[2.2116871,49.8757266]},"properties":{"type":"entree","autoroute":"A29"}},{"type":"Feature","geometry":{"type":"Point","coordinates":[1.485528,49.7574883]},"properties":{"type":"entree","autoroute":"A29"}},{"type":"Feature","geometry":{"type":"Point","coordinates":[1.4821852,49.7522186]},"properties":{"type":"entree","autoroute":"A28"}},{"type":"Feature","geometry":{"type":"Point","coordinates":[1.0736024,49.3370714]},"properties":{"type":"entree","autoroute":"A13"}},{"type":"Feature","geometry":{"type":"Point","coordinates":[0.358861,46.6760844]},"properties":{"type":"entree","autoroute":"A10"}},{"type":"Feature","geometry":{"type":"Point","coordinates":[2.8714424,50.0993361]},"properties":{"type":"entree","autoroute":"A1"}},{"type":"Feature","geometry":{"type":"Point","coordinates":[2.245992,49.8441453]},"properties":{"type":"entree","autoroute":"A16"}},{"type":"Feature","geometry":{"type":"Point","coordinates":[2.2169583,49.8754767]},"properties":{"type":"entree","autoroute":"A29"}},{"type":"Feature","geometry":{"type":"Point","coordinates":[4.0404975,49.2340647]},"properties":{"type":"entree","autoroute":"A344"}},{"type":"Feature","geometry":{"type":"Point","coordinates":[4.0385594,49.2357753]},"properties":{"type":"entree","autoroute":"A344"}},{"type":"Feature","geometry":{"type":"Point","coordinates":[2.5175896,50.8827336]},"properties":{"type":"entree","autoroute":"A25"}},{"type":"Feature","geometry":{"type":"Point","coordinates":[0.6917148,47.3069585]},"properties":{"type":"entree","autoroute":"A10"}},{"type":"Feature","geometry":{"type":"Point","coordinates":[2.8616332,42.6654901]},"properties":{"type":"entree","autoroute":"A9"}},{"type":"Feature","geometry":{"type":"Point","coordinates":[1.350917,43.9941769]},"properties":{"type":"entree","autoroute":"A20"}},{"type":"Feature","geometry":{"type":"Point","coordinates":[1.337027,43.9901079]},"properties":{"type":"entree","autoroute":"A20"}},{"type":"Feature","geometry":{"type":"Point","coordinates":[1.5062187,45.0634661]},"properties":{"type":"entree","autoroute":"A20"}},{"type":"Feature","geometry":{"type":"Point","coordinates":[1.4845218,45.1503254]},"properties":{"type":"entree","autoroute":"A20"}},{"type":"Feature","geometry":{"type":"Point","coordinates":[5.7323203,43.706541]},"properties":{"type":"entree","autoroute":"A51"}},{"type":"Feature","geometry":{"type":"Point","coordinates":[5.8533571,43.8477002]},"properties":{"type":"entree","autoroute":"A51"}},{"type":"Feature","geometry":{"type":"Point","coordinates":[5.8929526,43.9212337]},"properties":{"type":"entree","autoroute":"A51"}},{"type":"Feature","geometry":{"type":"Point","coordinates":[5.9267198,44.0035503]},"properties":{"type":"entree","autoroute":"A51"}},{"type":"Feature","geometry":{"type":"Point","coordinates":[-1.0528011,46.9043895]},"properties":{"type":"entree","autoroute":"A87"}},{"type":"Feature","geometry":{"type":"Point","coordinates":[-0.9735053,46.9415141]},"properties":{"type":"entree","autoroute":"A87"}},{"type":"Feature","geometry":{"type":"Point","coordinates":[-0.976579,46.941027]},"properties":{"type":"entree","autoroute":"A87"}},{"type":"Feature","geometry":{"type":"Point","coordinates":[-1.2868912,46.8768869]},"properties":{"type":"entree","autoroute":"A83"}},{"type":"Feature","geometry":{"type":"Point","coordinates":[-0.7395633,48.1060546]},"properties":{"type":"entree","autoroute":"A81"}},{"type":"Feature","geometry":{"type":"Point","coordinates":[1.2827976,45.8374307]},"properties":{"type":"entree","autoroute":"A20"}},{"type":"Feature","geometry":{"type":"Point","coordinates":[2.7014973,48.830267]},"properties":{"type":"entree","autoroute":"A4"}},{"type":"Feature","geometry":{"type":"Point","coordinates":[5.1239355,43.3964022]},"properties":{"type":"entree","autoroute":"A55"}},{"type":"Feature","geometry":{"type":"Point","coordinates":[-0.6899016,44.7538127]},"properties":{"type":"entree","autoroute":"A63"}},{"type":"Feature","geometry":{"type":"Point","coordinates":[-0.8495722,44.6229511]},"properties":{"type":"entree","autoroute":"A63"}},{"type":"Feature","geometry":{"type":"Point","coordinates":[-0.7456835,44.7137203]},"properties":{"type":"entree","autoroute":"A63"}},{"type":"Feature","geometry":{"type":"Point","coordinates":[-0.6424208,44.7786632]},"properties":{"type":"entree","autoroute":"A63"}},{"type":"Feature","geometry":{"type":"Point","coordinates":[4.7664807,44.1627585]},"properties":{"type":"entree","autoroute":"A7"}},{"type":"Feature","geometry":{"type":"Point","coordinates":[-0.4936599,44.6897535]},"properties":{"type":"entree","autoroute":"A62"}},{"type":"Feature","geometry":{"type":"Point","coordinates":[7.7357147,48.6525553]},"properties":{"type":"entree","autoroute":"A4"}},{"type":"Feature","geometry":{"type":"Point","coordinates":[0.8986596,43.1189007]},"properties":{"type":"entree","autoroute":"A64"}},{"type":"Feature","geometry":{"type":"Point","coordinates":[1.2678681,43.352709]},"properties":{"type":"entree","autoroute":"A64"}},{"type":"Feature","geometry":{"type":"Point","coordinates":[-0.811337,44.4425009]},"properties":{"type":"entree","autoroute":"A63"}},{"type":"Feature","geometry":{"type":"Point","coordinates":[-0.8232941,44.3978626]},"properties":{"type":"entree","autoroute":"A63"}},{"type":"Feature","geometry":{"type":"Point","coordinates":[-0.8529846,44.3586229]},"properties":{"type":"entree","autoroute":"A63"}},{"type":"Feature","geometry":{"type":"Point","coordinates":[-0.8821848,44.3180842]},"properties":{"type":"entree","autoroute":"A63"}},{"type":"Feature","geometry":{"type":"Point","coordinates":[-0.931311,44.2010488]},"properties":{"type":"entree","autoroute":"A63"}},{"type":"Feature","geometry":{"type":"Point","coordinates":[-0.968316,44.1463531]},"properties":{"type":"entree","autoroute":"A63"}},{"type":"Feature","geometry":{"type":"Point","coordinates":[-1.3563653,46.6689559]},"properties":{"type":"entree","autoroute":"A87"}},{"type":"Feature","geometry":{"type":"Point","coordinates":[-0.8614783,46.4525119]},"properties":{"type":"entree","autoroute":"A83"}},{"type":"Feature","geometry":{"type":"Point","coordinates":[-0.8815044,46.4598083]},"properties":{"type":"entree","autoroute":"A83"}},{"type":"Feature","geometry":{"type":"Point","coordinates":[4.8445072,47.042875]},"properties":{"type":"entree","autoroute":"A6"}},{"type":"Feature","geometry":{"type":"Point","coordinates":[1.2923557,45.8975597]},"properties":{"type":"entree","autoroute":"A20"}},{"type":"Feature","geometry":{"type":"Point","coordinates":[3.6522593,46.5382742]},"properties":{"type":"entree","autoroute":"A79"}},{"type":"Feature","geometry":{"type":"Point","coordinates":[6.6174871,45.1972761]},"properties":{"type":"entree","autoroute":"A43"}},{"type":"Feature","geometry":{"type":"Point","coordinates":[1.0310992,49.4712724]},"properties":{"type":"entree","autoroute":"A150"}},{"type":"Feature","geometry":{"type":"Point","coordinates":[3.2020866,47.0114051]},"properties":{"type":"entree","autoroute":"A77"}},{"type":"Feature","geometry":{"type":"Point","coordinates":[3.2988634,48.2668081]},"properties":{"type":"entree","autoroute":"A5"}},{"type":"Feature","geometry":{"type":"Point","coordinates":[3.1481116,47.0339922]},"properties":{"type":"entree","autoroute":"A77"}},{"type":"Feature","geometry":{"type":"Point","coordinates":[3.1323591,47.0474495]},"properties":{"type":"entree","autoroute":"A77"}},{"type":"Feature","geometry":{"type":"Point","coordinates":[3.127646,47.0715294]},"properties":{"type":"entree","autoroute":"A77"}},{"type":"Feature","geometry":{"type":"Point","coordinates":[3.090822,47.0936422]},"properties":{"type":"entree","autoroute":"A77"}},{"type":"Feature","geometry":{"type":"Point","coordinates":[3.0821499,47.0960649]},"properties":{"type":"entree","autoroute":"A77"}},{"type":"Feature","geometry":{"type":"Point","coordinates":[0.618649,43.1099207]},"properties":{"type":"entree","autoroute":"A64"}},{"type":"Feature","geometry":{"type":"Point","coordinates":[-0.5281171,44.7280772]},"properties":{"type":"entree","autoroute":"A62"}},{"type":"Feature","geometry":{"type":"Point","coordinates":[-0.5237326,44.7220811]},"properties":{"type":"entree","autoroute":"A62"}},{"type":"Feature","geometry":{"type":"Point","coordinates":[3.0443102,47.1322412]},"properties":{"type":"entree","autoroute":"A77"}},{"type":"Feature","geometry":{"type":"Point","coordinates":[3.0351925,47.1871121]},"properties":{"type":"entree","autoroute":"A77"}},{"type":"Feature","geometry":{"type":"Point","coordinates":[-0.4640258,44.9486466]},"properties":{"type":"entree","autoroute":"A10"}},{"type":"Feature","geometry":{"type":"Point","coordinates":[-0.4655242,44.9463743]},"properties":{"type":"entree","autoroute":"A10"}},{"type":"Feature","geometry":{"type":"Point","coordinates":[-0.4867452,44.9108035]},"properties":{"type":"entree","autoroute":"A10"}},{"type":"Feature","geometry":{"type":"Point","coordinates":[-0.650005,44.7756424]},"properties":{"type":"entree","autoroute":"A63"}},{"type":"Feature","geometry":{"type":"Point","coordinates":[2.9583167,47.2899897]},"properties":{"type":"entree","autoroute":"A77"}},{"type":"Feature","geometry":{"type":"Point","coordinates":[2.9394842,47.4350536]},"properties":{"type":"entree","autoroute":"A77"}},{"type":"Feature","geometry":{"type":"Point","coordinates":[2.7928809,50.4482511]},"properties":{"type":"entree","autoroute":"A21"}},{"type":"Feature","geometry":{"type":"Point","coordinates":[2.745452,50.4371157]},"properties":{"type":"entree","autoroute":"A21"}},{"type":"Feature","geometry":{"type":"Point","coordinates":[2.7028291,50.440205]},"properties":{"type":"entree","autoroute":"A26"}},{"type":"Feature","geometry":{"type":"Point","coordinates":[1.2903256,45.8206094]},"properties":{"type":"entree","autoroute":"A20"}},{"type":"Feature","geometry":{"type":"Point","coordinates":[1.4759331,45.5826352]},"properties":{"type":"entree","autoroute":"A20"}},{"type":"Feature","geometry":{"type":"Point","coordinates":[1.507914,45.2003551]},"properties":{"type":"entree","autoroute":"A20"}},{"type":"Feature","geometry":{"type":"Point","coordinates":[1.4848077,45.148733]},"properties":{"type":"entree","autoroute":"A20"}},{"type":"Feature","geometry":{"type":"Point","coordinates":[1.4809286,45.1664342]},"properties":{"type":"entree","autoroute":"A20"}},{"type":"Feature","geometry":{"type":"Point","coordinates":[1.5063171,45.0614488]},"properties":{"type":"entree","autoroute":"A20"}},{"type":"Feature","geometry":{"type":"Point","coordinates":[1.5296317,44.9991447]},"properties":{"type":"entree","autoroute":"A20"}},{"type":"Feature","geometry":{"type":"Point","coordinates":[1.5010206,44.8994688]},"properties":{"type":"entree","autoroute":"A20"}},{"type":"Feature","geometry":{"type":"Point","coordinates":[1.5014477,44.8959748]},"properties":{"type":"entree","autoroute":"A20"}},{"type":"Feature","geometry":{"type":"Point","coordinates":[1.5113961,44.5261488]},"properties":{"type":"entree","autoroute":"A20"}},{"type":"Feature","geometry":{"type":"Point","coordinates":[1.5244057,44.2383372]},"properties":{"type":"entree","autoroute":"A20"}},{"type":"Feature","geometry":{"type":"Point","coordinates":[2.0276664,48.9157005]},"properties":{"type":"entree","autoroute":"A14"}},{"type":"Feature","geometry":{"type":"Point","coordinates":[5.3264139,45.136345]},"properties":{"type":"entree","autoroute":"A49"}},{"type":"Feature","geometry":{"type":"Point","coordinates":[2.8755979,47.570956]},"properties":{"type":"entree","autoroute":"A77"}},{"type":"Feature","geometry":{"type":"Point","coordinates":[0.3071786,47.8182446]},"properties":{"type":"entree","autoroute":"A28"}},{"type":"Feature","geometry":{"type":"Point","coordinates":[0.3069682,47.8222475]},"properties":{"type":"entree","autoroute":"A28"}},{"type":"Feature","geometry":{"type":"Point","coordinates":[1.3720649,45.1543026]},"properties":{"type":"entree","autoroute":"A89"}},{"type":"Feature","geometry":{"type":"Point","coordinates":[0.5435904,45.138089]},"properties":{"type":"entree","autoroute":"A89"}},{"type":"Feature","geometry":{"type":"Point","coordinates":[6.0409812,43.154306]},"properties":{"type":"entree","autoroute":"A57"}},{"type":"Feature","geometry":{"type":"Point","coordinates":[5.1802448,43.3741292]},"properties":{"type":"entree","autoroute":"A55"}},{"type":"Feature","geometry":{"type":"Point","coordinates":[5.1858356,43.373301]},"properties":{"type":"entree","autoroute":"A55"}},{"type":"Feature","geometry":{"type":"Point","coordinates":[1.3822875,46.2040661]},"properties":{"type":"entree","autoroute":"A20"}},{"type":"Feature","geometry":{"type":"Point","coordinates":[7.3796918,47.9971686]},"properties":{"type":"entree","autoroute":"A35"}},{"type":"Feature","geometry":{"type":"Point","coordinates":[-0.6583125,44.7718941]},"properties":{"type":"entree","autoroute":"A63"}},{"type":"Feature","geometry":{"type":"Point","coordinates":[2.9706385,42.9465472]},"properties":{"type":"entree","autoroute":"A9"}},{"type":"Feature","geometry":{"type":"Point","coordinates":[1.1861054,49.2377273]},"properties":{"type":"entree","autoroute":"A154"}},{"type":"Feature","geometry":{"type":"Point","coordinates":[6.3449876,48.6012852]},"properties":{"type":"entree","autoroute":"A33"}},{"type":"Feature","geometry":{"type":"Point","coordinates":[3.2496465,44.5815202]},"properties":{"type":"entree","autoroute":"A75"}},{"type":"Feature","geometry":{"type":"Point","coordinates":[5.838137,48.220688]},"properties":{"type":"entree","autoroute":"A31"}},{"type":"Feature","geometry":{"type":"Point","coordinates":[-0.618038,47.4943357]},"properties":{"type":"entree","autoroute":"A11"}},{"type":"Feature","geometry":{"type":"Point","coordinates":[-0.8269519,48.1096348]},"properties":{"type":"entree","autoroute":"A81"}},{"type":"Feature","geometry":{"type":"Point","coordinates":[7.7100965,48.7050713]},"properties":{"type":"entree","autoroute":"A4"}},{"type":"Feature","geometry":{"type":"Point","coordinates":[2.679011,45.6715543]},"properties":{"type":"entree","autoroute":"A89"}},{"type":"Feature","geometry":{"type":"Point","coordinates":[6.0087384,45.8178599]},"properties":{"type":"entree","autoroute":"A41"}},{"type":"Feature","geometry":{"type":"Point","coordinates":[4.7503169,49.7360716]},"properties":{"type":"entree","autoroute":"A34"}},{"type":"Feature","geometry":{"type":"Point","coordinates":[2.8542493,50.4306873]},"properties":{"type":"entree","autoroute":"A21"}},{"type":"Feature","geometry":{"type":"Point","coordinates":[2.8700251,50.4343316]},"properties":{"type":"entree","autoroute":"A21"}},{"type":"Feature","geometry":{"type":"Point","coordinates":[2.4501523,48.8797406]},"properties":{"type":"entree","autoroute":"A3"}},{"type":"Feature","geometry":{"type":"Point","coordinates":[2.4540162,48.8814381]},"properties":{"type":"entree","autoroute":"A3"}},{"type":"Feature","geometry":{"type":"Point","coordinates":[5.5017451,49.1193401]},"properties":{"type":"entree","autoroute":"A4"}},{"type":"Feature","geometry":{"type":"Point","coordinates":[5.515731,49.119175]},"properties":{"type":"entree","autoroute":"A4"}},{"type":"Feature","geometry":{"type":"Point","coordinates":[0.1374931,44.4296733]},"properties":{"type":"entree","autoroute":"A62"}},{"type":"Feature","geometry":{"type":"Point","coordinates":[-0.4709038,44.9280536]},"properties":{"type":"entree","autoroute":"A10"}},{"type":"Feature","geometry":{"type":"Point","coordinates":[2.4739318,48.8815019]},"properties":{"type":"entree","autoroute":"A86"}},{"type":"Feature","geometry":{"type":"Point","coordinates":[5.8657494,45.2459095]},"properties":{"type":"entree","autoroute":"A41"}},{"type":"Feature","geometry":{"type":"Point","coordinates":[5.9660878,45.7867436]},"properties":{"type":"entree","autoroute":"A41"}},{"type":"Feature","geometry":{"type":"Point","coordinates":[5.7594389,43.4791887]},"properties":{"type":"entree","autoroute":"A8"}},{"type":"Feature","geometry":{"type":"Point","coordinates":[-1.0069855,44.0521099]},"properties":{"type":"entree","autoroute":"A63"}},{"type":"Feature","geometry":{"type":"Point","coordinates":[4.3090429,47.4338479]},"properties":{"type":"entree","autoroute":"A6"}},{"type":"Feature","geometry":{"type":"Point","coordinates":[4.7061512,47.1182497]},"properties":{"type":"entree","autoroute":"A6"}},{"type":"Feature","geometry":{"type":"Point","coordinates":[4.8595386,46.9998948]},"properties":{"type":"entree","autoroute":"A6"}},{"type":"Feature","geometry":{"type":"Point","coordinates":[6.1151249,45.9383246]},"properties":{"type":"entree","autoroute":"A41"}},{"type":"Feature","geometry":{"type":"Point","coordinates":[5.1693732,47.4283186]},"properties":{"type":"entree","autoroute":"A31"}},{"type":"Feature","geometry":{"type":"Point","coordinates":[5.836065,48.2200506]},"properties":{"type":"entree","autoroute":"A31"}},{"type":"Feature","geometry":{"type":"Point","coordinates":[-0.5966476,49.1105021]},"properties":{"type":"entree","autoroute":"A84"}},{"type":"Feature","geometry":{"type":"Point","coordinates":[-0.5920205,49.1125471]},"properties":{"type":"entree","autoroute":"A84"}},{"type":"Feature","geometry":{"type":"Point","coordinates":[5.6656891,43.6871863]},"properties":{"type":"entree","autoroute":"A51"}},{"type":"Feature","geometry":{"type":"Point","coordinates":[5.5080025,43.6618033]},"properties":{"type":"entree","autoroute":"A51"}},{"type":"Feature","geometry":{"type":"Point","coordinates":[-0.5167235,47.465278]},"properties":{"type":"entree","autoroute":"A87N"}},{"type":"Feature","geometry":{"type":"Point","coordinates":[1.0244379,43.2081681]},"properties":{"type":"entree","autoroute":"A64"}},{"type":"Feature","geometry":{"type":"Point","coordinates":[0.9846579,43.1909679]},"properties":{"type":"entree","autoroute":"A64"}},{"type":"Feature","geometry":{"type":"Point","coordinates":[0.980044,43.1855775]},"properties":{"type":"entree","autoroute":"A64"}},{"type":"Feature","geometry":{"type":"Point","coordinates":[1.2192545,43.3208312]},"properties":{"type":"entree","autoroute":"A64"}},{"type":"Feature","geometry":{"type":"Point","coordinates":[1.1193155,49.3002068]},"properties":{"type":"entree","autoroute":"A13"}},{"type":"Feature","geometry":{"type":"Point","coordinates":[5.4967778,43.6039975]},"properties":{"type":"entree","autoroute":"A51"}},{"type":"Feature","geometry":{"type":"Point","coordinates":[5.4662258,43.5693712]},"properties":{"type":"entree","autoroute":"A51"}},{"type":"Feature","geometry":{"type":"Point","coordinates":[1.3098685,49.1380332]},"properties":{"type":"entree","autoroute":"A13"}},{"type":"Feature","geometry":{"type":"Point","coordinates":[5.6758129,43.690623]},"properties":{"type":"entree","autoroute":"A51"}},{"type":"Feature","geometry":{"type":"Point","coordinates":[5.9192544,44.2196971]},"properties":{"type":"entree","autoroute":"A51"}},{"type":"Feature","geometry":{"type":"Point","coordinates":[5.2953274,46.198704]},"properties":{"type":"entree","autoroute":"A40"}},{"type":"Feature","geometry":{"type":"Point","coordinates":[4.8480126,46.3393024]},"properties":{"type":"entree","autoroute":"A40"}},{"type":"Feature","geometry":{"type":"Point","coordinates":[5.6445302,46.1534147]},"properties":{"type":"entree","autoroute":"A40"}},{"type":"Feature","geometry":{"type":"Point","coordinates":[5.6481616,46.155896]},"properties":{"type":"entree","autoroute":"A40"}},{"type":"Feature","geometry":{"type":"Point","coordinates":[2.098533,43.2360281]},"properties":{"type":"entree","autoroute":"A61"}},{"type":"Feature","geometry":{"type":"Point","coordinates":[-1.5094886,47.2843515]},"properties":{"type":"entree","autoroute":"A11"}},{"type":"Feature","geometry":{"type":"Point","coordinates":[6.1771811,48.5852216]},"properties":{"type":"entree","autoroute":"A330"}},{"type":"Feature","geometry":{"type":"Point","coordinates":[3.3247679,50.2564274]},"properties":{"type":"entree","autoroute":"A2"}},{"type":"Feature","geometry":{"type":"Point","coordinates":[3.3719125,45.8490706]},"properties":{"type":"entree","autoroute":"A89"}},{"type":"Feature","geometry":{"type":"Point","coordinates":[3.2000971,45.2644005]},"properties":{"type":"entree","autoroute":"A75"}},{"type":"Feature","geometry":{"type":"Point","coordinates":[5.6518491,44.9596252]},"properties":{"type":"entree","autoroute":"A51"}},{"type":"Feature","geometry":{"type":"Point","coordinates":[5.9667535,43.1246671]},"properties":{"type":"entree","autoroute":"A57"}},{"type":"Feature","geometry":{"type":"Point","coordinates":[5.9589983,43.1231586]},"properties":{"type":"entree","autoroute":"A57"}},{"type":"Feature","geometry":{"type":"Point","coordinates":[5.9862458,43.1338292]},"properties":{"type":"entree","autoroute":"A57"}},{"type":"Feature","geometry":{"type":"Point","coordinates":[1.6936185,50.4090267]},"properties":{"type":"entree","autoroute":"A16"}},{"type":"Feature","geometry":{"type":"Point","coordinates":[-1.6370794,43.3976501]},"properties":{"type":"entree","autoroute":"A63"}},{"type":"Feature","geometry":{"type":"Point","coordinates":[1.9124298,48.4591952]},"properties":{"type":"entree","autoroute":"A10"}},{"type":"Feature","geometry":{"type":"Point","coordinates":[2.8923093,42.7558786]},"properties":{"type":"entree","autoroute":"A9"}},{"type":"Feature","geometry":{"type":"Point","coordinates":[2.9810991,43.1458536]},"properties":{"type":"entree","autoroute":"A9"}},{"type":"Feature","geometry":{"type":"Point","coordinates":[0.1702537,47.2567457]},"properties":{"type":"entree","autoroute":"A85"}},{"type":"Feature","geometry":{"type":"Point","coordinates":[6.0495412,43.2062211]},"properties":{"type":"entree","autoroute":"A57"}},{"type":"Feature","geometry":{"type":"Point","coordinates":[-0.6638475,49.0678055]},"properties":{"type":"entree","autoroute":"A84"}},{"type":"Feature","geometry":{"type":"Point","coordinates":[2.3445237,48.794698]},"properties":{"type":"entree","autoroute":"A6B"}},{"type":"Feature","geometry":{"type":"Point","coordinates":[-1.6293403,43.4053219]},"properties":{"type":"entree","autoroute":"A63"}},{"type":"Feature","geometry":{"type":"Point","coordinates":[4.4124743,45.8888699]},"properties":{"type":"entree","autoroute":"A89"}},{"type":"Feature","geometry":{"type":"Point","coordinates":[2.6628251,48.8447795]},"properties":{"type":"entree","autoroute":"A104"}},{"type":"Feature","geometry":{"type":"Point","coordinates":[1.6604291,50.6795041]},"properties":{"type":"entree","autoroute":"A16"}},{"type":"Feature","geometry":{"type":"Point","coordinates":[1.641978,50.7113102]},"properties":{"type":"entree","autoroute":"A16"}},{"type":"Feature","geometry":{"type":"Point","coordinates":[1.6278783,50.7454756]},"properties":{"type":"entree","autoroute":"A16"}},{"type":"Feature","geometry":{"type":"Point","coordinates":[4.655288,45.8535825]},"properties":{"type":"entree","autoroute":"A89"}},{"type":"Feature","geometry":{"type":"Point","coordinates":[4.649155,45.8502326]},"properties":{"type":"entree","autoroute":"ARB"}},{"type":"Feature","geometry":{"type":"Point","coordinates":[2.1634037,50.7254644]},"properties":{"type":"entree","autoroute":"A26"}},{"type":"Feature","geometry":{"type":"Point","coordinates":[2.1753783,50.7176095]},"properties":{"type":"entree","autoroute":"A26"}},{"type":"Feature","geometry":{"type":"Point","coordinates":[4.4013408,43.7874174]},"properties":{"type":"entree","autoroute":"A54"}},{"type":"Feature","geometry":{"type":"Point","coordinates":[3.1877644,45.7803093]},"properties":{"type":"entree","autoroute":"A711"}},{"type":"Feature","geometry":{"type":"Point","coordinates":[3.1975037,45.7847713]},"properties":{"type":"entree","autoroute":"A712"}},{"type":"Feature","geometry":{"type":"Point","coordinates":[4.3799359,43.8018927]},"properties":{"type":"entree","autoroute":"A54"}},{"type":"Feature","geometry":{"type":"Point","coordinates":[3.0267952,50.6216077]},"properties":{"type":"entree","autoroute":"A25"}},{"type":"Feature","geometry":{"type":"Point","coordinates":[3.0322649,50.6176118]},"properties":{"type":"entree","autoroute":"A25"}},{"type":"Feature","geometry":{"type":"Point","coordinates":[3.0248855,50.6222952]},"properties":{"type":"entree","autoroute":"A25"}},{"type":"Feature","geometry":{"type":"Point","coordinates":[1.8651797,47.8415785]},"properties":{"type":"entree","autoroute":"A71"}},{"type":"Feature","geometry":{"type":"Point","coordinates":[5.3674787,43.4196256]},"properties":{"type":"entree","autoroute":"A51"}},{"type":"Feature","geometry":{"type":"Point","coordinates":[-0.3726961,44.6076255]},"properties":{"type":"entree","autoroute":"A62"}},{"type":"Feature","geometry":{"type":"Point","coordinates":[1.6923279,50.8052177]},"properties":{"type":"entree","autoroute":"A16"}},{"type":"Feature","geometry":{"type":"Point","coordinates":[3.6494212,46.5374919]},"properties":{"type":"entree","autoroute":"A79"}},{"type":"Feature","geometry":{"type":"Point","coordinates":[1.7307965,50.8566538]},"properties":{"type":"entree","autoroute":"A16"}},{"type":"Feature","geometry":{"type":"Point","coordinates":[1.767494,50.8999656]},"properties":{"type":"entree","autoroute":"A16"}},{"type":"Feature","geometry":{"type":"Point","coordinates":[1.8953908,50.9346502]},"properties":{"type":"entree","autoroute":"A16"}},{"type":"Feature","geometry":{"type":"Point","coordinates":[1.9068748,50.9361742]},"properties":{"type":"entree","autoroute":"A216"}},{"type":"Feature","geometry":{"type":"Point","coordinates":[1.9067977,50.9394115]},"properties":{"type":"entree","autoroute":"A216"}},{"type":"Feature","geometry":{"type":"Point","coordinates":[7.3990013,47.789154]},"properties":{"type":"entree","autoroute":"A35"}},{"type":"Feature","geometry":{"type":"Point","coordinates":[1.6821118,50.5061155]},"properties":{"type":"entree","autoroute":"A16"}},{"type":"Feature","geometry":{"type":"Point","coordinates":[-1.1338516,43.8745044]},"properties":{"type":"entree","autoroute":"A63"}},{"type":"Feature","geometry":{"type":"Point","coordinates":[2.496053,48.8299852]},"properties":{"type":"entree","autoroute":"A4"}},{"type":"Feature","geometry":{"type":"Point","coordinates":[2.4826402,48.8296504]},"properties":{"type":"entree","autoroute":"A86"}},{"type":"Feature","geometry":{"type":"Point","coordinates":[4.8006276,47.2983673]},"properties":{"type":"entree","autoroute":"A38"}},{"type":"Feature","geometry":{"type":"Point","coordinates":[3.2682205,44.8229763]},"properties":{"type":"entree","autoroute":"A75"}},{"type":"Feature","geometry":{"type":"Point","coordinates":[1.7192153,48.9764344]},"properties":{"type":"entree","autoroute":"A13"}},{"type":"Feature","geometry":{"type":"Point","coordinates":[0.7424049,47.4483637]},"properties":{"type":"entree","autoroute":"A10"}},{"type":"Feature","geometry":{"type":"Point","coordinates":[0.5500953,49.6157203]},"properties":{"type":"entree","autoroute":"A29"}},{"type":"Feature","geometry":{"type":"Point","coordinates":[1.6647892,47.8331612]},"properties":{"type":"entree","autoroute":"A10"}},{"type":"Feature","geometry":{"type":"Point","coordinates":[2.6673403,48.8612409]},"properties":{"type":"entree","autoroute":"A104"}},{"type":"Feature","geometry":{"type":"Point","coordinates":[2.665081,48.857559]},"properties":{"type":"entree","autoroute":"A104"}},{"type":"Feature","geometry":{"type":"Point","coordinates":[2.3668775,48.9216492]},"properties":{"type":"entree","autoroute":"A86"}},{"type":"Feature","geometry":{"type":"Point","coordinates":[1.491251,43.5577661]},"properties":{"type":"entree","autoroute":"A623"}},{"type":"Feature","geometry":{"type":"Point","coordinates":[1.8488006,48.206302]},"properties":{"type":"entree","autoroute":"A10"}},{"type":"Feature","geometry":{"type":"Point","coordinates":[1.8504854,48.200031]},"properties":{"type":"entree","autoroute":"A10"}},{"type":"Feature","geometry":{"type":"Point","coordinates":[1.485526,49.7574349]},"properties":{"type":"entree","autoroute":"A29"}},{"type":"Feature","geometry":{"type":"Point","coordinates":[2.228508,49.8903785]},"properties":{"type":"entree","autoroute":"A16"}},{"type":"Feature","geometry":{"type":"Point","coordinates":[1.8742166,50.0992403]},"properties":{"type":"entree","autoroute":"A16"}},{"type":"Feature","geometry":{"type":"Point","coordinates":[1.8724282,50.10537]},"properties":{"type":"entree","autoroute":"A16"}},{"type":"Feature","geometry":{"type":"Point","coordinates":[2.1785865,49.993736]},"properties":{"type":"entree","autoroute":"A16"}},{"type":"Feature","geometry":{"type":"Point","coordinates":[1.7498208,50.2522553]},"properties":{"type":"entree","autoroute":"A16"}},{"type":"Feature","geometry":{"type":"Point","coordinates":[1.7500244,50.2495729]},"properties":{"type":"entree","autoroute":"A16"}},{"type":"Feature","geometry":{"type":"Point","coordinates":[1.6935173,50.4066783]},"properties":{"type":"entree","autoroute":"A16"}},{"type":"Feature","geometry":{"type":"Point","coordinates":[5.3782815,43.3231715]},"properties":{"type":"entree","autoroute":"A7"}},{"type":"Feature","geometry":{"type":"Point","coordinates":[4.745621,44.293956]},"properties":{"type":"entree","autoroute":"A7"}},{"type":"Feature","geometry":{"type":"Point","coordinates":[7.3042898,47.7573714]},"properties":{"type":"entree","autoroute":"A36"}},{"type":"Feature","geometry":{"type":"Point","coordinates":[2.104671,49.0337171]},"properties":{"type":"entree","autoroute":"A15"}},{"type":"Feature","geometry":{"type":"Point","coordinates":[1.6982462,46.850167]},"properties":{"type":"entree","autoroute":"A20"}},{"type":"Feature","geometry":{"type":"Point","coordinates":[1.7040354,46.8541694]},"properties":{"type":"entree","autoroute":"A20"}},{"type":"Feature","geometry":{"type":"Point","coordinates":[1.4822406,43.6378708]},"properties":{"type":"entree","autoroute":"A68"}},{"type":"Feature","geometry":{"type":"Point","coordinates":[2.3293534,51.0095206]},"properties":{"type":"entree","autoroute":"A16"}},{"type":"Feature","geometry":{"type":"Point","coordinates":[3.2300286,49.8453285]},"properties":{"type":"entree","autoroute":"A29"}},{"type":"Feature","geometry":{"type":"Point","coordinates":[3.2345037,49.8457646]},"properties":{"type":"entree","autoroute":"A29"}},{"type":"Feature","geometry":{"type":"Point","coordinates":[3.3808353,45.851466]},"properties":{"type":"entree","autoroute":"A89"}},{"type":"Feature","geometry":{"type":"Point","coordinates":[3.1659961,46.4408121]},"properties":{"type":"entree","autoroute":"A79"}},{"type":"Feature","geometry":{"type":"Point","coordinates":[2.9522622,43.0373709]},"properties":{"type":"entree","autoroute":"A9"}},{"type":"Feature","geometry":{"type":"Point","coordinates":[3.2919425,49.8107533]},"properties":{"type":"entree","autoroute":"A26"}},{"type":"Feature","geometry":{"type":"Point","coordinates":[7.3851775,47.7743166]},"properties":{"type":"entree","autoroute":"A36"}},{"type":"Feature","geometry":{"type":"Point","coordinates":[5.1067023,43.6275717]},"properties":{"type":"entree","autoroute":"A54"}},{"type":"Feature","geometry":{"type":"Point","coordinates":[2.7891893,48.8330496]},"properties":{"type":"entree","autoroute":"A4"}},{"type":"Feature","geometry":{"type":"Point","coordinates":[5.1006175,43.6612272]},"properties":{"type":"entree","autoroute":"A7"}},{"type":"Feature","geometry":{"type":"Point","coordinates":[6.9341753,49.1967276]},"properties":{"type":"entree","autoroute":"A320"}},{"type":"Feature","geometry":{"type":"Point","coordinates":[-1.1471593,46.6257657]},"properties":{"type":"entree","autoroute":"A83"}},{"type":"Feature","geometry":{"type":"Point","coordinates":[7.421899,47.7417277]},"properties":{"type":"entree","autoroute":"A35"}},{"type":"Feature","geometry":{"type":"Point","coordinates":[-1.4410544,43.477616]},"properties":{"type":"entree","autoroute":"A64"}},{"type":"Feature","geometry":{"type":"Point","coordinates":[2.970549,42.9433603]},"properties":{"type":"entree","autoroute":"A9"}},{"type":"Feature","geometry":{"type":"Point","coordinates":[2.0384941,47.2084506]},"properties":{"type":"entree","autoroute":"A20"}},{"type":"Feature","geometry":{"type":"Point","coordinates":[4.8522242,47.0394385]},"properties":{"type":"entree","autoroute":"A6"}},{"type":"Feature","geometry":{"type":"Point","coordinates":[-0.5156692,47.3984851]},"properties":{"type":"entree","autoroute":"A87N"}},{"type":"Feature","geometry":{"type":"Point","coordinates":[2.4370173,50.9469842]},"properties":{"type":"entree","autoroute":"A25"}},{"type":"Feature","geometry":{"type":"Point","coordinates":[0.4327113,45.0671339]},"properties":{"type":"entree","autoroute":"A89"}},{"type":"Feature","geometry":{"type":"Point","coordinates":[1.0111032,49.4805372]},"properties":{"type":"entree","autoroute":"A150"}},{"type":"Feature","geometry":{"type":"Point","coordinates":[1.0466485,49.6375084]},"properties":{"type":"entree","autoroute":"A151"}},{"type":"Feature","geometry":{"type":"Point","coordinates":[1.7733242,50.9046307]},"properties":{"type":"entree","autoroute":"A16"}},{"type":"Feature","geometry":{"type":"Point","coordinates":[1.034485,48.2323308]},"properties":{"type":"entree","autoroute":"A11"}},{"type":"Feature","geometry":{"type":"Point","coordinates":[7.3411583,47.7699024]},"properties":{"type":"entree","autoroute":"A36"}},{"type":"Feature","geometry":{"type":"Point","coordinates":[2.6027491,48.9679624]},"properties":{"type":"entree","autoroute":"A104"}},{"type":"Feature","geometry":{"type":"Point","coordinates":[0.1310035,44.4323311]},"properties":{"type":"entree","autoroute":"A62"}},{"type":"Feature","geometry":{"type":"Point","coordinates":[2.888546,48.9029413]},"properties":{"type":"entree","autoroute":"A140"}},{"type":"Feature","geometry":{"type":"Point","coordinates":[5.985303,47.278457]},"properties":{"type":"entree","autoroute":"A36"}},{"type":"Feature","geometry":{"type":"Point","coordinates":[5.9830656,47.2782221]},"properties":{"type":"entree","autoroute":"A36"}},{"type":"Feature","geometry":{"type":"Point","coordinates":[2.0084562,47.1750823]},"properties":{"type":"entree","autoroute":"A20"}},{"type":"Feature","geometry":{"type":"Point","coordinates":[1.6358095,46.7709963]},"properties":{"type":"entree","autoroute":"A20"}},{"type":"Feature","geometry":{"type":"Point","coordinates":[3.6939436,46.5379689]},"properties":{"type":"entree","autoroute":"A79"}},{"type":"Feature","geometry":{"type":"Point","coordinates":[4.3967976,45.4656533]},"properties":{"type":"entree","autoroute":"A72"}},{"type":"Feature","geometry":{"type":"Point","coordinates":[3.0213134,48.3764943]},"properties":{"type":"entree","autoroute":"A5"}},{"type":"Feature","geometry":{"type":"Point","coordinates":[3.9449831,48.2715732]},"properties":{"type":"entree","autoroute":"A5"}},{"type":"Feature","geometry":{"type":"Point","coordinates":[5.2917838,46.1100203]},"properties":{"type":"entree","autoroute":"A40"}},{"type":"Feature","geometry":{"type":"Point","coordinates":[5.2906853,46.1446131]},"properties":{"type":"entree","autoroute":"A40"}},{"type":"Feature","geometry":{"type":"Point","coordinates":[5.2361076,45.9063819]},"properties":{"type":"entree","autoroute":"A42"}},{"type":"Feature","geometry":{"type":"Point","coordinates":[5.3027734,45.5844823]},"properties":{"type":"entree","autoroute":"A43"}},{"type":"Feature","geometry":{"type":"Point","coordinates":[2.6313218,48.6162912]},"properties":{"type":"entree","autoroute":"A5B"}},{"type":"Feature","geometry":{"type":"Point","coordinates":[3.3200303,49.0547814]},"properties":{"type":"entree","autoroute":"A4"}},{"type":"Feature","geometry":{"type":"Point","coordinates":[3.7583416,49.1968422]},"properties":{"type":"entree","autoroute":"A4"}},{"type":"Feature","geometry":{"type":"Point","coordinates":[-0.6117467,44.8899203]},"properties":{"type":"entree","autoroute":"A630"}},{"type":"Feature","geometry":{"type":"Point","coordinates":[6.3179355,45.6227833]},"properties":{"type":"entree","autoroute":"A430"}},{"type":"Feature","geometry":{"type":"Point","coordinates":[2.7152692,47.7673084]},"properties":{"type":"entree","autoroute":"A77"}},{"type":"Feature","geometry":{"type":"Point","coordinates":[2.917432,50.4327464]},"properties":{"type":"entree","autoroute":"A21"}},{"type":"Feature","geometry":{"type":"Point","coordinates":[2.845231,50.4423405]},"properties":{"type":"entree","autoroute":"A21"}},{"type":"Feature","geometry":{"type":"Point","coordinates":[2.8221191,50.4515421]},"properties":{"type":"entree","autoroute":"A21"}},{"type":"Feature","geometry":{"type":"Point","coordinates":[7.4595395,48.2877271]},"properties":{"type":"entree","autoroute":"A35"}},{"type":"Feature","geometry":{"type":"Point","coordinates":[2.6288928,48.6344038]},"properties":{"type":"entree","autoroute":"A5B"}},{"type":"Feature","geometry":{"type":"Point","coordinates":[2.7143671,50.4347211]},"properties":{"type":"entree","autoroute":"A21"}},{"type":"Feature","geometry":{"type":"Point","coordinates":[2.79263,50.4479742]},"properties":{"type":"entree","autoroute":"A21"}},{"type":"Feature","geometry":{"type":"Point","coordinates":[2.847297,48.8629766]},"properties":{"type":"entree","autoroute":"A4"}},{"type":"Feature","geometry":{"type":"Point","coordinates":[1.1166439,49.3045797]},"properties":{"type":"entree","autoroute":"A13"}},{"type":"Feature","geometry":{"type":"Point","coordinates":[1.5000739,44.3426793]},"properties":{"type":"entree","autoroute":"A20"}},{"type":"Feature","geometry":{"type":"Point","coordinates":[1.5002353,44.3404759]},"properties":{"type":"entree","autoroute":"A20"}},{"type":"Feature","geometry":{"type":"Point","coordinates":[6.5856385,46.0499533]},"properties":{"type":"entree","autoroute":"A40"}},{"type":"Feature","geometry":{"type":"Point","coordinates":[-0.9196425,48.0763573]},"properties":{"type":"entree","autoroute":"A81"}},{"type":"Feature","geometry":{"type":"Point","coordinates":[-0.5064012,48.0592645]},"properties":{"type":"entree","autoroute":"A81"}},{"type":"Feature","geometry":{"type":"Point","coordinates":[-0.3378966,48.0259322]},"properties":{"type":"entree","autoroute":"A81"}},{"type":"Feature","geometry":{"type":"Point","coordinates":[-0.1567134,48.0084904]},"properties":{"type":"entree","autoroute":"A81"}},{"type":"Feature","geometry":{"type":"Point","coordinates":[0.0825314,48.042427]},"properties":{"type":"entree","autoroute":"A81"}},{"type":"Feature","geometry":{"type":"Point","coordinates":[1.6305513,46.8227331]},"properties":{"type":"entree","autoroute":"A20"}},{"type":"Feature","geometry":{"type":"Point","coordinates":[2.9417267,48.4192567]},"properties":{"type":"entree","autoroute":"A5"}},{"type":"Feature","geometry":{"type":"Point","coordinates":[2.9432201,48.4180802]},"properties":{"type":"entree","autoroute":"A5"}},{"type":"Feature","geometry":{"type":"Point","coordinates":[6.405496,46.0649701]},"properties":{"type":"entree","autoroute":"A40"}},{"type":"Feature","geometry":{"type":"Point","coordinates":[-0.5488281,45.9694457]},"properties":{"type":"entree","autoroute":"A10"}},{"type":"Feature","geometry":{"type":"Point","coordinates":[1.6361421,46.8251736]},"properties":{"type":"entree","autoroute":"A20"}},{"type":"Feature","geometry":{"type":"Point","coordinates":[1.4996218,46.5728314]},"properties":{"type":"entree","autoroute":"A20"}},{"type":"Feature","geometry":{"type":"Point","coordinates":[0.6295068,47.1645664]},"properties":{"type":"entree","autoroute":"A10"}},{"type":"Feature","geometry":{"type":"Point","coordinates":[1.1700283,49.1856865]},"properties":{"type":"entree","autoroute":"A154"}},{"type":"Feature","geometry":{"type":"Point","coordinates":[-0.6367956,49.0868159]},"properties":{"type":"entree","autoroute":"A84"}},{"type":"Feature","geometry":{"type":"Point","coordinates":[2.9343259,48.4238815]},"properties":{"type":"entree","autoroute":"A5"}},{"type":"Feature","geometry":{"type":"Point","coordinates":[3.0184053,48.3770755]},"properties":{"type":"entree","autoroute":"A5"}},{"type":"Feature","geometry":{"type":"Point","coordinates":[7.4019983,48.2179695]},"properties":{"type":"entree","autoroute":"A35"}},{"type":"Feature","geometry":{"type":"Point","coordinates":[2.4431289,48.910645]},"properties":{"type":"entree","autoroute":"A86"}},{"type":"Feature","geometry":{"type":"Point","coordinates":[2.4734974,48.908333]},"properties":{"type":"entree","autoroute":"A3"}},{"type":"Feature","geometry":{"type":"Point","coordinates":[2.4778401,48.9162065]},"properties":{"type":"entree","autoroute":"A3"}},{"type":"Feature","geometry":{"type":"Point","coordinates":[-1.2007373,47.3994097]},"properties":{"type":"entree","autoroute":"A11"}},{"type":"Feature","geometry":{"type":"Point","coordinates":[-1.1910683,47.4018031]},"properties":{"type":"entree","autoroute":"A11"}},{"type":"Feature","geometry":{"type":"Point","coordinates":[2.4809676,48.9328619]},"properties":{"type":"entree","autoroute":"A3"}},{"type":"Feature","geometry":{"type":"Point","coordinates":[0.6071281,44.1615928]},"properties":{"type":"entree","autoroute":"A62"}},{"type":"Feature","geometry":{"type":"Point","coordinates":[-0.100941,45.009957]},"properties":{"type":"entree","autoroute":"A89"}},{"type":"Feature","geometry":{"type":"Point","coordinates":[1.4180594,43.6239621]},"properties":{"type":"entree","autoroute":"A621"}},{"type":"Feature","geometry":{"type":"Point","coordinates":[5.4924526,43.6269219]},"properties":{"type":"entree","autoroute":"A51"}},{"type":"Feature","geometry":{"type":"Point","coordinates":[2.4478939,48.8168538]},"properties":{"type":"entree","autoroute":"A4"}},{"type":"Feature","geometry":{"type":"Point","coordinates":[3.9795408,49.2558098]},"properties":{"type":"entree","autoroute":"A344"}},{"type":"Feature","geometry":{"type":"Point","coordinates":[4.2840293,48.9090756]},"properties":{"type":"entree","autoroute":"A26"}},{"type":"Feature","geometry":{"type":"Point","coordinates":[-0.8525869,44.6270445]},"properties":{"type":"entree","autoroute":"A660"}},{"type":"Feature","geometry":{"type":"Point","coordinates":[6.9579454,47.6668408]},"properties":{"type":"entree","autoroute":"A36"}},{"type":"Feature","geometry":{"type":"Point","coordinates":[6.7351933,47.4442091]},"properties":{"type":"entree","autoroute":"A36"}},{"type":"Feature","geometry":{"type":"Point","coordinates":[2.5189604,49.8543289]},"properties":{"type":"entree","autoroute":"inconnue"}},{"type":"Feature","geometry":{"type":"Point","coordinates":[2.5190654,49.853541]},"properties":{"type":"entree","autoroute":"inconnue"}},{"type":"Feature","geometry":{"type":"Point","coordinates":[2.5189136,49.8534197]},"properties":{"type":"entree","autoroute":"inconnue"}},{"type":"Feature","geometry":{"type":"Point","coordinates":[2.5193841,49.8534102]},"properties":{"type":"entree","autoroute":"A29"}},{"type":"Feature","geometry":{"type":"Point","coordinates":[2.5191885,49.8535483]},"properties":{"type":"entree","autoroute":"inconnue"}},{"type":"Feature","geometry":{"type":"Point","coordinates":[2.5191484,49.8543334]},"properties":{"type":"entree","autoroute":"inconnue"}},{"type":"Feature","geometry":{"type":"Point","coordinates":[2.519336,49.8545598]},"properties":{"type":"entree","autoroute":"inconnue"}},{"type":"Feature","geometry":{"type":"Point","coordinates":[2.0788997,50.0327089]},"properties":{"type":"entree","autoroute":"A16"}},{"type":"Feature","geometry":{"type":"Point","coordinates":[2.7433863,43.1690964]},"properties":{"type":"entree","autoroute":"A61"}},{"type":"Feature","geometry":{"type":"Point","coordinates":[2.7383893,43.1685476]},"properties":{"type":"entree","autoroute":"A61"}},{"type":"Feature","geometry":{"type":"Point","coordinates":[0.5252253,46.8393566]},"properties":{"type":"entree","autoroute":"A10"}},{"type":"Feature","geometry":{"type":"Point","coordinates":[5.9065616,48.5363324]},"properties":{"type":"entree","autoroute":"A31"}},{"type":"Feature","geometry":{"type":"Point","coordinates":[5.5817878,43.2171479]},"properties":{"type":"entree","autoroute":"A50"}},{"type":"Feature","geometry":{"type":"Point","coordinates":[6.9206863,47.6496604]},"properties":{"type":"entree","autoroute":"A36"}},{"type":"Feature","geometry":{"type":"Point","coordinates":[6.9068078,47.6451325]},"properties":{"type":"entree","autoroute":"A36"}},{"type":"Feature","geometry":{"type":"Point","coordinates":[6.8829753,47.6382127]},"properties":{"type":"entree","autoroute":"A36"}},{"type":"Feature","geometry":{"type":"Point","coordinates":[6.8776627,47.6338535]},"properties":{"type":"entree","autoroute":"A36"}},{"type":"Feature","geometry":{"type":"Point","coordinates":[6.3836261,47.3744764]},"properties":{"type":"entree","autoroute":"A36"}},{"type":"Feature","geometry":{"type":"Point","coordinates":[3.0193285,44.139719]},"properties":{"type":"entree","autoroute":"A75"}},{"type":"Feature","geometry":{"type":"Point","coordinates":[3.0205135,44.1380782]},"properties":{"type":"entree","autoroute":"A75"}},{"type":"Feature","geometry":{"type":"Point","coordinates":[-0.346364,43.3306743]},"properties":{"type":"entree","autoroute":"A64"}},{"type":"Feature","geometry":{"type":"Point","coordinates":[-1.395829,43.6281955]},"properties":{"type":"entree","autoroute":"A63"}},{"type":"Feature","geometry":{"type":"Point","coordinates":[5.8900956,43.1266501]},"properties":{"type":"entree","autoroute":"A50"}},{"type":"Feature","geometry":{"type":"Point","coordinates":[5.9015043,43.1245655]},"properties":{"type":"entree","autoroute":"A50"}},{"type":"Feature","geometry":{"type":"Point","coordinates":[7.1802686,47.7289654]},"properties":{"type":"entree","autoroute":"A36"}},{"type":"Feature","geometry":{"type":"Point","coordinates":[6.1521974,47.3355488]},"properties":{"type":"entree","autoroute":"A36"}},{"type":"Feature","geometry":{"type":"Point","coordinates":[6.1557272,47.3363806]},"properties":{"type":"entree","autoroute":"A36"}},{"type":"Feature","geometry":{"type":"Point","coordinates":[4.166665,45.836959]},"properties":{"type":"entree","autoroute":"A89"}},{"type":"Feature","geometry":{"type":"Point","coordinates":[4.999319,47.04496]},"properties":{"type":"entree","autoroute":"A36"}},{"type":"Feature","geometry":{"type":"Point","coordinates":[5.7168417,47.1861959]},"properties":{"type":"entree","autoroute":"A36"}},{"type":"Feature","geometry":{"type":"Point","coordinates":[2.9664746,46.3299788]},"properties":{"type":"entree","autoroute":"A71"}},{"type":"Feature","geometry":{"type":"Point","coordinates":[3.320943,46.4765705]},"properties":{"type":"entree","autoroute":"A79"}},{"type":"Feature","geometry":{"type":"Point","coordinates":[-0.3030187,46.3467672]},"properties":{"type":"entree","autoroute":"A83"}},{"type":"Feature","geometry":{"type":"Point","coordinates":[5.0871587,45.7630524]},"properties":{"type":"entree","autoroute":"A432"}},{"type":"Feature","geometry":{"type":"Point","coordinates":[2.5508781,49.0890995]},"properties":{"type":"entree","autoroute":"A1"}},{"type":"Feature","geometry":{"type":"Point","coordinates":[-0.954323,44.6267998]},"properties":{"type":"entree","autoroute":"A660"}},{"type":"Feature","geometry":{"type":"Point","coordinates":[-0.8371923,44.530199]},"properties":{"type":"entree","autoroute":"A63"}},{"type":"Feature","geometry":{"type":"Point","coordinates":[5.4990487,43.6597382]},"properties":{"type":"entree","autoroute":"A51"}},{"type":"Feature","geometry":{"type":"Point","coordinates":[1.8721048,48.9701886]},"properties":{"type":"entree","autoroute":"A13"}},{"type":"Feature","geometry":{"type":"Point","coordinates":[-0.6544181,49.0690707]},"properties":{"type":"entree","autoroute":"A84"}},{"type":"Feature","geometry":{"type":"Point","coordinates":[-1.2284448,43.7079746]},"properties":{"type":"entree","autoroute":"A63"}},{"type":"Feature","geometry":{"type":"Point","coordinates":[1.6172819,46.7977243]},"properties":{"type":"entree","autoroute":"A20"}},{"type":"Feature","geometry":{"type":"Point","coordinates":[-0.4708097,49.1583377]},"properties":{"type":"entree","autoroute":"A84"}},{"type":"Feature","geometry":{"type":"Point","coordinates":[1.7559204,46.9522877]},"properties":{"type":"entree","autoroute":"A20"}},{"type":"Feature","geometry":{"type":"Point","coordinates":[-0.3668818,44.6018424]},"properties":{"type":"entree","autoroute":"A62"}},{"type":"Feature","geometry":{"type":"Point","coordinates":[1.2763749,45.8489054]},"properties":{"type":"entree","autoroute":"A20"}},{"type":"Feature","geometry":{"type":"Point","coordinates":[-0.4700498,44.9289866]},"properties":{"type":"entree","autoroute":"A10"}},{"type":"Feature","geometry":{"type":"Point","coordinates":[2.556323,48.9653256]},"properties":{"type":"entree","autoroute":"A104"}},{"type":"Feature","geometry":{"type":"Point","coordinates":[2.5502349,48.963485]},"properties":{"type":"entree","autoroute":"A104"}},{"type":"Feature","geometry":{"type":"Point","coordinates":[3.5949737,50.3657588]},"properties":{"type":"entree","autoroute":"A2"}},{"type":"Feature","geometry":{"type":"Point","coordinates":[5.9636475,44.0376904]},"properties":{"type":"entree","autoroute":"A51"}},{"type":"Feature","geometry":{"type":"Point","coordinates":[2.9511257,43.1106925]},"properties":{"type":"entree","autoroute":"A9"}},{"type":"Feature","geometry":{"type":"Point","coordinates":[5.2039648,45.6139487]},"properties":{"type":"entree","autoroute":"A43"}},{"type":"Feature","geometry":{"type":"Point","coordinates":[1.4557486,43.5722642]},"properties":{"type":"entree","autoroute":"A620"}},{"type":"Feature","geometry":{"type":"Point","coordinates":[1.429495,43.5703313]},"properties":{"type":"entree","autoroute":"A620"}},{"type":"Feature","geometry":{"type":"Point","coordinates":[0.2644577,49.4796894]},"properties":{"type":"entree","autoroute":"A29"}},{"type":"Feature","geometry":{"type":"Point","coordinates":[0.2636549,49.4819334]},"properties":{"type":"entree","autoroute":"A29"}},{"type":"Feature","geometry":{"type":"Point","coordinates":[4.793843,44.1272681]},"properties":{"type":"entree","autoroute":"A7"}},{"type":"Feature","geometry":{"type":"Point","coordinates":[4.7652901,44.0504149]},"properties":{"type":"entree","autoroute":"A9"}},{"type":"Feature","geometry":{"type":"Point","coordinates":[4.5981995,43.9331436]},"properties":{"type":"entree","autoroute":"A9"}},{"type":"Feature","geometry":{"type":"Point","coordinates":[3.159956,45.8370637]},"properties":{"type":"entree","autoroute":"A71"}},{"type":"Feature","geometry":{"type":"Point","coordinates":[4.8307325,45.5906831]},"properties":{"type":"entree","autoroute":"A46"}},{"type":"Feature","geometry":{"type":"Point","coordinates":[3.153797,45.8951039]},"properties":{"type":"entree","autoroute":"A71"}},{"type":"Feature","geometry":{"type":"Point","coordinates":[3.293288,43.3412048]},"properties":{"type":"entree","autoroute":"A75"}},{"type":"Feature","geometry":{"type":"Point","coordinates":[1.5835385,46.6966906]},"properties":{"type":"entree","autoroute":"A20"}},{"type":"Feature","geometry":{"type":"Point","coordinates":[1.503343,46.5055497]},"properties":{"type":"entree","autoroute":"A20"}},{"type":"Feature","geometry":{"type":"Point","coordinates":[7.018625,47.6933175]},"properties":{"type":"entree","autoroute":"A36"}},{"type":"Feature","geometry":{"type":"Point","coordinates":[-1.2077447,46.8085398]},"properties":{"type":"entree","autoroute":"A87"}},{"type":"Feature","geometry":{"type":"Point","coordinates":[4.7289749,44.4010635]},"properties":{"type":"entree","autoroute":"A7"}},{"type":"Feature","geometry":{"type":"Point","coordinates":[2.2666222,48.7162189]},"properties":{"type":"entree","autoroute":"A10"}},{"type":"Feature","geometry":{"type":"Point","coordinates":[1.6897649,43.397894]},"properties":{"type":"entree","autoroute":"A61"}},{"type":"Feature","geometry":{"type":"Point","coordinates":[1.412412,43.5570219]},"properties":{"type":"entree","autoroute":"A64"}},{"type":"Feature","geometry":{"type":"Point","coordinates":[1.5138519,44.1534129]},"properties":{"type":"entree","autoroute":"A20"}},{"type":"Feature","geometry":{"type":"Point","coordinates":[1.5156113,44.1553903]},"properties":{"type":"entree","autoroute":"A20"}},{"type":"Feature","geometry":{"type":"Point","coordinates":[2.8368032,50.6853935]},"properties":{"type":"entree","autoroute":"A25"}},{"type":"Feature","geometry":{"type":"Point","coordinates":[-1.0662356,44.6152676]},"properties":{"type":"entree","autoroute":"A660"}},{"type":"Feature","geometry":{"type":"Point","coordinates":[-1.0190897,44.6116165]},"properties":{"type":"entree","autoroute":"A660"}},{"type":"Feature","geometry":{"type":"Point","coordinates":[-0.9653931,44.6227343]},"properties":{"type":"entree","autoroute":"A660"}},{"type":"Feature","geometry":{"type":"Point","coordinates":[-0.4276426,44.9864795]},"properties":{"type":"entree","autoroute":"A10"}},{"type":"Feature","geometry":{"type":"Point","coordinates":[3.4186246,43.3767771]},"properties":{"type":"entree","autoroute":"A9"}},{"type":"Feature","geometry":{"type":"Point","coordinates":[7.2728284,47.7465288]},"properties":{"type":"entree","autoroute":"A36"}},{"type":"Feature","geometry":{"type":"Point","coordinates":[6.3800138,47.3745527]},"properties":{"type":"entree","autoroute":"A36"}},{"type":"Feature","geometry":{"type":"Point","coordinates":[2.1617629,49.0073077]},"properties":{"type":"entree","autoroute":"A15"}},{"type":"Feature","geometry":{"type":"Point","coordinates":[1.9955116,47.5812334]},"properties":{"type":"entree","autoroute":"A71"}},{"type":"Feature","geometry":{"type":"Point","coordinates":[1.9968492,47.5792956]},"properties":{"type":"entree","autoroute":"A71"}},{"type":"Feature","geometry":{"type":"Point","coordinates":[1.1701257,49.1815839]},"properties":{"type":"entree","autoroute":"A154"}},{"type":"Feature","geometry":{"type":"Point","coordinates":[3.0925001,50.5851277]},"properties":{"type":"entree","autoroute":"A1"}},{"type":"Feature","geometry":{"type":"Point","coordinates":[2.2180342,49.8623726]},"properties":{"type":"entree","autoroute":"A16"}},{"type":"Feature","geometry":{"type":"Point","coordinates":[3.3718582,50.3049024]},"properties":{"type":"entree","autoroute":"A21"}},{"type":"Feature","geometry":{"type":"Point","coordinates":[3.3596282,50.3224166]},"properties":{"type":"entree","autoroute":"A21"}},{"type":"Feature","geometry":{"type":"Point","coordinates":[2.9841567,49.8376424]},"properties":{"type":"entree","autoroute":"A29"}},{"type":"Feature","geometry":{"type":"Point","coordinates":[0.2023285,49.2908809]},"properties":{"type":"entree","autoroute":"A132"}},{"type":"Feature","geometry":{"type":"Point","coordinates":[3.2729449,45.4260184]},"properties":{"type":"entree","autoroute":"A75"}},{"type":"Feature","geometry":{"type":"Point","coordinates":[1.0426501,49.5499233]},"properties":{"type":"entree","autoroute":"A151"}},{"type":"Feature","geometry":{"type":"Point","coordinates":[1.0419051,49.549412]},"properties":{"type":"entree","autoroute":"A151"}},{"type":"Feature","geometry":{"type":"Point","coordinates":[0.1502357,44.982619]},"properties":{"type":"entree","autoroute":"A89"}},{"type":"Feature","geometry":{"type":"Point","coordinates":[1.2154088,43.3187482]},"properties":{"type":"entree","autoroute":"A64"}},{"type":"Feature","geometry":{"type":"Point","coordinates":[1.3797449,45.6739828]},"properties":{"type":"entree","autoroute":"A20"}},{"type":"Feature","geometry":{"type":"Point","coordinates":[1.6916647,48.9816267]},"properties":{"type":"entree","autoroute":"A13"}},{"type":"Feature","geometry":{"type":"Point","coordinates":[0.2312855,49.4968027]},"properties":{"type":"entree","autoroute":"A131"}},{"type":"Feature","geometry":{"type":"Point","coordinates":[4.6283171,49.6437285]},"properties":{"type":"entree","autoroute":"A34"}},{"type":"Feature","geometry":{"type":"Point","coordinates":[2.0929709,43.2377854]},"properties":{"type":"entree","autoroute":"A61"}},{"type":"Feature","geometry":{"type":"Point","coordinates":[2.2444299,49.0057262]},"properties":{"type":"entree","autoroute":"A115"}},{"type":"Feature","geometry":{"type":"Point","coordinates":[1.5146363,43.649711]},"properties":{"type":"entree","autoroute":"A68"}},{"type":"Feature","geometry":{"type":"Point","coordinates":[3.5619964,48.2445661]},"properties":{"type":"entree","autoroute":"A5"}},{"type":"Feature","geometry":{"type":"Point","coordinates":[5.323371,43.5497209]},"properties":{"type":"entree","autoroute":"A8"}},{"type":"Feature","geometry":{"type":"Point","coordinates":[3.6527611,47.7985506]},"properties":{"type":"entree","autoroute":"A6"}},{"type":"Feature","geometry":{"type":"Point","coordinates":[1.7570627,43.7932585]},"properties":{"type":"entree","autoroute":"A68"}},{"type":"Feature","geometry":{"type":"Point","coordinates":[2.1114332,49.0322388]},"properties":{"type":"entree","autoroute":"A15"}},{"type":"Feature","geometry":{"type":"Point","coordinates":[-0.5902234,43.4201532]},"properties":{"type":"entree","autoroute":"A64"}},{"type":"Feature","geometry":{"type":"Point","coordinates":[1.5200003,45.0986858]},"properties":{"type":"entree","autoroute":"A20"}},{"type":"Feature","geometry":{"type":"Point","coordinates":[1.4854206,45.1469547]},"properties":{"type":"entree","autoroute":"A20"}},{"type":"Feature","geometry":{"type":"Point","coordinates":[-0.6046316,45.6152044]},"properties":{"type":"entree","autoroute":"A10"}},{"type":"Feature","geometry":{"type":"Point","coordinates":[-0.7323037,45.8654982]},"properties":{"type":"entree","autoroute":"A837"}},{"type":"Feature","geometry":{"type":"Point","coordinates":[5.9647217,45.3419898]},"properties":{"type":"entree","autoroute":"A41"}},{"type":"Feature","geometry":{"type":"Point","coordinates":[1.1385485,43.2739988]},"properties":{"type":"entree","autoroute":"A64"}},{"type":"Feature","geometry":{"type":"Point","coordinates":[1.1409918,43.2752777]},"properties":{"type":"entree","autoroute":"A64"}},{"type":"Feature","geometry":{"type":"Point","coordinates":[2.1753087,48.999702]},"properties":{"type":"entree","autoroute":"A15"}},{"type":"Feature","geometry":{"type":"Point","coordinates":[-0.1939372,43.2732804]},"properties":{"type":"entree","autoroute":"A64"}},{"type":"Feature","geometry":{"type":"Point","coordinates":[-0.5488005,43.3971762]},"properties":{"type":"entree","autoroute":"A64"}},{"type":"Feature","geometry":{"type":"Point","coordinates":[3.1546305,45.7310855]},"properties":{"type":"entree","autoroute":"A75"}},{"type":"Feature","geometry":{"type":"Point","coordinates":[4.750961,46.1006886]},"properties":{"type":"entree","autoroute":"A6"}},{"type":"Feature","geometry":{"type":"Point","coordinates":[4.8943623,43.9762424]},"properties":{"type":"entree","autoroute":"A7"}},{"type":"Feature","geometry":{"type":"Point","coordinates":[5.3569432,43.3778741]},"properties":{"type":"entree","autoroute":"A7"}},{"type":"Feature","geometry":{"type":"Point","coordinates":[5.3588767,43.3766351]},"properties":{"type":"entree","autoroute":"A7"}},{"type":"Feature","geometry":{"type":"Point","coordinates":[1.5671423,44.660529]},"properties":{"type":"entree","autoroute":"A20"}},{"type":"Feature","geometry":{"type":"Point","coordinates":[1.848895,47.0899953]},"properties":{"type":"entree","autoroute":"A20"}},{"type":"Feature","geometry":{"type":"Point","coordinates":[0.3376728,49.5561711]},"properties":{"type":"entree","autoroute":"A29"}},{"type":"Feature","geometry":{"type":"Point","coordinates":[2.9288219,50.4318148]},"properties":{"type":"entree","autoroute":"A21"}},{"type":"Feature","geometry":{"type":"Point","coordinates":[-0.2723823,43.3148162]},"properties":{"type":"entree","autoroute":"A64"}},{"type":"Feature","geometry":{"type":"Point","coordinates":[-0.2011591,43.2787156]},"properties":{"type":"entree","autoroute":"A64"}},{"type":"Feature","geometry":{"type":"Point","coordinates":[0.0211425,43.2180076]},"properties":{"type":"entree","autoroute":"A64"}},{"type":"Feature","geometry":{"type":"Point","coordinates":[6.8577715,47.5274105]},"properties":{"type":"entree","autoroute":"A36"}},{"type":"Feature","geometry":{"type":"Point","coordinates":[-0.7498709,43.4698028]},"properties":{"type":"entree","autoroute":"A64"}},{"type":"Feature","geometry":{"type":"Point","coordinates":[-0.7442776,43.4685027]},"properties":{"type":"entree","autoroute":"A64"}},{"type":"Feature","geometry":{"type":"Point","coordinates":[-1.1582045,43.5306702]},"properties":{"type":"entree","autoroute":"A64"}},{"type":"Feature","geometry":{"type":"Point","coordinates":[-1.4261574,43.4639571]},"properties":{"type":"entree","autoroute":"A64"}},{"type":"Feature","geometry":{"type":"Point","coordinates":[-1.4268145,43.4640291]},"properties":{"type":"entree","autoroute":"A64"}},{"type":"Feature","geometry":{"type":"Point","coordinates":[-1.3866881,43.4525397]},"properties":{"type":"entree","autoroute":"A64"}},{"type":"Feature","geometry":{"type":"Point","coordinates":[-1.3408848,43.4531419]},"properties":{"type":"entree","autoroute":"A64"}},{"type":"Feature","geometry":{"type":"Point","coordinates":[0.0171851,43.2189764]},"properties":{"type":"entree","autoroute":"A64"}},{"type":"Feature","geometry":{"type":"Point","coordinates":[0.2230258,43.1856754]},"properties":{"type":"entree","autoroute":"A64"}},{"type":"Feature","geometry":{"type":"Point","coordinates":[2.9254429,50.3371252]},"properties":{"type":"entree","autoroute":"A1"}},{"type":"Feature","geometry":{"type":"Point","coordinates":[2.7905077,50.3473895]},"properties":{"type":"entree","autoroute":"A26"}},{"type":"Feature","geometry":{"type":"Point","coordinates":[2.7951471,50.3437357]},"properties":{"type":"entree","autoroute":"A26"}},{"type":"Feature","geometry":{"type":"Point","coordinates":[2.8278445,50.4216722]},"properties":{"type":"entree","autoroute":"A211"}},{"type":"Feature","geometry":{"type":"Point","coordinates":[2.8509669,50.4311927]},"properties":{"type":"entree","autoroute":"A211"}},{"type":"Feature","geometry":{"type":"Point","coordinates":[5.4379278,47.0654463]},"properties":{"type":"entree","autoroute":"A39"}},{"type":"Feature","geometry":{"type":"Point","coordinates":[3.0650821,44.0334473]},"properties":{"type":"entree","autoroute":"A75"}},{"type":"Feature","geometry":{"type":"Point","coordinates":[2.2464692,49.000468]},"properties":{"type":"entree","autoroute":"A115"}},{"type":"Feature","geometry":{"type":"Point","coordinates":[2.2463514,48.9957623]},"properties":{"type":"entree","autoroute":"A115"}},{"type":"Feature","geometry":{"type":"Point","coordinates":[6.2254646,49.1199154]},"properties":{"type":"entree","autoroute":"A314"}},{"type":"Feature","geometry":{"type":"Point","coordinates":[2.1215589,49.0310424]},"properties":{"type":"entree","autoroute":"A15"}},{"type":"Feature","geometry":{"type":"Point","coordinates":[6.3112569,45.336562]},"properties":{"type":"entree","autoroute":"A43"}},{"type":"Feature","geometry":{"type":"Point","coordinates":[5.0652366,48.0387289]},"properties":{"type":"entree","autoroute":"A5"}},{"type":"Feature","geometry":{"type":"Point","coordinates":[4.0031341,46.4685304]},"properties":{"type":"entree","autoroute":"A79"}},{"type":"Feature","geometry":{"type":"Point","coordinates":[5.0335226,45.8262871]},"properties":{"type":"entree","autoroute":"A432"}},{"type":"Feature","geometry":{"type":"Point","coordinates":[2.9715605,50.4297694]},"properties":{"type":"entree","autoroute":"A21"}},{"type":"Feature","geometry":{"type":"Point","coordinates":[1.3851457,43.768197]},"properties":{"type":"entree","autoroute":"A62"}},{"type":"Feature","geometry":{"type":"Point","coordinates":[2.3206484,45.5166172]},"properties":{"type":"entree","autoroute":"A89"}},{"type":"Feature","geometry":{"type":"Point","coordinates":[2.9902239,45.9582188]},"properties":{"type":"entree","autoroute":"A89"}},{"type":"Feature","geometry":{"type":"Point","coordinates":[2.9900984,45.9580521]},"properties":{"type":"entree","autoroute":"A89"}},{"type":"Feature","geometry":{"type":"Point","coordinates":[2.9904174,45.9578284]},"properties":{"type":"entree","autoroute":"A89"}},{"type":"Feature","geometry":{"type":"Point","coordinates":[2.9906121,45.9578802]},"properties":{"type":"entree","autoroute":"A89"}},{"type":"Feature","geometry":{"type":"Point","coordinates":[2.9907192,45.9580189]},"properties":{"type":"entree","autoroute":"A89"}},{"type":"Feature","geometry":{"type":"Point","coordinates":[2.9906821,45.9581503]},"properties":{"type":"entree","autoroute":"A89"}},{"type":"Feature","geometry":{"type":"Point","coordinates":[2.1712953,48.890445]},"properties":{"type":"entree","autoroute":"A86"}},{"type":"Feature","geometry":{"type":"Point","coordinates":[6.7258282,47.4395649]},"properties":{"type":"entree","autoroute":"A36"}},{"type":"Feature","geometry":{"type":"Point","coordinates":[6.5536811,47.4118388]},"properties":{"type":"entree","autoroute":"A36"}},{"type":"Feature","geometry":{"type":"Point","coordinates":[6.442537,47.4031423]},"properties":{"type":"entree","autoroute":"A36"}},{"type":"Feature","geometry":{"type":"Point","coordinates":[2.2780039,48.9552212]},"properties":{"type":"entree","autoroute":"A15"}},{"type":"Feature","geometry":{"type":"Point","coordinates":[2.2576258,48.9661989]},"properties":{"type":"entree","autoroute":"A15"}},{"type":"Feature","geometry":{"type":"Point","coordinates":[2.2681672,48.9615583]},"properties":{"type":"entree","autoroute":"A15"}},{"type":"Feature","geometry":{"type":"Point","coordinates":[0.6770643,47.3039661]},"properties":{"type":"entree","autoroute":"A85"}},{"type":"Feature","geometry":{"type":"Point","coordinates":[-1.3095134,43.6780683]},"properties":{"type":"entree","autoroute":"A63"}},{"type":"Feature","geometry":{"type":"Point","coordinates":[-1.4037191,43.6210745]},"properties":{"type":"entree","autoroute":"A63"}},{"type":"Feature","geometry":{"type":"Point","coordinates":[-1.4492462,43.4881603]},"properties":{"type":"entree","autoroute":"A63"}},{"type":"Feature","geometry":{"type":"Point","coordinates":[-0.9588281,45.9621323]},"properties":{"type":"entree","autoroute":"A837"}},{"type":"Feature","geometry":{"type":"Point","coordinates":[0.7050756,45.1418469]},"properties":{"type":"entree","autoroute":"A89"}},{"type":"Feature","geometry":{"type":"Point","coordinates":[0.3570499,49.4827974]},"properties":{"type":"entree","autoroute":"A131"}},{"type":"Feature","geometry":{"type":"Point","coordinates":[3.0590085,44.2556023]},"properties":{"type":"entree","autoroute":"A75"}},{"type":"Feature","geometry":{"type":"Point","coordinates":[3.0590752,44.2559295]},"properties":{"type":"entree","autoroute":"A75"}},{"type":"Feature","geometry":{"type":"Point","coordinates":[1.3847658,44.0088936]},"properties":{"type":"entree","autoroute":"A20"}},{"type":"Feature","geometry":{"type":"Point","coordinates":[1.3808272,44.0039821]},"properties":{"type":"entree","autoroute":"A20"}},{"type":"Feature","geometry":{"type":"Point","coordinates":[1.3965258,44.0469186]},"properties":{"type":"entree","autoroute":"A20"}},{"type":"Feature","geometry":{"type":"Point","coordinates":[1.3481125,43.9930226]},"properties":{"type":"entree","autoroute":"A20"}},{"type":"Feature","geometry":{"type":"Point","coordinates":[1.3679951,44.0008772]},"properties":{"type":"entree","autoroute":"A20"}},{"type":"Feature","geometry":{"type":"Point","coordinates":[1.3749179,44.0016726]},"properties":{"type":"entree","autoroute":"A20"}},{"type":"Feature","geometry":{"type":"Point","coordinates":[2.2459685,49.9323103]},"properties":{"type":"entree","autoroute":"A16"}},{"type":"Feature","geometry":{"type":"Point","coordinates":[2.2461995,49.9286794]},"properties":{"type":"entree","autoroute":"A16"}},{"type":"Feature","geometry":{"type":"Point","coordinates":[5.9667539,44.0407506]},"properties":{"type":"entree","autoroute":"A51"}},{"type":"Feature","geometry":{"type":"Point","coordinates":[5.9554631,44.1679575]},"properties":{"type":"entree","autoroute":"A51"}},{"type":"Feature","geometry":{"type":"Point","coordinates":[1.3059158,43.9306258]},"properties":{"type":"entree","autoroute":"A62"}},{"type":"Feature","geometry":{"type":"Point","coordinates":[0.8665983,44.0603608]},"properties":{"type":"entree","autoroute":"A62"}},{"type":"Feature","geometry":{"type":"Point","coordinates":[3.2542734,44.5604323]},"properties":{"type":"entree","autoroute":"A75"}},{"type":"Feature","geometry":{"type":"Point","coordinates":[-1.134561,43.5512901]},"properties":{"type":"entree","autoroute":"A641"}},{"type":"Feature","geometry":{"type":"Point","coordinates":[-1.1358686,43.5571402]},"properties":{"type":"entree","autoroute":"A641"}},{"type":"Feature","geometry":{"type":"Point","coordinates":[-1.1041895,43.5161458]},"properties":{"type":"entree","autoroute":"A641"}},{"type":"Feature","geometry":{"type":"Point","coordinates":[-1.1098773,43.514183]},"properties":{"type":"entree","autoroute":"A64"}},{"type":"Feature","geometry":{"type":"Point","coordinates":[-1.1041576,43.5159417]},"properties":{"type":"entree","autoroute":"A641"}},{"type":"Feature","geometry":{"type":"Point","coordinates":[-1.1016564,43.5138724]},"properties":{"type":"entree","autoroute":"A64"}},{"type":"Feature","geometry":{"type":"Point","coordinates":[-1.1397932,43.5621174]},"properties":{"type":"entree","autoroute":"A641"}},{"type":"Feature","geometry":{"type":"Point","coordinates":[-1.2340624,43.6935552]},"properties":{"type":"entree","autoroute":"A63"}},{"type":"Feature","geometry":{"type":"Point","coordinates":[1.1847626,49.2464535]},"properties":{"type":"entree","autoroute":"A154"}},{"type":"Feature","geometry":{"type":"Point","coordinates":[5.1805846,45.8629706]},"properties":{"type":"entree","autoroute":"A42"}},{"type":"Feature","geometry":{"type":"Point","coordinates":[2.755307,50.4376912]},"properties":{"type":"entree","autoroute":"A21"}},{"type":"Feature","geometry":{"type":"Point","coordinates":[2.1437139,48.8316997]},"properties":{"type":"entree","autoroute":"A13"}},{"type":"Feature","geometry":{"type":"Point","coordinates":[0.6286724,47.1631395]},"properties":{"type":"entree","autoroute":"A10"}},{"type":"Feature","geometry":{"type":"Point","coordinates":[0.6332453,47.1688826]},"properties":{"type":"entree","autoroute":"A10"}},{"type":"Feature","geometry":{"type":"Point","coordinates":[3.048027,50.5333396]},"properties":{"type":"entree","autoroute":"A1"}},{"type":"Feature","geometry":{"type":"Point","coordinates":[5.1988215,47.5377715]},"properties":{"type":"entree","autoroute":"A31"}},{"type":"Feature","geometry":{"type":"Point","coordinates":[2.5193422,49.8544926]},"properties":{"type":"entree","autoroute":"inconnue"}},{"type":"Feature","geometry":{"type":"Point","coordinates":[2.5187468,49.8544867]},"properties":{"type":"entree","autoroute":"A29"}},{"type":"Feature","geometry":{"type":"Point","coordinates":[-0.6001506,45.5751701]},"properties":{"type":"entree","autoroute":"A10"}},{"type":"Feature","geometry":{"type":"Point","coordinates":[6.5848197,47.417519]},"properties":{"type":"entree","autoroute":"A36"}},{"type":"Feature","geometry":{"type":"Point","coordinates":[2.2426798,48.9869246]},"properties":{"type":"entree","autoroute":"A115"}},{"type":"Feature","geometry":{"type":"Point","coordinates":[2.3497804,49.8519638]},"properties":{"type":"entree","autoroute":"A29"}},{"type":"Feature","geometry":{"type":"Point","coordinates":[2.6392129,48.5750972]},"properties":{"type":"entree","autoroute":"A5B"}},{"type":"Feature","geometry":{"type":"Point","coordinates":[5.8166453,43.8058058]},"properties":{"type":"entree","autoroute":"A51"}},{"type":"Feature","geometry":{"type":"Point","coordinates":[-0.2432001,44.962424]},"properties":{"type":"entree","autoroute":"A89"}},{"type":"Feature","geometry":{"type":"Point","coordinates":[-0.247503,44.9596567]},"properties":{"type":"entree","autoroute":"A89"}},{"type":"Feature","geometry":{"type":"Point","coordinates":[1.3400962,49.1092302]},"properties":{"type":"entree","autoroute":"A13"}},{"type":"Feature","geometry":{"type":"Point","coordinates":[1.3473245,49.1034937]},"properties":{"type":"entree","autoroute":"A13"}},{"type":"Feature","geometry":{"type":"Point","coordinates":[2.628033,48.9377579]},"properties":{"type":"entree","autoroute":"A104"}},{"type":"Feature","geometry":{"type":"Point","coordinates":[1.4708174,45.5863714]},"properties":{"type":"entree","autoroute":"A20"}},{"type":"Feature","geometry":{"type":"Point","coordinates":[1.4373215,45.6281113]},"properties":{"type":"entree","autoroute":"A20"}},{"type":"Feature","geometry":{"type":"Point","coordinates":[-0.2860041,43.6708742]},"properties":{"type":"entree","autoroute":"A65"}},{"type":"Feature","geometry":{"type":"Point","coordinates":[1.3317882,45.7577724]},"properties":{"type":"entree","autoroute":"A20"}},{"type":"Feature","geometry":{"type":"Point","coordinates":[4.7725355,45.5900347]},"properties":{"type":"entree","autoroute":"A47"}},{"type":"Feature","geometry":{"type":"Point","coordinates":[0.265039,49.4910433]},"properties":{"type":"entree","autoroute":"A29"}},{"type":"Feature","geometry":{"type":"Point","coordinates":[1.6839055,50.5103879]},"properties":{"type":"entree","autoroute":"A16"}},{"type":"Feature","geometry":{"type":"Point","coordinates":[3.2194118,43.9472518]},"properties":{"type":"entree","autoroute":"A75"}},{"type":"Feature","geometry":{"type":"Point","coordinates":[3.2140575,43.9536983]},"properties":{"type":"entree","autoroute":"A75"}},{"type":"Feature","geometry":{"type":"Point","coordinates":[6.1109612,43.1162549]},"properties":{"type":"entree","autoroute":"A570"}},{"type":"Feature","geometry":{"type":"Point","coordinates":[2.6861411,49.3173595]},"properties":{"type":"entree","autoroute":"A1"}},{"type":"Feature","geometry":{"type":"Point","coordinates":[2.6878924,49.3217061]},"properties":{"type":"entree","autoroute":"A1"}},{"type":"Feature","geometry":{"type":"Point","coordinates":[-0.4285352,49.1644782]},"properties":{"type":"entree","autoroute":"A84"}},{"type":"Feature","geometry":{"type":"Point","coordinates":[-0.6061063,45.4371658]},"properties":{"type":"entree","autoroute":"A10"}},{"type":"Feature","geometry":{"type":"Point","coordinates":[-1.482287,47.291473]},"properties":{"type":"entree","autoroute":"A11"}},{"type":"Feature","geometry":{"type":"Point","coordinates":[1.5085781,47.731831]},"properties":{"type":"entree","autoroute":"A10"}},{"type":"Feature","geometry":{"type":"Point","coordinates":[3.0536183,50.5417378]},"properties":{"type":"entree","autoroute":"A1"}},{"type":"Feature","geometry":{"type":"Point","coordinates":[-1.505397,47.1297789]},"properties":{"type":"entree","autoroute":"A83"}},{"type":"Feature","geometry":{"type":"Point","coordinates":[1.2892678,43.3986922]},"properties":{"type":"entree","autoroute":"A64"}},{"type":"Feature","geometry":{"type":"Point","coordinates":[4.4076398,45.458036]},"properties":{"type":"entree","autoroute":"A72"}},{"type":"Feature","geometry":{"type":"Point","coordinates":[1.2820174,43.3832018]},"properties":{"type":"entree","autoroute":"A64"}},{"type":"Feature","geometry":{"type":"Point","coordinates":[-1.3358316,48.6210934]},"properties":{"type":"entree","autoroute":"A84"}},{"type":"Feature","geometry":{"type":"Point","coordinates":[3.0817145,48.0527409]},"properties":{"type":"entree","autoroute":"A19"}},{"type":"Feature","geometry":{"type":"Point","coordinates":[3.0919488,48.0544968]},"properties":{"type":"entree","autoroute":"A19"}},{"type":"Feature","geometry":{"type":"Point","coordinates":[3.095497,48.0542131]},"properties":{"type":"entree","autoroute":"A19"}},{"type":"Feature","geometry":{"type":"Point","coordinates":[1.8433677,48.0409044]},"properties":{"type":"entree","autoroute":"A19"}},{"type":"Feature","geometry":{"type":"Point","coordinates":[3.1129126,50.6785946]},"properties":{"type":"entree","autoroute":"A22"}},{"type":"Feature","geometry":{"type":"Point","coordinates":[2.6635393,48.0645709]},"properties":{"type":"entree","autoroute":"A19"}},{"type":"Feature","geometry":{"type":"Point","coordinates":[2.6662481,48.0638445]},"properties":{"type":"entree","autoroute":"A19"}},{"type":"Feature","geometry":{"type":"Point","coordinates":[4.1327291,48.22051]},"properties":{"type":"entree","autoroute":"A5"}},{"type":"Feature","geometry":{"type":"Point","coordinates":[5.7656111,43.1499547]},"properties":{"type":"entree","autoroute":"A50"}},{"type":"Feature","geometry":{"type":"Point","coordinates":[0.7750981,49.2467087]},"properties":{"type":"entree","autoroute":"A28"}},{"type":"Feature","geometry":{"type":"Point","coordinates":[0.5797606,49.1410079]},"properties":{"type":"entree","autoroute":"A28"}},{"type":"Feature","geometry":{"type":"Point","coordinates":[2.9590156,43.1540466]},"properties":{"type":"entree","autoroute":"A61"}},{"type":"Feature","geometry":{"type":"Point","coordinates":[0.29997,44.2507299]},"properties":{"type":"entree","autoroute":"A62"}},{"type":"Feature","geometry":{"type":"Point","coordinates":[0.3912329,44.2148528]},"properties":{"type":"entree","autoroute":"A62"}},{"type":"Feature","geometry":{"type":"Point","coordinates":[0.797615,44.0816245]},"properties":{"type":"entree","autoroute":"A62"}},{"type":"Feature","geometry":{"type":"Point","coordinates":[0.796263,44.0836151]},"properties":{"type":"entree","autoroute":"A62"}},{"type":"Feature","geometry":{"type":"Point","coordinates":[0.8596809,44.0635757]},"properties":{"type":"entree","autoroute":"A62"}},{"type":"Feature","geometry":{"type":"Point","coordinates":[1.0963869,44.052923]},"properties":{"type":"entree","autoroute":"A62"}},{"type":"Feature","geometry":{"type":"Point","coordinates":[1.0930033,44.0516851]},"properties":{"type":"entree","autoroute":"A62"}},{"type":"Feature","geometry":{"type":"Point","coordinates":[0.2827098,46.5543456]},"properties":{"type":"entree","autoroute":"A10"}},{"type":"Feature","geometry":{"type":"Point","coordinates":[4.7232844,45.5775914]},"properties":{"type":"entree","autoroute":"A47"}},{"type":"Feature","geometry":{"type":"Point","coordinates":[2.1463362,49.0145685]},"properties":{"type":"entree","autoroute":"A15"}},{"type":"Feature","geometry":{"type":"Point","coordinates":[2.1523168,49.0114125]},"properties":{"type":"entree","autoroute":"A15"}},{"type":"Feature","geometry":{"type":"Point","coordinates":[1.4284508,46.357436]},"properties":{"type":"entree","autoroute":"A20"}},{"type":"Feature","geometry":{"type":"Point","coordinates":[0.7997852,47.3090091]},"properties":{"type":"entree","autoroute":"A85"}},{"type":"Feature","geometry":{"type":"Point","coordinates":[1.4690699,45.1719164]},"properties":{"type":"entree","autoroute":"A89"}},{"type":"Feature","geometry":{"type":"Point","coordinates":[1.5340307,44.2278779]},"properties":{"type":"entree","autoroute":"A20"}},{"type":"Feature","geometry":{"type":"Point","coordinates":[-1.3996021,43.6247426]},"properties":{"type":"entree","autoroute":"A63"}},{"type":"Feature","geometry":{"type":"Point","coordinates":[0.2032539,49.2898053]},"properties":{"type":"entree","autoroute":"A132"}},{"type":"Feature","geometry":{"type":"Point","coordinates":[-0.0868921,49.2272476]},"properties":{"type":"entree","autoroute":"A13"}},{"type":"Feature","geometry":{"type":"Point","coordinates":[1.3345996,43.9803412]},"properties":{"type":"entree","autoroute":"A20"}},{"type":"Feature","geometry":{"type":"Point","coordinates":[4.8953282,46.3067426]},"properties":{"type":"entree","autoroute":"A40"}},{"type":"Feature","geometry":{"type":"Point","coordinates":[4.8779533,46.3310486]},"properties":{"type":"entree","autoroute":"A40"}},{"type":"Feature","geometry":{"type":"Point","coordinates":[1.2035958,49.5285289]},"properties":{"type":"entree","autoroute":"A28"}},{"type":"Feature","geometry":{"type":"Point","coordinates":[7.5497297,47.5854547]},"properties":{"type":"entree","autoroute":"A35"}},{"type":"Feature","geometry":{"type":"Point","coordinates":[3.4028326,43.4446856]},"properties":{"type":"entree","autoroute":"A75"}},{"type":"Feature","geometry":{"type":"Point","coordinates":[0.4428309,49.0312421]},"properties":{"type":"entree","autoroute":"A28"}},{"type":"Feature","geometry":{"type":"Point","coordinates":[3.2414086,44.500417]},"properties":{"type":"entree","autoroute":"A75"}},{"type":"Feature","geometry":{"type":"Point","coordinates":[3.2424997,44.5107632]},"properties":{"type":"entree","autoroute":"A75"}},{"type":"Feature","geometry":{"type":"Point","coordinates":[5.0836928,43.398436]},"properties":{"type":"entree","autoroute":"A55"}},{"type":"Feature","geometry":{"type":"Point","coordinates":[1.3719327,46.1062944]},"properties":{"type":"entree","autoroute":"A20"}},{"type":"Feature","geometry":{"type":"Point","coordinates":[7.5580864,47.5784711]},"properties":{"type":"entree","autoroute":"A35"}},{"type":"Feature","geometry":{"type":"Point","coordinates":[5.2792089,46.2351826]},"properties":{"type":"entree","autoroute":"A40"}},{"type":"Feature","geometry":{"type":"Point","coordinates":[7.5019286,47.6338185]},"properties":{"type":"entree","autoroute":"A35"}},{"type":"Feature","geometry":{"type":"Point","coordinates":[0.3633141,47.6897991]},"properties":{"type":"entree","autoroute":"A28"}},{"type":"Feature","geometry":{"type":"Point","coordinates":[-0.9303958,44.2021877]},"properties":{"type":"entree","autoroute":"A63"}},{"type":"Feature","geometry":{"type":"Point","coordinates":[1.9945993,43.2752359]},"properties":{"type":"entree","autoroute":"A61"}},{"type":"Feature","geometry":{"type":"Point","coordinates":[2.7358746,48.0581886]},"properties":{"type":"entree","autoroute":"A19"}},{"type":"Feature","geometry":{"type":"Point","coordinates":[3.6213955,50.407433]},"properties":{"type":"entree","autoroute":"A2"}},{"type":"Feature","geometry":{"type":"Point","coordinates":[2.1931627,48.1153073]},"properties":{"type":"entree","autoroute":"A19"}},{"type":"Feature","geometry":{"type":"Point","coordinates":[1.0927136,49.3263088]},"properties":{"type":"entree","autoroute":"A13"}},{"type":"Feature","geometry":{"type":"Point","coordinates":[2.1197927,47.2077146]},"properties":{"type":"entree","autoroute":"A71"}},{"type":"Feature","geometry":{"type":"Point","coordinates":[6.3540775,43.3909248]},"properties":{"type":"entree","autoroute":"A57"}},{"type":"Feature","geometry":{"type":"Point","coordinates":[6.1958062,43.2903943]},"properties":{"type":"entree","autoroute":"A57"}},{"type":"Feature","geometry":{"type":"Point","coordinates":[6.1860792,43.2747871]},"properties":{"type":"entree","autoroute":"A57"}},{"type":"Feature","geometry":{"type":"Point","coordinates":[5.5852686,43.284693]},"properties":{"type":"entree","autoroute":"A52"}},{"type":"Feature","geometry":{"type":"Point","coordinates":[-0.0350694,47.3152943]},"properties":{"type":"entree","autoroute":"A85"}},{"type":"Feature","geometry":{"type":"Point","coordinates":[2.6139162,50.510228]},"properties":{"type":"entree","autoroute":"A26"}},{"type":"Feature","geometry":{"type":"Point","coordinates":[-0.3373724,46.3553575]},"properties":{"type":"entree","autoroute":"A83"}},{"type":"Feature","geometry":{"type":"Point","coordinates":[-0.299802,46.3450837]},"properties":{"type":"entree","autoroute":"A83"}},{"type":"Feature","geometry":{"type":"Point","coordinates":[1.3772091,46.1461417]},"properties":{"type":"entree","autoroute":"A20"}},{"type":"Feature","geometry":{"type":"Point","coordinates":[1.3753447,46.1112243]},"properties":{"type":"entree","autoroute":"A20"}},{"type":"Feature","geometry":{"type":"Point","coordinates":[5.7623475,43.1956134]},"properties":{"type":"entree","autoroute":"A50"}},{"type":"Feature","geometry":{"type":"Point","coordinates":[-1.4798922,47.2695565]},"properties":{"type":"entree","autoroute":"A811"}},{"type":"Feature","geometry":{"type":"Point","coordinates":[-0.2997449,46.3451076]},"properties":{"type":"entree","autoroute":"A83"}},{"type":"Feature","geometry":{"type":"Point","coordinates":[7.3754125,48.0140291]},"properties":{"type":"entree","autoroute":"A35"}},{"type":"Feature","geometry":{"type":"Point","coordinates":[-0.597392,45.376227]},"properties":{"type":"entree","autoroute":"A10"}},{"type":"Feature","geometry":{"type":"Point","coordinates":[-0.5903163,45.3667377]},"properties":{"type":"entree","autoroute":"A10"}},{"type":"Feature","geometry":{"type":"Point","coordinates":[6.1853918,49.32849]},"properties":{"type":"entree","autoroute":"A31"}},{"type":"Feature","geometry":{"type":"Point","coordinates":[7.3776399,47.9897314]},"properties":{"type":"entree","autoroute":"A35"}},{"type":"Feature","geometry":{"type":"Point","coordinates":[1.3340218,45.9933331]},"properties":{"type":"entree","autoroute":"A20"}},{"type":"Feature","geometry":{"type":"Point","coordinates":[1.3249626,45.9866143]},"properties":{"type":"entree","autoroute":"A20"}},{"type":"Feature","geometry":{"type":"Point","coordinates":[1.3464756,46.0278837]},"properties":{"type":"entree","autoroute":"A20"}},{"type":"Feature","geometry":{"type":"Point","coordinates":[7.498901,47.6391395]},"properties":{"type":"entree","autoroute":"A35"}},{"type":"Feature","geometry":{"type":"Point","coordinates":[-0.7712917,49.048237]},"properties":{"type":"entree","autoroute":"A84"}},{"type":"Feature","geometry":{"type":"Point","coordinates":[1.316773,45.9540657]},"properties":{"type":"entree","autoroute":"A20"}},{"type":"Feature","geometry":{"type":"Point","coordinates":[-0.0933825,45.0090063]},"properties":{"type":"entree","autoroute":"A89"}},{"type":"Feature","geometry":{"type":"Point","coordinates":[0.6938818,45.1426253]},"properties":{"type":"entree","autoroute":"A89"}},{"type":"Feature","geometry":{"type":"Point","coordinates":[0.5534781,45.1424294]},"properties":{"type":"entree","autoroute":"A89"}},{"type":"Feature","geometry":{"type":"Point","coordinates":[0.3812374,45.0130183]},"properties":{"type":"entree","autoroute":"A89"}},{"type":"Feature","geometry":{"type":"Point","coordinates":[1.5129011,44.5325534]},"properties":{"type":"entree","autoroute":"A20"}},{"type":"Feature","geometry":{"type":"Point","coordinates":[3.1521282,45.8056739]},"properties":{"type":"entree","autoroute":"A710"}},{"type":"Feature","geometry":{"type":"Point","coordinates":[1.2860052,45.8606644]},"properties":{"type":"entree","autoroute":"A20"}},{"type":"Feature","geometry":{"type":"Point","coordinates":[4.78603,48.1113634]},"properties":{"type":"entree","autoroute":"A5"}},{"type":"Feature","geometry":{"type":"Point","coordinates":[3.4833216,50.3554556]},"properties":{"type":"entree","autoroute":"A23"}},{"type":"Feature","geometry":{"type":"Point","coordinates":[3.4812882,50.370158]},"properties":{"type":"entree","autoroute":"A23"}},{"type":"Feature","geometry":{"type":"Point","coordinates":[6.1387802,49.203453]},"properties":{"type":"entree","autoroute":"A4"}},{"type":"Feature","geometry":{"type":"Point","coordinates":[5.6930318,43.1945209]},"properties":{"type":"entree","autoroute":"A50"}},{"type":"Feature","geometry":{"type":"Point","coordinates":[1.5654673,43.7146179]},"properties":{"type":"entree","autoroute":"A68"}},{"type":"Feature","geometry":{"type":"Point","coordinates":[4.3978247,45.464827]},"properties":{"type":"entree","autoroute":"A72"}},{"type":"Feature","geometry":{"type":"Point","coordinates":[3.1418603,45.7822885]},"properties":{"type":"entree","autoroute":"A71"}},{"type":"Feature","geometry":{"type":"Point","coordinates":[-0.8086032,44.6711337]},"properties":{"type":"entree","autoroute":"A63"}},{"type":"Feature","geometry":{"type":"Point","coordinates":[2.2410515,48.9818503]},"properties":{"type":"entree","autoroute":"A115"}},{"type":"Feature","geometry":{"type":"Point","coordinates":[6.1267538,45.996948]},"properties":{"type":"entree","autoroute":"A410"}},{"type":"Feature","geometry":{"type":"Point","coordinates":[5.472371,45.3873829]},"properties":{"type":"entree","autoroute":"A48"}},{"type":"Feature","geometry":{"type":"Point","coordinates":[5.5098982,45.364616]},"properties":{"type":"entree","autoroute":"A48"}},{"type":"Feature","geometry":{"type":"Point","coordinates":[2.2197608,49.0132582]},"properties":{"type":"entree","autoroute":"A115"}},{"type":"Feature","geometry":{"type":"Point","coordinates":[7.543917,48.4767066]},"properties":{"type":"entree","autoroute":"A35"}},{"type":"Feature","geometry":{"type":"Point","coordinates":[7.5483757,48.4812831]},"properties":{"type":"entree","autoroute":"A35"}},{"type":"Feature","geometry":{"type":"Point","coordinates":[-1.4771852,47.2520806]},"properties":{"type":"entree","autoroute":"A811"}},{"type":"Feature","geometry":{"type":"Point","coordinates":[7.494593,48.4307329]},"properties":{"type":"entree","autoroute":"A35"}},{"type":"Feature","geometry":{"type":"Point","coordinates":[-0.0348006,47.3122642]},"properties":{"type":"entree","autoroute":"A85"}},{"type":"Feature","geometry":{"type":"Point","coordinates":[4.8252097,45.6401402]},"properties":{"type":"entree","autoroute":"A7"}},{"type":"Feature","geometry":{"type":"Point","coordinates":[4.2842628,48.9067192]},"properties":{"type":"entree","autoroute":"A26"}},{"type":"Feature","geometry":{"type":"Point","coordinates":[5.096917,43.3999608]},"properties":{"type":"entree","autoroute":"A55"}},{"type":"Feature","geometry":{"type":"Point","coordinates":[1.5289951,45.4852205]},"properties":{"type":"entree","autoroute":"A20"}},{"type":"Feature","geometry":{"type":"Point","coordinates":[1.5274227,45.480467]},"properties":{"type":"entree","autoroute":"A20"}},{"type":"Feature","geometry":{"type":"Point","coordinates":[3.33435,50.2704892]},"properties":{"type":"entree","autoroute":"A2"}},{"type":"Feature","geometry":{"type":"Point","coordinates":[2.8955837,48.890931]},"properties":{"type":"entree","autoroute":"A140"}},{"type":"Feature","geometry":{"type":"Point","coordinates":[2.698716,49.3929628]},"properties":{"type":"entree","autoroute":"A1"}},{"type":"Feature","geometry":{"type":"Point","coordinates":[2.6960892,49.4007139]},"properties":{"type":"entree","autoroute":"A1"}},{"type":"Feature","geometry":{"type":"Point","coordinates":[2.4055227,48.8193267]},"properties":{"type":"entree","autoroute":"A4"}},{"type":"Feature","geometry":{"type":"Point","coordinates":[0.5095632,44.1965666]},"properties":{"type":"entree","autoroute":"A62"}},{"type":"Feature","geometry":{"type":"Point","coordinates":[1.259082,43.3438444]},"properties":{"type":"entree","autoroute":"A64"}},{"type":"Feature","geometry":{"type":"Point","coordinates":[4.4070227,45.4585372]},"properties":{"type":"entree","autoroute":"A72"}},{"type":"Feature","geometry":{"type":"Point","coordinates":[3.5006687,45.8614055]},"properties":{"type":"entree","autoroute":"A89"}},{"type":"Feature","geometry":{"type":"Point","coordinates":[3.5024128,45.8614822]},"properties":{"type":"entree","autoroute":"A89"}},{"type":"Feature","geometry":{"type":"Point","coordinates":[-1.438002,43.4749037]},"properties":{"type":"entree","autoroute":"A64"}},{"type":"Feature","geometry":{"type":"Point","coordinates":[1.3569241,45.7098041]},"properties":{"type":"entree","autoroute":"A20"}},{"type":"Feature","geometry":{"type":"Point","coordinates":[1.6553003,50.608799]},"properties":{"type":"entree","autoroute":"A16"}},{"type":"Feature","geometry":{"type":"Point","coordinates":[4.8383026,45.6966023]},"properties":{"type":"entree","autoroute":"A7"}},{"type":"Feature","geometry":{"type":"Point","coordinates":[2.6930554,46.3846799]},"properties":{"type":"entree","autoroute":"A714"}},{"type":"Feature","geometry":{"type":"Point","coordinates":[2.617037,46.3804483]},"properties":{"type":"entree","autoroute":"A714"}},{"type":"Feature","geometry":{"type":"Point","coordinates":[2.6221529,46.3801531]},"properties":{"type":"entree","autoroute":"A714"}},{"type":"Feature","geometry":{"type":"Point","coordinates":[-1.2842977,48.7452329]},"properties":{"type":"entree","autoroute":"A84"}},{"type":"Feature","geometry":{"type":"Point","coordinates":[0.5448174,47.3019865]},"properties":{"type":"entree","autoroute":"A85"}},{"type":"Feature","geometry":{"type":"Point","coordinates":[0.5691109,47.305217]},"properties":{"type":"entree","autoroute":"A85"}},{"type":"Feature","geometry":{"type":"Point","coordinates":[3.1036744,44.3058718]},"properties":{"type":"entree","autoroute":"A75"}},{"type":"Feature","geometry":{"type":"Point","coordinates":[1.2979843,45.8092104]},"properties":{"type":"entree","autoroute":"A20"}},{"type":"Feature","geometry":{"type":"Point","coordinates":[2.6288286,48.6296227]},"properties":{"type":"entree","autoroute":"A5B"}},{"type":"Feature","geometry":{"type":"Point","coordinates":[3.1603251,45.7726893]},"properties":{"type":"entree","autoroute":"A711"}},{"type":"Feature","geometry":{"type":"Point","coordinates":[0.4766972,47.32644]},"properties":{"type":"entree","autoroute":"A85"}},{"type":"Feature","geometry":{"type":"Point","coordinates":[0.4743879,47.327342]},"properties":{"type":"entree","autoroute":"A85"}},{"type":"Feature","geometry":{"type":"Point","coordinates":[2.2405593,49.1569149]},"properties":{"type":"entree","autoroute":"A16"}},{"type":"Feature","geometry":{"type":"Point","coordinates":[2.5598714,48.6160007]},"properties":{"type":"entree","autoroute":"A5A"}},{"type":"Feature","geometry":{"type":"Point","coordinates":[6.6574148,45.1896089]},"properties":{"type":"entree","autoroute":"A43"}},{"type":"Feature","geometry":{"type":"Point","coordinates":[2.4672677,48.082817]},"properties":{"type":"entree","autoroute":"A19"}},{"type":"Feature","geometry":{"type":"Point","coordinates":[2.6229262,48.6461624]},"properties":{"type":"entree","autoroute":"A5B"}},{"type":"Feature","geometry":{"type":"Point","coordinates":[4.0448137,45.8570254]},"properties":{"type":"entree","autoroute":"A89"}},{"type":"Feature","geometry":{"type":"Point","coordinates":[-0.516311,47.4662513]},"properties":{"type":"entree","autoroute":"A87N"}},{"type":"Feature","geometry":{"type":"Point","coordinates":[3.6904703,46.5386962]},"properties":{"type":"entree","autoroute":"A79"}},{"type":"Feature","geometry":{"type":"Point","coordinates":[3.7191612,46.5298776]},"properties":{"type":"entree","autoroute":"A79"}},{"type":"Feature","geometry":{"type":"Point","coordinates":[3.723162,46.5277859]},"properties":{"type":"entree","autoroute":"A79"}},{"type":"Feature","geometry":{"type":"Point","coordinates":[5.3043058,47.2026839]},"properties":{"type":"entree","autoroute":"A39"}},{"type":"Feature","geometry":{"type":"Point","coordinates":[0.3575125,49.4832268]},"properties":{"type":"entree","autoroute":"A131"}},{"type":"Feature","geometry":{"type":"Point","coordinates":[0.2245167,49.4980576]},"properties":{"type":"entree","autoroute":"A131"}},{"type":"Feature","geometry":{"type":"Point","coordinates":[3.4808864,50.3412229]},"properties":{"type":"entree","autoroute":"A2"}},{"type":"Feature","geometry":{"type":"Point","coordinates":[1.584459,43.4603994]},"properties":{"type":"entree","autoroute":"A61"}},{"type":"Feature","geometry":{"type":"Point","coordinates":[5.2916252,46.1464701]},"properties":{"type":"entree","autoroute":"A40"}},{"type":"Feature","geometry":{"type":"Point","coordinates":[5.6906149,48.1498767]},"properties":{"type":"entree","autoroute":"A31"}},{"type":"Feature","geometry":{"type":"Point","coordinates":[2.9805536,43.1512148]},"properties":{"type":"entree","autoroute":"A61"}},{"type":"Feature","geometry":{"type":"Point","coordinates":[6.0104489,45.8182788]},"properties":{"type":"entree","autoroute":"A41"}},{"type":"Feature","geometry":{"type":"Point","coordinates":[1.1892274,43.3035177]},"properties":{"type":"entree","autoroute":"A64"}},{"type":"Feature","geometry":{"type":"Point","coordinates":[1.1884678,43.3029179]},"properties":{"type":"entree","autoroute":"A64"}},{"type":"Feature","geometry":{"type":"Point","coordinates":[6.8352215,47.5076506]},"properties":{"type":"entree","autoroute":"A36"}},{"type":"Feature","geometry":{"type":"Point","coordinates":[1.8464399,43.8411988]},"properties":{"type":"entree","autoroute":"A68"}},{"type":"Feature","geometry":{"type":"Point","coordinates":[1.8449608,43.8409006]},"properties":{"type":"entree","autoroute":"A68"}},{"type":"Feature","geometry":{"type":"Point","coordinates":[3.2833136,45.3779215]},"properties":{"type":"entree","autoroute":"A75"}},{"type":"Feature","geometry":{"type":"Point","coordinates":[3.256033,45.5223264]},"properties":{"type":"entree","autoroute":"A75"}},{"type":"Feature","geometry":{"type":"Point","coordinates":[-0.6555548,45.8021837]},"properties":{"type":"entree","autoroute":"A10"}},{"type":"Feature","geometry":{"type":"Point","coordinates":[5.661499,45.571885]},"properties":{"type":"entree","autoroute":"A43"}},{"type":"Feature","geometry":{"type":"Point","coordinates":[4.6587984,45.5434635]},"properties":{"type":"entree","autoroute":"A47"}},{"type":"Feature","geometry":{"type":"Point","coordinates":[-1.4776896,47.2396795]},"properties":{"type":"entree","autoroute":"A811"}},{"type":"Feature","geometry":{"type":"Point","coordinates":[-1.2131617,46.8058998]},"properties":{"type":"entree","autoroute":"A87"}},{"type":"Feature","geometry":{"type":"Point","coordinates":[3.1958207,45.7851959]},"properties":{"type":"entree","autoroute":"A711"}},{"type":"Feature","geometry":{"type":"Point","coordinates":[3.1964787,45.7850314]},"properties":{"type":"entree","autoroute":"A711"}},{"type":"Feature","geometry":{"type":"Point","coordinates":[3.1964067,45.7849961]},"properties":{"type":"entree","autoroute":"A711"}},{"type":"Feature","geometry":{"type":"Point","coordinates":[4.1623147,45.8355569]},"properties":{"type":"entree","autoroute":"A89"}},{"type":"Feature","geometry":{"type":"Point","coordinates":[4.1796593,48.2294464]},"properties":{"type":"entree","autoroute":"A26"}},{"type":"Feature","geometry":{"type":"Point","coordinates":[4.7866815,49.0726195]},"properties":{"type":"entree","autoroute":"A4"}},{"type":"Feature","geometry":{"type":"Point","coordinates":[2.8628101,42.4718538]},"properties":{"type":"entree","autoroute":"A9"}},{"type":"Feature","geometry":{"type":"Point","coordinates":[3.1234179,50.7141836]},"properties":{"type":"entree","autoroute":"A22"}},{"type":"Feature","geometry":{"type":"Point","coordinates":[4.7565534,45.5871177]},"properties":{"type":"entree","autoroute":"A47"}},{"type":"Feature","geometry":{"type":"Point","coordinates":[4.7677337,45.5897868]},"properties":{"type":"entree","autoroute":"A47"}},{"type":"Feature","geometry":{"type":"Point","coordinates":[4.6414939,45.5397668]},"properties":{"type":"entree","autoroute":"A47"}},{"type":"Feature","geometry":{"type":"Point","coordinates":[-0.2476892,44.4458721]},"properties":{"type":"entree","autoroute":"A65"}},{"type":"Feature","geometry":{"type":"Point","coordinates":[2.7083295,48.2770288]},"properties":{"type":"entree","autoroute":"A6"}},{"type":"Feature","geometry":{"type":"Point","coordinates":[5.2739552,46.4423247]},"properties":{"type":"entree","autoroute":"A39"}},{"type":"Feature","geometry":{"type":"Point","coordinates":[5.1633928,46.261734]},"properties":{"type":"entree","autoroute":"A40"}},{"type":"Feature","geometry":{"type":"Point","coordinates":[7.3828795,48.0646746]},"properties":{"type":"entree","autoroute":"A35"}},{"type":"Feature","geometry":{"type":"Point","coordinates":[7.3395678,47.7691706]},"properties":{"type":"entree","autoroute":"A36"}},{"type":"Feature","geometry":{"type":"Point","coordinates":[0.4983085,46.7795901]},"properties":{"type":"entree","autoroute":"A10"}},{"type":"Feature","geometry":{"type":"Point","coordinates":[0.5035377,46.7840625]},"properties":{"type":"entree","autoroute":"A10"}},{"type":"Feature","geometry":{"type":"Point","coordinates":[0.5247255,46.8379085]},"properties":{"type":"entree","autoroute":"A10"}},{"type":"Feature","geometry":{"type":"Point","coordinates":[-0.2104695,48.0048341]},"properties":{"type":"entree","autoroute":"A81"}},{"type":"Feature","geometry":{"type":"Point","coordinates":[-0.1340867,48.8221452]},"properties":{"type":"entree","autoroute":"A88"}},{"type":"Feature","geometry":{"type":"Point","coordinates":[0.1924454,49.2969761]},"properties":{"type":"entree","autoroute":"A132"}},{"type":"Feature","geometry":{"type":"Point","coordinates":[0.1982058,49.2872588]},"properties":{"type":"entree","autoroute":"A13"}},{"type":"Feature","geometry":{"type":"Point","coordinates":[1.0746143,43.2367115]},"properties":{"type":"entree","autoroute":"A64"}},{"type":"Feature","geometry":{"type":"Point","coordinates":[-0.5185312,49.1447961]},"properties":{"type":"entree","autoroute":"A84"}},{"type":"Feature","geometry":{"type":"Point","coordinates":[5.6864183,48.1446748]},"properties":{"type":"entree","autoroute":"A31"}},{"type":"Feature","geometry":{"type":"Point","coordinates":[0.2693853,44.2806582]},"properties":{"type":"entree","autoroute":"A62"}},{"type":"Feature","geometry":{"type":"Point","coordinates":[0.5034866,44.1995376]},"properties":{"type":"entree","autoroute":"A62"}},{"type":"Feature","geometry":{"type":"Point","coordinates":[-1.4314209,43.5436567]},"properties":{"type":"entree","autoroute":"A63"}},{"type":"Feature","geometry":{"type":"Point","coordinates":[1.8765739,43.8499915]},"properties":{"type":"entree","autoroute":"A68"}},{"type":"Feature","geometry":{"type":"Point","coordinates":[2.1349883,49.4332282]},"properties":{"type":"entree","autoroute":"A16"}},{"type":"Feature","geometry":{"type":"Point","coordinates":[-0.5414955,45.2532053]},"properties":{"type":"entree","autoroute":"A10"}},{"type":"Feature","geometry":{"type":"Point","coordinates":[6.8062869,49.1389736]},"properties":{"type":"entree","autoroute":"A4"}},{"type":"Feature","geometry":{"type":"Point","coordinates":[1.6942002,43.3956551]},"properties":{"type":"entree","autoroute":"A61"}},{"type":"Feature","geometry":{"type":"Point","coordinates":[1.8250282,50.9413937]},"properties":{"type":"entree","autoroute":"A16"}},{"type":"Feature","geometry":{"type":"Point","coordinates":[2.1219469,50.9517145]},"properties":{"type":"entree","autoroute":"A16"}},{"type":"Feature","geometry":{"type":"Point","coordinates":[1.9061383,50.9529411]},"properties":{"type":"entree","autoroute":"A216"}},{"type":"Feature","geometry":{"type":"Point","coordinates":[3.1535976,45.7199866]},"properties":{"type":"entree","autoroute":"A75"}},{"type":"Feature","geometry":{"type":"Point","coordinates":[3.1549162,46.4416359]},"properties":{"type":"entree","autoroute":"A79"}},{"type":"Feature","geometry":{"type":"Point","coordinates":[5.9240827,45.7170734]},"properties":{"type":"entree","autoroute":"A41"}},{"type":"Feature","geometry":{"type":"Point","coordinates":[2.0583628,50.9354344]},"properties":{"type":"entree","autoroute":"A16"}},{"type":"Feature","geometry":{"type":"Point","coordinates":[2.0460321,50.9340759]},"properties":{"type":"entree","autoroute":"A16"}},{"type":"Feature","geometry":{"type":"Point","coordinates":[1.8473199,45.3117467]},"properties":{"type":"entree","autoroute":"A89"}},{"type":"Feature","geometry":{"type":"Point","coordinates":[1.7613935,45.3278498]},"properties":{"type":"entree","autoroute":"A89"}},{"type":"Feature","geometry":{"type":"Point","coordinates":[4.0584321,49.2261488]},"properties":{"type":"entree","autoroute":"A344"}},{"type":"Feature","geometry":{"type":"Point","coordinates":[1.8163678,48.9653131]},"properties":{"type":"entree","autoroute":"A13"}},{"type":"Feature","geometry":{"type":"Point","coordinates":[3.3643622,50.321817]},"properties":{"type":"entree","autoroute":"A21"}},{"type":"Feature","geometry":{"type":"Point","coordinates":[1.9304904,50.9373736]},"properties":{"type":"entree","autoroute":"A16"}},{"type":"Feature","geometry":{"type":"Point","coordinates":[-0.5148527,47.4516173]},"properties":{"type":"entree","autoroute":"A87N"}},{"type":"Feature","geometry":{"type":"Point","coordinates":[6.685253,45.9146758]},"properties":{"type":"entree","autoroute":"A40"}},{"type":"Feature","geometry":{"type":"Point","coordinates":[1.9702331,43.888883]},"properties":{"type":"entree","autoroute":"A68"}},{"type":"Feature","geometry":{"type":"Point","coordinates":[4.3580497,45.4761269]},"properties":{"type":"entree","autoroute":"A72"}},{"type":"Feature","geometry":{"type":"Point","coordinates":[7.3750999,48.0145302]},"properties":{"type":"entree","autoroute":"A35"}},{"type":"Feature","geometry":{"type":"Point","coordinates":[7.3725801,48.0241013]},"properties":{"type":"entree","autoroute":"A35"}},{"type":"Feature","geometry":{"type":"Point","coordinates":[0.6092451,43.1073766]},"properties":{"type":"entree","autoroute":"A64"}},{"type":"Feature","geometry":{"type":"Point","coordinates":[7.020586,49.0417722]},"properties":{"type":"entree","autoroute":"A4"}},{"type":"Feature","geometry":{"type":"Point","coordinates":[2.1076005,49.3604837]},"properties":{"type":"entree","autoroute":"A16"}},{"type":"Feature","geometry":{"type":"Point","coordinates":[2.1082523,49.3674115]},"properties":{"type":"entree","autoroute":"A16"}},{"type":"Feature","geometry":{"type":"Point","coordinates":[5.1085974,43.4026725]},"properties":{"type":"entree","autoroute":"A55"}},{"type":"Feature","geometry":{"type":"Point","coordinates":[3.0433586,47.1376707]},"properties":{"type":"entree","autoroute":"A77"}},{"type":"Feature","geometry":{"type":"Point","coordinates":[3.0015388,47.2286284]},"properties":{"type":"entree","autoroute":"A77"}},{"type":"Feature","geometry":{"type":"Point","coordinates":[2.6921442,47.8576162]},"properties":{"type":"entree","autoroute":"A77"}},{"type":"Feature","geometry":{"type":"Point","coordinates":[2.677206,47.997967]},"properties":{"type":"entree","autoroute":"A77"}},{"type":"Feature","geometry":{"type":"Point","coordinates":[2.7189182,48.132469]},"properties":{"type":"entree","autoroute":"A77"}},{"type":"Feature","geometry":{"type":"Point","coordinates":[4.9695107,47.3364544]},"properties":{"type":"entree","autoroute":"A38"}},{"type":"Feature","geometry":{"type":"Point","coordinates":[2.5524231,49.0683229]},"properties":{"type":"entree","autoroute":"A1"}},{"type":"Feature","geometry":{"type":"Point","coordinates":[-1.0291557,44.6120685]},"properties":{"type":"entree","autoroute":"A660"}},{"type":"Feature","geometry":{"type":"Point","coordinates":[3.3717644,50.3070787]},"properties":{"type":"entree","autoroute":"A21"}},{"type":"Feature","geometry":{"type":"Point","coordinates":[1.513349,45.2036309]},"properties":{"type":"entree","autoroute":"A20"}},{"type":"Feature","geometry":{"type":"Point","coordinates":[4.9117738,47.3180515]},"properties":{"type":"entree","autoroute":"A38"}},{"type":"Feature","geometry":{"type":"Point","coordinates":[1.9674346,43.8888678]},"properties":{"type":"entree","autoroute":"A68"}},{"type":"Feature","geometry":{"type":"Point","coordinates":[1.8579938,47.9863201]},"properties":{"type":"entree","autoroute":"A10"}},{"type":"Feature","geometry":{"type":"Point","coordinates":[1.0564357,49.6385544]},"properties":{"type":"entree","autoroute":"A29"}},{"type":"Feature","geometry":{"type":"Point","coordinates":[-0.2207301,48.8839487]},"properties":{"type":"entree","autoroute":"A88"}},{"type":"Feature","geometry":{"type":"Point","coordinates":[1.9722441,49.8103599]},"properties":{"type":"entree","autoroute":"A29"}},{"type":"Feature","geometry":{"type":"Point","coordinates":[5.3802097,46.6229369]},"properties":{"type":"entree","autoroute":"A39"}},{"type":"Feature","geometry":{"type":"Point","coordinates":[3.0522518,48.9612539]},"properties":{"type":"entree","autoroute":"A4"}},{"type":"Feature","geometry":{"type":"Point","coordinates":[5.3290705,46.542532]},"properties":{"type":"entree","autoroute":"A39"}},{"type":"Feature","geometry":{"type":"Point","coordinates":[5.3698288,46.6154004]},"properties":{"type":"entree","autoroute":"A39"}},{"type":"Feature","geometry":{"type":"Point","coordinates":[5.4249071,46.6672845]},"properties":{"type":"entree","autoroute":"A39"}},{"type":"Feature","geometry":{"type":"Point","coordinates":[4.9123232,47.0609666]},"properties":{"type":"entree","autoroute":"A36"}},{"type":"Feature","geometry":{"type":"Point","coordinates":[5.3302901,45.5714413]},"properties":{"type":"entree","autoroute":"A43"}},{"type":"Feature","geometry":{"type":"Point","coordinates":[4.9367836,45.8106985]},"properties":{"type":"entree","autoroute":"A42"}},{"type":"Feature","geometry":{"type":"Point","coordinates":[5.0435362,45.8385722]},"properties":{"type":"entree","autoroute":"A42"}},{"type":"Feature","geometry":{"type":"Point","coordinates":[5.0988524,45.8534432]},"properties":{"type":"entree","autoroute":"A42"}},{"type":"Feature","geometry":{"type":"Point","coordinates":[3.2834161,43.345824]},"properties":{"type":"entree","autoroute":"A75"}},{"type":"Feature","geometry":{"type":"Point","coordinates":[3.2765966,43.3506975]},"properties":{"type":"entree","autoroute":"A75"}},{"type":"Feature","geometry":{"type":"Point","coordinates":[3.3300452,43.3963928]},"properties":{"type":"entree","autoroute":"A75"}},{"type":"Feature","geometry":{"type":"Point","coordinates":[5.0279996,47.241789]},"properties":{"type":"entree","autoroute":"A311"}},{"type":"Feature","geometry":{"type":"Point","coordinates":[2.8601454,50.2562945]},"properties":{"type":"entree","autoroute":"A1"}},{"type":"Feature","geometry":{"type":"Point","coordinates":[3.0956541,45.9737461]},"properties":{"type":"entree","autoroute":"A89"}},{"type":"Feature","geometry":{"type":"Point","coordinates":[3.1475623,45.8054822]},"properties":{"type":"entree","autoroute":"A710"}},{"type":"Feature","geometry":{"type":"Point","coordinates":[5.9814674,44.1300572]},"properties":{"type":"entree","autoroute":"A51"}},{"type":"Feature","geometry":{"type":"Point","coordinates":[5.9642388,44.0565431]},"properties":{"type":"entree","autoroute":"A51"}},{"type":"Feature","geometry":{"type":"Point","coordinates":[5.9539234,44.1734217]},"properties":{"type":"entree","autoroute":"A51"}},{"type":"Feature","geometry":{"type":"Point","coordinates":[5.9202341,43.9983073]},"properties":{"type":"entree","autoroute":"A51"}},{"type":"Feature","geometry":{"type":"Point","coordinates":[-0.9564579,45.9614708]},"properties":{"type":"entree","autoroute":"A837"}},{"type":"Feature","geometry":{"type":"Point","coordinates":[0.5944624,43.1037061]},"properties":{"type":"entree","autoroute":"A64"}},{"type":"Feature","geometry":{"type":"Point","coordinates":[2.9227844,48.4310034]},"properties":{"type":"entree","autoroute":"A5"}},{"type":"Feature","geometry":{"type":"Point","coordinates":[1.3665885,45.6900325]},"properties":{"type":"entree","autoroute":"A20"}},{"type":"Feature","geometry":{"type":"Point","coordinates":[3.2458316,50.6014409]},"properties":{"type":"entree","autoroute":"A27"}},{"type":"Feature","geometry":{"type":"Point","coordinates":[3.1301908,50.7367486]},"properties":{"type":"entree","autoroute":"A22"}},{"type":"Feature","geometry":{"type":"Point","coordinates":[6.8448479,47.5114905]},"properties":{"type":"entree","autoroute":"A36"}},{"type":"Feature","geometry":{"type":"Point","coordinates":[3.1790786,50.3787497]},"properties":{"type":"entree","autoroute":"A21"}},{"type":"Feature","geometry":{"type":"Point","coordinates":[2.9892249,50.4265847]},"properties":{"type":"entree","autoroute":"A21"}},{"type":"Feature","geometry":{"type":"Point","coordinates":[5.3244096,46.0439967]},"properties":{"type":"entree","autoroute":"A42"}},{"type":"Feature","geometry":{"type":"Point","coordinates":[6.0567253,45.8502516]},"properties":{"type":"entree","autoroute":"A41"}},{"type":"Feature","geometry":{"type":"Point","coordinates":[6.431404,46.0701488]},"properties":{"type":"entree","autoroute":"A40"}},{"type":"Feature","geometry":{"type":"Point","coordinates":[5.0449352,45.8388105]},"properties":{"type":"entree","autoroute":"A42"}},{"type":"Feature","geometry":{"type":"Point","coordinates":[6.2524501,47.3446781]},"properties":{"type":"entree","autoroute":"A36"}},{"type":"Feature","geometry":{"type":"Point","coordinates":[5.9264658,47.2688586]},"properties":{"type":"entree","autoroute":"A36"}},{"type":"Feature","geometry":{"type":"Point","coordinates":[5.7484988,47.1890642]},"properties":{"type":"entree","autoroute":"A36"}},{"type":"Feature","geometry":{"type":"Point","coordinates":[2.3143103,45.5137262]},"properties":{"type":"entree","autoroute":"A89"}},{"type":"Feature","geometry":{"type":"Point","coordinates":[0.2672389,44.2840583]},"properties":{"type":"entree","autoroute":"A62"}},{"type":"Feature","geometry":{"type":"Point","coordinates":[6.0429125,43.1367524]},"properties":{"type":"entree","autoroute":"A570"}},{"type":"Feature","geometry":{"type":"Point","coordinates":[4.9188814,47.3191819]},"properties":{"type":"entree","autoroute":"A38"}},{"type":"Feature","geometry":{"type":"Point","coordinates":[5.6184592,49.1267086]},"properties":{"type":"entree","autoroute":"A4"}},{"type":"Feature","geometry":{"type":"Point","coordinates":[2.0926045,48.8397953]},"properties":{"type":"entree","autoroute":"A12"}},{"type":"Feature","geometry":{"type":"Point","coordinates":[2.907645,50.3109953]},"properties":{"type":"entree","autoroute":"A26"}},{"type":"Feature","geometry":{"type":"Point","coordinates":[2.9410011,48.9071621]},"properties":{"type":"entree","autoroute":"A4"}},{"type":"Feature","geometry":{"type":"Point","coordinates":[2.0641176,50.8192061]},"properties":{"type":"entree","autoroute":"A26"}},{"type":"Feature","geometry":{"type":"Point","coordinates":[-1.4377551,46.6279301]},"properties":{"type":"entree","autoroute":"A87"}},{"type":"Feature","geometry":{"type":"Point","coordinates":[0.8321166,49.3612211]},"properties":{"type":"entree","autoroute":"A28"}},{"type":"Feature","geometry":{"type":"Point","coordinates":[0.1367974,48.3140475]},"properties":{"type":"entree","autoroute":"A28"}},{"type":"Feature","geometry":{"type":"Point","coordinates":[2.8456952,50.4297977]},"properties":{"type":"entree","autoroute":"A211"}},{"type":"Feature","geometry":{"type":"Point","coordinates":[2.8487006,50.4320709]},"properties":{"type":"entree","autoroute":"A21"}},{"type":"Feature","geometry":{"type":"Point","coordinates":[-1.199398,46.7939192]},"properties":{"type":"entree","autoroute":"A83"}},{"type":"Feature","geometry":{"type":"Point","coordinates":[2.4276331,51.0285353]},"properties":{"type":"entree","autoroute":"A16"}},{"type":"Feature","geometry":{"type":"Point","coordinates":[2.3623734,51.012462]},"properties":{"type":"entree","autoroute":"A16"}},{"type":"Feature","geometry":{"type":"Point","coordinates":[3.1352536,45.8061912]},"properties":{"type":"entree","autoroute":"A710"}},{"type":"Feature","geometry":{"type":"Point","coordinates":[2.600796,50.805922]},"properties":{"type":"entree","autoroute":"A25"}},{"type":"Feature","geometry":{"type":"Point","coordinates":[2.9014059,50.6575733]},"properties":{"type":"entree","autoroute":"A25"}},{"type":"Feature","geometry":{"type":"Point","coordinates":[0.616112,47.5387775]},"properties":{"type":"entree","autoroute":"A28"}},{"type":"Feature","geometry":{"type":"Point","coordinates":[3.8353732,47.6932119]},"properties":{"type":"entree","autoroute":"A6"}},{"type":"Feature","geometry":{"type":"Point","coordinates":[3.8294478,47.6950731]},"properties":{"type":"entree","autoroute":"A6"}},{"type":"Feature","geometry":{"type":"Point","coordinates":[5.0548639,48.0406903]},"properties":{"type":"entree","autoroute":"A5"}},{"type":"Feature","geometry":{"type":"Point","coordinates":[4.4363169,48.1782176]},"properties":{"type":"entree","autoroute":"A5"}},{"type":"Feature","geometry":{"type":"Point","coordinates":[4.450842,48.1744578]},"properties":{"type":"entree","autoroute":"A5"}},{"type":"Feature","geometry":{"type":"Point","coordinates":[1.8826598,47.1074335]},"properties":{"type":"entree","autoroute":"A20"}},{"type":"Feature","geometry":{"type":"Point","coordinates":[5.5799101,43.2831104]},"properties":{"type":"entree","autoroute":"A502"}},{"type":"Feature","geometry":{"type":"Point","coordinates":[3.1366061,50.3816673]},"properties":{"type":"entree","autoroute":"A21"}},{"type":"Feature","geometry":{"type":"Point","coordinates":[3.2756472,45.3882234]},"properties":{"type":"entree","autoroute":"A75"}},{"type":"Feature","geometry":{"type":"Point","coordinates":[3.2551617,44.8634171]},"properties":{"type":"entree","autoroute":"A75"}},{"type":"Feature","geometry":{"type":"Point","coordinates":[2.9523249,46.3294231]},"properties":{"type":"entree","autoroute":"A71"}},{"type":"Feature","geometry":{"type":"Point","coordinates":[3.2779724,44.8171827]},"properties":{"type":"entree","autoroute":"A75"}},{"type":"Feature","geometry":{"type":"Point","coordinates":[3.2939685,44.7860552]},"properties":{"type":"entree","autoroute":"A75"}},{"type":"Feature","geometry":{"type":"Point","coordinates":[3.1528179,46.1094833]},"properties":{"type":"entree","autoroute":"A719"}},{"type":"Feature","geometry":{"type":"Point","coordinates":[3.2821622,44.6974035]},"properties":{"type":"entree","autoroute":"A75"}},{"type":"Feature","geometry":{"type":"Point","coordinates":[2.9611855,50.4304926]},"properties":{"type":"entree","autoroute":"A21"}},{"type":"Feature","geometry":{"type":"Point","coordinates":[3.2117045,45.6108308]},"properties":{"type":"entree","autoroute":"A75"}},{"type":"Feature","geometry":{"type":"Point","coordinates":[3.1971238,45.6219461]},"properties":{"type":"entree","autoroute":"A75"}},{"type":"Feature","geometry":{"type":"Point","coordinates":[3.2117128,45.6109259]},"properties":{"type":"entree","autoroute":"A75"}},{"type":"Feature","geometry":{"type":"Point","coordinates":[3.1464849,45.686994]},"properties":{"type":"entree","autoroute":"A75"}},{"type":"Feature","geometry":{"type":"Point","coordinates":[4.1887855,45.6406492]},"properties":{"type":"entree","autoroute":"A72"}},{"type":"Feature","geometry":{"type":"Point","coordinates":[4.8554842,47.3069624]},"properties":{"type":"entree","autoroute":"A38"}},{"type":"Feature","geometry":{"type":"Point","coordinates":[4.9188814,43.8946626]},"properties":{"type":"entree","autoroute":"A7"}},{"type":"Feature","geometry":{"type":"Point","coordinates":[5.0063751,43.833011]},"properties":{"type":"entree","autoroute":"A7"}},{"type":"Feature","geometry":{"type":"Point","coordinates":[5.0302167,43.6371468]},"properties":{"type":"entree","autoroute":"A54"}},{"type":"Feature","geometry":{"type":"Point","coordinates":[5.0972546,43.6935833]},"properties":{"type":"entree","autoroute":"A7"}},{"type":"Feature","geometry":{"type":"Point","coordinates":[1.85195,48.0862556]},"properties":{"type":"entree","autoroute":"A10"}},{"type":"Feature","geometry":{"type":"Point","coordinates":[6.7961584,47.4812015]},"properties":{"type":"entree","autoroute":"A36"}},{"type":"Feature","geometry":{"type":"Point","coordinates":[1.847271,47.9019446]},"properties":{"type":"entree","autoroute":"A71"}},{"type":"Feature","geometry":{"type":"Point","coordinates":[2.9894766,50.4893338]},"properties":{"type":"entree","autoroute":"A1"}},{"type":"Feature","geometry":{"type":"Point","coordinates":[3.1027036,45.9780201]},"properties":{"type":"entree","autoroute":"A71"}},{"type":"Feature","geometry":{"type":"Point","coordinates":[3.1557664,45.8160738]},"properties":{"type":"entree","autoroute":"A71"}},{"type":"Feature","geometry":{"type":"Point","coordinates":[3.1404048,45.774737]},"properties":{"type":"entree","autoroute":"A75"}},{"type":"Feature","geometry":{"type":"Point","coordinates":[3.2506793,44.5856476]},"properties":{"type":"entree","autoroute":"A75"}},{"type":"Feature","geometry":{"type":"Point","coordinates":[5.2219666,47.7882604]},"properties":{"type":"entree","autoroute":"A31"}},{"type":"Feature","geometry":{"type":"Point","coordinates":[7.4202975,48.2644342]},"properties":{"type":"entree","autoroute":"A35"}},{"type":"Feature","geometry":{"type":"Point","coordinates":[7.481297,48.3161529]},"properties":{"type":"entree","autoroute":"A35"}},{"type":"Feature","geometry":{"type":"Point","coordinates":[-0.9296188,43.5149054]},"properties":{"type":"entree","autoroute":"A64"}},{"type":"Feature","geometry":{"type":"Point","coordinates":[-0.7884601,43.4766138]},"properties":{"type":"entree","autoroute":"A64"}},{"type":"Feature","geometry":{"type":"Point","coordinates":[-0.4833327,48.0564885]},"properties":{"type":"entree","autoroute":"A81"}},{"type":"Feature","geometry":{"type":"Point","coordinates":[1.5730364,45.3214381]},"properties":{"type":"entree","autoroute":"A20"}},{"type":"Feature","geometry":{"type":"Point","coordinates":[1.481663,46.4401935]},"properties":{"type":"entree","autoroute":"A20"}},{"type":"Feature","geometry":{"type":"Point","coordinates":[1.5046989,46.6070254]},"properties":{"type":"entree","autoroute":"A20"}},{"type":"Feature","geometry":{"type":"Point","coordinates":[1.502245,46.5688175]},"properties":{"type":"entree","autoroute":"A20"}},{"type":"Feature","geometry":{"type":"Point","coordinates":[1.5583916,46.6490638]},"properties":{"type":"entree","autoroute":"A20"}},{"type":"Feature","geometry":{"type":"Point","coordinates":[1.5639131,46.6531488]},"properties":{"type":"entree","autoroute":"A20"}},{"type":"Feature","geometry":{"type":"Point","coordinates":[2.0335475,47.2021368]},"properties":{"type":"entree","autoroute":"A20"}},{"type":"Feature","geometry":{"type":"Point","coordinates":[1.5076539,46.5107046]},"properties":{"type":"entree","autoroute":"A20"}},{"type":"Feature","geometry":{"type":"Point","coordinates":[1.417986,46.317151]},"properties":{"type":"entree","autoroute":"A20"}},{"type":"Feature","geometry":{"type":"Point","coordinates":[1.4033526,46.2791721]},"properties":{"type":"entree","autoroute":"A20"}},{"type":"Feature","geometry":{"type":"Point","coordinates":[1.4000532,46.2740524]},"properties":{"type":"entree","autoroute":"A20"}},{"type":"Feature","geometry":{"type":"Point","coordinates":[1.8658821,47.8432208]},"properties":{"type":"entree","autoroute":"A71"}},{"type":"Feature","geometry":{"type":"Point","coordinates":[-0.8304296,49.027211]},"properties":{"type":"entree","autoroute":"A84"}},{"type":"Feature","geometry":{"type":"Point","coordinates":[-0.8362642,49.0233684]},"properties":{"type":"entree","autoroute":"A84"}},{"type":"Feature","geometry":{"type":"Point","coordinates":[4.1668975,47.4843284]},"properties":{"type":"entree","autoroute":"A6"}},{"type":"Feature","geometry":{"type":"Point","coordinates":[6.1192002,46.0162027]},"properties":{"type":"entree","autoroute":"A41"}},{"type":"Feature","geometry":{"type":"Point","coordinates":[3.0298824,44.1664351]},"properties":{"type":"entree","autoroute":"A75"}},{"type":"Feature","geometry":{"type":"Point","coordinates":[5.6190738,46.2311953]},"properties":{"type":"entree","autoroute":"A404"}},{"type":"Feature","geometry":{"type":"Point","coordinates":[5.61807,46.2365948]},"properties":{"type":"entree","autoroute":"A404"}},{"type":"Feature","geometry":{"type":"Point","coordinates":[3.5752977,43.6399954]},"properties":{"type":"entree","autoroute":"A750"}},{"type":"Feature","geometry":{"type":"Point","coordinates":[3.2862919,44.7751236]},"properties":{"type":"entree","autoroute":"A75"}},{"type":"Feature","geometry":{"type":"Point","coordinates":[3.0015457,43.1664066]},"properties":{"type":"entree","autoroute":"A9"}},{"type":"Feature","geometry":{"type":"Point","coordinates":[4.2916347,49.0523696]},"properties":{"type":"entree","autoroute":"A4"}},{"type":"Feature","geometry":{"type":"Point","coordinates":[-1.308735,48.395016]},"properties":{"type":"entree","autoroute":"A84"}},{"type":"Feature","geometry":{"type":"Point","coordinates":[-0.611832,45.5171124]},"properties":{"type":"entree","autoroute":"A10"}},{"type":"Feature","geometry":{"type":"Point","coordinates":[0.5959251,43.0981612]},"properties":{"type":"entree","autoroute":"A645"}},{"type":"Feature","geometry":{"type":"Point","coordinates":[0.5962938,43.096605]},"properties":{"type":"entree","autoroute":"A645"}},{"type":"Feature","geometry":{"type":"Point","coordinates":[-0.4813987,45.104864]},"properties":{"type":"entree","autoroute":"A10"}},{"type":"Feature","geometry":{"type":"Point","coordinates":[-1.2053976,46.8048475]},"properties":{"type":"entree","autoroute":"A83"}},{"type":"Feature","geometry":{"type":"Point","coordinates":[4.2967888,49.0119677]},"properties":{"type":"entree","autoroute":"A26"}},{"type":"Feature","geometry":{"type":"Point","coordinates":[-0.6624187,45.7946489]},"properties":{"type":"entree","autoroute":"A10"}},{"type":"Feature","geometry":{"type":"Point","coordinates":[-0.6110935,45.8889166]},"properties":{"type":"entree","autoroute":"A10"}},{"type":"Feature","geometry":{"type":"Point","coordinates":[1.7972847,47.0459045]},"properties":{"type":"entree","autoroute":"A20"}},{"type":"Feature","geometry":{"type":"Point","coordinates":[-0.5414623,46.0165604]},"properties":{"type":"entree","autoroute":"A10"}},{"type":"Feature","geometry":{"type":"Point","coordinates":[-0.4507889,46.219776]},"properties":{"type":"entree","autoroute":"A10"}},{"type":"Feature","geometry":{"type":"Point","coordinates":[-0.2782461,46.353295]},"properties":{"type":"entree","autoroute":"A10"}},{"type":"Feature","geometry":{"type":"Point","coordinates":[-0.0772767,46.4302328]},"properties":{"type":"entree","autoroute":"A10"}},{"type":"Feature","geometry":{"type":"Point","coordinates":[0.3720117,46.7051911]},"properties":{"type":"entree","autoroute":"A10"}},{"type":"Feature","geometry":{"type":"Point","coordinates":[0.2849979,46.5575316]},"properties":{"type":"entree","autoroute":"A10"}},{"type":"Feature","geometry":{"type":"Point","coordinates":[0.152358,46.5109212]},"properties":{"type":"entree","autoroute":"A10"}},{"type":"Feature","geometry":{"type":"Point","coordinates":[0.1413676,46.5109436]},"properties":{"type":"entree","autoroute":"A10"}},{"type":"Feature","geometry":{"type":"Point","coordinates":[-0.0222414,46.4509337]},"properties":{"type":"entree","autoroute":"A10"}},{"type":"Feature","geometry":{"type":"Point","coordinates":[1.3464176,47.624743]},"properties":{"type":"entree","autoroute":"A10"}},{"type":"Feature","geometry":{"type":"Point","coordinates":[-0.1647895,47.8083813]},"properties":{"type":"entree","autoroute":"A11"}},{"type":"Feature","geometry":{"type":"Point","coordinates":[2.8200058,45.8347159]},"properties":{"type":"entree","autoroute":"A89"}},{"type":"Feature","geometry":{"type":"Point","coordinates":[4.7848702,45.5878746]},"properties":{"type":"entree","autoroute":"A47"}},{"type":"Feature","geometry":{"type":"Point","coordinates":[4.8333642,45.4797661]},"properties":{"type":"entree","autoroute":"A7"}},{"type":"Feature","geometry":{"type":"Point","coordinates":[5.0335089,47.2596033]},"properties":{"type":"entree","autoroute":"A311"}},{"type":"Feature","geometry":{"type":"Point","coordinates":[-0.2647467,46.3617209]},"properties":{"type":"entree","autoroute":"A10"}},{"type":"Feature","geometry":{"type":"Point","coordinates":[-0.1172922,46.4154418]},"properties":{"type":"entree","autoroute":"A10"}},{"type":"Feature","geometry":{"type":"Point","coordinates":[-0.1253869,46.4139557]},"properties":{"type":"entree","autoroute":"A10"}},{"type":"Feature","geometry":{"type":"Point","coordinates":[-0.0097333,46.4542741]},"properties":{"type":"entree","autoroute":"A10"}},{"type":"Feature","geometry":{"type":"Point","coordinates":[-0.445705,46.2259745]},"properties":{"type":"entree","autoroute":"A10"}},{"type":"Feature","geometry":{"type":"Point","coordinates":[1.179804,49.2055381]},"properties":{"type":"entree","autoroute":"A154"}},{"type":"Feature","geometry":{"type":"Point","coordinates":[2.9830008,50.4280187]},"properties":{"type":"entree","autoroute":"A21"}},{"type":"Feature","geometry":{"type":"Point","coordinates":[1.5192112,44.3981586]},"properties":{"type":"entree","autoroute":"A20"}},{"type":"Feature","geometry":{"type":"Point","coordinates":[1.5240486,44.404721]},"properties":{"type":"entree","autoroute":"A20"}},{"type":"Feature","geometry":{"type":"Point","coordinates":[0.5892623,47.1030278]},"properties":{"type":"entree","autoroute":"A10"}},{"type":"Feature","geometry":{"type":"Point","coordinates":[-1.3280521,48.4651636]},"properties":{"type":"entree","autoroute":"A84"}},{"type":"Feature","geometry":{"type":"Point","coordinates":[1.1390277,49.266454]},"properties":{"type":"entree","autoroute":"A13"}},{"type":"Feature","geometry":{"type":"Point","coordinates":[6.788839,43.5453063]},"properties":{"type":"entree","autoroute":"A8"}},{"type":"Feature","geometry":{"type":"Point","coordinates":[1.5337845,45.2494041]},"properties":{"type":"entree","autoroute":"A20"}},{"type":"Feature","geometry":{"type":"Point","coordinates":[-0.4011512,46.4163079]},"properties":{"type":"entree","autoroute":"A83"}},{"type":"Feature","geometry":{"type":"Point","coordinates":[-0.3946343,46.4129087]},"properties":{"type":"entree","autoroute":"A83"}},{"type":"Feature","geometry":{"type":"Point","coordinates":[3.4030419,50.4223087]},"properties":{"type":"entree","autoroute":"A23"}},{"type":"Feature","geometry":{"type":"Point","coordinates":[3.416526,50.4150396]},"properties":{"type":"entree","autoroute":"A23"}},{"type":"Feature","geometry":{"type":"Point","coordinates":[1.0784848,43.238826]},"properties":{"type":"entree","autoroute":"A64"}},{"type":"Feature","geometry":{"type":"Point","coordinates":[4.4034452,45.88782]},"properties":{"type":"entree","autoroute":"A89"}},{"type":"Feature","geometry":{"type":"Point","coordinates":[4.656515,45.8537504]},"properties":{"type":"entree","autoroute":"A89"}},{"type":"Feature","geometry":{"type":"Point","coordinates":[6.2224257,46.183197]},"properties":{"type":"entree","autoroute":"A411"}},{"type":"Feature","geometry":{"type":"Point","coordinates":[1.0090696,49.4817325]},"properties":{"type":"entree","autoroute":"A150"}},{"type":"Feature","geometry":{"type":"Point","coordinates":[2.196172,48.1147056]},"properties":{"type":"entree","autoroute":"A19"}},{"type":"Feature","geometry":{"type":"Point","coordinates":[2.2581453,48.7190179]},"properties":{"type":"entree","autoroute":"A126"}},{"type":"Feature","geometry":{"type":"Point","coordinates":[2.48308,48.8625522]},"properties":{"type":"entree","autoroute":"A86"}},{"type":"Feature","geometry":{"type":"Point","coordinates":[2.6738963,50.746319]},"properties":{"type":"entree","autoroute":"A25"}},{"type":"Feature","geometry":{"type":"Point","coordinates":[2.6798826,50.7422316]},"properties":{"type":"entree","autoroute":"A25"}},{"type":"Feature","geometry":{"type":"Point","coordinates":[2.2710108,45.5136928]},"properties":{"type":"entree","autoroute":"A89"}},{"type":"Feature","geometry":{"type":"Point","coordinates":[2.2637726,45.5158387]},"properties":{"type":"entree","autoroute":"A89"}},{"type":"Feature","geometry":{"type":"Point","coordinates":[2.0172742,45.411126]},"properties":{"type":"entree","autoroute":"A89"}},{"type":"Feature","geometry":{"type":"Point","coordinates":[2.0262142,45.4134107]},"properties":{"type":"entree","autoroute":"A89"}},{"type":"Feature","geometry":{"type":"Point","coordinates":[3.3513281,50.4440675]},"properties":{"type":"entree","autoroute":"A23"}},{"type":"Feature","geometry":{"type":"Point","coordinates":[2.7387613,50.7231697]},"properties":{"type":"entree","autoroute":"A25"}},{"type":"Feature","geometry":{"type":"Point","coordinates":[2.7492371,50.7202987]},"properties":{"type":"entree","autoroute":"A25"}},{"type":"Feature","geometry":{"type":"Point","coordinates":[4.9919918,47.1489835]},"properties":{"type":"entree","autoroute":"A31"}},{"type":"Feature","geometry":{"type":"Point","coordinates":[2.5745184,50.8363004]},"properties":{"type":"entree","autoroute":"A25"}},{"type":"Feature","geometry":{"type":"Point","coordinates":[2.5129406,50.8876756]},"properties":{"type":"entree","autoroute":"A25"}},{"type":"Feature","geometry":{"type":"Point","coordinates":[7.287001,43.7337832]},"properties":{"type":"entree","autoroute":"A8"}},{"type":"Feature","geometry":{"type":"Point","coordinates":[5.012522,47.2258208]},"properties":{"type":"entree","autoroute":"A31"}},{"type":"Feature","geometry":{"type":"Point","coordinates":[0.6453871,49.6302531]},"properties":{"type":"entree","autoroute":"A29"}},{"type":"Feature","geometry":{"type":"Point","coordinates":[0.6426201,49.6301273]},"properties":{"type":"entree","autoroute":"A29"}},{"type":"Feature","geometry":{"type":"Point","coordinates":[0.8452482,49.6522036]},"properties":{"type":"entree","autoroute":"A29"}},{"type":"Feature","geometry":{"type":"Point","coordinates":[0.8506865,49.6523288]},"properties":{"type":"entree","autoroute":"A29"}},{"type":"Feature","geometry":{"type":"Point","coordinates":[2.951763,43.0172865]},"properties":{"type":"entree","autoroute":"A9"}},{"type":"Feature","geometry":{"type":"Point","coordinates":[-0.8178833,46.4331208]},"properties":{"type":"entree","autoroute":"A83"}},{"type":"Feature","geometry":{"type":"Point","coordinates":[5.2587869,46.3086164]},"properties":{"type":"entree","autoroute":"A39"}},{"type":"Feature","geometry":{"type":"Point","coordinates":[5.2586388,46.308199]},"properties":{"type":"entree","autoroute":"A39"}},{"type":"Feature","geometry":{"type":"Point","coordinates":[3.6623472,50.4367108]},"properties":{"type":"entree","autoroute":"A2"}},{"type":"Feature","geometry":{"type":"Point","coordinates":[-0.0570732,48.7190069]},"properties":{"type":"entree","autoroute":"A88"}},{"type":"Feature","geometry":{"type":"Point","coordinates":[-0.1368467,48.8250069]},"properties":{"type":"entree","autoroute":"A88"}},{"type":"Feature","geometry":{"type":"Point","coordinates":[-0.0580787,48.7213957]},"properties":{"type":"entree","autoroute":"A88"}},{"type":"Feature","geometry":{"type":"Point","coordinates":[2.4194834,45.5860073]},"properties":{"type":"entree","autoroute":"A89"}},{"type":"Feature","geometry":{"type":"Point","coordinates":[1.1139161,43.2596282]},"properties":{"type":"entree","autoroute":"A64"}},{"type":"Feature","geometry":{"type":"Point","coordinates":[0.2214051,49.3679091]},"properties":{"type":"entree","autoroute":"A29"}},{"type":"Feature","geometry":{"type":"Point","coordinates":[1.4195047,49.0649653]},"properties":{"type":"entree","autoroute":"A13"}},{"type":"Feature","geometry":{"type":"Point","coordinates":[1.4253413,49.061866]},"properties":{"type":"entree","autoroute":"A13"}},{"type":"Feature","geometry":{"type":"Point","coordinates":[0.9248311,49.343221]},"properties":{"type":"entree","autoroute":"A13"}},{"type":"Feature","geometry":{"type":"Point","coordinates":[1.2752709,49.575354]},"properties":{"type":"entree","autoroute":"A28"}},{"type":"Feature","geometry":{"type":"Point","coordinates":[1.2742164,49.5699892]},"properties":{"type":"entree","autoroute":"A28"}},{"type":"Feature","geometry":{"type":"Point","coordinates":[6.8517427,49.1106359]},"properties":{"type":"entree","autoroute":"A4"}},{"type":"Feature","geometry":{"type":"Point","coordinates":[6.8537293,49.1093549]},"properties":{"type":"entree","autoroute":"A4"}},{"type":"Feature","geometry":{"type":"Point","coordinates":[3.1191541,44.3859695]},"properties":{"type":"entree","autoroute":"A75"}},{"type":"Feature","geometry":{"type":"Point","coordinates":[1.604772,46.725667]},"properties":{"type":"entree","autoroute":"A20"}},{"type":"Feature","geometry":{"type":"Point","coordinates":[1.5937445,46.713062]},"properties":{"type":"entree","autoroute":"A20"}},{"type":"Feature","geometry":{"type":"Point","coordinates":[3.9682404,49.2397268]},"properties":{"type":"entree","autoroute":"A4"}},{"type":"Feature","geometry":{"type":"Point","coordinates":[3.9607132,49.2504372]},"properties":{"type":"entree","autoroute":"A26"}},{"type":"Feature","geometry":{"type":"Point","coordinates":[4.0797651,49.2425726]},"properties":{"type":"entree","autoroute":"A34"}},{"type":"Feature","geometry":{"type":"Point","coordinates":[0.4404222,49.5827943]},"properties":{"type":"entree","autoroute":"A29"}},{"type":"Feature","geometry":{"type":"Point","coordinates":[1.2664044,49.6497403]},"properties":{"type":"entree","autoroute":"A28"}},{"type":"Feature","geometry":{"type":"Point","coordinates":[-0.4425211,43.3595359]},"properties":{"type":"entree","autoroute":"A65"}},{"type":"Feature","geometry":{"type":"Point","coordinates":[2.9838993,50.4254482]},"properties":{"type":"entree","autoroute":"A1"}},{"type":"Feature","geometry":{"type":"Point","coordinates":[7.3807082,47.7733323]},"properties":{"type":"entree","autoroute":"A36"}},{"type":"Feature","geometry":{"type":"Point","coordinates":[6.7165872,49.1359993]},"properties":{"type":"entree","autoroute":"A4"}},{"type":"Feature","geometry":{"type":"Point","coordinates":[3.2321957,50.4690177]},"properties":{"type":"entree","autoroute":"A23"}},{"type":"Feature","geometry":{"type":"Point","coordinates":[3.2241126,50.4734207]},"properties":{"type":"entree","autoroute":"A23"}},{"type":"Feature","geometry":{"type":"Point","coordinates":[0.2327951,43.1758344]},"properties":{"type":"entree","autoroute":"A64"}},{"type":"Feature","geometry":{"type":"Point","coordinates":[1.9754676,50.0722321]},"properties":{"type":"entree","autoroute":"A16"}},{"type":"Feature","geometry":{"type":"Point","coordinates":[2.2209766,49.8581499]},"properties":{"type":"entree","autoroute":"A16"}},{"type":"Feature","geometry":{"type":"Point","coordinates":[2.2315292,49.8954355]},"properties":{"type":"entree","autoroute":"A16"}},{"type":"Feature","geometry":{"type":"Point","coordinates":[4.0708232,49.2191854]},"properties":{"type":"entree","autoroute":"A34"}},{"type":"Feature","geometry":{"type":"Point","coordinates":[4.4268614,43.7583913]},"properties":{"type":"entree","autoroute":"A54"}},{"type":"Feature","geometry":{"type":"Point","coordinates":[4.0811168,49.2071083]},"properties":{"type":"entree","autoroute":"A4"}},{"type":"Feature","geometry":{"type":"Point","coordinates":[4.0131633,49.2058895]},"properties":{"type":"entree","autoroute":"A4"}},{"type":"Feature","geometry":{"type":"Point","coordinates":[1.3846585,47.661508]},"properties":{"type":"entree","autoroute":"A10"}},{"type":"Feature","geometry":{"type":"Point","coordinates":[6.8496441,49.1552744]},"properties":{"type":"entree","autoroute":"A320"}},{"type":"Feature","geometry":{"type":"Point","coordinates":[6.8114194,49.1404836]},"properties":{"type":"entree","autoroute":"A320"}},{"type":"Feature","geometry":{"type":"Point","coordinates":[-0.824325,47.137087]},"properties":{"type":"entree","autoroute":"A87"}},{"type":"Feature","geometry":{"type":"Point","coordinates":[6.9878128,47.4914787]},"properties":{"type":"entree","autoroute":"A16"}},{"type":"Feature","geometry":{"type":"Point","coordinates":[-1.431958,43.5379591]},"properties":{"type":"entree","autoroute":"A63"}},{"type":"Feature","geometry":{"type":"Point","coordinates":[5.1650755,47.0324386]},"properties":{"type":"entree","autoroute":"A36"}},{"type":"Feature","geometry":{"type":"Point","coordinates":[3.2965813,49.80845]},"properties":{"type":"entree","autoroute":"A26"}},{"type":"Feature","geometry":{"type":"Point","coordinates":[5.325828,46.048033]},"properties":{"type":"entree","autoroute":"A42"}},{"type":"Feature","geometry":{"type":"Point","coordinates":[0.1723042,48.1941229]},"properties":{"type":"entree","autoroute":"A28"}},{"type":"Feature","geometry":{"type":"Point","coordinates":[0.3041636,48.7731034]},"properties":{"type":"entree","autoroute":"A28"}},{"type":"Feature","geometry":{"type":"Point","coordinates":[-1.0772908,46.5357195]},"properties":{"type":"entree","autoroute":"A83"}},{"type":"Feature","geometry":{"type":"Point","coordinates":[-0.4553378,43.3570831]},"properties":{"type":"entree","autoroute":"A64"}},{"type":"Feature","geometry":{"type":"Point","coordinates":[-0.4330043,43.348659]},"properties":{"type":"entree","autoroute":"A64"}},{"type":"Feature","geometry":{"type":"Point","coordinates":[-0.3170382,43.467846]},"properties":{"type":"entree","autoroute":"A65"}},{"type":"Feature","geometry":{"type":"Point","coordinates":[6.8969597,49.1766651]},"properties":{"type":"entree","autoroute":"A320"}},{"type":"Feature","geometry":{"type":"Point","coordinates":[5.857556,48.2986118]},"properties":{"type":"entree","autoroute":"A31"}},{"type":"Feature","geometry":{"type":"Point","coordinates":[5.2878075,47.9307895]},"properties":{"type":"entree","autoroute":"A31"}},{"type":"Feature","geometry":{"type":"Point","coordinates":[5.1646829,47.3408582]},"properties":{"type":"entree","autoroute":"A31"}},{"type":"Feature","geometry":{"type":"Point","coordinates":[0.6915327,47.3254683]},"properties":{"type":"entree","autoroute":"A10"}},{"type":"Feature","geometry":{"type":"Point","coordinates":[5.3607415,43.3643714]},"properties":{"type":"entree","autoroute":"A7"}},{"type":"Feature","geometry":{"type":"Point","coordinates":[2.981431,50.4806644]},"properties":{"type":"entree","autoroute":"A1"}},{"type":"Feature","geometry":{"type":"Point","coordinates":[2.9748119,50.4626216]},"properties":{"type":"entree","autoroute":"A1"}},{"type":"Feature","geometry":{"type":"Point","coordinates":[2.9731771,50.4591161]},"properties":{"type":"entree","autoroute":"A1"}},{"type":"Feature","geometry":{"type":"Point","coordinates":[5.981766,49.35979]},"properties":{"type":"entree","autoroute":"A30"}},{"type":"Feature","geometry":{"type":"Point","coordinates":[3.4274067,43.4490626]},"properties":{"type":"entree","autoroute":"A75"}},{"type":"Feature","geometry":{"type":"Point","coordinates":[3.9504715,49.2476646]},"properties":{"type":"entree","autoroute":"A4"}},{"type":"Feature","geometry":{"type":"Point","coordinates":[2.5636301,49.134664]},"properties":{"type":"entree","autoroute":"A1"}},{"type":"Feature","geometry":{"type":"Point","coordinates":[-0.3900395,43.9510033]},"properties":{"type":"entree","autoroute":"A65"}},{"type":"Feature","geometry":{"type":"Point","coordinates":[1.5064377,47.7309108]},"properties":{"type":"entree","autoroute":"A10"}},{"type":"Feature","geometry":{"type":"Point","coordinates":[3.7631861,47.7175804]},"properties":{"type":"entree","autoroute":"A6"}},{"type":"Feature","geometry":{"type":"Point","coordinates":[3.5011297,47.8652317]},"properties":{"type":"entree","autoroute":"A6"}},{"type":"Feature","geometry":{"type":"Point","coordinates":[3.0963875,48.05624]},"properties":{"type":"entree","autoroute":"A6"}},{"type":"Feature","geometry":{"type":"Point","coordinates":[1.8512078,48.106618]},"properties":{"type":"entree","autoroute":"A10"}},{"type":"Feature","geometry":{"type":"Point","coordinates":[1.8509125,48.1115596]},"properties":{"type":"entree","autoroute":"A10"}},{"type":"Feature","geometry":{"type":"Point","coordinates":[4.7491345,49.7358356]},"properties":{"type":"entree","autoroute":"A34"}},{"type":"Feature","geometry":{"type":"Point","coordinates":[4.7456511,49.7355189]},"properties":{"type":"entree","autoroute":"A34"}},{"type":"Feature","geometry":{"type":"Point","coordinates":[4.7548206,49.7364759]},"properties":{"type":"entree","autoroute":"A34"}},{"type":"Feature","geometry":{"type":"Point","coordinates":[1.8405139,48.0287258]},"properties":{"type":"entree","autoroute":"A10"}},{"type":"Feature","geometry":{"type":"Point","coordinates":[1.6664923,47.8342513]},"properties":{"type":"entree","autoroute":"A10"}},{"type":"Feature","geometry":{"type":"Point","coordinates":[1.3479449,47.6255795]},"properties":{"type":"entree","autoroute":"A10"}},{"type":"Feature","geometry":{"type":"Point","coordinates":[6.1021504,46.1337721]},"properties":{"type":"entree","autoroute":"A40"}},{"type":"Feature","geometry":{"type":"Point","coordinates":[0.9870355,47.546384]},"properties":{"type":"entree","autoroute":"A10"}},{"type":"Feature","geometry":{"type":"Point","coordinates":[4.7126246,49.7261618]},"properties":{"type":"entree","autoroute":"A34"}},{"type":"Feature","geometry":{"type":"Point","coordinates":[6.2249391,46.182726]},"properties":{"type":"entree","autoroute":"A411"}},{"type":"Feature","geometry":{"type":"Point","coordinates":[0.5220544,46.9046188]},"properties":{"type":"entree","autoroute":"A10"}},{"type":"Feature","geometry":{"type":"Point","coordinates":[-0.9031334,44.6293892]},"properties":{"type":"entree","autoroute":"A660"}},{"type":"Feature","geometry":{"type":"Point","coordinates":[-0.9476332,44.6286277]},"properties":{"type":"entree","autoroute":"A660"}},{"type":"Feature","geometry":{"type":"Point","coordinates":[0.7594759,43.1251469]},"properties":{"type":"entree","autoroute":"A64"}},{"type":"Feature","geometry":{"type":"Point","coordinates":[0.9422155,43.1287028]},"properties":{"type":"entree","autoroute":"A64"}},{"type":"Feature","geometry":{"type":"Point","coordinates":[0.9020335,43.1176628]},"properties":{"type":"entree","autoroute":"A64"}},{"type":"Feature","geometry":{"type":"Point","coordinates":[0.3885653,43.1005851]},"properties":{"type":"entree","autoroute":"A64"}},{"type":"Feature","geometry":{"type":"Point","coordinates":[-0.2973765,46.3461653]},"properties":{"type":"entree","autoroute":"A10"}},{"type":"Feature","geometry":{"type":"Point","coordinates":[0.9955794,49.4979149]},"properties":{"type":"entree","autoroute":"A150"}},{"type":"Feature","geometry":{"type":"Point","coordinates":[-0.6602928,46.390964]},"properties":{"type":"entree","autoroute":"A83"}},{"type":"Feature","geometry":{"type":"Point","coordinates":[4.5039439,49.5967452]},"properties":{"type":"entree","autoroute":"A34"}},{"type":"Feature","geometry":{"type":"Point","coordinates":[-0.884781,46.4604672]},"properties":{"type":"entree","autoroute":"A83"}},{"type":"Feature","geometry":{"type":"Point","coordinates":[5.1297182,43.6258123]},"properties":{"type":"entree","autoroute":"A7"}},{"type":"Feature","geometry":{"type":"Point","coordinates":[4.1221928,45.8228957]},"properties":{"type":"entree","autoroute":"A89"}},{"type":"Feature","geometry":{"type":"Point","coordinates":[3.6277816,45.8808917]},"properties":{"type":"entree","autoroute":"A89"}},{"type":"Feature","geometry":{"type":"Point","coordinates":[3.5747773,45.8827289]},"properties":{"type":"entree","autoroute":"A89"}},{"type":"Feature","geometry":{"type":"Point","coordinates":[-1.081044,46.5394159]},"properties":{"type":"entree","autoroute":"A83"}},{"type":"Feature","geometry":{"type":"Point","coordinates":[-1.110144,46.5680051]},"properties":{"type":"entree","autoroute":"A83"}},{"type":"Feature","geometry":{"type":"Point","coordinates":[-1.1152031,46.5759153]},"properties":{"type":"entree","autoroute":"A83"}},{"type":"Feature","geometry":{"type":"Point","coordinates":[3.2903624,48.2629708]},"properties":{"type":"entree","autoroute":"A19"}},{"type":"Feature","geometry":{"type":"Point","coordinates":[6.2893056,46.069484]},"properties":{"type":"entree","autoroute":"A410"}},{"type":"Feature","geometry":{"type":"Point","coordinates":[-1.4015732,46.6341822]},"properties":{"type":"entree","autoroute":"A87"}},{"type":"Feature","geometry":{"type":"Point","coordinates":[-1.5189472,46.6435077]},"properties":{"type":"entree","autoroute":"A87"}},{"type":"Feature","geometry":{"type":"Point","coordinates":[1.3216408,43.9395499]},"properties":{"type":"entree","autoroute":"A20"}},{"type":"Feature","geometry":{"type":"Point","coordinates":[-1.3435636,48.5307009]},"properties":{"type":"entree","autoroute":"A84"}},{"type":"Feature","geometry":{"type":"Point","coordinates":[2.9572619,43.1178929]},"properties":{"type":"entree","autoroute":"A9"}},{"type":"Feature","geometry":{"type":"Point","coordinates":[2.9525006,43.0267234]},"properties":{"type":"entree","autoroute":"A9"}},{"type":"Feature","geometry":{"type":"Point","coordinates":[-0.6732599,44.8181384]},"properties":{"type":"entree","autoroute":"A630"}},{"type":"Feature","geometry":{"type":"Point","coordinates":[-0.2743653,43.7187371]},"properties":{"type":"entree","autoroute":"A65"}},{"type":"Feature","geometry":{"type":"Point","coordinates":[4.8306452,49.7262121]},"properties":{"type":"entree","autoroute":"A34"}},{"type":"Feature","geometry":{"type":"Point","coordinates":[4.8863929,49.7124525]},"properties":{"type":"entree","autoroute":"A34"}},{"type":"Feature","geometry":{"type":"Point","coordinates":[6.144908,48.7785057]},"properties":{"type":"entree","autoroute":"A31"}},{"type":"Feature","geometry":{"type":"Point","coordinates":[4.8789699,49.7155958]},"properties":{"type":"entree","autoroute":"A34"}},{"type":"Feature","geometry":{"type":"Point","coordinates":[5.3907859,43.4290948]},"properties":{"type":"entree","autoroute":"A515"}},{"type":"Feature","geometry":{"type":"Point","coordinates":[5.3372642,43.3656901]},"properties":{"type":"entree","autoroute":"A55"}},{"type":"Feature","geometry":{"type":"Point","coordinates":[5.3418762,43.3621687]},"properties":{"type":"entree","autoroute":"A55"}},{"type":"Feature","geometry":{"type":"Point","coordinates":[1.8108462,50.1381468]},"properties":{"type":"entree","autoroute":"A16"}},{"type":"Feature","geometry":{"type":"Point","coordinates":[1.8014963,50.1292603]},"properties":{"type":"entree","autoroute":"A28"}},{"type":"Feature","geometry":{"type":"Point","coordinates":[1.8089319,50.1395429]},"properties":{"type":"entree","autoroute":"A16"}},{"type":"Feature","geometry":{"type":"Point","coordinates":[6.4103935,49.1369957]},"properties":{"type":"entree","autoroute":"A4"}},{"type":"Feature","geometry":{"type":"Point","coordinates":[6.8963518,49.1765129]},"properties":{"type":"entree","autoroute":"A320"}},{"type":"Feature","geometry":{"type":"Point","coordinates":[0.5991948,49.389787]},"properties":{"type":"entree","autoroute":"A131"}},{"type":"Feature","geometry":{"type":"Point","coordinates":[3.1714096,44.9991838]},"properties":{"type":"entree","autoroute":"A75"}},{"type":"Feature","geometry":{"type":"Point","coordinates":[0.8007283,45.146638]},"properties":{"type":"entree","autoroute":"A89"}},{"type":"Feature","geometry":{"type":"Point","coordinates":[3.1392962,45.1135422]},"properties":{"type":"entree","autoroute":"A75"}},{"type":"Feature","geometry":{"type":"Point","coordinates":[1.4794972,45.1647896]},"properties":{"type":"entree","autoroute":"A20"}},{"type":"Feature","geometry":{"type":"Point","coordinates":[2.4597693,50.5507641]},"properties":{"type":"entree","autoroute":"A26"}},{"type":"Feature","geometry":{"type":"Point","coordinates":[2.4664166,50.5478985]},"properties":{"type":"entree","autoroute":"A26"}},{"type":"Feature","geometry":{"type":"Point","coordinates":[2.5453158,50.5372097]},"properties":{"type":"entree","autoroute":"A26"}},{"type":"Feature","geometry":{"type":"Point","coordinates":[7.3946058,43.7530406]},"properties":{"type":"entree","autoroute":"A8"}},{"type":"Feature","geometry":{"type":"Point","coordinates":[3.1281875,50.1451019]},"properties":{"type":"entree","autoroute":"A2"}},{"type":"Feature","geometry":{"type":"Point","coordinates":[3.1432742,47.0353804]},"properties":{"type":"entree","autoroute":"A77"}},{"type":"Feature","geometry":{"type":"Point","coordinates":[5.0235085,45.8343491]},"properties":{"type":"entree","autoroute":"A432"}},{"type":"Feature","geometry":{"type":"Point","coordinates":[5.3246194,47.1890927]},"properties":{"type":"entree","autoroute":"A39"}},{"type":"Feature","geometry":{"type":"Point","coordinates":[-0.2435283,44.4470168]},"properties":{"type":"entree","autoroute":"A65"}},{"type":"Feature","geometry":{"type":"Point","coordinates":[2.1615298,48.7820315]},"properties":{"type":"entree","autoroute":"A86"}},{"type":"Feature","geometry":{"type":"Point","coordinates":[6.1425618,49.3508761]},"properties":{"type":"entree","autoroute":"A31"}},{"type":"Feature","geometry":{"type":"Point","coordinates":[6.1150702,49.3458131]},"properties":{"type":"entree","autoroute":"A31"}},{"type":"Feature","geometry":{"type":"Point","coordinates":[1.1355897,49.2699228]},"properties":{"type":"entree","autoroute":"A13"}},{"type":"Feature","geometry":{"type":"Point","coordinates":[1.4893864,46.4492516]},"properties":{"type":"entree","autoroute":"A20"}},{"type":"Feature","geometry":{"type":"Point","coordinates":[0.1676078,47.256807]},"properties":{"type":"entree","autoroute":"A85"}},{"type":"Feature","geometry":{"type":"Point","coordinates":[0.3257428,47.9559767]},"properties":{"type":"entree","autoroute":"A28"}},{"type":"Feature","geometry":{"type":"Point","coordinates":[-0.6130353,45.510018]},"properties":{"type":"entree","autoroute":"A10"}},{"type":"Feature","geometry":{"type":"Point","coordinates":[5.3203141,43.4055103]},"properties":{"type":"entree","autoroute":"A7"}},{"type":"Feature","geometry":{"type":"Point","coordinates":[1.3769457,46.1618276]},"properties":{"type":"entree","autoroute":"A20"}},{"type":"Feature","geometry":{"type":"Point","coordinates":[1.3766102,46.1568749]},"properties":{"type":"entree","autoroute":"A20"}},{"type":"Feature","geometry":{"type":"Point","coordinates":[2.0072935,50.9323754]},"properties":{"type":"entree","autoroute":"A16"}},{"type":"Feature","geometry":{"type":"Point","coordinates":[3.5468296,50.3363335]},"properties":{"type":"entree","autoroute":"A2"}},{"type":"Feature","geometry":{"type":"Point","coordinates":[0.140001,47.2605903]},"properties":{"type":"entree","autoroute":"A85"}},{"type":"Feature","geometry":{"type":"Point","coordinates":[0.0757036,48.6605023]},"properties":{"type":"entree","autoroute":"A88"}},{"type":"Feature","geometry":{"type":"Point","coordinates":[-1.0371029,48.0828165]},"properties":{"type":"entree","autoroute":"A81"}},{"type":"Feature","geometry":{"type":"Point","coordinates":[0.5831597,49.1416377]},"properties":{"type":"entree","autoroute":"A28"}},{"type":"Feature","geometry":{"type":"Point","coordinates":[2.0201371,50.8631817]},"properties":{"type":"entree","autoroute":"A26"}},{"type":"Feature","geometry":{"type":"Point","coordinates":[2.0367224,50.8453585]},"properties":{"type":"entree","autoroute":"A26"}},{"type":"Feature","geometry":{"type":"Point","coordinates":[3.1118944,50.6838649]},"properties":{"type":"entree","autoroute":"A22"}},{"type":"Feature","geometry":{"type":"Point","coordinates":[5.5060796,46.9822937]},"properties":{"type":"entree","autoroute":"A39"}},{"type":"Feature","geometry":{"type":"Point","coordinates":[5.2522765,47.2416222]},"properties":{"type":"entree","autoroute":"A39"}},{"type":"Feature","geometry":{"type":"Point","coordinates":[5.5794594,46.8659753]},"properties":{"type":"entree","autoroute":"A39"}},{"type":"Feature","geometry":{"type":"Point","coordinates":[5.340826,47.1761133]},"properties":{"type":"entree","autoroute":"A39"}},{"type":"Feature","geometry":{"type":"Point","coordinates":[5.1720871,47.3145993]},"properties":{"type":"entree","autoroute":"A31"}},{"type":"Feature","geometry":{"type":"Point","coordinates":[4.1795567,48.2294452]},"properties":{"type":"entree","autoroute":"A26"}},{"type":"Feature","geometry":{"type":"Point","coordinates":[5.2102922,47.580357]},"properties":{"type":"entree","autoroute":"A31"}},{"type":"Feature","geometry":{"type":"Point","coordinates":[5.1438461,47.9681467]},"properties":{"type":"entree","autoroute":"A5"}},{"type":"Feature","geometry":{"type":"Point","coordinates":[5.1810265,47.685364]},"properties":{"type":"entree","autoroute":"A31"}},{"type":"Feature","geometry":{"type":"Point","coordinates":[0.11162,48.3967954]},"properties":{"type":"entree","autoroute":"A28"}},{"type":"Feature","geometry":{"type":"Point","coordinates":[0.1093467,48.3939521]},"properties":{"type":"entree","autoroute":"A28"}},{"type":"Feature","geometry":{"type":"Point","coordinates":[0.163471,48.2464345]},"properties":{"type":"entree","autoroute":"A28"}},{"type":"Feature","geometry":{"type":"Point","coordinates":[2.5505724,49.1024633]},"properties":{"type":"entree","autoroute":"A1"}},{"type":"Feature","geometry":{"type":"Point","coordinates":[1.6418702,50.5791122]},"properties":{"type":"entree","autoroute":"A16"}},{"type":"Feature","geometry":{"type":"Point","coordinates":[2.7011015,50.4433624]},"properties":{"type":"entree","autoroute":"A26"}},{"type":"Feature","geometry":{"type":"Point","coordinates":[5.3544603,43.331072]},"properties":{"type":"entree","autoroute":"A55"}},{"type":"Feature","geometry":{"type":"Point","coordinates":[5.3579165,43.3276103]},"properties":{"type":"entree","autoroute":"A55"}},{"type":"Feature","geometry":{"type":"Point","coordinates":[-1.4447879,43.4780481]},"properties":{"type":"entree","autoroute":"A64"}},{"type":"Feature","geometry":{"type":"Point","coordinates":[2.7787365,49.7239611]},"properties":{"type":"entree","autoroute":"A1"}},{"type":"Feature","geometry":{"type":"Point","coordinates":[-0.3908141,43.9477459]},"properties":{"type":"entree","autoroute":"A65"}},{"type":"Feature","geometry":{"type":"Point","coordinates":[-0.3359343,44.0468793]},"properties":{"type":"entree","autoroute":"A65"}},{"type":"Feature","geometry":{"type":"Point","coordinates":[-0.3390278,44.0444245]},"properties":{"type":"entree","autoroute":"A65"}},{"type":"Feature","geometry":{"type":"Point","coordinates":[-0.2320687,44.2833905]},"properties":{"type":"entree","autoroute":"A65"}},{"type":"Feature","geometry":{"type":"Point","coordinates":[-1.3234164,48.4416134]},"properties":{"type":"entree","autoroute":"A84"}},{"type":"Feature","geometry":{"type":"Point","coordinates":[7.5674169,47.5727642]},"properties":{"type":"entree","autoroute":"A3"}},{"type":"Feature","geometry":{"type":"Point","coordinates":[1.2657064,49.6446642]},"properties":{"type":"entree","autoroute":"A28"}},{"type":"Feature","geometry":{"type":"Point","coordinates":[0.6919119,49.371666]},"properties":{"type":"entree","autoroute":"A13"}},{"type":"Feature","geometry":{"type":"Point","coordinates":[-1.2032259,43.8013838]},"properties":{"type":"entree","autoroute":"A63"}},{"type":"Feature","geometry":{"type":"Point","coordinates":[-1.2009865,43.804288]},"properties":{"type":"entree","autoroute":"A63"}},{"type":"Feature","geometry":{"type":"Point","coordinates":[5.5054273,43.287153]},"properties":{"type":"entree","autoroute":"A50"}},{"type":"Feature","geometry":{"type":"Point","coordinates":[3.2466552,45.4745304]},"properties":{"type":"entree","autoroute":"A75"}},{"type":"Feature","geometry":{"type":"Point","coordinates":[2.7660097,48.0619538]},"properties":{"type":"entree","autoroute":"A19"}},{"type":"Feature","geometry":{"type":"Point","coordinates":[2.7700116,48.0624146]},"properties":{"type":"entree","autoroute":"A19"}},{"type":"Feature","geometry":{"type":"Point","coordinates":[3.2023801,44.9336307]},"properties":{"type":"entree","autoroute":"A75"}},{"type":"Feature","geometry":{"type":"Point","coordinates":[2.5818259,48.607562]},"properties":{"type":"entree","autoroute":"A5A"}},{"type":"Feature","geometry":{"type":"Point","coordinates":[-0.5075169,47.4329708]},"properties":{"type":"entree","autoroute":"A87"}},{"type":"Feature","geometry":{"type":"Point","coordinates":[3.1433178,45.1476346]},"properties":{"type":"entree","autoroute":"A75"}},{"type":"Feature","geometry":{"type":"Point","coordinates":[-1.1419636,43.8706176]},"properties":{"type":"entree","autoroute":"A63"}},{"type":"Feature","geometry":{"type":"Point","coordinates":[2.0945221,49.2484593]},"properties":{"type":"entree","autoroute":"A16"}},{"type":"Feature","geometry":{"type":"Point","coordinates":[3.4106892,43.4454429]},"properties":{"type":"entree","autoroute":"A75"}},{"type":"Feature","geometry":{"type":"Point","coordinates":[5.0830625,45.6937562]},"properties":{"type":"entree","autoroute":"A432"}},{"type":"Feature","geometry":{"type":"Point","coordinates":[-1.5497056,43.4480943]},"properties":{"type":"entree","autoroute":"A63"}},{"type":"Feature","geometry":{"type":"Point","coordinates":[-1.5580437,43.4487098]},"properties":{"type":"entree","autoroute":"A63"}},{"type":"Feature","geometry":{"type":"Point","coordinates":[-1.5000462,43.460885]},"properties":{"type":"entree","autoroute":"A63"}},{"type":"Feature","geometry":{"type":"Point","coordinates":[-1.5027346,43.4612351]},"properties":{"type":"entree","autoroute":"A63"}},{"type":"Feature","geometry":{"type":"Point","coordinates":[1.7688368,47.3210364]},"properties":{"type":"entree","autoroute":"A85"}},{"type":"Feature","geometry":{"type":"Point","coordinates":[-0.5400772,44.7928052]},"properties":{"type":"entree","autoroute":"A630"}},{"type":"Feature","geometry":{"type":"Point","coordinates":[-1.329174,43.4505842]},"properties":{"type":"entree","autoroute":"A64"}},{"type":"Feature","geometry":{"type":"Point","coordinates":[-1.2886713,43.4640583]},"properties":{"type":"entree","autoroute":"A64"}},{"type":"Feature","geometry":{"type":"Point","coordinates":[-1.2847137,43.4692735]},"properties":{"type":"entree","autoroute":"A64"}},{"type":"Feature","geometry":{"type":"Point","coordinates":[2.2136234,43.219603]},"properties":{"type":"entree","autoroute":"A61"}},{"type":"Feature","geometry":{"type":"Point","coordinates":[-0.6091408,45.4446853]},"properties":{"type":"entree","autoroute":"A10"}},{"type":"Feature","geometry":{"type":"Point","coordinates":[-0.6063005,45.4385809]},"properties":{"type":"entree","autoroute":"A10"}},{"type":"Feature","geometry":{"type":"Point","coordinates":[1.4184144,43.6151399]},"properties":{"type":"entree","autoroute":"A620"}},{"type":"Feature","geometry":{"type":"Point","coordinates":[4.6865394,45.8238531]},"properties":{"type":"entree","autoroute":"A89"}},{"type":"Feature","geometry":{"type":"Point","coordinates":[4.6857358,45.8260525]},"properties":{"type":"entree","autoroute":"A89"}},{"type":"Feature","geometry":{"type":"Point","coordinates":[4.6735319,45.8462471]},"properties":{"type":"entree","autoroute":"A89"}},{"type":"Feature","geometry":{"type":"Point","coordinates":[4.6570789,45.855137]},"properties":{"type":"entree","autoroute":"ARB"}},{"type":"Feature","geometry":{"type":"Point","coordinates":[1.9403522,48.5574229]},"properties":{"type":"entree","autoroute":"A10"}},{"type":"Feature","geometry":{"type":"Point","coordinates":[1.3933899,43.606132]},"properties":{"type":"entree","autoroute":"A624"}},{"type":"Feature","geometry":{"type":"Point","coordinates":[-1.0020212,44.0830127]},"properties":{"type":"entree","autoroute":"A63"}},{"type":"Feature","geometry":{"type":"Point","coordinates":[1.6708374,47.3403157]},"properties":{"type":"entree","autoroute":"A85"}},{"type":"Feature","geometry":{"type":"Point","coordinates":[0.8863133,49.6561484]},"properties":{"type":"entree","autoroute":"A29"}},{"type":"Feature","geometry":{"type":"Point","coordinates":[4.1626666,49.1762769]},"properties":{"type":"entree","autoroute":"A4"}},{"type":"Feature","geometry":{"type":"Point","coordinates":[6.1449511,48.6452404]},"properties":{"type":"entree","autoroute":"A33"}},{"type":"Feature","geometry":{"type":"Point","coordinates":[5.9200651,48.6735821]},"properties":{"type":"entree","autoroute":"A31"}},{"type":"Feature","geometry":{"type":"Point","coordinates":[5.92201,48.6760406]},"properties":{"type":"entree","autoroute":"A31"}},{"type":"Feature","geometry":{"type":"Point","coordinates":[5.9318834,48.6798782]},"properties":{"type":"entree","autoroute":"A31"}},{"type":"Feature","geometry":{"type":"Point","coordinates":[5.9408319,48.6809675]},"properties":{"type":"entree","autoroute":"A31"}},{"type":"Feature","geometry":{"type":"Point","coordinates":[6.3620806,48.6045057]},"properties":{"type":"entree","autoroute":"A33"}},{"type":"Feature","geometry":{"type":"Point","coordinates":[7.7358506,48.6737144]},"properties":{"type":"entree","autoroute":"A4"}},{"type":"Feature","geometry":{"type":"Point","coordinates":[5.9109124,48.5036049]},"properties":{"type":"entree","autoroute":"A31"}},{"type":"Feature","geometry":{"type":"Point","coordinates":[-0.567432,49.129768]},"properties":{"type":"entree","autoroute":"A84"}},{"type":"Feature","geometry":{"type":"Point","coordinates":[2.8510528,50.4303037]},"properties":{"type":"entree","autoroute":"A21"}},{"type":"Feature","geometry":{"type":"Point","coordinates":[2.8509034,50.431255]},"properties":{"type":"entree","autoroute":"A211"}},{"type":"Feature","geometry":{"type":"Point","coordinates":[5.0340483,45.825759]},"properties":{"type":"entree","autoroute":"A432"}},{"type":"Feature","geometry":{"type":"Point","coordinates":[1.3539203,47.3052332]},"properties":{"type":"entree","autoroute":"A85"}},{"type":"Feature","geometry":{"type":"Point","coordinates":[1.6967616,50.3752459]},"properties":{"type":"entree","autoroute":"A16"}},{"type":"Feature","geometry":{"type":"Point","coordinates":[6.069054,43.2217641]},"properties":{"type":"entree","autoroute":"A57"}},{"type":"Feature","geometry":{"type":"Point","coordinates":[2.7296354,48.0571799]},"properties":{"type":"entree","autoroute":"A19"}},{"type":"Feature","geometry":{"type":"Point","coordinates":[-0.2579033,43.3117612]},"properties":{"type":"entree","autoroute":"A64"}},{"type":"Feature","geometry":{"type":"Point","coordinates":[5.0816887,45.0237753]},"properties":{"type":"entree","autoroute":"A49"}},{"type":"Feature","geometry":{"type":"Point","coordinates":[6.2621677,47.344611]},"properties":{"type":"entree","autoroute":"A36"}},{"type":"Feature","geometry":{"type":"Point","coordinates":[5.8844831,48.6253861]},"properties":{"type":"entree","autoroute":"A31"}},{"type":"Feature","geometry":{"type":"Point","coordinates":[1.7243868,46.8824398]},"properties":{"type":"entree","autoroute":"A20"}},{"type":"Feature","geometry":{"type":"Point","coordinates":[5.2345442,47.9189598]},"properties":{"type":"entree","autoroute":"A31"}},{"type":"Feature","geometry":{"type":"Point","coordinates":[5.2238374,47.8096628]},"properties":{"type":"entree","autoroute":"A31"}},{"type":"Feature","geometry":{"type":"Point","coordinates":[1.7795245,48.5146486]},"properties":{"type":"entree","autoroute":"A11"}},{"type":"Feature","geometry":{"type":"Point","coordinates":[5.1628412,47.3514319]},"properties":{"type":"entree","autoroute":"A31"}},{"type":"Feature","geometry":{"type":"Point","coordinates":[2.9047915,50.3187211]},"properties":{"type":"entree","autoroute":"A1"}},{"type":"Feature","geometry":{"type":"Point","coordinates":[2.0503767,47.3522845]},"properties":{"type":"entree","autoroute":"A71"}},{"type":"Feature","geometry":{"type":"Point","coordinates":[3.0012253,50.4271073]},"properties":{"type":"entree","autoroute":"A21"}},{"type":"Feature","geometry":{"type":"Point","coordinates":[4.9755686,47.3342122]},"properties":{"type":"entree","autoroute":"A38"}},{"type":"Feature","geometry":{"type":"Point","coordinates":[0.4684922,43.1059276]},"properties":{"type":"entree","autoroute":"A64"}},{"type":"Feature","geometry":{"type":"Point","coordinates":[0.2567121,49.3904667]},"properties":{"type":"entree","autoroute":"A29"}},{"type":"Feature","geometry":{"type":"Point","coordinates":[2.857366,49.963837]},"properties":{"type":"entree","autoroute":"A1"}},{"type":"Feature","geometry":{"type":"Point","coordinates":[1.4971811,43.5497171]},"properties":{"type":"entree","autoroute":"A620"}},{"type":"Feature","geometry":{"type":"Point","coordinates":[1.4976291,43.5494635]},"properties":{"type":"entree","autoroute":"A61"}},{"type":"Feature","geometry":{"type":"Point","coordinates":[1.6739787,50.786472]},"properties":{"type":"entree","autoroute":"A16"}},{"type":"Feature","geometry":{"type":"Point","coordinates":[1.7607576,50.1662192]},"properties":{"type":"entree","autoroute":"A16"}},{"type":"Feature","geometry":{"type":"Point","coordinates":[1.755991,50.1701022]},"properties":{"type":"entree","autoroute":"A16"}},{"type":"Feature","geometry":{"type":"Point","coordinates":[1.7083981,50.0135369]},"properties":{"type":"entree","autoroute":"A28"}},{"type":"Feature","geometry":{"type":"Point","coordinates":[1.696334,49.7560762]},"properties":{"type":"entree","autoroute":"A29"}},{"type":"Feature","geometry":{"type":"Point","coordinates":[1.7075459,49.7639592]},"properties":{"type":"entree","autoroute":"A29"}},{"type":"Feature","geometry":{"type":"Point","coordinates":[1.5813298,43.4620941]},"properties":{"type":"entree","autoroute":"A61"}},{"type":"Feature","geometry":{"type":"Point","coordinates":[1.4846662,49.7604654]},"properties":{"type":"entree","autoroute":"A28"}},{"type":"Feature","geometry":{"type":"Point","coordinates":[1.5092669,49.8094021]},"properties":{"type":"entree","autoroute":"A28"}},{"type":"Feature","geometry":{"type":"Point","coordinates":[1.5139278,49.8173731]},"properties":{"type":"entree","autoroute":"A28"}},{"type":"Feature","geometry":{"type":"Point","coordinates":[1.523811,49.828378]},"properties":{"type":"entree","autoroute":"A28"}},{"type":"Feature","geometry":{"type":"Point","coordinates":[1.5282191,49.8342777]},"properties":{"type":"entree","autoroute":"A28"}},{"type":"Feature","geometry":{"type":"Point","coordinates":[1.640589,49.9268127]},"properties":{"type":"entree","autoroute":"A28"}},{"type":"Feature","geometry":{"type":"Point","coordinates":[1.6421609,49.9292484]},"properties":{"type":"entree","autoroute":"A28"}},{"type":"Feature","geometry":{"type":"Point","coordinates":[5.0350405,43.8134969]},"properties":{"type":"entree","autoroute":"A7"}},{"type":"Feature","geometry":{"type":"Point","coordinates":[3.9934604,49.2958148]},"properties":{"type":"entree","autoroute":"A26"}},{"type":"Feature","geometry":{"type":"Point","coordinates":[4.2896647,48.9482415]},"properties":{"type":"entree","autoroute":"A26"}},{"type":"Feature","geometry":{"type":"Point","coordinates":[3.3040591,50.3449111]},"properties":{"type":"entree","autoroute":"A21"}},{"type":"Feature","geometry":{"type":"Point","coordinates":[5.1533303,47.9592545]},"properties":{"type":"entree","autoroute":"A5"}},{"type":"Feature","geometry":{"type":"Point","coordinates":[4.8329174,45.4726083]},"properties":{"type":"entree","autoroute":"A7"}},{"type":"Feature","geometry":{"type":"Point","coordinates":[1.8916313,48.3928457]},"properties":{"type":"entree","autoroute":"A10"}},{"type":"Feature","geometry":{"type":"Point","coordinates":[1.8899443,48.385521]},"properties":{"type":"entree","autoroute":"A10"}},{"type":"Feature","geometry":{"type":"Point","coordinates":[1.8918402,48.3928277]},"properties":{"type":"entree","autoroute":"A10"}},{"type":"Feature","geometry":{"type":"Point","coordinates":[1.8902302,48.3858236]},"properties":{"type":"entree","autoroute":"A10"}},{"type":"Feature","geometry":{"type":"Point","coordinates":[1.4282535,43.6547283]},"properties":{"type":"entree","autoroute":"A62"}},{"type":"Feature","geometry":{"type":"Point","coordinates":[0.9944444,44.0451024]},"properties":{"type":"entree","autoroute":"A62"}},{"type":"Feature","geometry":{"type":"Point","coordinates":[1.2970075,43.9394788]},"properties":{"type":"entree","autoroute":"A62"}},{"type":"Feature","geometry":{"type":"Point","coordinates":[4.8621376,45.213585]},"properties":{"type":"entree","autoroute":"A7"}},{"type":"Feature","geometry":{"type":"Point","coordinates":[4.8770225,45.2028918]},"properties":{"type":"entree","autoroute":"A7"}},{"type":"Feature","geometry":{"type":"Point","coordinates":[1.3854751,43.7633142]},"properties":{"type":"entree","autoroute":"A62"}},{"type":"Feature","geometry":{"type":"Point","coordinates":[4.8750965,45.0249744]},"properties":{"type":"entree","autoroute":"A7"}},{"type":"Feature","geometry":{"type":"Point","coordinates":[-0.0456664,44.5072953]},"properties":{"type":"entree","autoroute":"A62"}},{"type":"Feature","geometry":{"type":"Point","coordinates":[4.7863492,44.7245106]},"properties":{"type":"entree","autoroute":"A7"}},{"type":"Feature","geometry":{"type":"Point","coordinates":[4.7870003,44.7261139]},"properties":{"type":"entree","autoroute":"A7"}},{"type":"Feature","geometry":{"type":"Point","coordinates":[1.012045,44.0415095]},"properties":{"type":"entree","autoroute":"A62"}},{"type":"Feature","geometry":{"type":"Point","coordinates":[1.9739127,50.0738069]},"properties":{"type":"entree","autoroute":"A16"}},{"type":"Feature","geometry":{"type":"Point","coordinates":[1.9675371,50.0775509]},"properties":{"type":"entree","autoroute":"A16"}},{"type":"Feature","geometry":{"type":"Point","coordinates":[1.9665661,50.0781138]},"properties":{"type":"entree","autoroute":"A16"}},{"type":"Feature","geometry":{"type":"Point","coordinates":[5.0238794,43.6390147]},"properties":{"type":"entree","autoroute":"A54"}},{"type":"Feature","geometry":{"type":"Point","coordinates":[4.787837,44.5188035]},"properties":{"type":"entree","autoroute":"A7"}},{"type":"Feature","geometry":{"type":"Point","coordinates":[4.7573553,44.4567618]},"properties":{"type":"entree","autoroute":"A7"}},{"type":"Feature","geometry":{"type":"Point","coordinates":[3.2663673,50.2274603]},"properties":{"type":"entree","autoroute":"A2"}},{"type":"Feature","geometry":{"type":"Point","coordinates":[3.2772834,50.2313364]},"properties":{"type":"entree","autoroute":"A2"}},{"type":"Feature","geometry":{"type":"Point","coordinates":[-0.6879906,47.4671134]},"properties":{"type":"entree","autoroute":"A11"}},{"type":"Feature","geometry":{"type":"Point","coordinates":[1.9094459,50.9322662]},"properties":{"type":"entree","autoroute":"A26"}},{"type":"Feature","geometry":{"type":"Point","coordinates":[1.1787446,49.2476985]},"properties":{"type":"entree","autoroute":"A154"}},{"type":"Feature","geometry":{"type":"Point","coordinates":[6.2377411,49.1848818]},"properties":{"type":"entree","autoroute":"A4"}},{"type":"Feature","geometry":{"type":"Point","coordinates":[2.1579559,49.4621]},"properties":{"type":"entree","autoroute":"A16"}},{"type":"Feature","geometry":{"type":"Point","coordinates":[3.428362,43.6694952]},"properties":{"type":"entree","autoroute":"A75"}},{"type":"Feature","geometry":{"type":"Point","coordinates":[3.1792703,43.9881347]},"properties":{"type":"entree","autoroute":"A75"}},{"type":"Feature","geometry":{"type":"Point","coordinates":[6.0964295,48.8814608]},"properties":{"type":"entree","autoroute":"A31"}},{"type":"Feature","geometry":{"type":"Point","coordinates":[6.0982261,48.8877834]},"properties":{"type":"entree","autoroute":"A31"}},{"type":"Feature","geometry":{"type":"Point","coordinates":[0.5510285,49.4465109]},"properties":{"type":"entree","autoroute":"A131"}},{"type":"Feature","geometry":{"type":"Point","coordinates":[0.5441152,49.4516809]},"properties":{"type":"entree","autoroute":"A131"}},{"type":"Feature","geometry":{"type":"Point","coordinates":[6.5425852,49.1340032]},"properties":{"type":"entree","autoroute":"A4"}},{"type":"Feature","geometry":{"type":"Point","coordinates":[3.1762334,43.2662143]},"properties":{"type":"entree","autoroute":"A9"}},{"type":"Feature","geometry":{"type":"Point","coordinates":[4.8305002,45.6950858]},"properties":{"type":"entree","autoroute":"A450"}},{"type":"Feature","geometry":{"type":"Point","coordinates":[0.5124495,47.3093563]},"properties":{"type":"entree","autoroute":"A85"}},{"type":"Feature","geometry":{"type":"Point","coordinates":[0.5075332,47.3132463]},"properties":{"type":"entree","autoroute":"A85"}},{"type":"Feature","geometry":{"type":"Point","coordinates":[0.6648502,47.2529768]},"properties":{"type":"entree","autoroute":"A10"}},{"type":"Feature","geometry":{"type":"Point","coordinates":[2.4580782,48.9553704]},"properties":{"type":"entree","autoroute":"A1"}},{"type":"Feature","geometry":{"type":"Point","coordinates":[1.3400477,46.0181056]},"properties":{"type":"entree","autoroute":"A20"}},{"type":"Feature","geometry":{"type":"Point","coordinates":[2.8118432,50.4519764]},"properties":{"type":"entree","autoroute":"A21"}},{"type":"Feature","geometry":{"type":"Point","coordinates":[3.1416232,50.1355003]},"properties":{"type":"entree","autoroute":"A26"}},{"type":"Feature","geometry":{"type":"Point","coordinates":[3.1696724,50.0946444]},"properties":{"type":"entree","autoroute":"A26"}},{"type":"Feature","geometry":{"type":"Point","coordinates":[3.2272742,49.9249353]},"properties":{"type":"entree","autoroute":"A26"}},{"type":"Feature","geometry":{"type":"Point","coordinates":[3.2470645,49.9058064]},"properties":{"type":"entree","autoroute":"A26"}},{"type":"Feature","geometry":{"type":"Point","coordinates":[3.329311,49.7871848]},"properties":{"type":"entree","autoroute":"A26"}},{"type":"Feature","geometry":{"type":"Point","coordinates":[3.3314951,49.7856375]},"properties":{"type":"entree","autoroute":"A26"}},{"type":"Feature","geometry":{"type":"Point","coordinates":[3.5408025,49.6616472]},"properties":{"type":"entree","autoroute":"A26"}},{"type":"Feature","geometry":{"type":"Point","coordinates":[3.7297386,49.5661249]},"properties":{"type":"entree","autoroute":"A26"}},{"type":"Feature","geometry":{"type":"Point","coordinates":[3.9536698,49.3590862]},"properties":{"type":"entree","autoroute":"A26"}},{"type":"Feature","geometry":{"type":"Point","coordinates":[3.9878868,49.3178957]},"properties":{"type":"entree","autoroute":"A26"}},{"type":"Feature","geometry":{"type":"Point","coordinates":[3.9805158,49.3254862]},"properties":{"type":"entree","autoroute":"A26"}},{"type":"Feature","geometry":{"type":"Point","coordinates":[6.1503303,49.1962279]},"properties":{"type":"entree","autoroute":"A4"}},{"type":"Feature","geometry":{"type":"Point","coordinates":[3.2088157,50.5151982]},"properties":{"type":"entree","autoroute":"A23"}},{"type":"Feature","geometry":{"type":"Point","coordinates":[1.3757975,45.6768081]},"properties":{"type":"entree","autoroute":"A20"}},{"type":"Feature","geometry":{"type":"Point","coordinates":[1.4435517,45.6234132]},"properties":{"type":"entree","autoroute":"A20"}},{"type":"Feature","geometry":{"type":"Point","coordinates":[-0.8253487,47.1318507]},"properties":{"type":"entree","autoroute":"A87"}},{"type":"Feature","geometry":{"type":"Point","coordinates":[6.0140203,43.1433455]},"properties":{"type":"entree","autoroute":"A57"}},{"type":"Feature","geometry":{"type":"Point","coordinates":[2.3574168,49.8536157]},"properties":{"type":"entree","autoroute":"A29"}},{"type":"Feature","geometry":{"type":"Point","coordinates":[-0.6002313,47.3353139]},"properties":{"type":"entree","autoroute":"A87"}},{"type":"Feature","geometry":{"type":"Point","coordinates":[4.988346,46.277941]},"properties":{"type":"entree","autoroute":"A40"}},{"type":"Feature","geometry":{"type":"Point","coordinates":[4.9799914,46.2795195]},"properties":{"type":"entree","autoroute":"A40"}},{"type":"Feature","geometry":{"type":"Point","coordinates":[4.8119271,46.2759034]},"properties":{"type":"entree","autoroute":"A406"}},{"type":"Feature","geometry":{"type":"Point","coordinates":[4.8643759,46.2820431]},"properties":{"type":"entree","autoroute":"A406"}},{"type":"Feature","geometry":{"type":"Point","coordinates":[1.6597502,43.4160132]},"properties":{"type":"entree","autoroute":"A61"}},{"type":"Feature","geometry":{"type":"Point","coordinates":[1.3601696,49.6975071]},"properties":{"type":"entree","autoroute":"A28"}},{"type":"Feature","geometry":{"type":"Point","coordinates":[1.3638198,49.6998045]},"properties":{"type":"entree","autoroute":"A28"}},{"type":"Feature","geometry":{"type":"Point","coordinates":[2.2653943,49.8585109]},"properties":{"type":"entree","autoroute":"A29"}},{"type":"Feature","geometry":{"type":"Point","coordinates":[1.3728457,43.6094635]},"properties":{"type":"entree","autoroute":"A624"}},{"type":"Feature","geometry":{"type":"Point","coordinates":[1.371622,43.6090881]},"properties":{"type":"entree","autoroute":"A624"}},{"type":"Feature","geometry":{"type":"Point","coordinates":[6.3587346,43.3972329]},"properties":{"type":"entree","autoroute":"A57"}},{"type":"Feature","geometry":{"type":"Point","coordinates":[6.0898092,43.2456376]},"properties":{"type":"entree","autoroute":"A57"}},{"type":"Feature","geometry":{"type":"Point","coordinates":[6.1876426,43.2799048]},"properties":{"type":"entree","autoroute":"A57"}},{"type":"Feature","geometry":{"type":"Point","coordinates":[0.5948983,43.1021244]},"properties":{"type":"entree","autoroute":"A645"}},{"type":"Feature","geometry":{"type":"Point","coordinates":[0.5949608,43.1015714]},"properties":{"type":"entree","autoroute":"A645"}},{"type":"Feature","geometry":{"type":"Point","coordinates":[1.4139801,43.6249694]},"properties":{"type":"entree","autoroute":"A621"}},{"type":"Feature","geometry":{"type":"Point","coordinates":[3.1858722,50.178525]},"properties":{"type":"entree","autoroute":"A2"}},{"type":"Feature","geometry":{"type":"Point","coordinates":[1.0455695,49.634911]},"properties":{"type":"entree","autoroute":"A151"}},{"type":"Feature","geometry":{"type":"Point","coordinates":[1.0536603,49.6382285]},"properties":{"type":"entree","autoroute":"A29"}},{"type":"Feature","geometry":{"type":"Point","coordinates":[-0.2503919,49.1682189]},"properties":{"type":"entree","autoroute":"A13"}},{"type":"Feature","geometry":{"type":"Point","coordinates":[-0.2397867,49.1680811]},"properties":{"type":"entree","autoroute":"A13"}},{"type":"Feature","geometry":{"type":"Point","coordinates":[-0.2439672,49.1637779]},"properties":{"type":"entree","autoroute":"A813"}},{"type":"Feature","geometry":{"type":"Point","coordinates":[-0.2441939,49.1661987]},"properties":{"type":"entree","autoroute":"A813"}},{"type":"Feature","geometry":{"type":"Point","coordinates":[-0.2442905,49.1678613]},"properties":{"type":"entree","autoroute":"A813"}},{"type":"Feature","geometry":{"type":"Point","coordinates":[5.5053877,47.1385418]},"properties":{"type":"entree","autoroute":"A36"}},{"type":"Feature","geometry":{"type":"Point","coordinates":[-0.0723099,43.228219]},"properties":{"type":"entree","autoroute":"A64"}},{"type":"Feature","geometry":{"type":"Point","coordinates":[-0.4124658,43.3454037]},"properties":{"type":"entree","autoroute":"A64"}},{"type":"Feature","geometry":{"type":"Point","coordinates":[3.7923807,45.8537286]},"properties":{"type":"entree","autoroute":"A89"}},{"type":"Feature","geometry":{"type":"Point","coordinates":[1.902958,48.970434]},"properties":{"type":"entree","autoroute":"A13"}},{"type":"Feature","geometry":{"type":"Point","coordinates":[5.3382636,43.4053252]},"properties":{"type":"entree","autoroute":"A7"}},{"type":"Feature","geometry":{"type":"Point","coordinates":[0.6023618,49.3830957]},"properties":{"type":"entree","autoroute":"A13"}},{"type":"Feature","geometry":{"type":"Point","coordinates":[3.4449843,50.4026762]},"properties":{"type":"entree","autoroute":"A23"}},{"type":"Feature","geometry":{"type":"Point","coordinates":[3.3443131,50.4486793]},"properties":{"type":"entree","autoroute":"A23"}},{"type":"Feature","geometry":{"type":"Point","coordinates":[1.7648634,47.3215994]},"properties":{"type":"entree","autoroute":"A85"}},{"type":"Feature","geometry":{"type":"Point","coordinates":[7.4082192,47.776305]},"properties":{"type":"entree","autoroute":"A35"}},{"type":"Feature","geometry":{"type":"Point","coordinates":[7.3994537,47.7874091]},"properties":{"type":"entree","autoroute":"A35"}},{"type":"Feature","geometry":{"type":"Point","coordinates":[4.7315584,47.307546]},"properties":{"type":"entree","autoroute":"A38"}},{"type":"Feature","geometry":{"type":"Point","coordinates":[3.123112,50.1465188]},"properties":{"type":"entree","autoroute":"A26"}},{"type":"Feature","geometry":{"type":"Point","coordinates":[0.2553539,49.4952166]},"properties":{"type":"entree","autoroute":"A131"}},{"type":"Feature","geometry":{"type":"Point","coordinates":[3.3113323,43.8685493]},"properties":{"type":"entree","autoroute":"A75"}},{"type":"Feature","geometry":{"type":"Point","coordinates":[1.5925898,49.0119671]},"properties":{"type":"entree","autoroute":"A13"}},{"type":"Feature","geometry":{"type":"Point","coordinates":[5.86067,43.1193803]},"properties":{"type":"entree","autoroute":"A50"}},{"type":"Feature","geometry":{"type":"Point","coordinates":[-0.8263653,44.6597684]},"properties":{"type":"entree","autoroute":"A63"}},{"type":"Feature","geometry":{"type":"Point","coordinates":[-1.1988731,46.8118321]},"properties":{"type":"entree","autoroute":"A87"}},{"type":"Feature","geometry":{"type":"Point","coordinates":[0.6976771,47.3028269]},"properties":{"type":"entree","autoroute":"A85"}},{"type":"Feature","geometry":{"type":"Point","coordinates":[1.7156998,43.7623852]},"properties":{"type":"entree","autoroute":"A68"}},{"type":"Feature","geometry":{"type":"Point","coordinates":[1.4496495,43.5738814]},"properties":{"type":"entree","autoroute":"A620"}},{"type":"Feature","geometry":{"type":"Point","coordinates":[6.3134595,46.1450189]},"properties":{"type":"entree","autoroute":"A40"}},{"type":"Feature","geometry":{"type":"Point","coordinates":[4.7961363,46.2368982]},"properties":{"type":"entree","autoroute":"A6"}},{"type":"Feature","geometry":{"type":"Point","coordinates":[7.294767,47.7548202]},"properties":{"type":"entree","autoroute":"A36"}},{"type":"Feature","geometry":{"type":"Point","coordinates":[2.7001485,50.7319905]},"properties":{"type":"entree","autoroute":"A25"}},{"type":"Feature","geometry":{"type":"Point","coordinates":[0.314893,48.0005773]},"properties":{"type":"entree","autoroute":"A28"}},{"type":"Feature","geometry":{"type":"Point","coordinates":[2.970282,50.6216282]},"properties":{"type":"entree","autoroute":"A25"}},{"type":"Feature","geometry":{"type":"Point","coordinates":[0.5425894,49.6149618]},"properties":{"type":"entree","autoroute":"A29"}},{"type":"Feature","geometry":{"type":"Point","coordinates":[4.5427006,43.6929605]},"properties":{"type":"entree","autoroute":"A54"}},{"type":"Feature","geometry":{"type":"Point","coordinates":[3.3690768,50.316028]},"properties":{"type":"entree","autoroute":"A21"}},{"type":"Feature","geometry":{"type":"Point","coordinates":[1.366923,43.6088992]},"properties":{"type":"entree","autoroute":"A624"}},{"type":"Feature","geometry":{"type":"Point","coordinates":[1.6572044,43.7537996]},"properties":{"type":"entree","autoroute":"A68"}},{"type":"Feature","geometry":{"type":"Point","coordinates":[3.942284,48.2715649]},"properties":{"type":"entree","autoroute":"A5"}},{"type":"Feature","geometry":{"type":"Point","coordinates":[5.3131395,46.4921763]},"properties":{"type":"entree","autoroute":"A39"}},{"type":"Feature","geometry":{"type":"Point","coordinates":[4.950536,48.0606438]},"properties":{"type":"entree","autoroute":"A5"}},{"type":"Feature","geometry":{"type":"Point","coordinates":[5.1489561,47.27709]},"properties":{"type":"entree","autoroute":"A31"}},{"type":"Feature","geometry":{"type":"Point","coordinates":[6.0271951,44.4367773]},"properties":{"type":"entree","autoroute":"A51"}},{"type":"Feature","geometry":{"type":"Point","coordinates":[1.5674835,45.3963517]},"properties":{"type":"entree","autoroute":"A20"}},{"type":"Feature","geometry":{"type":"Point","coordinates":[6.1621001,45.5497455]},"properties":{"type":"entree","autoroute":"A43"}},{"type":"Feature","geometry":{"type":"Point","coordinates":[4.2720168,45.5473202]},"properties":{"type":"entree","autoroute":"A72"}},{"type":"Feature","geometry":{"type":"Point","coordinates":[1.8777,47.1035967]},"properties":{"type":"entree","autoroute":"A20"}},{"type":"Feature","geometry":{"type":"Point","coordinates":[5.0779714,43.6246057]},"properties":{"type":"entree","autoroute":"A54"}},{"type":"Feature","geometry":{"type":"Point","coordinates":[5.2398216,43.4921667]},"properties":{"type":"entree","autoroute":"A7"}},{"type":"Feature","geometry":{"type":"Point","coordinates":[5.2309498,43.5527066]},"properties":{"type":"entree","autoroute":"A7"}},{"type":"Feature","geometry":{"type":"Point","coordinates":[4.9198222,47.0692062]},"properties":{"type":"entree","autoroute":"A31"}},{"type":"Feature","geometry":{"type":"Point","coordinates":[4.9269015,47.0777048]},"properties":{"type":"entree","autoroute":"A31"}},{"type":"Feature","geometry":{"type":"Point","coordinates":[6.5533076,43.458787]},"properties":{"type":"entree","autoroute":"A8"}},{"type":"Feature","geometry":{"type":"Point","coordinates":[7.4818874,43.7970979]},"properties":{"type":"entree","autoroute":"A8"}},{"type":"Feature","geometry":{"type":"Point","coordinates":[3.5248265,43.6539637]},"properties":{"type":"entree","autoroute":"A750"}},{"type":"Feature","geometry":{"type":"Point","coordinates":[3.5220932,43.6553503]},"properties":{"type":"entree","autoroute":"A750"}},{"type":"Feature","geometry":{"type":"Point","coordinates":[3.5071405,50.3379317]},"properties":{"type":"entree","autoroute":"A2"}},{"type":"Feature","geometry":{"type":"Point","coordinates":[3.5067035,50.3380055]},"properties":{"type":"entree","autoroute":"A2"}},{"type":"Feature","geometry":{"type":"Point","coordinates":[3.459295,50.3389309]},"properties":{"type":"entree","autoroute":"A2"}},{"type":"Feature","geometry":{"type":"Point","coordinates":[3.571273,50.3448551]},"properties":{"type":"entree","autoroute":"A2"}},{"type":"Feature","geometry":{"type":"Point","coordinates":[3.5765222,50.3496291]},"properties":{"type":"entree","autoroute":"A2"}},{"type":"Feature","geometry":{"type":"Point","coordinates":[3.6114732,50.385035]},"properties":{"type":"entree","autoroute":"A2"}},{"type":"Feature","geometry":{"type":"Point","coordinates":[3.6175801,50.4019538]},"properties":{"type":"entree","autoroute":"A2"}},{"type":"Feature","geometry":{"type":"Point","coordinates":[3.1878141,50.1806702]},"properties":{"type":"entree","autoroute":"A2"}},{"type":"Feature","geometry":{"type":"Point","coordinates":[3.3181644,50.2512576]},"properties":{"type":"entree","autoroute":"A2"}},{"type":"Feature","geometry":{"type":"Point","coordinates":[3.3701096,50.3006039]},"properties":{"type":"entree","autoroute":"A2"}},{"type":"Feature","geometry":{"type":"Point","coordinates":[3.4052967,50.3146801]},"properties":{"type":"entree","autoroute":"A2"}},{"type":"Feature","geometry":{"type":"Point","coordinates":[3.4122096,50.3162592]},"properties":{"type":"entree","autoroute":"A2"}},{"type":"Feature","geometry":{"type":"Point","coordinates":[3.4167883,50.3176102]},"properties":{"type":"entree","autoroute":"A2"}},{"type":"Feature","geometry":{"type":"Point","coordinates":[3.4618909,50.3394477]},"properties":{"type":"entree","autoroute":"A2"}},{"type":"Feature","geometry":{"type":"Point","coordinates":[3.4767416,50.3408476]},"properties":{"type":"entree","autoroute":"A2"}},{"type":"Feature","geometry":{"type":"Point","coordinates":[2.9168546,50.3296187]},"properties":{"type":"entree","autoroute":"A1"}},{"type":"Feature","geometry":{"type":"Point","coordinates":[2.9851307,50.4165442]},"properties":{"type":"entree","autoroute":"A1"}},{"type":"Feature","geometry":{"type":"Point","coordinates":[2.9841962,50.4253387]},"properties":{"type":"entree","autoroute":"A21"}},{"type":"Feature","geometry":{"type":"Point","coordinates":[3.3380091,50.3267353]},"properties":{"type":"entree","autoroute":"A21"}},{"type":"Feature","geometry":{"type":"Point","coordinates":[3.2748592,50.346466]},"properties":{"type":"entree","autoroute":"A21"}},{"type":"Feature","geometry":{"type":"Point","coordinates":[3.2606439,50.3671511]},"properties":{"type":"entree","autoroute":"A21"}},{"type":"Feature","geometry":{"type":"Point","coordinates":[3.2567585,50.3711099]},"properties":{"type":"entree","autoroute":"A21"}},{"type":"Feature","geometry":{"type":"Point","coordinates":[3.2196449,50.3822501]},"properties":{"type":"entree","autoroute":"A21"}},{"type":"Feature","geometry":{"type":"Point","coordinates":[2.9818067,50.390038]},"properties":{"type":"entree","autoroute":"A1"}},{"type":"Feature","geometry":{"type":"Point","coordinates":[2.9830204,50.3977457]},"properties":{"type":"entree","autoroute":"A1"}},{"type":"Feature","geometry":{"type":"Point","coordinates":[3.1045929,50.3990751]},"properties":{"type":"entree","autoroute":"A21"}},{"type":"Feature","geometry":{"type":"Point","coordinates":[3.0671274,50.4019212]},"properties":{"type":"entree","autoroute":"A21"}},{"type":"Feature","geometry":{"type":"Point","coordinates":[3.0629287,50.4024227]},"properties":{"type":"entree","autoroute":"A21"}},{"type":"Feature","geometry":{"type":"Point","coordinates":[3.0237,50.4234355]},"properties":{"type":"entree","autoroute":"A21"}},{"type":"Feature","geometry":{"type":"Point","coordinates":[3.0008582,50.4270909]},"properties":{"type":"entree","autoroute":"A21"}},{"type":"Feature","geometry":{"type":"Point","coordinates":[3.1832546,50.3801722]},"properties":{"type":"entree","autoroute":"A21"}},{"type":"Feature","geometry":{"type":"Point","coordinates":[3.4695209,50.3785042]},"properties":{"type":"entree","autoroute":"A23"}},{"type":"Feature","geometry":{"type":"Point","coordinates":[3.4675755,50.3800658]},"properties":{"type":"entree","autoroute":"A23"}},{"type":"Feature","geometry":{"type":"Point","coordinates":[3.4478207,50.3993894]},"properties":{"type":"entree","autoroute":"A23"}},{"type":"Feature","geometry":{"type":"Point","coordinates":[1.9042658,50.9366248]},"properties":{"type":"entree","autoroute":"A26"}},{"type":"Feature","geometry":{"type":"Point","coordinates":[2.9545228,50.286476]},"properties":{"type":"entree","autoroute":"A26"}},{"type":"Feature","geometry":{"type":"Point","coordinates":[3.2358114,49.8614192]},"properties":{"type":"entree","autoroute":"A26"}},{"type":"Feature","geometry":{"type":"Point","coordinates":[3.2355047,49.8437009]},"properties":{"type":"entree","autoroute":"A26"}},{"type":"Feature","geometry":{"type":"Point","coordinates":[0.051046,47.9796046]},"properties":{"type":"entree","autoroute":"A11"}},{"type":"Feature","geometry":{"type":"Point","coordinates":[2.7932698,48.5406997]},"properties":{"type":"entree","autoroute":"A5"}},{"type":"Feature","geometry":{"type":"Point","coordinates":[2.2077664,48.7786132]},"properties":{"type":"entree","autoroute":"A86"}},{"type":"Feature","geometry":{"type":"Point","coordinates":[2.1581581,48.8328977]},"properties":{"type":"entree","autoroute":"A13"}},{"type":"Feature","geometry":{"type":"Point","coordinates":[6.1774574,49.3449726]},"properties":{"type":"entree","autoroute":"A31"}},{"type":"Feature","geometry":{"type":"Point","coordinates":[5.980485,44.1320038]},"properties":{"type":"entree","autoroute":"A51"}},{"type":"Feature","geometry":{"type":"Point","coordinates":[1.7274727,46.8876259]},"properties":{"type":"entree","autoroute":"A20"}},{"type":"Feature","geometry":{"type":"Point","coordinates":[5.7977299,46.121514]},"properties":{"type":"entree","autoroute":"A40"}},{"type":"Feature","geometry":{"type":"Point","coordinates":[-1.5935517,43.4250851]},"properties":{"type":"entree","autoroute":"A63"}},{"type":"Feature","geometry":{"type":"Point","coordinates":[5.9185329,44.2222565]},"properties":{"type":"entree","autoroute":"A51"}},{"type":"Feature","geometry":{"type":"Point","coordinates":[-0.6313477,44.7883058]},"properties":{"type":"entree","autoroute":"A630"}},{"type":"Feature","geometry":{"type":"Point","coordinates":[-0.4972619,48.0583379]},"properties":{"type":"entree","autoroute":"A81"}},{"type":"Feature","geometry":{"type":"Point","coordinates":[-0.7000432,48.0974109]},"properties":{"type":"entree","autoroute":"A81"}},{"type":"Feature","geometry":{"type":"Point","coordinates":[-0.6428462,44.7884623]},"properties":{"type":"entree","autoroute":"A630"}},{"type":"Feature","geometry":{"type":"Point","coordinates":[-0.5596576,44.7777124]},"properties":{"type":"entree","autoroute":"A630"}},{"type":"Feature","geometry":{"type":"Point","coordinates":[2.239238,49.8475156]},"properties":{"type":"entree","autoroute":"A29"}},{"type":"Feature","geometry":{"type":"Point","coordinates":[4.2499619,49.1143004]},"properties":{"type":"entree","autoroute":"A4"}},{"type":"Feature","geometry":{"type":"Point","coordinates":[4.8255744,46.8045081]},"properties":{"type":"entree","autoroute":"A6"}},{"type":"Feature","geometry":{"type":"Point","coordinates":[4.1804667,48.6326801]},"properties":{"type":"entree","autoroute":"A26"}},{"type":"Feature","geometry":{"type":"Point","coordinates":[4.167228,48.3344728]},"properties":{"type":"entree","autoroute":"A26"}},{"type":"Feature","geometry":{"type":"Point","coordinates":[2.2299483,49.7521746]},"properties":{"type":"entree","autoroute":"A16"}},{"type":"Feature","geometry":{"type":"Point","coordinates":[2.2304014,49.7583274]},"properties":{"type":"entree","autoroute":"A16"}},{"type":"Feature","geometry":{"type":"Point","coordinates":[3.0312894,44.1715684]},"properties":{"type":"entree","autoroute":"A75"}},{"type":"Feature","geometry":{"type":"Point","coordinates":[3.2577206,45.5267128]},"properties":{"type":"entree","autoroute":"A75"}},{"type":"Feature","geometry":{"type":"Point","coordinates":[3.2554762,45.4635219]},"properties":{"type":"entree","autoroute":"A75"}},{"type":"Feature","geometry":{"type":"Point","coordinates":[3.2814367,45.3804883]},"properties":{"type":"entree","autoroute":"A75"}},{"type":"Feature","geometry":{"type":"Point","coordinates":[3.1222491,45.0912284]},"properties":{"type":"entree","autoroute":"A75"}},{"type":"Feature","geometry":{"type":"Point","coordinates":[3.2533239,44.5628384]},"properties":{"type":"entree","autoroute":"A75"}},{"type":"Feature","geometry":{"type":"Point","coordinates":[2.9728987,46.3284846]},"properties":{"type":"entree","autoroute":"A71"}},{"type":"Feature","geometry":{"type":"Point","coordinates":[2.8170582,48.838724]},"properties":{"type":"entree","autoroute":"A4"}},{"type":"Feature","geometry":{"type":"Point","coordinates":[2.3855814,50.5685314]},"properties":{"type":"entree","autoroute":"A26"}},{"type":"Feature","geometry":{"type":"Point","coordinates":[6.0664906,45.8726741]},"properties":{"type":"entree","autoroute":"A41"}},{"type":"Feature","geometry":{"type":"Point","coordinates":[6.0759521,45.8802925]},"properties":{"type":"entree","autoroute":"A41"}},{"type":"Feature","geometry":{"type":"Point","coordinates":[-1.2243225,43.5096723]},"properties":{"type":"entree","autoroute":"A64"}},{"type":"Feature","geometry":{"type":"Point","coordinates":[-1.1875535,43.5297023]},"properties":{"type":"entree","autoroute":"A64"}},{"type":"Feature","geometry":{"type":"Point","coordinates":[4.8028991,46.2775556]},"properties":{"type":"entree","autoroute":"A406"}},{"type":"Feature","geometry":{"type":"Point","coordinates":[4.057256,43.6881093]},"properties":{"type":"entree","autoroute":"A9"}},{"type":"Feature","geometry":{"type":"Point","coordinates":[5.8576514,47.2154784]},"properties":{"type":"entree","autoroute":"A36"}},{"type":"Feature","geometry":{"type":"Point","coordinates":[0.2760473,49.5002466]},"properties":{"type":"entree","autoroute":"A29"}},{"type":"Feature","geometry":{"type":"Point","coordinates":[5.7841764,43.145383]},"properties":{"type":"entree","autoroute":"A50"}},{"type":"Feature","geometry":{"type":"Point","coordinates":[-0.2964373,49.1677422]},"properties":{"type":"entree","autoroute":"A13"}},{"type":"Feature","geometry":{"type":"Point","coordinates":[6.1385979,48.7057741]},"properties":{"type":"entree","autoroute":"A31"}},{"type":"Feature","geometry":{"type":"Point","coordinates":[2.2534941,49.1279991]},"properties":{"type":"entree","autoroute":"A16"}},{"type":"Feature","geometry":{"type":"Point","coordinates":[5.3160308,43.5519992]},"properties":{"type":"entree","autoroute":"A8"}},{"type":"Feature","geometry":{"type":"Point","coordinates":[-0.535395,47.3947281]},"properties":{"type":"entree","autoroute":"A87"}},{"type":"Feature","geometry":{"type":"Point","coordinates":[-0.5321078,47.3954531]},"properties":{"type":"entree","autoroute":"A87"}},{"type":"Feature","geometry":{"type":"Point","coordinates":[5.6212022,45.2972767]},"properties":{"type":"entree","autoroute":"A48"}},{"type":"Feature","geometry":{"type":"Point","coordinates":[1.9421084,45.3624275]},"properties":{"type":"entree","autoroute":"A89"}},{"type":"Feature","geometry":{"type":"Point","coordinates":[2.4152826,45.5841776]},"properties":{"type":"entree","autoroute":"A89"}},{"type":"Feature","geometry":{"type":"Point","coordinates":[-1.7515904,43.3401332]},"properties":{"type":"entree","autoroute":"A63"}},{"type":"Feature","geometry":{"type":"Point","coordinates":[-1.7496802,43.3408296]},"properties":{"type":"entree","autoroute":"A63"}},{"type":"Feature","geometry":{"type":"Point","coordinates":[4.8355141,43.6378062]},"properties":{"type":"entree","autoroute":"A54"}},{"type":"Feature","geometry":{"type":"Point","coordinates":[1.8413163,48.0478111]},"properties":{"type":"entree","autoroute":"A10"}},{"type":"Feature","geometry":{"type":"Point","coordinates":[2.2111055,48.906644]},"properties":{"type":"entree","autoroute":"A86"}},{"type":"Feature","geometry":{"type":"Point","coordinates":[4.8642023,43.6383403]},"properties":{"type":"entree","autoroute":"A54"}},{"type":"Feature","geometry":{"type":"Point","coordinates":[2.1483237,48.8309141]},"properties":{"type":"entree","autoroute":"A86"}},{"type":"Feature","geometry":{"type":"Point","coordinates":[4.7937192,45.5885781]},"properties":{"type":"entree","autoroute":"A47"}},{"type":"Feature","geometry":{"type":"Point","coordinates":[-1.1483177,43.5272258]},"properties":{"type":"entree","autoroute":"A64"}},{"type":"Feature","geometry":{"type":"Point","coordinates":[0.1818855,49.3024583]},"properties":{"type":"entree","autoroute":"A132"}},{"type":"Feature","geometry":{"type":"Point","coordinates":[-0.5437049,47.3915985]},"properties":{"type":"entree","autoroute":"A87"}},{"type":"Feature","geometry":{"type":"Point","coordinates":[3.0980414,48.0554226]},"properties":{"type":"entree","autoroute":"A19"}},{"type":"Feature","geometry":{"type":"Point","coordinates":[3.1069971,48.0627451]},"properties":{"type":"entree","autoroute":"A19"}},{"type":"Feature","geometry":{"type":"Point","coordinates":[2.1001708,49.2387768]},"properties":{"type":"entree","autoroute":"A16"}},{"type":"Feature","geometry":{"type":"Point","coordinates":[2.1215449,49.3964332]},"properties":{"type":"entree","autoroute":"A16"}},{"type":"Feature","geometry":{"type":"Point","coordinates":[3.1183706,48.0406862]},"properties":{"type":"entree","autoroute":"A6"}},{"type":"Feature","geometry":{"type":"Point","coordinates":[3.2853206,47.9203467]},"properties":{"type":"entree","autoroute":"A6"}},{"type":"Feature","geometry":{"type":"Point","coordinates":[3.2472016,47.9347479]},"properties":{"type":"entree","autoroute":"A6"}},{"type":"Feature","geometry":{"type":"Point","coordinates":[3.4346702,47.8819613]},"properties":{"type":"entree","autoroute":"A6"}},{"type":"Feature","geometry":{"type":"Point","coordinates":[3.7190623,49.1569255]},"properties":{"type":"entree","autoroute":"A4"}},{"type":"Feature","geometry":{"type":"Point","coordinates":[3.7258109,49.1597199]},"properties":{"type":"entree","autoroute":"A4"}},{"type":"Feature","geometry":{"type":"Point","coordinates":[-1.0960021,43.9339187]},"properties":{"type":"entree","autoroute":"A63"}},{"type":"Feature","geometry":{"type":"Point","coordinates":[-1.0629844,43.9713525]},"properties":{"type":"entree","autoroute":"A63"}},{"type":"Feature","geometry":{"type":"Point","coordinates":[-1.0602343,43.9738147]},"properties":{"type":"entree","autoroute":"A63"}},{"type":"Feature","geometry":{"type":"Point","coordinates":[-0.995635,44.0971667]},"properties":{"type":"entree","autoroute":"A63"}},{"type":"Feature","geometry":{"type":"Point","coordinates":[5.98131,44.1220002]},"properties":{"type":"entree","autoroute":"A51"}},{"type":"Feature","geometry":{"type":"Point","coordinates":[3.9125222,47.5951484]},"properties":{"type":"entree","autoroute":"A6"}},{"type":"Feature","geometry":{"type":"Point","coordinates":[-0.8802798,47.0151151]},"properties":{"type":"entree","autoroute":"A87"}},{"type":"Feature","geometry":{"type":"Point","coordinates":[-0.8776767,47.0162686]},"properties":{"type":"entree","autoroute":"A87"}},{"type":"Feature","geometry":{"type":"Point","coordinates":[-0.8244614,47.0844552]},"properties":{"type":"entree","autoroute":"A87"}},{"type":"Feature","geometry":{"type":"Point","coordinates":[-0.8240056,47.0866988]},"properties":{"type":"entree","autoroute":"A87"}},{"type":"Feature","geometry":{"type":"Point","coordinates":[-1.4461183,43.4779537]},"properties":{"type":"entree","autoroute":"A64"}},{"type":"Feature","geometry":{"type":"Point","coordinates":[2.1302373,49.429726]},"properties":{"type":"entree","autoroute":"A16"}},{"type":"Feature","geometry":{"type":"Point","coordinates":[4.1055303,49.2798944]},"properties":{"type":"entree","autoroute":"A34"}},{"type":"Feature","geometry":{"type":"Point","coordinates":[1.5388704,48.4548341]},"properties":{"type":"entree","autoroute":"A11"}},{"type":"Feature","geometry":{"type":"Point","coordinates":[1.5394244,48.4556019]},"properties":{"type":"entree","autoroute":"A11"}},{"type":"Feature","geometry":{"type":"Point","coordinates":[4.5128986,49.8401752]},"properties":{"type":"entree","autoroute":"A304"}},{"type":"Feature","geometry":{"type":"Point","coordinates":[-0.4996125,47.4806114]},"properties":{"type":"entree","autoroute":"A87N"}},{"type":"Feature","geometry":{"type":"Point","coordinates":[-0.4984651,47.4948982]},"properties":{"type":"entree","autoroute":"A87N"}},{"type":"Feature","geometry":{"type":"Point","coordinates":[1.4169353,43.6242085]},"properties":{"type":"entree","autoroute":"A621"}},{"type":"Feature","geometry":{"type":"Point","coordinates":[1.4182764,43.6239366]},"properties":{"type":"entree","autoroute":"A621"}},{"type":"Feature","geometry":{"type":"Point","coordinates":[2.1435086,49.0165884]},"properties":{"type":"entree","autoroute":"A15"}},{"type":"Feature","geometry":{"type":"Point","coordinates":[-0.3309893,47.5648653]},"properties":{"type":"entree","autoroute":"A11"}},{"type":"Feature","geometry":{"type":"Point","coordinates":[-0.3311741,47.5658832]},"properties":{"type":"entree","autoroute":"A11"}},{"type":"Feature","geometry":{"type":"Point","coordinates":[-0.2035712,47.7799694]},"properties":{"type":"entree","autoroute":"A11"}},{"type":"Feature","geometry":{"type":"Point","coordinates":[3.1430528,45.7731271]},"properties":{"type":"entree","autoroute":"A711"}},{"type":"Feature","geometry":{"type":"Point","coordinates":[0.1304131,48.0213629]},"properties":{"type":"entree","autoroute":"A11"}},{"type":"Feature","geometry":{"type":"Point","coordinates":[0.1399389,48.0353476]},"properties":{"type":"entree","autoroute":"A11"}},{"type":"Feature","geometry":{"type":"Point","coordinates":[0.6898085,48.1491209]},"properties":{"type":"entree","autoroute":"A11"}},{"type":"Feature","geometry":{"type":"Point","coordinates":[1.0313828,48.2320192]},"properties":{"type":"entree","autoroute":"A11"}},{"type":"Feature","geometry":{"type":"Point","coordinates":[7.3752607,47.9816222]},"properties":{"type":"entree","autoroute":"A35"}},{"type":"Feature","geometry":{"type":"Point","coordinates":[2.2481064,48.9322859]},"properties":{"type":"entree","autoroute":"A86"}},{"type":"Feature","geometry":{"type":"Point","coordinates":[5.7661648,43.1892458]},"properties":{"type":"entree","autoroute":"A50"}},{"type":"Feature","geometry":{"type":"Point","coordinates":[-0.5416634,46.0203661]},"properties":{"type":"entree","autoroute":"A10"}},{"type":"Feature","geometry":{"type":"Point","coordinates":[-0.5536093,45.2937975]},"properties":{"type":"entree","autoroute":"A10"}},{"type":"Feature","geometry":{"type":"Point","coordinates":[4.7271045,45.9679498]},"properties":{"type":"entree","autoroute":"A6"}},{"type":"Feature","geometry":{"type":"Point","coordinates":[4.8995949,46.5806719]},"properties":{"type":"entree","autoroute":"A6"}},{"type":"Feature","geometry":{"type":"Point","coordinates":[6.0551747,45.493163]},"properties":{"type":"entree","autoroute":"A43"}},{"type":"Feature","geometry":{"type":"Point","coordinates":[4.8572695,46.99621]},"properties":{"type":"entree","autoroute":"A6"}},{"type":"Feature","geometry":{"type":"Point","coordinates":[3.0901311,48.0604636]},"properties":{"type":"entree","autoroute":"A6"}},{"type":"Feature","geometry":{"type":"Point","coordinates":[6.2035646,43.4052856]},"properties":{"type":"entree","autoroute":"A8"}},{"type":"Feature","geometry":{"type":"Point","coordinates":[2.8580898,42.4751013]},"properties":{"type":"entree","autoroute":"A9"}},{"type":"Feature","geometry":{"type":"Point","coordinates":[4.72929,47.3071634]},"properties":{"type":"entree","autoroute":"A38"}},{"type":"Feature","geometry":{"type":"Point","coordinates":[-0.4638956,45.0696496]},"properties":{"type":"entree","autoroute":"A10"}},{"type":"Feature","geometry":{"type":"Point","coordinates":[4.5658225,47.2525511]},"properties":{"type":"entree","autoroute":"A38"}},{"type":"Feature","geometry":{"type":"Point","coordinates":[4.5658027,47.2526387]},"properties":{"type":"entree","autoroute":"A38"}},{"type":"Feature","geometry":{"type":"Point","coordinates":[4.5667437,47.2527502]},"properties":{"type":"entree","autoroute":"A38"}},{"type":"Feature","geometry":{"type":"Point","coordinates":[4.7974172,44.6708678]},"properties":{"type":"entree","autoroute":"A7"}},{"type":"Feature","geometry":{"type":"Point","coordinates":[4.92482,43.8827274]},"properties":{"type":"entree","autoroute":"A7"}},{"type":"Feature","geometry":{"type":"Point","coordinates":[4.9444638,43.8757476]},"properties":{"type":"entree","autoroute":"A7"}},{"type":"Feature","geometry":{"type":"Point","coordinates":[5.1974747,43.5879778]},"properties":{"type":"entree","autoroute":"A7"}},{"type":"Feature","geometry":{"type":"Point","coordinates":[5.1834466,43.5911373]},"properties":{"type":"entree","autoroute":"A7"}},{"type":"Feature","geometry":{"type":"Point","coordinates":[5.9764935,44.1358048]},"properties":{"type":"entree","autoroute":"A51"}},{"type":"Feature","geometry":{"type":"Point","coordinates":[5.3757172,43.343696]},"properties":{"type":"entree","autoroute":"A7"}},{"type":"Feature","geometry":{"type":"Point","coordinates":[5.3544144,43.3793863]},"properties":{"type":"entree","autoroute":"A7"}},{"type":"Feature","geometry":{"type":"Point","coordinates":[5.3959608,43.4369445]},"properties":{"type":"entree","autoroute":"A51"}},{"type":"Feature","geometry":{"type":"Point","coordinates":[5.3961996,43.436892]},"properties":{"type":"entree","autoroute":"A51"}},{"type":"Feature","geometry":{"type":"Point","coordinates":[5.4283811,43.5179311]},"properties":{"type":"entree","autoroute":"A51"}},{"type":"Feature","geometry":{"type":"Point","coordinates":[5.4198294,43.5202006]},"properties":{"type":"entree","autoroute":"A8"}},{"type":"Feature","geometry":{"type":"Point","coordinates":[5.4380081,43.513026]},"properties":{"type":"entree","autoroute":"A8"}},{"type":"Feature","geometry":{"type":"Point","coordinates":[4.0074552,49.2084142]},"properties":{"type":"entree","autoroute":"A4"}},{"type":"Feature","geometry":{"type":"Point","coordinates":[-0.2954464,43.565306]},"properties":{"type":"entree","autoroute":"A65"}},{"type":"Feature","geometry":{"type":"Point","coordinates":[1.5199005,45.0985215]},"properties":{"type":"entree","autoroute":"A20"}},{"type":"Feature","geometry":{"type":"Point","coordinates":[0.816135,49.6254934]},"properties":{"type":"entree","autoroute":"A150"}},{"type":"Feature","geometry":{"type":"Point","coordinates":[-1.4794816,47.273086]},"properties":{"type":"entree","autoroute":"A811"}},{"type":"Feature","geometry":{"type":"Point","coordinates":[3.530313,49.125064]},"properties":{"type":"entree","autoroute":"A4"}},{"type":"Feature","geometry":{"type":"Point","coordinates":[3.0291002,47.1924217]},"properties":{"type":"entree","autoroute":"A77"}},{"type":"Feature","geometry":{"type":"Point","coordinates":[3.0503422,47.1586033]},"properties":{"type":"entree","autoroute":"A77"}},{"type":"Feature","geometry":{"type":"Point","coordinates":[3.0164282,47.2010228]},"properties":{"type":"entree","autoroute":"A77"}},{"type":"Feature","geometry":{"type":"Point","coordinates":[3.0388321,47.182653]},"properties":{"type":"entree","autoroute":"A77"}},{"type":"Feature","geometry":{"type":"Point","coordinates":[3.033646,47.188553]},"properties":{"type":"entree","autoroute":"A77"}},{"type":"Feature","geometry":{"type":"Point","coordinates":[2.9891629,47.2543031]},"properties":{"type":"entree","autoroute":"A77"}},{"type":"Feature","geometry":{"type":"Point","coordinates":[2.9854293,47.2605367]},"properties":{"type":"entree","autoroute":"A77"}},{"type":"Feature","geometry":{"type":"Point","coordinates":[-0.1919329,47.472301]},"properties":{"type":"entree","autoroute":"A85"}},{"type":"Feature","geometry":{"type":"Point","coordinates":[-0.1214233,47.4064925]},"properties":{"type":"entree","autoroute":"A85"}},{"type":"Feature","geometry":{"type":"Point","coordinates":[-0.1205654,47.4042698]},"properties":{"type":"entree","autoroute":"A85"}},{"type":"Feature","geometry":{"type":"Point","coordinates":[2.8940377,42.7775778]},"properties":{"type":"entree","autoroute":"A9"}},{"type":"Feature","geometry":{"type":"Point","coordinates":[2.9426966,50.0532048]},"properties":{"type":"entree","autoroute":"A2"}},{"type":"Feature","geometry":{"type":"Point","coordinates":[2.9358094,50.0495755]},"properties":{"type":"entree","autoroute":"A2"}},{"type":"Feature","geometry":{"type":"Point","coordinates":[2.9696027,42.9368594]},"properties":{"type":"entree","autoroute":"A9"}},{"type":"Feature","geometry":{"type":"Point","coordinates":[2.9705781,42.9543425]},"properties":{"type":"entree","autoroute":"A9"}},{"type":"Feature","geometry":{"type":"Point","coordinates":[2.9525756,43.0308533]},"properties":{"type":"entree","autoroute":"A9"}},{"type":"Feature","geometry":{"type":"Point","coordinates":[3.2225354,43.3034692]},"properties":{"type":"entree","autoroute":"A9"}},{"type":"Feature","geometry":{"type":"Point","coordinates":[1.2694651,48.2908846]},"properties":{"type":"entree","autoroute":"A11"}},{"type":"Feature","geometry":{"type":"Point","coordinates":[2.6364947,48.9105547]},"properties":{"type":"entree","autoroute":"A104"}},{"type":"Feature","geometry":{"type":"Point","coordinates":[-0.7166057,45.8459256]},"properties":{"type":"entree","autoroute":"A837"}},{"type":"Feature","geometry":{"type":"Point","coordinates":[3.4817833,50.3461252]},"properties":{"type":"entree","autoroute":"A23"}},{"type":"Feature","geometry":{"type":"Point","coordinates":[3.078167,50.2243078]},"properties":{"type":"entree","autoroute":"A26"}},{"type":"Feature","geometry":{"type":"Point","coordinates":[6.8569136,47.5888883]},"properties":{"type":"entree","autoroute":"A36"}},{"type":"Feature","geometry":{"type":"Point","coordinates":[3.4516716,50.3943602]},"properties":{"type":"entree","autoroute":"A23"}},{"type":"Feature","geometry":{"type":"Point","coordinates":[2.7493703,50.4007584]},"properties":{"type":"entree","autoroute":"A26"}},{"type":"Feature","geometry":{"type":"Point","coordinates":[2.7378385,50.4084688]},"properties":{"type":"entree","autoroute":"A26"}},{"type":"Feature","geometry":{"type":"Point","coordinates":[1.7831497,50.0565844]},"properties":{"type":"entree","autoroute":"A28"}},{"type":"Feature","geometry":{"type":"Point","coordinates":[7.597029,48.7692674]},"properties":{"type":"entree","autoroute":"A4"}},{"type":"Feature","geometry":{"type":"Point","coordinates":[2.0363206,47.2312198]},"properties":{"type":"entree","autoroute":"A20"}},{"type":"Feature","geometry":{"type":"Point","coordinates":[2.4194078,46.9805498]},"properties":{"type":"entree","autoroute":"A71"}},{"type":"Feature","geometry":{"type":"Point","coordinates":[2.4214187,46.7496505]},"properties":{"type":"entree","autoroute":"A71"}},{"type":"Feature","geometry":{"type":"Point","coordinates":[4.8328483,44.1112327]},"properties":{"type":"entree","autoroute":"A7"}},{"type":"Feature","geometry":{"type":"Point","coordinates":[0.9801962,47.2889899]},"properties":{"type":"entree","autoroute":"A85"}},{"type":"Feature","geometry":{"type":"Point","coordinates":[2.8165878,49.8493224]},"properties":{"type":"entree","autoroute":"A29"}},{"type":"Feature","geometry":{"type":"Point","coordinates":[4.5931322,45.8647185]},"properties":{"type":"entree","autoroute":"A89"}},{"type":"Feature","geometry":{"type":"Point","coordinates":[4.178854,48.6403618]},"properties":{"type":"entree","autoroute":"A26"}},{"type":"Feature","geometry":{"type":"Point","coordinates":[4.6745488,45.8430746]},"properties":{"type":"entree","autoroute":"A89"}},{"type":"Feature","geometry":{"type":"Point","coordinates":[2.4533361,46.7199663]},"properties":{"type":"entree","autoroute":"A71"}},{"type":"Feature","geometry":{"type":"Point","coordinates":[5.5488742,46.1301031]},"properties":{"type":"entree","autoroute":"A40"}},{"type":"Feature","geometry":{"type":"Point","coordinates":[2.8416391,49.892277]},"properties":{"type":"entree","autoroute":"A1"}},{"type":"Feature","geometry":{"type":"Point","coordinates":[2.8374016,49.8807438]},"properties":{"type":"entree","autoroute":"A1"}},{"type":"Feature","geometry":{"type":"Point","coordinates":[2.0088205,47.548889]},"properties":{"type":"entree","autoroute":"A71"}},{"type":"Feature","geometry":{"type":"Point","coordinates":[4.5988996,45.8645914]},"properties":{"type":"entree","autoroute":"A89"}},{"type":"Feature","geometry":{"type":"Point","coordinates":[-0.6531274,45.7072794]},"properties":{"type":"entree","autoroute":"A10"}},{"type":"Feature","geometry":{"type":"Point","coordinates":[7.0686889,48.9709555]},"properties":{"type":"entree","autoroute":"A4"}},{"type":"Feature","geometry":{"type":"Point","coordinates":[7.0650007,48.9759202]},"properties":{"type":"entree","autoroute":"A4"}},{"type":"Feature","geometry":{"type":"Point","coordinates":[6.8086459,49.1397734]},"properties":{"type":"entree","autoroute":"A320"}},{"type":"Feature","geometry":{"type":"Point","coordinates":[7.3651112,47.9500374]},"properties":{"type":"entree","autoroute":"A35"}},{"type":"Feature","geometry":{"type":"Point","coordinates":[7.3666513,47.9543713]},"properties":{"type":"entree","autoroute":"A35"}},{"type":"Feature","geometry":{"type":"Point","coordinates":[2.2343512,49.7371574]},"properties":{"type":"entree","autoroute":"A16"}},{"type":"Feature","geometry":{"type":"Point","coordinates":[2.2352923,49.7345611]},"properties":{"type":"entree","autoroute":"A16"}},{"type":"Feature","geometry":{"type":"Point","coordinates":[7.3695634,48.7635476]},"properties":{"type":"entree","autoroute":"A4"}},{"type":"Feature","geometry":{"type":"Point","coordinates":[7.562158,48.4980671]},"properties":{"type":"entree","autoroute":"A35"}},{"type":"Feature","geometry":{"type":"Point","coordinates":[2.7226856,49.5280953]},"properties":{"type":"entree","autoroute":"A1"}},{"type":"Feature","geometry":{"type":"Point","coordinates":[-1.4346358,46.6274288]},"properties":{"type":"entree","autoroute":"A87"}},{"type":"Feature","geometry":{"type":"Point","coordinates":[-1.395885,46.6408295]},"properties":{"type":"entree","autoroute":"A87"}},{"type":"Feature","geometry":{"type":"Point","coordinates":[2.8747034,47.5715683]},"properties":{"type":"entree","autoroute":"A77"}},{"type":"Feature","geometry":{"type":"Point","coordinates":[6.1733025,48.6046735]},"properties":{"type":"entree","autoroute":"A330"}},{"type":"Feature","geometry":{"type":"Point","coordinates":[-1.2133053,43.7760481]},"properties":{"type":"entree","autoroute":"A63"}},{"type":"Feature","geometry":{"type":"Point","coordinates":[5.6977345,49.139692]},"properties":{"type":"entree","autoroute":"A4"}},{"type":"Feature","geometry":{"type":"Point","coordinates":[0.3330718,49.5479058]},"properties":{"type":"entree","autoroute":"A29"}},{"type":"Feature","geometry":{"type":"Point","coordinates":[2.898162,50.3129507]},"properties":{"type":"entree","autoroute":"A1"}},{"type":"Feature","geometry":{"type":"Point","coordinates":[2.8972942,50.3124347]},"properties":{"type":"entree","autoroute":"A1"}},{"type":"Feature","geometry":{"type":"Point","coordinates":[5.9050655,43.1249217]},"properties":{"type":"entree","autoroute":"A50"}},{"type":"Feature","geometry":{"type":"Point","coordinates":[4.9784819,43.6395632]},"properties":{"type":"entree","autoroute":"A54"}},{"type":"Feature","geometry":{"type":"Point","coordinates":[6.3196453,43.3394871]},"properties":{"type":"entree","autoroute":"A57"}},{"type":"Feature","geometry":{"type":"Point","coordinates":[6.3212493,43.3411586]},"properties":{"type":"entree","autoroute":"A57"}},{"type":"Feature","geometry":{"type":"Point","coordinates":[6.3260386,43.3465313]},"properties":{"type":"entree","autoroute":"A57"}},{"type":"Feature","geometry":{"type":"Point","coordinates":[6.4120148,49.1369984]},"properties":{"type":"entree","autoroute":"A4"}},{"type":"Feature","geometry":{"type":"Point","coordinates":[5.6004477,45.3249318]},"properties":{"type":"entree","autoroute":"A48"}},{"type":"Feature","geometry":{"type":"Point","coordinates":[3.310575,46.4756802]},"properties":{"type":"entree","autoroute":"A79"}},{"type":"Feature","geometry":{"type":"Point","coordinates":[-0.592535,43.4207529]},"properties":{"type":"entree","autoroute":"A64"}},{"type":"Feature","geometry":{"type":"Point","coordinates":[-0.4985178,47.5021811]},"properties":{"type":"entree","autoroute":"A11"}},{"type":"Feature","geometry":{"type":"Point","coordinates":[-0.5012524,47.4988941]},"properties":{"type":"entree","autoroute":"A87N"}},{"type":"Feature","geometry":{"type":"Point","coordinates":[3.8157374,45.8558013]},"properties":{"type":"entree","autoroute":"A89"}},{"type":"Feature","geometry":{"type":"Point","coordinates":[2.7136628,47.7700643]},"properties":{"type":"entree","autoroute":"A77"}},{"type":"Feature","geometry":{"type":"Point","coordinates":[5.8378127,43.468706]},"properties":{"type":"entree","autoroute":"A8"}},{"type":"Feature","geometry":{"type":"Point","coordinates":[-1.1836617,43.5302941]},"properties":{"type":"entree","autoroute":"A64"}},{"type":"Feature","geometry":{"type":"Point","coordinates":[-1.1843931,43.5301178]},"properties":{"type":"entree","autoroute":"A64"}},{"type":"Feature","geometry":{"type":"Point","coordinates":[3.1094072,45.9926616]},"properties":{"type":"entree","autoroute":"A71"}},{"type":"Feature","geometry":{"type":"Point","coordinates":[3.1091947,45.996058]},"properties":{"type":"entree","autoroute":"A71"}},{"type":"Feature","geometry":{"type":"Point","coordinates":[0.3037921,47.8790629]},"properties":{"type":"entree","autoroute":"A28"}},{"type":"Feature","geometry":{"type":"Point","coordinates":[0.3039233,47.8789155]},"properties":{"type":"entree","autoroute":"A28"}},{"type":"Feature","geometry":{"type":"Point","coordinates":[3.3581306,46.4940296]},"properties":{"type":"entree","autoroute":"A79"}},{"type":"Feature","geometry":{"type":"Point","coordinates":[3.9191359,46.4558792]},"properties":{"type":"entree","autoroute":"A79"}},{"type":"Feature","geometry":{"type":"Point","coordinates":[7.6866193,48.7440667]},"properties":{"type":"entree","autoroute":"A4"}},{"type":"Feature","geometry":{"type":"Point","coordinates":[4.7201052,49.7318741]},"properties":{"type":"entree","autoroute":"A34"}},{"type":"Feature","geometry":{"type":"Point","coordinates":[4.6260967,49.6425934]},"properties":{"type":"entree","autoroute":"A34"}},{"type":"Feature","geometry":{"type":"Point","coordinates":[-1.0971224,44.6151122]},"properties":{"type":"entree","autoroute":"A660"}},{"type":"Feature","geometry":{"type":"Point","coordinates":[5.3514509,45.5651165]},"properties":{"type":"entree","autoroute":"A43"}},{"type":"Feature","geometry":{"type":"Point","coordinates":[5.346275,45.5660378]},"properties":{"type":"entree","autoroute":"A48"}},{"type":"Feature","geometry":{"type":"Point","coordinates":[0.7317436,47.3116156]},"properties":{"type":"entree","autoroute":"A85"}},{"type":"Feature","geometry":{"type":"Point","coordinates":[0.7388266,47.3123881]},"properties":{"type":"entree","autoroute":"A85"}},{"type":"Feature","geometry":{"type":"Point","coordinates":[0.1955067,48.0568115]},"properties":{"type":"entree","autoroute":"A11"}},{"type":"Feature","geometry":{"type":"Point","coordinates":[5.9325663,47.2722942]},"properties":{"type":"entree","autoroute":"A36"}},{"type":"Feature","geometry":{"type":"Point","coordinates":[6.0004987,49.3351277]},"properties":{"type":"entree","autoroute":"A30"}},{"type":"Feature","geometry":{"type":"Point","coordinates":[0.638433,49.3758703]},"properties":{"type":"entree","autoroute":"A13"}},{"type":"Feature","geometry":{"type":"Point","coordinates":[-0.6032074,47.3284738]},"properties":{"type":"entree","autoroute":"A87"}},{"type":"Feature","geometry":{"type":"Point","coordinates":[2.8705169,50.0770959]},"properties":{"type":"entree","autoroute":"A1"}},{"type":"Feature","geometry":{"type":"Point","coordinates":[4.7527046,45.8410142]},"properties":{"type":"entree","autoroute":"A6"}},{"type":"Feature","geometry":{"type":"Point","coordinates":[2.7514159,47.6535637]},"properties":{"type":"entree","autoroute":"A77"}},{"type":"Feature","geometry":{"type":"Point","coordinates":[5.2502508,46.2553152]},"properties":{"type":"entree","autoroute":"A39"}},{"type":"Feature","geometry":{"type":"Point","coordinates":[5.3124604,45.9842376]},"properties":{"type":"entree","autoroute":"A42"}},{"type":"Feature","geometry":{"type":"Point","coordinates":[2.182509,48.6577743]},"properties":{"type":"entree","autoroute":"A10"}},{"type":"Feature","geometry":{"type":"Point","coordinates":[2.1923927,48.6679567]},"properties":{"type":"entree","autoroute":"A10"}},{"type":"Feature","geometry":{"type":"Point","coordinates":[-0.5393963,44.7942029]},"properties":{"type":"entree","autoroute":"A630"}},{"type":"Feature","geometry":{"type":"Point","coordinates":[-0.5592487,45.3162233]},"properties":{"type":"entree","autoroute":"A10"}},{"type":"Feature","geometry":{"type":"Point","coordinates":[5.0450265,43.3993389]},"properties":{"type":"entree","autoroute":"A55"}},{"type":"Feature","geometry":{"type":"Point","coordinates":[5.0396326,43.4055234]},"properties":{"type":"entree","autoroute":"A55"}},{"type":"Feature","geometry":{"type":"Point","coordinates":[2.1822878,49.9859296]},"properties":{"type":"entree","autoroute":"A16"}},{"type":"Feature","geometry":{"type":"Point","coordinates":[2.4106411,51.0210756]},"properties":{"type":"entree","autoroute":"A16"}},{"type":"Feature","geometry":{"type":"Point","coordinates":[0.1106459,43.2165393]},"properties":{"type":"entree","autoroute":"A64"}},{"type":"Feature","geometry":{"type":"Point","coordinates":[2.7823021,49.7306749]},"properties":{"type":"entree","autoroute":"A1"}},{"type":"Feature","geometry":{"type":"Point","coordinates":[-0.6733027,44.817337]},"properties":{"type":"entree","autoroute":"A630"}},{"type":"Feature","geometry":{"type":"Point","coordinates":[-0.6648271,44.8058065]},"properties":{"type":"entree","autoroute":"A630"}},{"type":"Feature","geometry":{"type":"Point","coordinates":[0.2404991,43.1743452]},"properties":{"type":"entree","autoroute":"A64"}},{"type":"Feature","geometry":{"type":"Point","coordinates":[2.9678928,50.2766591]},"properties":{"type":"entree","autoroute":"A26"}},{"type":"Feature","geometry":{"type":"Point","coordinates":[1.387899,44.0340741]},"properties":{"type":"entree","autoroute":"A20"}},{"type":"Feature","geometry":{"type":"Point","coordinates":[3.2312665,46.1034901]},"properties":{"type":"entree","autoroute":"A719"}},{"type":"Feature","geometry":{"type":"Point","coordinates":[3.2341854,46.1026725]},"properties":{"type":"entree","autoroute":"A719"}},{"type":"Feature","geometry":{"type":"Point","coordinates":[2.5399556,48.4254493]},"properties":{"type":"entree","autoroute":"A6"}},{"type":"Feature","geometry":{"type":"Point","coordinates":[2.5394553,48.4284012]},"properties":{"type":"entree","autoroute":"A6"}},{"type":"Feature","geometry":{"type":"Point","coordinates":[2.8242706,48.1877038]},"properties":{"type":"entree","autoroute":"A6"}},{"type":"Feature","geometry":{"type":"Point","coordinates":[2.6395012,48.3124928]},"properties":{"type":"entree","autoroute":"A6"}},{"type":"Feature","geometry":{"type":"Point","coordinates":[7.507623,47.7777105]},"properties":{"type":"entree","autoroute":"A36"}},{"type":"Feature","geometry":{"type":"Point","coordinates":[5.2403712,43.4487851]},"properties":{"type":"entree","autoroute":"A7"}},{"type":"Feature","geometry":{"type":"Point","coordinates":[-1.4079206,48.2659192]},"properties":{"type":"entree","autoroute":"A84"}},{"type":"Feature","geometry":{"type":"Point","coordinates":[-0.7780025,48.115369]},"properties":{"type":"entree","autoroute":"A81"}},{"type":"Feature","geometry":{"type":"Point","coordinates":[1.5730599,44.6980578]},"properties":{"type":"entree","autoroute":"A20"}},{"type":"Feature","geometry":{"type":"Point","coordinates":[2.5413517,49.0363214]},"properties":{"type":"entree","autoroute":"A1"}},{"type":"Feature","geometry":{"type":"Point","coordinates":[0.600631,47.5527005]},"properties":{"type":"entree","autoroute":"A28"}},{"type":"Feature","geometry":{"type":"Point","coordinates":[2.5139826,49.8539653]},"properties":{"type":"entree","autoroute":"A29"}},{"type":"Feature","geometry":{"type":"Point","coordinates":[2.5192101,49.8546762]},"properties":{"type":"entree","autoroute":"inconnue"}},{"type":"Feature","geometry":{"type":"Point","coordinates":[5.8818953,45.2555308]},"properties":{"type":"entree","autoroute":"A41"}},{"type":"Feature","geometry":{"type":"Point","coordinates":[5.6312112,46.2581486]},"properties":{"type":"entree","autoroute":"A404"}},{"type":"Feature","geometry":{"type":"Point","coordinates":[0.8308759,49.3640944]},"properties":{"type":"entree","autoroute":"A13"}},{"type":"Feature","geometry":{"type":"Point","coordinates":[4.1670637,49.1738662]},"properties":{"type":"entree","autoroute":"A4"}},{"type":"Feature","geometry":{"type":"Point","coordinates":[7.7415394,48.673718]},"properties":{"type":"entree","autoroute":"A35"}},{"type":"Feature","geometry":{"type":"Point","coordinates":[7.4830495,48.769786]},"properties":{"type":"entree","autoroute":"A4"}},{"type":"Feature","geometry":{"type":"Point","coordinates":[7.4982335,48.7706905]},"properties":{"type":"entree","autoroute":"A4"}},{"type":"Feature","geometry":{"type":"Point","coordinates":[0.6797835,47.3033617]},"properties":{"type":"entree","autoroute":"A85"}},{"type":"Feature","geometry":{"type":"Point","coordinates":[1.2953636,45.8165576]},"properties":{"type":"entree","autoroute":"A20"}},{"type":"Feature","geometry":{"type":"Point","coordinates":[3.0577752,50.2281232]},"properties":{"type":"entree","autoroute":"A26"}},{"type":"Feature","geometry":{"type":"Point","coordinates":[4.6565892,49.6755313]},"properties":{"type":"entree","autoroute":"A34"}},{"type":"Feature","geometry":{"type":"Point","coordinates":[3.0693486,50.616153]},"properties":{"type":"entree","autoroute":"A25"}},{"type":"Feature","geometry":{"type":"Point","coordinates":[2.9762133,50.43599]},"properties":{"type":"entree","autoroute":"A1"}},{"type":"Feature","geometry":{"type":"Point","coordinates":[3.0847142,50.5775007]},"properties":{"type":"entree","autoroute":"A1"}},{"type":"Feature","geometry":{"type":"Point","coordinates":[2.247632,50.6749262]},"properties":{"type":"entree","autoroute":"A26"}},{"type":"Feature","geometry":{"type":"Point","coordinates":[-0.8419278,44.5055388]},"properties":{"type":"entree","autoroute":"A63"}},{"type":"Feature","geometry":{"type":"Point","coordinates":[0.4990185,47.6366514]},"properties":{"type":"entree","autoroute":"A28"}},{"type":"Feature","geometry":{"type":"Point","coordinates":[5.3750005,43.3047777]},"properties":{"type":"entree","autoroute":"A7"}},{"type":"Feature","geometry":{"type":"Point","coordinates":[4.3234396,49.0425298]},"properties":{"type":"entree","autoroute":"A4"}},{"type":"Feature","geometry":{"type":"Point","coordinates":[2.4584361,51.0401515]},"properties":{"type":"entree","autoroute":"A16"}},{"type":"Feature","geometry":{"type":"Point","coordinates":[2.5221854,51.0433851]},"properties":{"type":"entree","autoroute":"A16"}},{"type":"Feature","geometry":{"type":"Point","coordinates":[2.4294481,51.0294615]},"properties":{"type":"entree","autoroute":"A16"}},{"type":"Feature","geometry":{"type":"Point","coordinates":[2.4388408,51.0336872]},"properties":{"type":"entree","autoroute":"A16"}},{"type":"Feature","geometry":{"type":"Point","coordinates":[2.3819404,51.0134936]},"properties":{"type":"entree","autoroute":"A16"}},{"type":"Feature","geometry":{"type":"Point","coordinates":[2.3843928,49.8598983]},"properties":{"type":"entree","autoroute":"A29"}},{"type":"Feature","geometry":{"type":"Point","coordinates":[5.8762236,49.1968051]},"properties":{"type":"entree","autoroute":"A4"}},{"type":"Feature","geometry":{"type":"Point","coordinates":[5.4251382,43.3006788]},"properties":{"type":"entree","autoroute":"A507"}},{"type":"Feature","geometry":{"type":"Point","coordinates":[2.3152283,51.0050135]},"properties":{"type":"entree","autoroute":"A16"}},{"type":"Feature","geometry":{"type":"Point","coordinates":[2.1877408,50.9589276]},"properties":{"type":"entree","autoroute":"A16"}},{"type":"Feature","geometry":{"type":"Point","coordinates":[2.1791137,50.9589111]},"properties":{"type":"entree","autoroute":"A16"}},{"type":"Feature","geometry":{"type":"Point","coordinates":[4.5996449,43.9340901]},"properties":{"type":"entree","autoroute":"A9"}},{"type":"Feature","geometry":{"type":"Point","coordinates":[4.3160149,49.0447166]},"properties":{"type":"entree","autoroute":"A4"}},{"type":"Feature","geometry":{"type":"Point","coordinates":[4.2831186,49.0502059]},"properties":{"type":"entree","autoroute":"A26"}},{"type":"Feature","geometry":{"type":"Point","coordinates":[5.8859364,45.605228]},"properties":{"type":"entree","autoroute":"A41"}},{"type":"Feature","geometry":{"type":"Point","coordinates":[2.9763366,47.2746176]},"properties":{"type":"entree","autoroute":"A77"}},{"type":"Feature","geometry":{"type":"Point","coordinates":[2.9647368,47.2857384]},"properties":{"type":"entree","autoroute":"A77"}},{"type":"Feature","geometry":{"type":"Point","coordinates":[2.9510817,47.3001887]},"properties":{"type":"entree","autoroute":"A77"}},{"type":"Feature","geometry":{"type":"Point","coordinates":[2.9461673,47.4130569]},"properties":{"type":"entree","autoroute":"A77"}},{"type":"Feature","geometry":{"type":"Point","coordinates":[3.0182827,48.0369348]},"properties":{"type":"entree","autoroute":"A19"}},{"type":"Feature","geometry":{"type":"Point","coordinates":[1.4596131,43.6466862]},"properties":{"type":"entree","autoroute":"A62"}},{"type":"Feature","geometry":{"type":"Point","coordinates":[1.4183385,46.3110944]},"properties":{"type":"entree","autoroute":"A20"}},{"type":"Feature","geometry":{"type":"Point","coordinates":[4.9374699,45.8107738]},"properties":{"type":"entree","autoroute":"A42"}},{"type":"Feature","geometry":{"type":"Point","coordinates":[6.4482624,47.4065828]},"properties":{"type":"entree","autoroute":"A36"}},{"type":"Feature","geometry":{"type":"Point","coordinates":[1.2972744,45.7968432]},"properties":{"type":"entree","autoroute":"A20"}},{"type":"Feature","geometry":{"type":"Point","coordinates":[-0.95994,44.6249443]},"properties":{"type":"entree","autoroute":"A660"}},{"type":"Feature","geometry":{"type":"Point","coordinates":[2.6709413,48.058383]},"properties":{"type":"entree","autoroute":"A77"}},{"type":"Feature","geometry":{"type":"Point","coordinates":[-0.5110469,47.4024913]},"properties":{"type":"entree","autoroute":"A87N"}},{"type":"Feature","geometry":{"type":"Point","coordinates":[0.4374307,49.5817843]},"properties":{"type":"entree","autoroute":"A29"}},{"type":"Feature","geometry":{"type":"Point","coordinates":[-1.5601605,47.2693649]},"properties":{"type":"entree","autoroute":"A11"}},{"type":"Feature","geometry":{"type":"Point","coordinates":[1.4187264,49.717993]},"properties":{"type":"entree","autoroute":"A28"}},{"type":"Feature","geometry":{"type":"Point","coordinates":[2.7908094,50.7028667]},"properties":{"type":"entree","autoroute":"A25"}},{"type":"Feature","geometry":{"type":"Point","coordinates":[1.7595489,50.0435474]},"properties":{"type":"entree","autoroute":"A28"}},{"type":"Feature","geometry":{"type":"Point","coordinates":[1.8146558,50.1312892]},"properties":{"type":"entree","autoroute":"A28"}},{"type":"Feature","geometry":{"type":"Point","coordinates":[5.3462059,43.345231]},"properties":{"type":"entree","autoroute":"A55"}},{"type":"Feature","geometry":{"type":"Point","coordinates":[5.1406502,47.275976]},"properties":{"type":"entree","autoroute":"A39"}},{"type":"Feature","geometry":{"type":"Point","coordinates":[3.1639671,50.7633994]},"properties":{"type":"entree","autoroute":"A22"}},{"type":"Feature","geometry":{"type":"Point","coordinates":[2.8470648,48.939492]},"properties":{"type":"entree","autoroute":"A140"}},{"type":"Feature","geometry":{"type":"Point","coordinates":[2.8819851,48.9115189]},"properties":{"type":"entree","autoroute":"A140"}},{"type":"Feature","geometry":{"type":"Point","coordinates":[2.7223837,48.1348414]},"properties":{"type":"entree","autoroute":"A77"}},{"type":"Feature","geometry":{"type":"Point","coordinates":[0.6666944,47.2597427]},"properties":{"type":"entree","autoroute":"A10"}},{"type":"Feature","geometry":{"type":"Point","coordinates":[0.6568365,47.215025]},"properties":{"type":"entree","autoroute":"A10"}},{"type":"Feature","geometry":{"type":"Point","coordinates":[0.6581841,47.2218523]},"properties":{"type":"entree","autoroute":"A10"}},{"type":"Feature","geometry":{"type":"Point","coordinates":[0.5910526,47.106711]},"properties":{"type":"entree","autoroute":"A10"}},{"type":"Feature","geometry":{"type":"Point","coordinates":[0.5694821,47.0293644]},"properties":{"type":"entree","autoroute":"A10"}},{"type":"Feature","geometry":{"type":"Point","coordinates":[-0.339028,47.5467527]},"properties":{"type":"entree","autoroute":"A11"}},{"type":"Feature","geometry":{"type":"Point","coordinates":[4.6988712,49.7226575]},"properties":{"type":"entree","autoroute":"A304"}},{"type":"Feature","geometry":{"type":"Point","coordinates":[3.1373855,44.0145081]},"properties":{"type":"entree","autoroute":"A75"}},{"type":"Feature","geometry":{"type":"Point","coordinates":[3.2901476,44.7341902]},"properties":{"type":"entree","autoroute":"A75"}},{"type":"Feature","geometry":{"type":"Point","coordinates":[3.2012611,44.9379663]},"properties":{"type":"entree","autoroute":"A75"}},{"type":"Feature","geometry":{"type":"Point","coordinates":[2.7499874,47.6547534]},"properties":{"type":"entree","autoroute":"A77"}},{"type":"Feature","geometry":{"type":"Point","coordinates":[2.6885376,47.8485399]},"properties":{"type":"entree","autoroute":"A77"}},{"type":"Feature","geometry":{"type":"Point","coordinates":[7.4790411,47.665291]},"properties":{"type":"entree","autoroute":"A35"}},{"type":"Feature","geometry":{"type":"Point","coordinates":[1.4817207,45.1870774]},"properties":{"type":"entree","autoroute":"A89"}},{"type":"Feature","geometry":{"type":"Point","coordinates":[6.1834425,48.6273496]},"properties":{"type":"entree","autoroute":"A330"}},{"type":"Feature","geometry":{"type":"Point","coordinates":[6.1821146,48.6325346]},"properties":{"type":"entree","autoroute":"A330"}},{"type":"Feature","geometry":{"type":"Point","coordinates":[6.1870504,48.6234154]},"properties":{"type":"entree","autoroute":"A33"}},{"type":"Feature","geometry":{"type":"Point","coordinates":[3.0208272,48.0373444]},"properties":{"type":"entree","autoroute":"A19"}},{"type":"Feature","geometry":{"type":"Point","coordinates":[6.1414076,48.6461853]},"properties":{"type":"entree","autoroute":"A33"}},{"type":"Feature","geometry":{"type":"Point","coordinates":[4.7026145,49.7198782]},"properties":{"type":"entree","autoroute":"A34"}},{"type":"Feature","geometry":{"type":"Point","coordinates":[6.2256717,45.5681757]},"properties":{"type":"entree","autoroute":"A430"}},{"type":"Feature","geometry":{"type":"Point","coordinates":[3.2679699,50.6027526]},"properties":{"type":"entree","autoroute":"A27"}},{"type":"Feature","geometry":{"type":"Point","coordinates":[4.9854286,45.8180013]},"properties":{"type":"entree","autoroute":"A42"}},{"type":"Feature","geometry":{"type":"Point","coordinates":[2.6358971,48.9122468]},"properties":{"type":"entree","autoroute":"A104"}},{"type":"Feature","geometry":{"type":"Point","coordinates":[6.3277218,46.1196316]},"properties":{"type":"entree","autoroute":"A410"}},{"type":"Feature","geometry":{"type":"Point","coordinates":[4.3988358,43.7904541]},"properties":{"type":"entree","autoroute":"A54"}},{"type":"Feature","geometry":{"type":"Point","coordinates":[-1.43626,47.0706496]},"properties":{"type":"entree","autoroute":"A83"}},{"type":"Feature","geometry":{"type":"Point","coordinates":[-1.4380697,47.07292]},"properties":{"type":"entree","autoroute":"A83"}},{"type":"Feature","geometry":{"type":"Point","coordinates":[1.4529765,43.6468256]},"properties":{"type":"entree","autoroute":"A62"}},{"type":"Feature","geometry":{"type":"Point","coordinates":[1.4849107,45.1888318]},"properties":{"type":"entree","autoroute":"A89"}},{"type":"Feature","geometry":{"type":"Point","coordinates":[4.9158675,43.897017]},"properties":{"type":"entree","autoroute":"A7"}},{"type":"Feature","geometry":{"type":"Point","coordinates":[4.81217,45.324008]},"properties":{"type":"entree","autoroute":"A7"}},{"type":"Feature","geometry":{"type":"Point","coordinates":[4.8248644,45.2793288]},"properties":{"type":"entree","autoroute":"A7"}},{"type":"Feature","geometry":{"type":"Point","coordinates":[4.8251852,45.4127955]},"properties":{"type":"entree","autoroute":"A7"}},{"type":"Feature","geometry":{"type":"Point","coordinates":[4.797063,45.5928276]},"properties":{"type":"entree","autoroute":"A7"}},{"type":"Feature","geometry":{"type":"Point","coordinates":[4.8205672,45.6342945]},"properties":{"type":"entree","autoroute":"A7"}},{"type":"Feature","geometry":{"type":"Point","coordinates":[4.8303784,45.6448311]},"properties":{"type":"entree","autoroute":"A7"}},{"type":"Feature","geometry":{"type":"Point","coordinates":[4.1068993,49.2802646]},"properties":{"type":"entree","autoroute":"A34"}},{"type":"Feature","geometry":{"type":"Point","coordinates":[2.6287548,49.2159689]},"properties":{"type":"entree","autoroute":"A1"}},{"type":"Feature","geometry":{"type":"Point","coordinates":[3.1483937,50.5919586]},"properties":{"type":"entree","autoroute":"A23"}},{"type":"Feature","geometry":{"type":"Point","coordinates":[3.129703,50.6549511]},"properties":{"type":"entree","autoroute":"A22"}},{"type":"Feature","geometry":{"type":"Point","coordinates":[3.1285847,50.6556257]},"properties":{"type":"entree","autoroute":"A22"}},{"type":"Feature","geometry":{"type":"Point","coordinates":[3.1182181,50.6579515]},"properties":{"type":"entree","autoroute":"A22"}},{"type":"Feature","geometry":{"type":"Point","coordinates":[1.6474165,50.7319433]},"properties":{"type":"entree","autoroute":"A16"}},{"type":"Feature","geometry":{"type":"Point","coordinates":[1.6471066,50.7179662]},"properties":{"type":"entree","autoroute":"A16"}},{"type":"Feature","geometry":{"type":"Point","coordinates":[4.814393,45.401672]},"properties":{"type":"entree","autoroute":"A7"}},{"type":"Feature","geometry":{"type":"Point","coordinates":[-0.5113921,47.4399102]},"properties":{"type":"entree","autoroute":"A87N"}},{"type":"Feature","geometry":{"type":"Point","coordinates":[-0.5128887,47.4426091]},"properties":{"type":"entree","autoroute":"A87N"}},{"type":"Feature","geometry":{"type":"Point","coordinates":[6.4695673,45.2161297]},"properties":{"type":"entree","autoroute":"A43"}},{"type":"Feature","geometry":{"type":"Point","coordinates":[6.1203014,48.6984901]},"properties":{"type":"entree","autoroute":"A31"}},{"type":"Feature","geometry":{"type":"Point","coordinates":[1.6452937,50.5742645]},"properties":{"type":"entree","autoroute":"A16"}},{"type":"Feature","geometry":{"type":"Point","coordinates":[2.8701568,50.1954604]},"properties":{"type":"entree","autoroute":"A1"}},{"type":"Feature","geometry":{"type":"Point","coordinates":[6.671385,45.1935156]},"properties":{"type":"entree","autoroute":"A43"}},{"type":"Feature","geometry":{"type":"Point","coordinates":[-0.7120072,44.7402134]},"properties":{"type":"entree","autoroute":"A63"}},{"type":"Feature","geometry":{"type":"Point","coordinates":[-0.6972103,44.7487694]},"properties":{"type":"entree","autoroute":"A63"}},{"type":"Feature","geometry":{"type":"Point","coordinates":[2.9920588,45.9569849]},"properties":{"type":"entree","autoroute":"A89"}},{"type":"Feature","geometry":{"type":"Point","coordinates":[2.674957,47.9930693]},"properties":{"type":"entree","autoroute":"A77"}},{"type":"Feature","geometry":{"type":"Point","coordinates":[2.6861498,47.8433402]},"properties":{"type":"entree","autoroute":"A77"}},{"type":"Feature","geometry":{"type":"Point","coordinates":[2.8170131,45.8338088]},"properties":{"type":"entree","autoroute":"A89"}},{"type":"Feature","geometry":{"type":"Point","coordinates":[2.6932968,45.7201625]},"properties":{"type":"entree","autoroute":"A89"}},{"type":"Feature","geometry":{"type":"Point","coordinates":[-1.47788,47.2396431]},"properties":{"type":"entree","autoroute":"A811"}},{"type":"Feature","geometry":{"type":"Point","coordinates":[5.3749666,43.3046308]},"properties":{"type":"entree","autoroute":"A7"}},{"type":"Feature","geometry":{"type":"Point","coordinates":[5.9252847,45.6527486]},"properties":{"type":"entree","autoroute":"A41"}},{"type":"Feature","geometry":{"type":"Point","coordinates":[-0.8215433,44.6626396]},"properties":{"type":"entree","autoroute":"A63"}},{"type":"Feature","geometry":{"type":"Point","coordinates":[-0.1785492,48.8544069]},"properties":{"type":"entree","autoroute":"A88"}},{"type":"Feature","geometry":{"type":"Point","coordinates":[2.5602396,49.1316498]},"properties":{"type":"entree","autoroute":"A1"}},{"type":"Feature","geometry":{"type":"Point","coordinates":[1.8306832,48.5255508]},"properties":{"type":"entree","autoroute":"A11"}},{"type":"Feature","geometry":{"type":"Point","coordinates":[4.513716,49.8483483]},"properties":{"type":"entree","autoroute":"A304"}},{"type":"Feature","geometry":{"type":"Point","coordinates":[6.0005532,45.5138779]},"properties":{"type":"entree","autoroute":"A43"}},{"type":"Feature","geometry":{"type":"Point","coordinates":[2.251685,50.6702494]},"properties":{"type":"entree","autoroute":"A26"}},{"type":"Feature","geometry":{"type":"Point","coordinates":[1.652332,50.7741101]},"properties":{"type":"entree","autoroute":"A16"}},{"type":"Feature","geometry":{"type":"Point","coordinates":[1.6874913,50.7948104]},"properties":{"type":"entree","autoroute":"A16"}},{"type":"Feature","geometry":{"type":"Point","coordinates":[6.1709299,46.0007286]},"properties":{"type":"entree","autoroute":"A410"}},{"type":"Feature","geometry":{"type":"Point","coordinates":[6.1265503,45.9965415]},"properties":{"type":"entree","autoroute":"A41"}},{"type":"Feature","geometry":{"type":"Point","coordinates":[6.1267875,45.9930271]},"properties":{"type":"entree","autoroute":"A41"}},{"type":"Feature","geometry":{"type":"Point","coordinates":[6.1115065,46.0171372]},"properties":{"type":"entree","autoroute":"A41"}},{"type":"Feature","geometry":{"type":"Point","coordinates":[2.1101253,49.0326498]},"properties":{"type":"entree","autoroute":"A15"}},{"type":"Feature","geometry":{"type":"Point","coordinates":[2.1019431,49.0344113]},"properties":{"type":"entree","autoroute":"A15"}},{"type":"Feature","geometry":{"type":"Point","coordinates":[2.0608638,50.8221743]},"properties":{"type":"entree","autoroute":"A26"}},{"type":"Feature","geometry":{"type":"Point","coordinates":[3.2952027,49.048292]},"properties":{"type":"entree","autoroute":"A4"}},{"type":"Feature","geometry":{"type":"Point","coordinates":[3.0409854,48.949803]},"properties":{"type":"entree","autoroute":"A4"}},{"type":"Feature","geometry":{"type":"Point","coordinates":[2.5238452,48.4540141]},"properties":{"type":"entree","autoroute":"A6"}},{"type":"Feature","geometry":{"type":"Point","coordinates":[5.5601515,46.1767028]},"properties":{"type":"entree","autoroute":"A404"}},{"type":"Feature","geometry":{"type":"Point","coordinates":[5.5613075,46.1798593]},"properties":{"type":"entree","autoroute":"A404"}},{"type":"Feature","geometry":{"type":"Point","coordinates":[-1.5958117,48.1594306]},"properties":{"type":"entree","autoroute":"A84"}},{"type":"Feature","geometry":{"type":"Point","coordinates":[3.2645994,45.53946]},"properties":{"type":"entree","autoroute":"A75"}},{"type":"Feature","geometry":{"type":"Point","coordinates":[3.2390318,45.5777876]},"properties":{"type":"entree","autoroute":"A75"}},{"type":"Feature","geometry":{"type":"Point","coordinates":[3.2506001,45.4677782]},"properties":{"type":"entree","autoroute":"A75"}},{"type":"Feature","geometry":{"type":"Point","coordinates":[3.2730266,45.4240232]},"properties":{"type":"entree","autoroute":"A75"}},{"type":"Feature","geometry":{"type":"Point","coordinates":[3.2849749,45.3756712]},"properties":{"type":"entree","autoroute":"A75"}},{"type":"Feature","geometry":{"type":"Point","coordinates":[3.2416293,45.2958151]},"properties":{"type":"entree","autoroute":"A75"}},{"type":"Feature","geometry":{"type":"Point","coordinates":[3.2043167,45.2400041]},"properties":{"type":"entree","autoroute":"A75"}},{"type":"Feature","geometry":{"type":"Point","coordinates":[3.1432679,45.143996]},"properties":{"type":"entree","autoroute":"A75"}},{"type":"Feature","geometry":{"type":"Point","coordinates":[3.1256392,45.0950419]},"properties":{"type":"entree","autoroute":"A75"}},{"type":"Feature","geometry":{"type":"Point","coordinates":[2.87416,50.1705037]},"properties":{"type":"entree","autoroute":"A1"}},{"type":"Feature","geometry":{"type":"Point","coordinates":[1.5706982,45.3634796]},"properties":{"type":"entree","autoroute":"A20"}},{"type":"Feature","geometry":{"type":"Point","coordinates":[2.3737322,50.5763599]},"properties":{"type":"entree","autoroute":"A26"}},{"type":"Feature","geometry":{"type":"Point","coordinates":[3.1143247,45.048434]},"properties":{"type":"entree","autoroute":"A75"}},{"type":"Feature","geometry":{"type":"Point","coordinates":[0.6874435,49.6377233]},"properties":{"type":"entree","autoroute":"A29"}},{"type":"Feature","geometry":{"type":"Point","coordinates":[0.6960936,49.6391155]},"properties":{"type":"entree","autoroute":"A29"}},{"type":"Feature","geometry":{"type":"Point","coordinates":[3.1433082,44.0097026]},"properties":{"type":"entree","autoroute":"A75"}},{"type":"Feature","geometry":{"type":"Point","coordinates":[-0.8486837,44.3648099]},"properties":{"type":"entree","autoroute":"A63"}},{"type":"Feature","geometry":{"type":"Point","coordinates":[-0.8486496,44.3652944]},"properties":{"type":"entree","autoroute":"A63"}},{"type":"Feature","geometry":{"type":"Point","coordinates":[1.9402573,50.9376694]},"properties":{"type":"entree","autoroute":"A16"}},{"type":"Feature","geometry":{"type":"Point","coordinates":[1.0368401,49.3474613]},"properties":{"type":"entree","autoroute":"A139"}},{"type":"Feature","geometry":{"type":"Point","coordinates":[1.1881164,49.2442599]},"properties":{"type":"entree","autoroute":"A13"}},{"type":"Feature","geometry":{"type":"Point","coordinates":[1.0907394,49.3275883]},"properties":{"type":"entree","autoroute":"A13"}},{"type":"Feature","geometry":{"type":"Point","coordinates":[3.3380606,43.3999879]},"properties":{"type":"entree","autoroute":"A75"}},{"type":"Feature","geometry":{"type":"Point","coordinates":[3.2749576,43.3627285]},"properties":{"type":"entree","autoroute":"A75"}},{"type":"Feature","geometry":{"type":"Point","coordinates":[5.2895025,46.1166253]},"properties":{"type":"entree","autoroute":"A40"}},{"type":"Feature","geometry":{"type":"Point","coordinates":[7.4187913,48.2630039]},"properties":{"type":"entree","autoroute":"A35"}},{"type":"Feature","geometry":{"type":"Point","coordinates":[5.2919453,46.1109645]},"properties":{"type":"entree","autoroute":"A40"}},{"type":"Feature","geometry":{"type":"Point","coordinates":[5.9209186,49.1987132]},"properties":{"type":"entree","autoroute":"A4"}},{"type":"Feature","geometry":{"type":"Point","coordinates":[4.8296199,45.2737891]},"properties":{"type":"entree","autoroute":"A7"}},{"type":"Feature","geometry":{"type":"Point","coordinates":[4.8436381,44.7960431]},"properties":{"type":"entree","autoroute":"A7"}},{"type":"Feature","geometry":{"type":"Point","coordinates":[4.8664071,44.8625027]},"properties":{"type":"entree","autoroute":"A7"}},{"type":"Feature","geometry":{"type":"Point","coordinates":[4.7762872,44.5114058]},"properties":{"type":"entree","autoroute":"A7"}},{"type":"Feature","geometry":{"type":"Point","coordinates":[4.7645837,44.0469525]},"properties":{"type":"entree","autoroute":"A9"}},{"type":"Feature","geometry":{"type":"Point","coordinates":[3.9362446,43.6080861]},"properties":{"type":"entree","autoroute":"A709"}},{"type":"Feature","geometry":{"type":"Point","coordinates":[3.4714176,43.3979385]},"properties":{"type":"entree","autoroute":"A9"}},{"type":"Feature","geometry":{"type":"Point","coordinates":[3.2919406,43.3377558]},"properties":{"type":"entree","autoroute":"A9"}},{"type":"Feature","geometry":{"type":"Point","coordinates":[3.0931836,43.2188952]},"properties":{"type":"entree","autoroute":"A9"}},{"type":"Feature","geometry":{"type":"Point","coordinates":[2.9887238,43.1582119]},"properties":{"type":"entree","autoroute":"A9"}},{"type":"Feature","geometry":{"type":"Point","coordinates":[2.8537279,43.1592075]},"properties":{"type":"entree","autoroute":"A61"}},{"type":"Feature","geometry":{"type":"Point","coordinates":[2.8421132,43.1641012]},"properties":{"type":"entree","autoroute":"A61"}},{"type":"Feature","geometry":{"type":"Point","coordinates":[2.2726085,48.9595989]},"properties":{"type":"entree","autoroute":"A15"}},{"type":"Feature","geometry":{"type":"Point","coordinates":[5.5134094,47.9948167]},"properties":{"type":"entree","autoroute":"A31"}},{"type":"Feature","geometry":{"type":"Point","coordinates":[2.344297,48.7926726]},"properties":{"type":"entree","autoroute":"A6B"}},{"type":"Feature","geometry":{"type":"Point","coordinates":[2.6658281,48.8323862]},"properties":{"type":"entree","autoroute":"A4"}},{"type":"Feature","geometry":{"type":"Point","coordinates":[2.6663566,48.8322053]},"properties":{"type":"entree","autoroute":"A4"}},{"type":"Feature","geometry":{"type":"Point","coordinates":[2.6247826,48.8299044]},"properties":{"type":"entree","autoroute":"A4"}},{"type":"Feature","geometry":{"type":"Point","coordinates":[0.1726953,48.0522845]},"properties":{"type":"entree","autoroute":"A11"}},{"type":"Feature","geometry":{"type":"Point","coordinates":[5.795751,43.1404922]},"properties":{"type":"entree","autoroute":"A50"}},{"type":"Feature","geometry":{"type":"Point","coordinates":[2.9732478,46.3323948]},"properties":{"type":"entree","autoroute":"A79"}},{"type":"Feature","geometry":{"type":"Point","coordinates":[2.9711334,46.3320638]},"properties":{"type":"entree","autoroute":"A79"}},{"type":"Feature","geometry":{"type":"Point","coordinates":[2.9625267,46.3310064]},"properties":{"type":"entree","autoroute":"A79"}},{"type":"Feature","geometry":{"type":"Point","coordinates":[-0.5998696,44.8891251]},"properties":{"type":"entree","autoroute":"A630"}},{"type":"Feature","geometry":{"type":"Point","coordinates":[2.3201946,51.0063265]},"properties":{"type":"entree","autoroute":"A16"}},{"type":"Feature","geometry":{"type":"Point","coordinates":[2.296292,51.0012361]},"properties":{"type":"entree","autoroute":"A16"}},{"type":"Feature","geometry":{"type":"Point","coordinates":[1.6637421,50.6726592]},"properties":{"type":"entree","autoroute":"A16"}},{"type":"Feature","geometry":{"type":"Point","coordinates":[1.781129,50.0556263]},"properties":{"type":"entree","autoroute":"A28"}},{"type":"Feature","geometry":{"type":"Point","coordinates":[1.4226066,49.7193404]},"properties":{"type":"entree","autoroute":"A28"}},{"type":"Feature","geometry":{"type":"Point","coordinates":[-0.5052873,44.8877565]},"properties":{"type":"entree","autoroute":"A10"}},{"type":"Feature","geometry":{"type":"Point","coordinates":[1.2527675,49.648501]},"properties":{"type":"entree","autoroute":"A29"}},{"type":"Feature","geometry":{"type":"Point","coordinates":[6.696749,49.1360292]},"properties":{"type":"entree","autoroute":"A4"}},{"type":"Feature","geometry":{"type":"Point","coordinates":[2.2976097,48.7234722]},"properties":{"type":"entree","autoroute":"A10"}},{"type":"Feature","geometry":{"type":"Point","coordinates":[2.3332858,48.8184239]},"properties":{"type":"entree","autoroute":"A6A"}},{"type":"Feature","geometry":{"type":"Point","coordinates":[1.3836371,46.2088432]},"properties":{"type":"entree","autoroute":"A20"}},{"type":"Feature","geometry":{"type":"Point","coordinates":[0.9580106,49.5257511]},"properties":{"type":"entree","autoroute":"A150"}},{"type":"Feature","geometry":{"type":"Point","coordinates":[0.967792,49.5231852]},"properties":{"type":"entree","autoroute":"A150"}},{"type":"Feature","geometry":{"type":"Point","coordinates":[1.2725201,48.2918428]},"properties":{"type":"entree","autoroute":"A11"}},{"type":"Feature","geometry":{"type":"Point","coordinates":[7.6959001,48.7186652]},"properties":{"type":"entree","autoroute":"A4"}},{"type":"Feature","geometry":{"type":"Point","coordinates":[7.691315,48.7263648]},"properties":{"type":"entree","autoroute":"A4"}},{"type":"Feature","geometry":{"type":"Point","coordinates":[2.3327682,49.0728356]},"properties":{"type":"entree","autoroute":"A16"}},{"type":"Feature","geometry":{"type":"Point","coordinates":[1.5737891,45.3027626]},"properties":{"type":"entree","autoroute":"A20"}},{"type":"Feature","geometry":{"type":"Point","coordinates":[1.4481513,45.1637949]},"properties":{"type":"entree","autoroute":"A89"}},{"type":"Feature","geometry":{"type":"Point","coordinates":[8.0550322,48.8559275]},"properties":{"type":"entree","autoroute":"A35"}},{"type":"Feature","geometry":{"type":"Point","coordinates":[0.4396077,49.4853699]},"properties":{"type":"entree","autoroute":"A131"}},{"type":"Feature","geometry":{"type":"Point","coordinates":[1.3900609,43.5340436]},"properties":{"type":"entree","autoroute":"A64"}},{"type":"Feature","geometry":{"type":"Point","coordinates":[1.395811,43.5399897]},"properties":{"type":"entree","autoroute":"A64"}},{"type":"Feature","geometry":{"type":"Point","coordinates":[1.183573,45.1480403]},"properties":{"type":"entree","autoroute":"A89"}},{"type":"Feature","geometry":{"type":"Point","coordinates":[1.2553288,43.3417921]},"properties":{"type":"entree","autoroute":"A64"}},{"type":"Feature","geometry":{"type":"Point","coordinates":[0.2532504,44.3376238]},"properties":{"type":"entree","autoroute":"A62"}},{"type":"Feature","geometry":{"type":"Point","coordinates":[2.2237841,50.9766072]},"properties":{"type":"entree","autoroute":"A16"}},{"type":"Feature","geometry":{"type":"Point","coordinates":[2.8317179,49.8485655]},"properties":{"type":"entree","autoroute":"A1"}},{"type":"Feature","geometry":{"type":"Point","coordinates":[0.9182369,49.5513922]},"properties":{"type":"entree","autoroute":"A150"}},{"type":"Feature","geometry":{"type":"Point","coordinates":[4.7196883,45.8203458]},"properties":{"type":"entree","autoroute":"A89"}},{"type":"Feature","geometry":{"type":"Point","coordinates":[2.8659253,48.8729764]},"properties":{"type":"entree","autoroute":"A4"}},{"type":"Feature","geometry":{"type":"Point","coordinates":[4.6387268,49.7670471]},"properties":{"type":"entree","autoroute":"A304"}},{"type":"Feature","geometry":{"type":"Point","coordinates":[1.7004814,50.8268903]},"properties":{"type":"entree","autoroute":"A16"}},{"type":"Feature","geometry":{"type":"Point","coordinates":[1.7873352,50.9150939]},"properties":{"type":"entree","autoroute":"A16"}},{"type":"Feature","geometry":{"type":"Point","coordinates":[1.7494466,50.8758955]},"properties":{"type":"entree","autoroute":"A16"}},{"type":"Feature","geometry":{"type":"Point","coordinates":[1.9177365,50.936427]},"properties":{"type":"entree","autoroute":"A16"}},{"type":"Feature","geometry":{"type":"Point","coordinates":[1.9467539,50.937507]},"properties":{"type":"entree","autoroute":"A16"}},{"type":"Feature","geometry":{"type":"Point","coordinates":[4.5224123,49.9072777]},"properties":{"type":"entree","autoroute":"A304"}},{"type":"Feature","geometry":{"type":"Point","coordinates":[4.7363345,44.1946264]},"properties":{"type":"entree","autoroute":"A7"}},{"type":"Feature","geometry":{"type":"Point","coordinates":[4.8368527,44.7883353]},"properties":{"type":"entree","autoroute":"A7"}},{"type":"Feature","geometry":{"type":"Point","coordinates":[4.8722631,45.0667073]},"properties":{"type":"entree","autoroute":"A7"}},{"type":"Feature","geometry":{"type":"Point","coordinates":[0.2700174,49.4129449]},"properties":{"type":"entree","autoroute":"A29"}},{"type":"Feature","geometry":{"type":"Point","coordinates":[5.3110733,45.979275]},"properties":{"type":"entree","autoroute":"A42"}},{"type":"Feature","geometry":{"type":"Point","coordinates":[-1.2028374,48.8597306]},"properties":{"type":"entree","autoroute":"A84"}},{"type":"Feature","geometry":{"type":"Point","coordinates":[7.879643,48.7196115]},"properties":{"type":"entree","autoroute":"A35"}},{"type":"Feature","geometry":{"type":"Point","coordinates":[7.8781242,48.7189297]},"properties":{"type":"entree","autoroute":"A35"}},{"type":"Feature","geometry":{"type":"Point","coordinates":[7.8519915,48.7049235]},"properties":{"type":"entree","autoroute":"A35"}},{"type":"Feature","geometry":{"type":"Point","coordinates":[7.8086557,48.6808929]},"properties":{"type":"entree","autoroute":"A35"}},{"type":"Feature","geometry":{"type":"Point","coordinates":[7.7548361,48.6742569]},"properties":{"type":"entree","autoroute":"A35"}},{"type":"Feature","geometry":{"type":"Point","coordinates":[7.9966027,48.8207831]},"properties":{"type":"entree","autoroute":"A35"}},{"type":"Feature","geometry":{"type":"Point","coordinates":[4.1863597,43.7281423]},"properties":{"type":"entree","autoroute":"A9"}},{"type":"Feature","geometry":{"type":"Point","coordinates":[7.4190713,48.2630586]},"properties":{"type":"entree","autoroute":"A35"}},{"type":"Feature","geometry":{"type":"Point","coordinates":[7.4199037,48.2642358]},"properties":{"type":"entree","autoroute":"A35"}},{"type":"Feature","geometry":{"type":"Point","coordinates":[7.4076676,48.2351669]},"properties":{"type":"entree","autoroute":"A35"}},{"type":"Feature","geometry":{"type":"Point","coordinates":[4.7510836,45.8368889]},"properties":{"type":"entree","autoroute":"A89"}},{"type":"Feature","geometry":{"type":"Point","coordinates":[6.8568214,47.5947227]},"properties":{"type":"entree","autoroute":"A36"}},{"type":"Feature","geometry":{"type":"Point","coordinates":[4.7308339,45.8223687]},"properties":{"type":"entree","autoroute":"A89"}},{"type":"Feature","geometry":{"type":"Point","coordinates":[4.5213342,49.8991929]},"properties":{"type":"entree","autoroute":"A304"}},{"type":"Feature","geometry":{"type":"Point","coordinates":[4.5062796,45.8712707]},"properties":{"type":"entree","autoroute":"A89"}},{"type":"Feature","geometry":{"type":"Point","coordinates":[3.7944654,45.8538902]},"properties":{"type":"entree","autoroute":"A89"}},{"type":"Feature","geometry":{"type":"Point","coordinates":[-0.3208886,43.466342]},"properties":{"type":"entree","autoroute":"A65"}},{"type":"Feature","geometry":{"type":"Point","coordinates":[7.4552173,48.2848876]},"properties":{"type":"entree","autoroute":"A35"}},{"type":"Feature","geometry":{"type":"Point","coordinates":[4.7464505,45.8340896]},"properties":{"type":"entree","autoroute":"A89"}},{"type":"Feature","geometry":{"type":"Point","coordinates":[3.9561564,49.3544223]},"properties":{"type":"entree","autoroute":"A26"}},{"type":"Feature","geometry":{"type":"Point","coordinates":[4.2859738,49.0554078]},"properties":{"type":"entree","autoroute":"A26"}},{"type":"Feature","geometry":{"type":"Point","coordinates":[2.8466725,50.4395464]},"properties":{"type":"entree","autoroute":"A21"}},{"type":"Feature","geometry":{"type":"Point","coordinates":[-0.4998615,47.4970799]},"properties":{"type":"entree","autoroute":"A87N"}},{"type":"Feature","geometry":{"type":"Point","coordinates":[3.2683549,45.54471]},"properties":{"type":"entree","autoroute":"A75"}},{"type":"Feature","geometry":{"type":"Point","coordinates":[4.797249,46.2787066]},"properties":{"type":"entree","autoroute":"A406"}},{"type":"Feature","geometry":{"type":"Point","coordinates":[4.7862874,46.2849968]},"properties":{"type":"entree","autoroute":"A406"}},{"type":"Feature","geometry":{"type":"Point","coordinates":[5.3880415,47.1206222]},"properties":{"type":"entree","autoroute":"A36"}},{"type":"Feature","geometry":{"type":"Point","coordinates":[4.8325972,46.74775]},"properties":{"type":"entree","autoroute":"A6"}},{"type":"Feature","geometry":{"type":"Point","coordinates":[4.3730662,43.8059555]},"properties":{"type":"entree","autoroute":"A54"}},{"type":"Feature","geometry":{"type":"Point","coordinates":[4.1739405,48.2289007]},"properties":{"type":"entree","autoroute":"A5"}},{"type":"Feature","geometry":{"type":"Point","coordinates":[1.6636032,43.7547733]},"properties":{"type":"entree","autoroute":"A68"}},{"type":"Feature","geometry":{"type":"Point","coordinates":[7.3583955,47.7740715]},"properties":{"type":"entree","autoroute":"A36"}},{"type":"Feature","geometry":{"type":"Point","coordinates":[1.4221372,43.649911]},"properties":{"type":"entree","autoroute":"A620"}},{"type":"Feature","geometry":{"type":"Point","coordinates":[2.1261863,49.4051996]},"properties":{"type":"entree","autoroute":"A16"}},{"type":"Feature","geometry":{"type":"Point","coordinates":[6.0758434,48.6932411]},"properties":{"type":"entree","autoroute":"A31"}},{"type":"Feature","geometry":{"type":"Point","coordinates":[6.0331354,43.147637]},"properties":{"type":"entree","autoroute":"A57"}},{"type":"Feature","geometry":{"type":"Point","coordinates":[5.4055656,43.3299415]},"properties":{"type":"entree","autoroute":"A507"}},{"type":"Feature","geometry":{"type":"Point","coordinates":[3.2017303,47.9714658]},"properties":{"type":"entree","autoroute":"A6"}},{"type":"Feature","geometry":{"type":"Point","coordinates":[4.3419279,45.4816344]},"properties":{"type":"entree","autoroute":"A72"}},{"type":"Feature","geometry":{"type":"Point","coordinates":[1.8112617,50.1314266]},"properties":{"type":"entree","autoroute":"A28"}},{"type":"Feature","geometry":{"type":"Point","coordinates":[4.531594,45.876477]},"properties":{"type":"entree","autoroute":"A89"}},{"type":"Feature","geometry":{"type":"Point","coordinates":[6.1250084,46.1378042]},"properties":{"type":"entree","autoroute":"A40"}},{"type":"Feature","geometry":{"type":"Point","coordinates":[3.1449793,49.0091886]},"properties":{"type":"entree","autoroute":"A4"}},{"type":"Feature","geometry":{"type":"Point","coordinates":[6.1827163,48.6306971]},"properties":{"type":"entree","autoroute":"A330"}},{"type":"Feature","geometry":{"type":"Point","coordinates":[5.9814872,48.6892261]},"properties":{"type":"entree","autoroute":"A31"}},{"type":"Feature","geometry":{"type":"Point","coordinates":[5.9813234,48.6893301]},"properties":{"type":"entree","autoroute":"A31"}},{"type":"Feature","geometry":{"type":"Point","coordinates":[6.1162899,48.6898191]},"properties":{"type":"entree","autoroute":"A33"}},{"type":"Feature","geometry":{"type":"Point","coordinates":[6.1168509,48.6956253]},"properties":{"type":"entree","autoroute":"A33"}},{"type":"Feature","geometry":{"type":"Point","coordinates":[6.1813106,48.6496125]},"properties":{"type":"entree","autoroute":"A330"}},{"type":"Feature","geometry":{"type":"Point","coordinates":[1.3672267,45.6843568]},"properties":{"type":"entree","autoroute":"A20"}},{"type":"Feature","geometry":{"type":"Point","coordinates":[0.6570223,47.2179257]},"properties":{"type":"entree","autoroute":"A10"}},{"type":"Feature","geometry":{"type":"Point","coordinates":[4.7485273,46.0982404]},"properties":{"type":"entree","autoroute":"A6"}},{"type":"Feature","geometry":{"type":"Point","coordinates":[4.7899318,46.2869635]},"properties":{"type":"entree","autoroute":"A6"}},{"type":"Feature","geometry":{"type":"Point","coordinates":[2.577457,46.5189013]},"properties":{"type":"entree","autoroute":"A71"}},{"type":"Feature","geometry":{"type":"Point","coordinates":[5.8685253,46.0664635]},"properties":{"type":"entree","autoroute":"A40"}},{"type":"Feature","geometry":{"type":"Point","coordinates":[1.2926195,45.8905656]},"properties":{"type":"entree","autoroute":"A20"}},{"type":"Feature","geometry":{"type":"Point","coordinates":[-0.9738296,45.9657962]},"properties":{"type":"entree","autoroute":"A837"}},{"type":"Feature","geometry":{"type":"Point","coordinates":[4.8198418,45.5887107]},"properties":{"type":"entree","autoroute":"A46"}},{"type":"Feature","geometry":{"type":"Point","coordinates":[4.9222103,45.8069205]},"properties":{"type":"entree","autoroute":"A46"}},{"type":"Feature","geometry":{"type":"Point","coordinates":[0.5647418,47.0216752]},"properties":{"type":"entree","autoroute":"A10"}},{"type":"Feature","geometry":{"type":"Point","coordinates":[7.2459522,48.7754087]},"properties":{"type":"entree","autoroute":"A4"}},{"type":"Feature","geometry":{"type":"Point","coordinates":[7.2428079,48.7755429]},"properties":{"type":"entree","autoroute":"A4"}},{"type":"Feature","geometry":{"type":"Point","coordinates":[7.1520181,48.8187564]},"properties":{"type":"entree","autoroute":"A4"}},{"type":"Feature","geometry":{"type":"Point","coordinates":[7.1492013,48.8248841]},"properties":{"type":"entree","autoroute":"A4"}},{"type":"Feature","geometry":{"type":"Point","coordinates":[7.1221272,48.9127363]},"properties":{"type":"entree","autoroute":"A4"}},{"type":"Feature","geometry":{"type":"Point","coordinates":[7.1202052,48.9187995]},"properties":{"type":"entree","autoroute":"A4"}},{"type":"Feature","geometry":{"type":"Point","coordinates":[6.2463472,49.1268845]},"properties":{"type":"entree","autoroute":"A314"}},{"type":"Feature","geometry":{"type":"Point","coordinates":[6.2347798,49.1212556]},"properties":{"type":"entree","autoroute":"A315"}},{"type":"Feature","geometry":{"type":"Point","coordinates":[3.042913,48.951626]},"properties":{"type":"entree","autoroute":"A4"}},{"type":"Feature","geometry":{"type":"Point","coordinates":[3.5420356,49.1270853]},"properties":{"type":"entree","autoroute":"A4"}},{"type":"Feature","geometry":{"type":"Point","coordinates":[6.0462277,49.1792642]},"properties":{"type":"entree","autoroute":"A4"}},{"type":"Feature","geometry":{"type":"Point","coordinates":[7.0258235,49.0422904]},"properties":{"type":"entree","autoroute":"A4"}},{"type":"Feature","geometry":{"type":"Point","coordinates":[7.3162517,48.7710947]},"properties":{"type":"entree","autoroute":"A4"}},{"type":"Feature","geometry":{"type":"Point","coordinates":[7.7712018,48.6773116]},"properties":{"type":"entree","autoroute":"A35"}},{"type":"Feature","geometry":{"type":"Point","coordinates":[7.9125001,48.745855]},"properties":{"type":"entree","autoroute":"A35"}},{"type":"Feature","geometry":{"type":"Point","coordinates":[7.9179048,48.748487]},"properties":{"type":"entree","autoroute":"A35"}},{"type":"Feature","geometry":{"type":"Point","coordinates":[8.001926,48.8253176]},"properties":{"type":"entree","autoroute":"A35"}},{"type":"Feature","geometry":{"type":"Point","coordinates":[8.025824,48.8402453]},"properties":{"type":"entree","autoroute":"A35"}},{"type":"Feature","geometry":{"type":"Point","coordinates":[8.0538392,48.8546432]},"properties":{"type":"entree","autoroute":"A35"}},{"type":"Feature","geometry":{"type":"Point","coordinates":[8.1094684,48.9117105]},"properties":{"type":"entree","autoroute":"A35"}},{"type":"Feature","geometry":{"type":"Point","coordinates":[6.1507111,45.5467671]},"properties":{"type":"entree","autoroute":"A43"}},{"type":"Feature","geometry":{"type":"Point","coordinates":[5.6090775,45.3186436]},"properties":{"type":"entree","autoroute":"A48"}},{"type":"Feature","geometry":{"type":"Point","coordinates":[2.4223819,48.8173715]},"properties":{"type":"entree","autoroute":"A4"}},{"type":"Feature","geometry":{"type":"Point","coordinates":[1.8596044,48.9683902]},"properties":{"type":"entree","autoroute":"A13"}},{"type":"Feature","geometry":{"type":"Point","coordinates":[1.3172413,49.1320248]},"properties":{"type":"entree","autoroute":"A13"}},{"type":"Feature","geometry":{"type":"Point","coordinates":[0.8866353,49.6560681]},"properties":{"type":"entree","autoroute":"A29"}},{"type":"Feature","geometry":{"type":"Point","coordinates":[1.9770872,49.8100218]},"properties":{"type":"entree","autoroute":"A29"}},{"type":"Feature","geometry":{"type":"Point","coordinates":[0.6295842,49.3770721]},"properties":{"type":"entree","autoroute":"A13"}},{"type":"Feature","geometry":{"type":"Point","coordinates":[0.1766202,48.0575337]},"properties":{"type":"entree","autoroute":"A28"}},{"type":"Feature","geometry":{"type":"Point","coordinates":[5.1275634,43.6279983]},"properties":{"type":"entree","autoroute":"A7"}},{"type":"Feature","geometry":{"type":"Point","coordinates":[-0.5823661,44.8880636]},"properties":{"type":"entree","autoroute":"A630"}},{"type":"Feature","geometry":{"type":"Point","coordinates":[1.3834228,43.6287318]},"properties":{"type":"entree","autoroute":"A621"}},{"type":"Feature","geometry":{"type":"Point","coordinates":[-0.4345536,46.2397667]},"properties":{"type":"entree","autoroute":"A10"}},{"type":"Feature","geometry":{"type":"Point","coordinates":[-0.4392233,46.2346181]},"properties":{"type":"entree","autoroute":"A10"}},{"type":"Feature","geometry":{"type":"Point","coordinates":[3.2596323,48.240379]},"properties":{"type":"entree","autoroute":"A19"}},{"type":"Feature","geometry":{"type":"Point","coordinates":[7.4220986,47.7403944]},"properties":{"type":"entree","autoroute":"A35"}},{"type":"Feature","geometry":{"type":"Point","coordinates":[-0.7276085,47.2404446]},"properties":{"type":"entree","autoroute":"A87"}},{"type":"Feature","geometry":{"type":"Point","coordinates":[-0.7313441,47.2395021]},"properties":{"type":"entree","autoroute":"A87"}},{"type":"Feature","geometry":{"type":"Point","coordinates":[-0.2654616,47.6665098]},"properties":{"type":"entree","autoroute":"A11"}},{"type":"Feature","geometry":{"type":"Point","coordinates":[-0.2629205,47.6686769]},"properties":{"type":"entree","autoroute":"A11"}},{"type":"Feature","geometry":{"type":"Point","coordinates":[-0.2065767,47.7787485]},"properties":{"type":"entree","autoroute":"A11"}},{"type":"Feature","geometry":{"type":"Point","coordinates":[0.1316686,48.0227736]},"properties":{"type":"entree","autoroute":"A11"}},{"type":"Feature","geometry":{"type":"Point","coordinates":[0.6914596,48.1494415]},"properties":{"type":"entree","autoroute":"A11"}},{"type":"Feature","geometry":{"type":"Point","coordinates":[1.98393,48.5674358]},"properties":{"type":"entree","autoroute":"A10"}},{"type":"Feature","geometry":{"type":"Point","coordinates":[2.9494583,47.3025724]},"properties":{"type":"entree","autoroute":"A77"}},{"type":"Feature","geometry":{"type":"Point","coordinates":[2.9304685,47.3369515]},"properties":{"type":"entree","autoroute":"A77"}},{"type":"Feature","geometry":{"type":"Point","coordinates":[2.926494,47.3435049]},"properties":{"type":"entree","autoroute":"A77"}},{"type":"Feature","geometry":{"type":"Point","coordinates":[2.9229417,47.3823203]},"properties":{"type":"entree","autoroute":"A77"}},{"type":"Feature","geometry":{"type":"Point","coordinates":[3.1312263,47.0518729]},"properties":{"type":"entree","autoroute":"A77"}},{"type":"Feature","geometry":{"type":"Point","coordinates":[2.3452283,48.769748]},"properties":{"type":"entree","autoroute":"A6A"}},{"type":"Feature","geometry":{"type":"Point","coordinates":[5.8524163,45.2415598]},"properties":{"type":"entree","autoroute":"A41"}},{"type":"Feature","geometry":{"type":"Point","coordinates":[0.1076396,43.2164115]},"properties":{"type":"entree","autoroute":"A64"}},{"type":"Feature","geometry":{"type":"Point","coordinates":[4.6601828,47.2932377]},"properties":{"type":"entree","autoroute":"A38"}},{"type":"Feature","geometry":{"type":"Point","coordinates":[7.7365954,48.6676653]},"properties":{"type":"entree","autoroute":"A4"}},{"type":"Feature","geometry":{"type":"Point","coordinates":[4.7173977,49.7287483]},"properties":{"type":"entree","autoroute":"A34"}},{"type":"Feature","geometry":{"type":"Point","coordinates":[6.2228887,46.1798544]},"properties":{"type":"entree","autoroute":"A40"}},{"type":"Feature","geometry":{"type":"Point","coordinates":[4.6461924,49.7633262]},"properties":{"type":"entree","autoroute":"A304"}},{"type":"Feature","geometry":{"type":"Point","coordinates":[3.5987346,48.2408256]},"properties":{"type":"entree","autoroute":"A5"}},{"type":"Feature","geometry":{"type":"Point","coordinates":[6.8906493,49.0769316]},"properties":{"type":"entree","autoroute":"A4"}},{"type":"Feature","geometry":{"type":"Point","coordinates":[6.9003507,49.0742759]},"properties":{"type":"entree","autoroute":"A4"}},{"type":"Feature","geometry":{"type":"Point","coordinates":[1.7150696,50.0166384]},"properties":{"type":"entree","autoroute":"A28"}},{"type":"Feature","geometry":{"type":"Point","coordinates":[1.656293,50.6120933]},"properties":{"type":"entree","autoroute":"A16"}},{"type":"Feature","geometry":{"type":"Point","coordinates":[4.2369233,48.2149679]},"properties":{"type":"entree","autoroute":"A5"}},{"type":"Feature","geometry":{"type":"Point","coordinates":[5.8943694,47.2409635]},"properties":{"type":"entree","autoroute":"A36"}},{"type":"Feature","geometry":{"type":"Point","coordinates":[2.0546528,47.2441532]},"properties":{"type":"entree","autoroute":"A20"}},{"type":"Feature","geometry":{"type":"Point","coordinates":[1.971583,47.1461266]},"properties":{"type":"entree","autoroute":"A20"}},{"type":"Feature","geometry":{"type":"Point","coordinates":[2.0361388,47.2315939]},"properties":{"type":"entree","autoroute":"A20"}},{"type":"Feature","geometry":{"type":"Point","coordinates":[1.75507,46.9506702]},"properties":{"type":"entree","autoroute":"A20"}},{"type":"Feature","geometry":{"type":"Point","coordinates":[1.6367004,46.7683029]},"properties":{"type":"entree","autoroute":"A20"}},{"type":"Feature","geometry":{"type":"Point","coordinates":[1.4265203,46.3528506]},"properties":{"type":"entree","autoroute":"A20"}},{"type":"Feature","geometry":{"type":"Point","coordinates":[3.1081706,50.3992996]},"properties":{"type":"entree","autoroute":"A21"}},{"type":"Feature","geometry":{"type":"Point","coordinates":[2.3026452,48.7266818]},"properties":{"type":"entree","autoroute":"A10"}},{"type":"Feature","geometry":{"type":"Point","coordinates":[1.334066,45.7528351]},"properties":{"type":"entree","autoroute":"A20"}},{"type":"Feature","geometry":{"type":"Point","coordinates":[1.5147805,45.5248725]},"properties":{"type":"entree","autoroute":"A20"}},{"type":"Feature","geometry":{"type":"Point","coordinates":[1.5696344,45.3937685]},"properties":{"type":"entree","autoroute":"A20"}},{"type":"Feature","geometry":{"type":"Point","coordinates":[1.5695362,45.3569327]},"properties":{"type":"entree","autoroute":"A20"}},{"type":"Feature","geometry":{"type":"Point","coordinates":[1.5741083,45.3172569]},"properties":{"type":"entree","autoroute":"A20"}},{"type":"Feature","geometry":{"type":"Point","coordinates":[1.5110106,45.2257415]},"properties":{"type":"entree","autoroute":"A20"}},{"type":"Feature","geometry":{"type":"Point","coordinates":[1.4918862,45.1848716]},"properties":{"type":"entree","autoroute":"A20"}},{"type":"Feature","geometry":{"type":"Point","coordinates":[3.1204928,50.3932774]},"properties":{"type":"entree","autoroute":"A21"}},{"type":"Feature","geometry":{"type":"Point","coordinates":[6.0115948,45.5078347]},"properties":{"type":"entree","autoroute":"A43"}},{"type":"Feature","geometry":{"type":"Point","coordinates":[-0.4313638,47.518589]},"properties":{"type":"entree","autoroute":"A11"}},{"type":"Feature","geometry":{"type":"Point","coordinates":[4.9088053,45.8578052]},"properties":{"type":"entree","autoroute":"A46"}},{"type":"Feature","geometry":{"type":"Point","coordinates":[2.546416,48.4148737]},"properties":{"type":"entree","autoroute":"A6"}},{"type":"Feature","geometry":{"type":"Point","coordinates":[4.8310561,46.7538469]},"properties":{"type":"entree","autoroute":"A6"}},{"type":"Feature","geometry":{"type":"Point","coordinates":[2.3398696,48.6762183]},"properties":{"type":"entree","autoroute":"A6"}},{"type":"Feature","geometry":{"type":"Point","coordinates":[5.3751013,43.3046036]},"properties":{"type":"entree","autoroute":"A7"}},{"type":"Feature","geometry":{"type":"Point","coordinates":[6.088398,46.1313076]},"properties":{"type":"entree","autoroute":"A40"}},{"type":"Feature","geometry":{"type":"Point","coordinates":[4.2453119,48.2105952]},"properties":{"type":"entree","autoroute":"A5"}},{"type":"Feature","geometry":{"type":"Point","coordinates":[-1.1959387,47.4006836]},"properties":{"type":"entree","autoroute":"A11"}},{"type":"Feature","geometry":{"type":"Point","coordinates":[-1.1957923,47.4007185]},"properties":{"type":"entree","autoroute":"A11"}},{"type":"Feature","geometry":{"type":"Point","coordinates":[-1.1956648,47.4004916]},"properties":{"type":"entree","autoroute":"A11"}},{"type":"Feature","geometry":{"type":"Point","coordinates":[2.6128308,48.8302683]},"properties":{"type":"entree","autoroute":"A4"}},{"type":"Feature","geometry":{"type":"Point","coordinates":[6.6931077,43.4577648]},"properties":{"type":"entree","autoroute":"A8"}},{"type":"Feature","geometry":{"type":"Point","coordinates":[2.8579032,50.4322895]},"properties":{"type":"entree","autoroute":"A21"}},{"type":"Feature","geometry":{"type":"Point","coordinates":[2.8649292,50.4336663]},"properties":{"type":"entree","autoroute":"A21"}},{"type":"Feature","geometry":{"type":"Point","coordinates":[2.2654848,48.9631325]},"properties":{"type":"entree","autoroute":"A15"}},{"type":"Feature","geometry":{"type":"Point","coordinates":[3.0423036,50.6169321]},"properties":{"type":"entree","autoroute":"A25"}},{"type":"Feature","geometry":{"type":"Point","coordinates":[3.0904035,50.3988545]},"properties":{"type":"entree","autoroute":"A21"}},{"type":"Feature","geometry":{"type":"Point","coordinates":[3.0195561,50.4241203]},"properties":{"type":"entree","autoroute":"A21"}},{"type":"Feature","geometry":{"type":"Point","coordinates":[3.1779871,50.0648369]},"properties":{"type":"entree","autoroute":"A26"}},{"type":"Feature","geometry":{"type":"Point","coordinates":[3.1762309,50.0733694]},"properties":{"type":"entree","autoroute":"A26"}},{"type":"Feature","geometry":{"type":"Point","coordinates":[3.1243197,50.1426071]},"properties":{"type":"entree","autoroute":"A2"}},{"type":"Feature","geometry":{"type":"Point","coordinates":[3.1043446,50.1945216]},"properties":{"type":"entree","autoroute":"A26"}},{"type":"Feature","geometry":{"type":"Point","coordinates":[3.1038493,50.2011228]},"properties":{"type":"entree","autoroute":"A26"}},{"type":"Feature","geometry":{"type":"Point","coordinates":[3.3492366,50.3232503]},"properties":{"type":"entree","autoroute":"A21"}},{"type":"Feature","geometry":{"type":"Point","coordinates":[2.3024003,49.8591583]},"properties":{"type":"entree","autoroute":"A29"}},{"type":"Feature","geometry":{"type":"Point","coordinates":[2.306401,49.8589872]},"properties":{"type":"entree","autoroute":"A29"}},{"type":"Feature","geometry":{"type":"Point","coordinates":[0.8787831,49.6559886]},"properties":{"type":"entree","autoroute":"A29"}},{"type":"Feature","geometry":{"type":"Point","coordinates":[2.7716897,49.7039743]},"properties":{"type":"entree","autoroute":"A1"}},{"type":"Feature","geometry":{"type":"Point","coordinates":[2.7715391,49.7015875]},"properties":{"type":"entree","autoroute":"A1"}},{"type":"Feature","geometry":{"type":"Point","coordinates":[3.9310777,49.4285818]},"properties":{"type":"entree","autoroute":"A26"}},{"type":"Feature","geometry":{"type":"Point","coordinates":[3.7435994,49.5638654]},"properties":{"type":"entree","autoroute":"A26"}},{"type":"Feature","geometry":{"type":"Point","coordinates":[3.6584993,49.605945]},"properties":{"type":"entree","autoroute":"A26"}},{"type":"Feature","geometry":{"type":"Point","coordinates":[3.6532554,49.6095044]},"properties":{"type":"entree","autoroute":"A26"}},{"type":"Feature","geometry":{"type":"Point","coordinates":[3.4746327,49.6873306]},"properties":{"type":"entree","autoroute":"A26"}},{"type":"Feature","geometry":{"type":"Point","coordinates":[3.4655701,49.6897435]},"properties":{"type":"entree","autoroute":"A26"}},{"type":"Feature","geometry":{"type":"Point","coordinates":[3.2385325,49.8670093]},"properties":{"type":"entree","autoroute":"A26"}},{"type":"Feature","geometry":{"type":"Point","coordinates":[2.1608684,49.2082378]},"properties":{"type":"entree","autoroute":"A16"}},{"type":"Feature","geometry":{"type":"Point","coordinates":[2.1563188,49.2097368]},"properties":{"type":"entree","autoroute":"A16"}},{"type":"Feature","geometry":{"type":"Point","coordinates":[2.2690574,49.8586423]},"properties":{"type":"entree","autoroute":"A29"}},{"type":"Feature","geometry":{"type":"Point","coordinates":[2.7197137,49.5153894]},"properties":{"type":"entree","autoroute":"A1"}},{"type":"Feature","geometry":{"type":"Point","coordinates":[2.7553639,49.6213506]},"properties":{"type":"entree","autoroute":"A1"}},{"type":"Feature","geometry":{"type":"Point","coordinates":[4.7203782,49.7351606]},"properties":{"type":"entree","autoroute":"A34"}},{"type":"Feature","geometry":{"type":"Point","coordinates":[3.9795204,49.2851254]},"properties":{"type":"entree","autoroute":"A26"}},{"type":"Feature","geometry":{"type":"Point","coordinates":[4.1257989,48.2216975]},"properties":{"type":"entree","autoroute":"A5"}},{"type":"Feature","geometry":{"type":"Point","coordinates":[4.1459415,48.4152875]},"properties":{"type":"entree","autoroute":"A26"}},{"type":"Feature","geometry":{"type":"Point","coordinates":[4.1470752,48.4099442]},"properties":{"type":"entree","autoroute":"A26"}},{"type":"Feature","geometry":{"type":"Point","coordinates":[4.1806466,48.5272462]},"properties":{"type":"entree","autoroute":"A26"}},{"type":"Feature","geometry":{"type":"Point","coordinates":[4.179642,48.5251932]},"properties":{"type":"entree","autoroute":"A26"}},{"type":"Feature","geometry":{"type":"Point","coordinates":[4.2240285,48.7306518]},"properties":{"type":"entree","autoroute":"A26"}},{"type":"Feature","geometry":{"type":"Point","coordinates":[4.2224815,48.7285797]},"properties":{"type":"entree","autoroute":"A26"}},{"type":"Feature","geometry":{"type":"Point","coordinates":[4.2416054,48.7633718]},"properties":{"type":"entree","autoroute":"A26"}},{"type":"Feature","geometry":{"type":"Point","coordinates":[4.2434641,48.7645142]},"properties":{"type":"entree","autoroute":"A26"}},{"type":"Feature","geometry":{"type":"Point","coordinates":[3.40082,49.0803467]},"properties":{"type":"entree","autoroute":"A4"}},{"type":"Feature","geometry":{"type":"Point","coordinates":[3.4062724,49.0820655]},"properties":{"type":"entree","autoroute":"A4"}},{"type":"Feature","geometry":{"type":"Point","coordinates":[3.1677092,48.1505115]},"properties":{"type":"entree","autoroute":"A19"}},{"type":"Feature","geometry":{"type":"Point","coordinates":[3.1628418,48.1460666]},"properties":{"type":"entree","autoroute":"A19"}},{"type":"Feature","geometry":{"type":"Point","coordinates":[3.3356799,48.254718]},"properties":{"type":"entree","autoroute":"A5"}},{"type":"Feature","geometry":{"type":"Point","coordinates":[3.35445,48.2449563]},"properties":{"type":"entree","autoroute":"A5"}},{"type":"Feature","geometry":{"type":"Point","coordinates":[4.0487458,48.2330607]},"properties":{"type":"entree","autoroute":"A5"}},{"type":"Feature","geometry":{"type":"Point","coordinates":[4.0410349,48.2339352]},"properties":{"type":"entree","autoroute":"A5"}},{"type":"Feature","geometry":{"type":"Point","coordinates":[4.1656848,48.2914159]},"properties":{"type":"entree","autoroute":"A26"}},{"type":"Feature","geometry":{"type":"Point","coordinates":[4.1652184,48.2894803]},"properties":{"type":"entree","autoroute":"A26"}},{"type":"Feature","geometry":{"type":"Point","coordinates":[7.4740083,47.6699959]},"properties":{"type":"entree","autoroute":"A35"}},{"type":"Feature","geometry":{"type":"Point","coordinates":[2.8904015,50.6615694]},"properties":{"type":"entree","autoroute":"A25"}},{"type":"Feature","geometry":{"type":"Point","coordinates":[3.1674764,45.6532903]},"properties":{"type":"entree","autoroute":"A75"}},{"type":"Feature","geometry":{"type":"Point","coordinates":[3.1818992,45.6444157]},"properties":{"type":"entree","autoroute":"A75"}},{"type":"Feature","geometry":{"type":"Point","coordinates":[2.8368597,49.8788937]},"properties":{"type":"entree","autoroute":"A1"}},{"type":"Feature","geometry":{"type":"Point","coordinates":[5.9630004,49.3896019]},"properties":{"type":"entree","autoroute":"A30"}},{"type":"Feature","geometry":{"type":"Point","coordinates":[5.9672781,49.3872262]},"properties":{"type":"entree","autoroute":"A30"}},{"type":"Feature","geometry":{"type":"Point","coordinates":[5.9330155,49.4038037]},"properties":{"type":"entree","autoroute":"A30"}},{"type":"Feature","geometry":{"type":"Point","coordinates":[6.0551366,49.330989]},"properties":{"type":"entree","autoroute":"A30"}},{"type":"Feature","geometry":{"type":"Point","coordinates":[4.5884308,47.2681888]},"properties":{"type":"entree","autoroute":"A38"}},{"type":"Feature","geometry":{"type":"Point","coordinates":[5.3056644,47.945262]},"properties":{"type":"entree","autoroute":"A31"}},{"type":"Feature","geometry":{"type":"Point","coordinates":[5.79079,46.150784]},"properties":{"type":"entree","autoroute":"A40"}},{"type":"Feature","geometry":{"type":"Point","coordinates":[5.7966971,46.1165891]},"properties":{"type":"entree","autoroute":"A40"}},{"type":"Feature","geometry":{"type":"Point","coordinates":[5.3035644,47.2035601]},"properties":{"type":"entree","autoroute":"A39"}},{"type":"Feature","geometry":{"type":"Point","coordinates":[4.8614973,47.3075231]},"properties":{"type":"entree","autoroute":"A38"}},{"type":"Feature","geometry":{"type":"Point","coordinates":[4.8042459,47.297933]},"properties":{"type":"entree","autoroute":"A38"}},{"type":"Feature","geometry":{"type":"Point","coordinates":[3.1019878,50.6041223]},"properties":{"type":"entree","autoroute":"A1A"}},{"type":"Feature","geometry":{"type":"Point","coordinates":[7.5815636,48.5230923]},"properties":{"type":"entree","autoroute":"A355"}},{"type":"Feature","geometry":{"type":"Point","coordinates":[7.5777463,48.5172438]},"properties":{"type":"entree","autoroute":"A352"}},{"type":"Feature","geometry":{"type":"Point","coordinates":[7.5782153,48.5417042]},"properties":{"type":"entree","autoroute":"A355"}},{"type":"Feature","geometry":{"type":"Point","coordinates":[7.579457,48.5346693]},"properties":{"type":"entree","autoroute":"A355"}},{"type":"Feature","geometry":{"type":"Point","coordinates":[7.624745,48.6035291]},"properties":{"type":"entree","autoroute":"A355"}},{"type":"Feature","geometry":{"type":"Point","coordinates":[7.7194154,48.6774183]},"properties":{"type":"entree","autoroute":"A355"}},{"type":"Feature","geometry":{"type":"Point","coordinates":[2.8623899,49.9708608]},"properties":{"type":"entree","autoroute":"A1"}},{"type":"Feature","geometry":{"type":"Point","coordinates":[2.8716715,50.1047695]},"properties":{"type":"entree","autoroute":"A1"}},{"type":"Feature","geometry":{"type":"Point","coordinates":[4.8088054,45.5735452]},"properties":{"type":"entree","autoroute":"A7"}},{"type":"Feature","geometry":{"type":"Point","coordinates":[4.8427727,45.5440054]},"properties":{"type":"entree","autoroute":"A7"}},{"type":"Feature","geometry":{"type":"Point","coordinates":[1.287868,45.8736628]},"properties":{"type":"entree","autoroute":"A20"}},{"type":"Feature","geometry":{"type":"Point","coordinates":[5.9256261,45.6692778]},"properties":{"type":"entree","autoroute":"A41"}},{"type":"Feature","geometry":{"type":"Point","coordinates":[5.930399,45.6771062]},"properties":{"type":"entree","autoroute":"A41"}},{"type":"Feature","geometry":{"type":"Point","coordinates":[-1.3583636,46.9628927]},"properties":{"type":"entree","autoroute":"A83"}},{"type":"Feature","geometry":{"type":"Point","coordinates":[-1.3578812,46.9611537]},"properties":{"type":"entree","autoroute":"A83"}},{"type":"Feature","geometry":{"type":"Point","coordinates":[2.2500504,48.7058122]},"properties":{"type":"entree","autoroute":"A10"}},{"type":"Feature","geometry":{"type":"Point","coordinates":[2.3015011,51.0029284]},"properties":{"type":"entree","autoroute":"A16"}},{"type":"Feature","geometry":{"type":"Point","coordinates":[2.3969412,51.0163982]},"properties":{"type":"entree","autoroute":"A16"}},{"type":"Feature","geometry":{"type":"Point","coordinates":[2.3955101,51.0161605]},"properties":{"type":"entree","autoroute":"A16"}},{"type":"Feature","geometry":{"type":"Point","coordinates":[2.3443707,48.7896566]},"properties":{"type":"entree","autoroute":"A6A"}},{"type":"Feature","geometry":{"type":"Point","coordinates":[1.8853212,50.9337362]},"properties":{"type":"entree","autoroute":"A16"}},{"type":"Feature","geometry":{"type":"Point","coordinates":[2.1320464,50.951964]},"properties":{"type":"entree","autoroute":"A16"}},{"type":"Feature","geometry":{"type":"Point","coordinates":[2.1932061,50.9592093]},"properties":{"type":"entree","autoroute":"A16"}},{"type":"Feature","geometry":{"type":"Point","coordinates":[2.3587111,48.90176]},"properties":{"type":"entree","autoroute":"A1"}},{"type":"Feature","geometry":{"type":"Point","coordinates":[1.3272018,43.9566385]},"properties":{"type":"entree","autoroute":"A20"}},{"type":"Feature","geometry":{"type":"Point","coordinates":[7.5862164,48.5190731]},"properties":{"type":"entree","autoroute":"A352"}},{"type":"Feature","geometry":{"type":"Point","coordinates":[-0.7718097,43.4794572]},"properties":{"type":"entree","autoroute":"A64"}},{"type":"Feature","geometry":{"type":"Point","coordinates":[0.4734936,49.3675077]},"properties":{"type":"entree","autoroute":"A13"}},{"type":"Feature","geometry":{"type":"Point","coordinates":[0.6315534,49.3767013]},"properties":{"type":"entree","autoroute":"A13"}},{"type":"Feature","geometry":{"type":"Point","coordinates":[5.4998039,47.977964]},"properties":{"type":"entree","autoroute":"A31"}},{"type":"Feature","geometry":{"type":"Point","coordinates":[5.8593238,48.2717986]},"properties":{"type":"entree","autoroute":"A31"}},{"type":"Feature","geometry":{"type":"Point","coordinates":[5.9051988,48.5376893]},"properties":{"type":"entree","autoroute":"A31"}},{"type":"Feature","geometry":{"type":"Point","coordinates":[5.9121262,48.66298]},"properties":{"type":"entree","autoroute":"A31"}},{"type":"Feature","geometry":{"type":"Point","coordinates":[6.0150114,48.6887542]},"properties":{"type":"entree","autoroute":"A31"}},{"type":"Feature","geometry":{"type":"Point","coordinates":[3.1968692,46.1145444]},"properties":{"type":"entree","autoroute":"A719"}},{"type":"Feature","geometry":{"type":"Point","coordinates":[2.4557207,45.6183521]},"properties":{"type":"entree","autoroute":"A89"}},{"type":"Feature","geometry":{"type":"Point","coordinates":[2.682926,45.6724293]},"properties":{"type":"entree","autoroute":"A89"}},{"type":"Feature","geometry":{"type":"Point","coordinates":[6.226345,46.1818843]},"properties":{"type":"entree","autoroute":"A411"}},{"type":"Feature","geometry":{"type":"Point","coordinates":[-1.4470496,43.4818031]},"properties":{"type":"entree","autoroute":"A63"}},{"type":"Feature","geometry":{"type":"Point","coordinates":[1.9667014,50.9362296]},"properties":{"type":"entree","autoroute":"A16"}},{"type":"Feature","geometry":{"type":"Point","coordinates":[3.1504297,45.7716245]},"properties":{"type":"entree","autoroute":"A711"}},{"type":"Feature","geometry":{"type":"Point","coordinates":[1.8564191,50.9368122]},"properties":{"type":"entree","autoroute":"A16"}},{"type":"Feature","geometry":{"type":"Point","coordinates":[0.4774293,48.0763302]},"properties":{"type":"entree","autoroute":"A11"}},{"type":"Feature","geometry":{"type":"Point","coordinates":[-0.6281195,44.7884622]},"properties":{"type":"entree","autoroute":"A630"}},{"type":"Feature","geometry":{"type":"Point","coordinates":[6.1861496,46.1599358]},"properties":{"type":"entree","autoroute":"A40"}},{"type":"Feature","geometry":{"type":"Point","coordinates":[6.6930049,45.9115256]},"properties":{"type":"entree","autoroute":"A40"}},{"type":"Feature","geometry":{"type":"Point","coordinates":[6.547068,46.0693064]},"properties":{"type":"entree","autoroute":"A40"}},{"type":"Feature","geometry":{"type":"Point","coordinates":[5.9679792,46.0979282]},"properties":{"type":"entree","autoroute":"A40"}},{"type":"Feature","geometry":{"type":"Point","coordinates":[-1.4771185,47.2912284]},"properties":{"type":"entree","autoroute":"A11"}},{"type":"Feature","geometry":{"type":"Point","coordinates":[-1.4803688,47.2625003]},"properties":{"type":"entree","autoroute":"A811"}},{"type":"Feature","geometry":{"type":"Point","coordinates":[6.1138843,45.9416442]},"properties":{"type":"entree","autoroute":"A41"}},{"type":"Feature","geometry":{"type":"Point","coordinates":[6.0803862,46.0526785]},"properties":{"type":"entree","autoroute":"A41"}},{"type":"Feature","geometry":{"type":"Point","coordinates":[-1.5592585,47.2700209]},"properties":{"type":"entree","autoroute":"A11"}},{"type":"Feature","geometry":{"type":"Point","coordinates":[6.0566423,45.8487621]},"properties":{"type":"entree","autoroute":"A41"}},{"type":"Feature","geometry":{"type":"Point","coordinates":[5.9237981,45.7121956]},"properties":{"type":"entree","autoroute":"A41"}},{"type":"Feature","geometry":{"type":"Point","coordinates":[0.0973396,48.0048492]},"properties":{"type":"entree","autoroute":"A11"}},{"type":"Feature","geometry":{"type":"Point","coordinates":[6.2880453,45.4729263]},"properties":{"type":"entree","autoroute":"A43"}},{"type":"Feature","geometry":{"type":"Point","coordinates":[0.1034927,48.0094314]},"properties":{"type":"entree","autoroute":"A11"}},{"type":"Feature","geometry":{"type":"Point","coordinates":[5.9977029,45.4223572]},"properties":{"type":"entree","autoroute":"A41"}},{"type":"Feature","geometry":{"type":"Point","coordinates":[6.0059207,45.4551011]},"properties":{"type":"entree","autoroute":"A41"}},{"type":"Feature","geometry":{"type":"Point","coordinates":[6.2405034,45.5587098]},"properties":{"type":"entree","autoroute":"A43"}},{"type":"Feature","geometry":{"type":"Point","coordinates":[6.2428122,45.5571128]},"properties":{"type":"entree","autoroute":"A43"}},{"type":"Feature","geometry":{"type":"Point","coordinates":[5.6050799,45.5736995]},"properties":{"type":"entree","autoroute":"A43"}},{"type":"Feature","geometry":{"type":"Point","coordinates":[5.6597882,45.572292]},"properties":{"type":"entree","autoroute":"A43"}},{"type":"Feature","geometry":{"type":"Point","coordinates":[5.7911575,45.5689642]},"properties":{"type":"entree","autoroute":"A43"}},{"type":"Feature","geometry":{"type":"Point","coordinates":[5.9657604,45.3444026]},"properties":{"type":"entree","autoroute":"A41"}},{"type":"Feature","geometry":{"type":"Point","coordinates":[1.5275502,45.0310697]},"properties":{"type":"entree","autoroute":"A20"}},{"type":"Feature","geometry":{"type":"Point","coordinates":[2.5871391,46.5141337]},"properties":{"type":"entree","autoroute":"A71"}},{"type":"Feature","geometry":{"type":"Point","coordinates":[-1.1988298,46.792176]},"properties":{"type":"entree","autoroute":"A83"}},{"type":"Feature","geometry":{"type":"Point","coordinates":[1.6288645,50.7514107]},"properties":{"type":"entree","autoroute":"A16"}},{"type":"Feature","geometry":{"type":"Point","coordinates":[1.6333409,50.7034542]},"properties":{"type":"entree","autoroute":"A16"}},{"type":"Feature","geometry":{"type":"Point","coordinates":[-1.1481104,46.6281678]},"properties":{"type":"entree","autoroute":"A83"}},{"type":"Feature","geometry":{"type":"Point","coordinates":[6.1780278,49.1777115]},"properties":{"type":"entree","autoroute":"A31"}},{"type":"Feature","geometry":{"type":"Point","coordinates":[5.9560356,46.0957541]},"properties":{"type":"entree","autoroute":"A40"}},{"type":"Feature","geometry":{"type":"Point","coordinates":[1.6454288,50.7684999]},"properties":{"type":"entree","autoroute":"A16"}},{"type":"Feature","geometry":{"type":"Point","coordinates":[4.1825241,45.7349435]},"properties":{"type":"entree","autoroute":"A72"}},{"type":"Feature","geometry":{"type":"Point","coordinates":[7.2977544,48.7723799]},"properties":{"type":"entree","autoroute":"A4"}},{"type":"Feature","geometry":{"type":"Point","coordinates":[3.8086834,45.8550183]},"properties":{"type":"entree","autoroute":"A89"}},{"type":"Feature","geometry":{"type":"Point","coordinates":[1.9333458,45.3572747]},"properties":{"type":"entree","autoroute":"A89"}},{"type":"Feature","geometry":{"type":"Point","coordinates":[5.4968262,47.9743447]},"properties":{"type":"entree","autoroute":"A31"}},{"type":"Feature","geometry":{"type":"Point","coordinates":[5.8638963,48.26351]},"properties":{"type":"entree","autoroute":"A31"}},{"type":"Feature","geometry":{"type":"Point","coordinates":[5.4885406,46.1139767]},"properties":{"type":"entree","autoroute":"A40"}},{"type":"Feature","geometry":{"type":"Point","coordinates":[3.3472616,46.4897404]},"properties":{"type":"entree","autoroute":"A79"}},{"type":"Feature","geometry":{"type":"Point","coordinates":[3.1441395,50.7487232]},"properties":{"type":"entree","autoroute":"A22"}},{"type":"Feature","geometry":{"type":"Point","coordinates":[3.1245215,50.722906]},"properties":{"type":"entree","autoroute":"A22"}},{"type":"Feature","geometry":{"type":"Point","coordinates":[3.146928,50.7523735]},"properties":{"type":"entree","autoroute":"A22"}},{"type":"Feature","geometry":{"type":"Point","coordinates":[-1.2112629,43.7784873]},"properties":{"type":"entree","autoroute":"A63"}},{"type":"Feature","geometry":{"type":"Point","coordinates":[1.661777,43.6415913]},"properties":{"type":"entree","autoroute":"A69"}},{"type":"Feature","geometry":{"type":"Point","coordinates":[5.9277652,49.1990492]},"properties":{"type":"entree","autoroute":"A4"}},{"type":"Feature","geometry":{"type":"Point","coordinates":[3.9856515,43.6503436]},"properties":{"type":"entree","autoroute":"A709"}},{"type":"Feature","geometry":{"type":"Point","coordinates":[6.1237303,48.6658655]},"properties":{"type":"entree","autoroute":"A33"}},{"type":"Feature","geometry":{"type":"Point","coordinates":[6.1011115,48.8922457]},"properties":{"type":"entree","autoroute":"A31"}},{"type":"Feature","geometry":{"type":"Point","coordinates":[6.092062,48.8635034]},"properties":{"type":"entree","autoroute":"A31"}},{"type":"Feature","geometry":{"type":"Point","coordinates":[2.0737953,50.0332167]},"properties":{"type":"entree","autoroute":"A16"}},{"type":"Feature","geometry":{"type":"Point","coordinates":[6.1163659,49.4350342]},"properties":{"type":"entree","autoroute":"A31"}},{"type":"Feature","geometry":{"type":"Point","coordinates":[2.4189935,48.8174619]},"properties":{"type":"entree","autoroute":"A4"}},{"type":"Feature","geometry":{"type":"Point","coordinates":[3.201069,46.9786302]},"properties":{"type":"entree","autoroute":"A77"}},{"type":"Feature","geometry":{"type":"Point","coordinates":[-0.5165821,47.4568348]},"properties":{"type":"entree","autoroute":"A87N"}},{"type":"Feature","geometry":{"type":"Point","coordinates":[2.977701,46.3343654]},"properties":{"type":"entree","autoroute":"A79"}},{"type":"Feature","geometry":{"type":"Point","coordinates":[2.8913788,42.746083]},"properties":{"type":"entree","autoroute":"A9"}},{"type":"Feature","geometry":{"type":"Point","coordinates":[-0.4155761,43.3458328]},"properties":{"type":"entree","autoroute":"A64"}},{"type":"Feature","geometry":{"type":"Point","coordinates":[0.4747774,48.0758985]},"properties":{"type":"entree","autoroute":"A11"}},{"type":"Feature","geometry":{"type":"Point","coordinates":[-1.0080695,44.0507608]},"properties":{"type":"entree","autoroute":"A63"}},{"type":"Feature","geometry":{"type":"Point","coordinates":[-0.3033424,46.3440744]},"properties":{"type":"entree","autoroute":"A10"}},{"type":"Feature","geometry":{"type":"Point","coordinates":[2.035022,48.7853595]},"properties":{"type":"entree","autoroute":"A12"}},{"type":"Feature","geometry":{"type":"Point","coordinates":[4.3511841,43.8082436]},"properties":{"type":"entree","autoroute":"A54"}},{"type":"Feature","geometry":{"type":"Point","coordinates":[3.7542025,49.1903789]},"properties":{"type":"entree","autoroute":"A4"}},{"type":"Feature","geometry":{"type":"Point","coordinates":[5.0195212,46.271542]},"properties":{"type":"entree","autoroute":"A40"}},{"type":"Feature","geometry":{"type":"Point","coordinates":[3.1132583,50.6782126]},"properties":{"type":"entree","autoroute":"A22"}},{"type":"Feature","geometry":{"type":"Point","coordinates":[1.6395951,50.6921552]},"properties":{"type":"entree","autoroute":"A16"}},{"type":"Feature","geometry":{"type":"Point","coordinates":[1.6446302,50.6862085]},"properties":{"type":"entree","autoroute":"A16"}},{"type":"Feature","geometry":{"type":"Point","coordinates":[5.5633938,43.4797038]},"properties":{"type":"entree","autoroute":"A52"}},{"type":"Feature","geometry":{"type":"Point","coordinates":[3.2207875,50.3820046]},"properties":{"type":"entree","autoroute":"A21"}},{"type":"Feature","geometry":{"type":"Point","coordinates":[2.9742777,46.3281119]},"properties":{"type":"entree","autoroute":"A71"}},{"type":"Feature","geometry":{"type":"Point","coordinates":[4.7891727,46.2843351]},"properties":{"type":"entree","autoroute":"A6"}},{"type":"Feature","geometry":{"type":"Point","coordinates":[3.4525383,46.5111773]},"properties":{"type":"entree","autoroute":"A79"}},{"type":"Feature","geometry":{"type":"Point","coordinates":[3.4629974,46.5144169]},"properties":{"type":"entree","autoroute":"A79"}},{"type":"Feature","geometry":{"type":"Point","coordinates":[2.3091715,48.7014172]},"properties":{"type":"entree","autoroute":"A6"}},{"type":"Feature","geometry":{"type":"Point","coordinates":[2.5178285,48.4603867]},"properties":{"type":"entree","autoroute":"A6"}},{"type":"Feature","geometry":{"type":"Point","coordinates":[3.1500359,50.5829573]},"properties":{"type":"entree","autoroute":"A23"}},{"type":"Feature","geometry":{"type":"Point","coordinates":[6.0716859,43.4218899]},"properties":{"type":"entree","autoroute":"A8"}},{"type":"Feature","geometry":{"type":"Point","coordinates":[3.2414496,44.6378588]},"properties":{"type":"entree","autoroute":"A75"}},{"type":"Feature","geometry":{"type":"Point","coordinates":[4.8001928,45.5842008]},"properties":{"type":"entree","autoroute":"A7"}},{"type":"Feature","geometry":{"type":"Point","coordinates":[2.0205479,47.4195998]},"properties":{"type":"entree","autoroute":"A71"}},{"type":"Feature","geometry":{"type":"Point","coordinates":[3.2497182,45.5682085]},"properties":{"type":"entree","autoroute":"A75"}},{"type":"Feature","geometry":{"type":"Point","coordinates":[4.6976957,43.9991167]},"properties":{"type":"entree","autoroute":"A9"}},{"type":"Feature","geometry":{"type":"Point","coordinates":[1.4022312,43.716144]},"properties":{"type":"entree","autoroute":"A62"}},{"type":"Feature","geometry":{"type":"Point","coordinates":[2.628779,48.6316128]},"properties":{"type":"entree","autoroute":"A5B"}},{"type":"Feature","geometry":{"type":"Point","coordinates":[6.1249942,48.6613176]},"properties":{"type":"entree","autoroute":"A33"}},{"type":"Feature","geometry":{"type":"Point","coordinates":[5.5759278,43.418008]},"properties":{"type":"entree","autoroute":"A52"}},{"type":"Feature","geometry":{"type":"Point","coordinates":[5.574772,43.4233154]},"properties":{"type":"entree","autoroute":"A52"}},{"type":"Feature","geometry":{"type":"Point","coordinates":[1.6483289,50.7237719]},"properties":{"type":"entree","autoroute":"A16"}},{"type":"Feature","geometry":{"type":"Point","coordinates":[5.9033152,43.12456]},"properties":{"type":"entree","autoroute":"A50"}},{"type":"Feature","geometry":{"type":"Point","coordinates":[-0.9203877,43.5116448]},"properties":{"type":"entree","autoroute":"A64"}},{"type":"Feature","geometry":{"type":"Point","coordinates":[1.8100512,50.9400513]},"properties":{"type":"entree","autoroute":"A16"}},{"type":"Feature","geometry":{"type":"Point","coordinates":[1.8024923,50.926428]},"properties":{"type":"entree","autoroute":"A16"}},{"type":"Feature","geometry":{"type":"Point","coordinates":[1.8041659,50.9301095]},"properties":{"type":"entree","autoroute":"A16"}},{"type":"Feature","geometry":{"type":"Point","coordinates":[4.8270031,45.9036389]},"properties":{"type":"entree","autoroute":"A46"}},{"type":"Feature","geometry":{"type":"Point","coordinates":[-0.3611903,46.3037688]},"properties":{"type":"entree","autoroute":"A10"}},{"type":"Feature","geometry":{"type":"Point","coordinates":[3.3700128,46.4974392]},"properties":{"type":"entree","autoroute":"A79"}},{"type":"Feature","geometry":{"type":"Point","coordinates":[2.8193182,42.5234275]},"properties":{"type":"entree","autoroute":"A9"}},{"type":"Feature","geometry":{"type":"Point","coordinates":[2.351569,48.9225916]},"properties":{"type":"entree","autoroute":"A86"}},{"type":"Feature","geometry":{"type":"Point","coordinates":[0.5380486,44.1866807]},"properties":{"type":"entree","autoroute":"A62"}},{"type":"Feature","geometry":{"type":"Point","coordinates":[3.0495752,46.3997735]},"properties":{"type":"entree","autoroute":"A79"}},{"type":"Feature","geometry":{"type":"Point","coordinates":[4.8318384,46.8302245]},"properties":{"type":"entree","autoroute":"A6"}},{"type":"Feature","geometry":{"type":"Point","coordinates":[0.5422072,44.1859706]},"properties":{"type":"entree","autoroute":"A62"}},{"type":"Feature","geometry":{"type":"Point","coordinates":[2.2106137,48.7782329]},"properties":{"type":"entree","autoroute":"A86"}},{"type":"Feature","geometry":{"type":"Point","coordinates":[2.1410704,50.9546585]},"properties":{"type":"entree","autoroute":"A16"}},{"type":"Feature","geometry":{"type":"Point","coordinates":[1.663844,43.641518]},"properties":{"type":"entree","autoroute":"A69"}},{"type":"Feature","geometry":{"type":"Point","coordinates":[1.6360932,43.6540939]},"properties":{"type":"entree","autoroute":"A69"}},{"type":"Feature","geometry":{"type":"Point","coordinates":[1.6400537,43.650421]},"properties":{"type":"entree","autoroute":"A69"}},{"type":"Feature","geometry":{"type":"Point","coordinates":[1.6360093,43.6543338]},"properties":{"type":"entree","autoroute":"A69"}},{"type":"Feature","geometry":{"type":"Point","coordinates":[1.6424126,43.6484465]},"properties":{"type":"entree","autoroute":"A69"}},{"type":"Feature","geometry":{"type":"Point","coordinates":[3.0285845,46.3738261]},"properties":{"type":"entree","autoroute":"A79"}},{"type":"Feature","geometry":{"type":"Point","coordinates":[1.2262752,49.2008102]},"properties":{"type":"entree","autoroute":"A13"}},{"type":"Feature","geometry":{"type":"Point","coordinates":[-0.2968984,43.5628502]},"properties":{"type":"entree","autoroute":"A65"}},{"type":"Feature","geometry":{"type":"Point","coordinates":[1.4821196,43.637846]},"properties":{"type":"entree","autoroute":"A68"}},{"type":"Feature","geometry":{"type":"Point","coordinates":[1.3550083,43.5068711]},"properties":{"type":"entree","autoroute":"A64"}},{"type":"Feature","geometry":{"type":"Point","coordinates":[3.600627,50.3699069]},"properties":{"type":"entree","autoroute":"A2"}},{"type":"Feature","geometry":{"type":"Point","coordinates":[6.2274595,46.1823088]},"properties":{"type":"entree","autoroute":"A40"}},{"type":"Feature","geometry":{"type":"Point","coordinates":[0.1923744,48.6318477]},"properties":{"type":"entree","autoroute":"A88"}},{"type":"Feature","geometry":{"type":"Point","coordinates":[2.340771,48.9249013]},"properties":{"type":"entree","autoroute":"A86"}},{"type":"Feature","geometry":{"type":"Point","coordinates":[-0.0518476,44.5091179]},"properties":{"type":"entree","autoroute":"A62"}},{"type":"Feature","geometry":{"type":"Point","coordinates":[3.4369518,50.4090876]},"properties":{"type":"entree","autoroute":"A23"}},{"type":"Feature","geometry":{"type":"Point","coordinates":[-1.3529409,46.6701677]},"properties":{"type":"entree","autoroute":"A87"}},{"type":"Feature","geometry":{"type":"Point","coordinates":[1.9732688,47.1477484]},"properties":{"type":"entree","autoroute":"A20"}},{"type":"Feature","geometry":{"type":"Point","coordinates":[3.9910938,47.516611]},"properties":{"type":"entree","autoroute":"A6"}},{"type":"Feature","geometry":{"type":"Point","coordinates":[2.1623433,49.469597]},"properties":{"type":"entree","autoroute":"A16"}},{"type":"Feature","geometry":{"type":"Point","coordinates":[6.001169,43.1408232]},"properties":{"type":"entree","autoroute":"A57"}},{"type":"Feature","geometry":{"type":"Point","coordinates":[5.239577,43.4957354]},"properties":{"type":"entree","autoroute":"A7"}},{"type":"Feature","geometry":{"type":"Point","coordinates":[5.086633,43.7437024]},"properties":{"type":"entree","autoroute":"A7"}},{"type":"Feature","geometry":{"type":"Point","coordinates":[3.1679835,50.764582]},"properties":{"type":"entree","autoroute":"A22"}},{"type":"Feature","geometry":{"type":"Point","coordinates":[1.7878609,50.1078498]},"properties":{"type":"entree","autoroute":"A28"}},{"type":"Feature","geometry":{"type":"Point","coordinates":[1.7879335,50.1077216]},"properties":{"type":"entree","autoroute":"A28"}},{"type":"Feature","geometry":{"type":"Point","coordinates":[2.8528764,49.9466552]},"properties":{"type":"entree","autoroute":"A1"}},{"type":"Feature","geometry":{"type":"Point","coordinates":[0.8309474,49.3640091]},"properties":{"type":"entree","autoroute":"A28"}},{"type":"Feature","geometry":{"type":"Point","coordinates":[1.9070982,50.9359648]},"properties":{"type":"entree","autoroute":"A216"}},{"type":"Feature","geometry":{"type":"Point","coordinates":[3.1272765,50.1444109]},"properties":{"type":"entree","autoroute":"A2"}},{"type":"Feature","geometry":{"type":"Point","coordinates":[3.088081,50.580635]},"properties":{"type":"entree","autoroute":"A1"}},{"type":"Feature","geometry":{"type":"Point","coordinates":[4.5965355,47.2197077]},"properties":{"type":"entree","autoroute":"A6"}},{"type":"Feature","geometry":{"type":"Point","coordinates":[4.8347601,49.7256293]},"properties":{"type":"entree","autoroute":"A34"}},{"type":"Feature","geometry":{"type":"Point","coordinates":[3.0927998,50.1250627]},"properties":{"type":"entree","autoroute":"A2"}},{"type":"Feature","geometry":{"type":"Point","coordinates":[3.1732384,50.0827098]},"properties":{"type":"entree","autoroute":"A26"}},{"type":"Feature","geometry":{"type":"Point","coordinates":[1.7033297,49.7596529]},"properties":{"type":"entree","autoroute":"A29"}},{"type":"Feature","geometry":{"type":"Point","coordinates":[-0.8942005,44.6274965]},"properties":{"type":"entree","autoroute":"A660"}},{"type":"Feature","geometry":{"type":"Point","coordinates":[1.8587802,47.9735218]},"properties":{"type":"entree","autoroute":"A10"}},{"type":"Feature","geometry":{"type":"Point","coordinates":[-1.1355602,43.5565336]},"properties":{"type":"entree","autoroute":"A641"}},{"type":"Feature","geometry":{"type":"Point","coordinates":[1.5052019,43.6464716]},"properties":{"type":"entree","autoroute":"A68"}},{"type":"Feature","geometry":{"type":"Point","coordinates":[2.2436057,48.9747237]},"properties":{"type":"entree","autoroute":"A15"}},{"type":"Feature","geometry":{"type":"Point","coordinates":[2.9685039,46.3316418]},"properties":{"type":"entree","autoroute":"A79"}},{"type":"Feature","geometry":{"type":"Point","coordinates":[1.8515965,48.0844729]},"properties":{"type":"entree","autoroute":"A10"}},{"type":"Feature","geometry":{"type":"Point","coordinates":[4.8878774,45.8961592]},"properties":{"type":"entree","autoroute":"A46"}},{"type":"Feature","geometry":{"type":"Point","coordinates":[7.5824853,48.5175677]},"properties":{"type":"entree","autoroute":"A355"}},{"type":"Feature","geometry":{"type":"Point","coordinates":[0.1071879,49.2589123]},"properties":{"type":"entree","autoroute":"A13"}},{"type":"Feature","geometry":{"type":"Point","coordinates":[5.1227746,43.6272366]},"properties":{"type":"entree","autoroute":"A54"}},{"type":"Feature","geometry":{"type":"Point","coordinates":[6.2766541,48.6178]},"properties":{"type":"entree","autoroute":"A33"}},{"type":"Feature","geometry":{"type":"Point","coordinates":[2.6311607,49.2176076]},"properties":{"type":"entree","autoroute":"A1"}},{"type":"Feature","geometry":{"type":"Point","coordinates":[-1.1039113,43.5190695]},"properties":{"type":"entree","autoroute":"A641"}},{"type":"Feature","geometry":{"type":"Point","coordinates":[-1.1038115,43.5191626]},"properties":{"type":"entree","autoroute":"A641"}},{"type":"Feature","geometry":{"type":"Point","coordinates":[3.4855763,50.3612231]},"properties":{"type":"entree","autoroute":"A23"}},{"type":"Feature","geometry":{"type":"Point","coordinates":[5.103903,47.0310745]},"properties":{"type":"entree","autoroute":"A36"}},{"type":"Feature","geometry":{"type":"Point","coordinates":[5.0102552,47.0454334]},"properties":{"type":"entree","autoroute":"A36"}},{"type":"Feature","geometry":{"type":"Point","coordinates":[5.1731832,47.0323678]},"properties":{"type":"entree","autoroute":"A36"}},{"type":"Feature","geometry":{"type":"Point","coordinates":[5.3030888,47.0657513]},"properties":{"type":"entree","autoroute":"A36"}},{"type":"Feature","geometry":{"type":"Point","coordinates":[5.4300819,47.1301789]},"properties":{"type":"entree","autoroute":"A36"}},{"type":"Feature","geometry":{"type":"Point","coordinates":[5.4393408,47.1305571]},"properties":{"type":"entree","autoroute":"A36"}},{"type":"Feature","geometry":{"type":"Point","coordinates":[4.3686561,47.3865327]},"properties":{"type":"entree","autoroute":"A6"}},{"type":"Feature","geometry":{"type":"Point","coordinates":[4.304938,47.4366789]},"properties":{"type":"entree","autoroute":"A6"}},{"type":"Feature","geometry":{"type":"Point","coordinates":[4.3623487,47.3921688]},"properties":{"type":"entree","autoroute":"A6"}},{"type":"Feature","geometry":{"type":"Point","coordinates":[4.2836653,47.4484019]},"properties":{"type":"entree","autoroute":"A6"}},{"type":"Feature","geometry":{"type":"Point","coordinates":[4.0300439,47.503578]},"properties":{"type":"entree","autoroute":"A6"}},{"type":"Feature","geometry":{"type":"Point","coordinates":[3.996707,47.5119424]},"properties":{"type":"entree","autoroute":"A6"}},{"type":"Feature","geometry":{"type":"Point","coordinates":[4.2765628,47.4503905]},"properties":{"type":"entree","autoroute":"A6"}},{"type":"Feature","geometry":{"type":"Point","coordinates":[4.0402754,47.5041064]},"properties":{"type":"entree","autoroute":"A6"}},{"type":"Feature","geometry":{"type":"Point","coordinates":[-0.7116725,45.8380493]},"properties":{"type":"entree","autoroute":"A837"}},{"type":"Feature","geometry":{"type":"Point","coordinates":[-0.5991146,45.896123]},"properties":{"type":"entree","autoroute":"A10"}},{"type":"Feature","geometry":{"type":"Point","coordinates":[-0.6509019,45.7017162]},"properties":{"type":"entree","autoroute":"A10"}},{"type":"Feature","geometry":{"type":"Point","coordinates":[-0.6241424,44.881713]},"properties":{"type":"entree","autoroute":"A630"}},{"type":"Feature","geometry":{"type":"Point","coordinates":[-0.6537803,44.8647098]},"properties":{"type":"entree","autoroute":"A630"}},{"type":"Feature","geometry":{"type":"Point","coordinates":[-0.6469965,44.790789]},"properties":{"type":"entree","autoroute":"A630"}},{"type":"Feature","geometry":{"type":"Point","coordinates":[5.1747235,47.4183327]},"properties":{"type":"entree","autoroute":"A31"}},{"type":"Feature","geometry":{"type":"Point","coordinates":[1.2275069,49.1986065]},"properties":{"type":"entree","autoroute":"A13"}},{"type":"Feature","geometry":{"type":"Point","coordinates":[6.1111356,46.1357579]},"properties":{"type":"entree","autoroute":"A40"}},{"type":"Feature","geometry":{"type":"Point","coordinates":[3.1262651,47.0763986]},"properties":{"type":"entree","autoroute":"A77"}},{"type":"Feature","geometry":{"type":"Point","coordinates":[6.0944774,46.1271098]},"properties":{"type":"entree","autoroute":"A41"}},{"type":"Feature","geometry":{"type":"Point","coordinates":[3.1284547,45.0978078]},"properties":{"type":"entree","autoroute":"A75"}},{"type":"Feature","geometry":{"type":"Point","coordinates":[3.1107712,45.0576191]},"properties":{"type":"entree","autoroute":"A75"}},{"type":"Feature","geometry":{"type":"Point","coordinates":[3.1423774,45.0321981]},"properties":{"type":"entree","autoroute":"A75"}},{"type":"Feature","geometry":{"type":"Point","coordinates":[3.1448477,45.0269273]},"properties":{"type":"entree","autoroute":"A75"}},{"type":"Feature","geometry":{"type":"Point","coordinates":[-0.5862417,44.888337]},"properties":{"type":"entree","autoroute":"A630"}},{"type":"Feature","geometry":{"type":"Point","coordinates":[0.139169,48.3119804]},"properties":{"type":"entree","autoroute":"A28"}},{"type":"Feature","geometry":{"type":"Point","coordinates":[7.569388,48.5015565]},"properties":{"type":"entree","autoroute":"A35"}},{"type":"Feature","geometry":{"type":"Point","coordinates":[7.6121416,48.5943631]},"properties":{"type":"entree","autoroute":"A355"}},{"type":"Feature","geometry":{"type":"Point","coordinates":[0.3609796,43.0994289]},"properties":{"type":"entree","autoroute":"A64"}},{"type":"Feature","geometry":{"type":"Point","coordinates":[0.3368319,43.1035225]},"properties":{"type":"entree","autoroute":"A64"}},{"type":"Feature","geometry":{"type":"Point","coordinates":[0.3393797,43.1017915]},"properties":{"type":"entree","autoroute":"A64"}},{"type":"Feature","geometry":{"type":"Point","coordinates":[0.3934477,43.0996916]},"properties":{"type":"entree","autoroute":"A64"}},{"type":"Feature","geometry":{"type":"Point","coordinates":[0.3519677,43.0991621]},"properties":{"type":"entree","autoroute":"A64"}},{"type":"Feature","geometry":{"type":"Point","coordinates":[5.7848937,46.1555347]},"properties":{"type":"entree","autoroute":"A40"}},{"type":"Feature","geometry":{"type":"Point","coordinates":[2.8060763,50.6951058]},"properties":{"type":"entree","autoroute":"A25"}},{"type":"Feature","geometry":{"type":"Point","coordinates":[1.9082856,43.8784701]},"properties":{"type":"entree","autoroute":"A68"}},{"type":"Feature","geometry":{"type":"Point","coordinates":[2.31095,51.0044846]},"properties":{"type":"entree","autoroute":"A16"}},{"type":"Feature","geometry":{"type":"Point","coordinates":[1.510243,45.5430543]},"properties":{"type":"entree","autoroute":"A20"}},{"type":"Feature","geometry":{"type":"Point","coordinates":[-1.1345737,43.5510451]},"properties":{"type":"entree","autoroute":"A641"}},{"type":"Feature","geometry":{"type":"Point","coordinates":[2.4860686,48.9722465]},"properties":{"type":"entree","autoroute":"A3"}},{"type":"Feature","geometry":{"type":"Point","coordinates":[2.76869,48.2205925]},"properties":{"type":"entree","autoroute":"A6"}},{"type":"Feature","geometry":{"type":"Point","coordinates":[5.6201894,45.2909694]},"properties":{"type":"entree","autoroute":"A48"}},{"type":"Feature","geometry":{"type":"Point","coordinates":[5.7852196,45.204943]},"properties":{"type":"entree","autoroute":"A41"}},{"type":"Feature","geometry":{"type":"Point","coordinates":[5.79252,45.2059694]},"properties":{"type":"entree","autoroute":"A41"}},{"type":"Feature","geometry":{"type":"Point","coordinates":[5.6751631,45.2184975]},"properties":{"type":"entree","autoroute":"A480"}},{"type":"Feature","geometry":{"type":"Point","coordinates":[6.1166298,48.6942721]},"properties":{"type":"entree","autoroute":"A33"}},{"type":"Feature","geometry":{"type":"Point","coordinates":[5.4074343,45.5319555]},"properties":{"type":"entree","autoroute":"A48"}},{"type":"Feature","geometry":{"type":"Point","coordinates":[4.9652598,45.7036034]},"properties":{"type":"entree","autoroute":"A43"}},{"type":"Feature","geometry":{"type":"Point","coordinates":[4.9694732,45.7017357]},"properties":{"type":"entree","autoroute":"A43"}},{"type":"Feature","geometry":{"type":"Point","coordinates":[4.9673707,45.7021548]},"properties":{"type":"entree","autoroute":"A43"}},{"type":"Feature","geometry":{"type":"Point","coordinates":[6.1281609,45.9863679]},"properties":{"type":"entree","autoroute":"A41"}},{"type":"Feature","geometry":{"type":"Point","coordinates":[6.2690868,46.0470889]},"properties":{"type":"entree","autoroute":"A410"}},{"type":"Feature","geometry":{"type":"Point","coordinates":[5.6905429,45.1302463]},"properties":{"type":"entree","autoroute":"A480"}},{"type":"Feature","geometry":{"type":"Point","coordinates":[3.1352408,50.6002111]},"properties":{"type":"entree","autoroute":"A27"}},{"type":"Feature","geometry":{"type":"Point","coordinates":[3.0867997,50.6136609]},"properties":{"type":"entree","autoroute":"A25"}},{"type":"Feature","geometry":{"type":"Point","coordinates":[1.035102,49.360018]},"properties":{"type":"entree","autoroute":"A139"}},{"type":"Feature","geometry":{"type":"Point","coordinates":[3.2341674,45.8285701]},"properties":{"type":"entree","autoroute":"A89"}},{"type":"Feature","geometry":{"type":"Point","coordinates":[4.0242642,43.6753954]},"properties":{"type":"entree","autoroute":"A9"}},{"type":"Feature","geometry":{"type":"Point","coordinates":[3.9290094,43.6044986]},"properties":{"type":"entree","autoroute":"A709"}},{"type":"Feature","geometry":{"type":"Point","coordinates":[1.8950193,43.8606863]},"properties":{"type":"entree","autoroute":"A68"}},{"type":"Feature","geometry":{"type":"Point","coordinates":[5.0281958,45.0164045]},"properties":{"type":"entree","autoroute":"A49"}},{"type":"Feature","geometry":{"type":"Point","coordinates":[1.4772959,43.5704268]},"properties":{"type":"entree","autoroute":"A620"}},{"type":"Feature","geometry":{"type":"Point","coordinates":[2.2910403,48.7168106]},"properties":{"type":"entree","autoroute":"A10"}},{"type":"Feature","geometry":{"type":"Point","coordinates":[1.9088307,48.5449619]},"properties":{"type":"entree","autoroute":"A10"}},{"type":"Feature","geometry":{"type":"Point","coordinates":[1.584079,48.4690187]},"properties":{"type":"entree","autoroute":"A11"}},{"type":"Feature","geometry":{"type":"Point","coordinates":[1.2204636,48.2803236]},"properties":{"type":"entree","autoroute":"A11"}},{"type":"Feature","geometry":{"type":"Point","coordinates":[0.7877608,48.1813416]},"properties":{"type":"entree","autoroute":"A11"}},{"type":"Feature","geometry":{"type":"Point","coordinates":[0.3337465,48.053437]},"properties":{"type":"entree","autoroute":"A11"}},{"type":"Feature","geometry":{"type":"Point","coordinates":[6.18007,48.6400191]},"properties":{"type":"entree","autoroute":"A330"}},{"type":"Feature","geometry":{"type":"Point","coordinates":[6.1166668,48.6903123]},"properties":{"type":"entree","autoroute":"A33"}},{"type":"Feature","geometry":{"type":"Point","coordinates":[5.8803999,48.6498813]},"properties":{"type":"entree","autoroute":"A31"}},{"type":"Feature","geometry":{"type":"Point","coordinates":[5.1464446,47.2763729]},"properties":{"type":"entree","autoroute":"A31"}},{"type":"Feature","geometry":{"type":"Point","coordinates":[1.3968889,43.5966452]},"properties":{"type":"entree","autoroute":"A620"}},{"type":"Feature","geometry":{"type":"Point","coordinates":[6.2634871,49.1289066]},"properties":{"type":"entree","autoroute":"A314"}},{"type":"Feature","geometry":{"type":"Point","coordinates":[6.1138872,49.0352193]},"properties":{"type":"entree","autoroute":"A31"}},{"type":"Feature","geometry":{"type":"Point","coordinates":[2.9871722,43.1545892]},"properties":{"type":"entree","autoroute":"A9"}},{"type":"Feature","geometry":{"type":"Point","coordinates":[3.4440427,43.5381167]},"properties":{"type":"entree","autoroute":"A75"}},{"type":"Feature","geometry":{"type":"Point","coordinates":[5.6192689,43.3499877]},"properties":{"type":"entree","autoroute":"A52"}},{"type":"Feature","geometry":{"type":"Point","coordinates":[5.9577288,45.330542]},"properties":{"type":"entree","autoroute":"A41"}},{"type":"Feature","geometry":{"type":"Point","coordinates":[4.7227568,45.9400007]},"properties":{"type":"entree","autoroute":"A6"}},{"type":"Feature","geometry":{"type":"Point","coordinates":[6.022884,45.4917058]},"properties":{"type":"entree","autoroute":"A41"}},{"type":"Feature","geometry":{"type":"Point","coordinates":[6.2592538,46.0448016]},"properties":{"type":"entree","autoroute":"A410"}},{"type":"Feature","geometry":{"type":"Point","coordinates":[4.9070294,47.0567024]},"properties":{"type":"entree","autoroute":"A31"}},{"type":"Feature","geometry":{"type":"Point","coordinates":[4.8688169,47.0172693]},"properties":{"type":"entree","autoroute":"A6"}},{"type":"Feature","geometry":{"type":"Point","coordinates":[1.0494863,49.3443713]},"properties":{"type":"entree","autoroute":"A139"}},{"type":"Feature","geometry":{"type":"Point","coordinates":[4.7804572,45.5885739]},"properties":{"type":"entree","autoroute":"A47"}},{"type":"Feature","geometry":{"type":"Point","coordinates":[6.3410551,45.6494596]},"properties":{"type":"entree","autoroute":"A430"}},{"type":"Feature","geometry":{"type":"Point","coordinates":[2.9187568,42.8451251]},"properties":{"type":"entree","autoroute":"A9"}},{"type":"Feature","geometry":{"type":"Point","coordinates":[5.0323601,45.8349297]},"properties":{"type":"entree","autoroute":"A42"}},{"type":"Feature","geometry":{"type":"Point","coordinates":[5.328377,46.0641067]},"properties":{"type":"entree","autoroute":"A42"}},{"type":"Feature","geometry":{"type":"Point","coordinates":[2.3988417,48.9258074]},"properties":{"type":"entree","autoroute":"A16"}},{"type":"Feature","geometry":{"type":"Point","coordinates":[5.7914394,45.205999]},"properties":{"type":"entree","autoroute":"A41"}},{"type":"Feature","geometry":{"type":"Point","coordinates":[5.2052963,45.0671087]},"properties":{"type":"entree","autoroute":"A49"}},{"type":"Feature","geometry":{"type":"Point","coordinates":[6.3055899,45.343553]},"properties":{"type":"entree","autoroute":"A43"}},{"type":"Feature","geometry":{"type":"Point","coordinates":[-0.283663,44.8726108]},"properties":{"type":"entree","autoroute":"A89"}},{"type":"Feature","geometry":{"type":"Point","coordinates":[6.1843914,49.3334272]},"properties":{"type":"entree","autoroute":"A31"}},{"type":"Feature","geometry":{"type":"Point","coordinates":[6.1004478,46.1316017]},"properties":{"type":"entree","autoroute":"A41"}},{"type":"Feature","geometry":{"type":"Point","coordinates":[5.2584356,46.2515263]},"properties":{"type":"entree","autoroute":"A39"}},{"type":"Feature","geometry":{"type":"Point","coordinates":[5.3902602,47.1221271]},"properties":{"type":"entree","autoroute":"A39"}},{"type":"Feature","geometry":{"type":"Point","coordinates":[7.3670399,43.7451179]},"properties":{"type":"entree","autoroute":"A500"}},{"type":"Feature","geometry":{"type":"Point","coordinates":[1.820783,50.9419701]},"properties":{"type":"entree","autoroute":"A16"}},{"type":"Feature","geometry":{"type":"Point","coordinates":[2.2519586,48.8512097]},"properties":{"type":"entree","autoroute":"A13"}},{"type":"Feature","geometry":{"type":"Point","coordinates":[2.0459775,48.8009062]},"properties":{"type":"entree","autoroute":"A12"}},{"type":"Feature","geometry":{"type":"Point","coordinates":[2.1044127,48.8414987]},"properties":{"type":"entree","autoroute":"A13"}},{"type":"Feature","geometry":{"type":"Point","coordinates":[2.1155195,48.8402204]},"properties":{"type":"entree","autoroute":"A13"}},{"type":"Feature","geometry":{"type":"Point","coordinates":[2.4132248,48.867276]},"properties":{"type":"entree","autoroute":"A3"}},{"type":"Feature","geometry":{"type":"Point","coordinates":[0.6154704,49.3794573]},"properties":{"type":"entree","autoroute":"A13"}},{"type":"Feature","geometry":{"type":"Point","coordinates":[-1.5861319,47.2659229]},"properties":{"type":"entree","autoroute":"A11"}},{"type":"Feature","geometry":{"type":"Point","coordinates":[3.1479752,45.9196506]},"properties":{"type":"entree","autoroute":"A71"}},{"type":"Feature","geometry":{"type":"Point","coordinates":[3.1424043,45.924845]},"properties":{"type":"entree","autoroute":"A71"}},{"type":"Feature","geometry":{"type":"Point","coordinates":[1.8493157,47.9106963]},"properties":{"type":"entree","autoroute":"A71"}},{"type":"Feature","geometry":{"type":"Point","coordinates":[3.0983727,46.2341238]},"properties":{"type":"entree","autoroute":"A71"}},{"type":"Feature","geometry":{"type":"Point","coordinates":[3.1001457,46.2277912]},"properties":{"type":"entree","autoroute":"A71"}},{"type":"Feature","geometry":{"type":"Point","coordinates":[2.8100165,46.3538501]},"properties":{"type":"entree","autoroute":"A71"}},{"type":"Feature","geometry":{"type":"Point","coordinates":[2.0642189,47.2466198]},"properties":{"type":"entree","autoroute":"A71"}},{"type":"Feature","geometry":{"type":"Point","coordinates":[2.7978436,46.3567591]},"properties":{"type":"entree","autoroute":"A71"}},{"type":"Feature","geometry":{"type":"Point","coordinates":[4.924419,45.7250197]},"properties":{"type":"entree","autoroute":"A43"}},{"type":"Feature","geometry":{"type":"Point","coordinates":[5.299253,43.3946548]},"properties":{"type":"entree","autoroute":"A551"}},{"type":"Feature","geometry":{"type":"Point","coordinates":[5.2988075,43.3982173]},"properties":{"type":"entree","autoroute":"A551"}},{"type":"Feature","geometry":{"type":"Point","coordinates":[5.2985103,43.4026487]},"properties":{"type":"entree","autoroute":"A552"}},{"type":"Feature","geometry":{"type":"Point","coordinates":[5.3136277,43.4039584]},"properties":{"type":"entree","autoroute":"A7"}},{"type":"Feature","geometry":{"type":"Point","coordinates":[5.5409473,43.4824053]},"properties":{"type":"entree","autoroute":"A8"}},{"type":"Feature","geometry":{"type":"Point","coordinates":[-0.2200432,48.8884883]},"properties":{"type":"entree","autoroute":"A88"}},{"type":"Feature","geometry":{"type":"Point","coordinates":[6.7104284,45.9098284]},"properties":{"type":"entree","autoroute":"A40"}},{"type":"Feature","geometry":{"type":"Point","coordinates":[0.1755778,48.0524129]},"properties":{"type":"entree","autoroute":"A11"}},{"type":"Feature","geometry":{"type":"Point","coordinates":[0.2586256,48.0543047]},"properties":{"type":"entree","autoroute":"A11"}},{"type":"Feature","geometry":{"type":"Point","coordinates":[3.1940662,45.7840653]},"properties":{"type":"entree","autoroute":"A711"}},{"type":"Feature","geometry":{"type":"Point","coordinates":[5.586114,43.278465]},"properties":{"type":"entree","autoroute":"A52"}},{"type":"Feature","geometry":{"type":"Point","coordinates":[4.5580395,43.6830685]},"properties":{"type":"entree","autoroute":"A54"}},{"type":"Feature","geometry":{"type":"Point","coordinates":[2.3215006,48.7423731]},"properties":{"type":"entree","autoroute":"A6"}},{"type":"Feature","geometry":{"type":"Point","coordinates":[2.2854964,48.7114449]},"properties":{"type":"entree","autoroute":"A10"}},{"type":"Feature","geometry":{"type":"Point","coordinates":[2.4039435,48.6338062]},"properties":{"type":"entree","autoroute":"A6"}},{"type":"Feature","geometry":{"type":"Point","coordinates":[2.4359606,48.6059938]},"properties":{"type":"entree","autoroute":"A6"}},{"type":"Feature","geometry":{"type":"Point","coordinates":[2.4833815,48.5612119]},"properties":{"type":"entree","autoroute":"A6"}},{"type":"Feature","geometry":{"type":"Point","coordinates":[2.5380941,48.4319465]},"properties":{"type":"entree","autoroute":"A6"}},{"type":"Feature","geometry":{"type":"Point","coordinates":[6.1750038,49.2003083]},"properties":{"type":"entree","autoroute":"A31"}},{"type":"Feature","geometry":{"type":"Point","coordinates":[7.7349199,48.6513813]},"properties":{"type":"entree","autoroute":"A4"}},{"type":"Feature","geometry":{"type":"Point","coordinates":[-0.2831593,47.6214551]},"properties":{"type":"entree","autoroute":"A11"}},{"type":"Feature","geometry":{"type":"Point","coordinates":[7.8279609,48.6926131]},"properties":{"type":"entree","autoroute":"A35"}},{"type":"Feature","geometry":{"type":"Point","coordinates":[-0.4282114,49.1650199]},"properties":{"type":"entree","autoroute":"A84"}},{"type":"Feature","geometry":{"type":"Point","coordinates":[-0.4282198,49.1642816]},"properties":{"type":"entree","autoroute":"A84"}},{"type":"Feature","geometry":{"type":"Point","coordinates":[7.4970113,48.5199944]},"properties":{"type":"entree","autoroute":"A352"}},{"type":"Feature","geometry":{"type":"Point","coordinates":[7.4987863,48.5200216]},"properties":{"type":"entree","autoroute":"A352"}},{"type":"Feature","geometry":{"type":"Point","coordinates":[5.8828366,48.6533033]},"properties":{"type":"entree","autoroute":"A31"}},{"type":"Feature","geometry":{"type":"Point","coordinates":[5.0758304,47.3028093]},"properties":{"type":"entree","autoroute":"A39"}},{"type":"Feature","geometry":{"type":"Point","coordinates":[-1.6240434,47.2591833]},"properties":{"type":"entree","autoroute":"A82"}},{"type":"Feature","geometry":{"type":"Point","coordinates":[0.7651264,49.6442723]},"properties":{"type":"entree","autoroute":"A29"}},{"type":"Feature","geometry":{"type":"Point","coordinates":[2.8991127,50.3142355]},"properties":{"type":"entree","autoroute":"A1"}},{"type":"Feature","geometry":{"type":"Point","coordinates":[4.9240737,45.7246976]},"properties":{"type":"entree","autoroute":"A43"}},{"type":"Feature","geometry":{"type":"Point","coordinates":[4.9211106,45.7258034]},"properties":{"type":"entree","autoroute":"A43"}},{"type":"Feature","geometry":{"type":"Point","coordinates":[4.920837,45.7255172]},"properties":{"type":"entree","autoroute":"A43"}},{"type":"Feature","geometry":{"type":"Point","coordinates":[3.1143537,50.6718053]},"properties":{"type":"entree","autoroute":"A22"}},{"type":"Feature","geometry":{"type":"Point","coordinates":[5.3513394,43.3939819]},"properties":{"type":"entree","autoroute":"A7"}},{"type":"Feature","geometry":{"type":"Point","coordinates":[6.2465359,49.1374971]},"properties":{"type":"entree","autoroute":"A315"}},{"type":"Feature","geometry":{"type":"Point","coordinates":[4.0655362,49.2244354]},"properties":{"type":"entree","autoroute":"A344"}},{"type":"Feature","geometry":{"type":"Point","coordinates":[2.8817788,50.0174909]},"properties":{"type":"entree","autoroute":"A1"}},{"type":"Feature","geometry":{"type":"Point","coordinates":[2.0729441,49.0466786]},"properties":{"type":"entree","autoroute":"A15"}},{"type":"Feature","geometry":{"type":"Point","coordinates":[5.9491359,45.3223902]},"properties":{"type":"entree","autoroute":"A41"}},{"type":"Feature","geometry":{"type":"Point","coordinates":[2.1706826,48.7812065]},"properties":{"type":"entree","autoroute":"A86"}},{"type":"Feature","geometry":{"type":"Point","coordinates":[4.9100992,46.2943305]},"properties":{"type":"entree","autoroute":"A406"}},{"type":"Feature","geometry":{"type":"Point","coordinates":[3.9329726,43.6070135]},"properties":{"type":"entree","autoroute":"A709"}},{"type":"Feature","geometry":{"type":"Point","coordinates":[-1.6176105,47.2605512]},"properties":{"type":"entree","autoroute":"A82"}},{"type":"Feature","geometry":{"type":"Point","coordinates":[-0.4934262,47.5014865]},"properties":{"type":"entree","autoroute":"A11"}},{"type":"Feature","geometry":{"type":"Point","coordinates":[2.7156175,46.3937308]},"properties":{"type":"entree","autoroute":"A71"}},{"type":"Feature","geometry":{"type":"Point","coordinates":[1.3662934,43.6086987]},"properties":{"type":"entree","autoroute":"A624"}},{"type":"Feature","geometry":{"type":"Point","coordinates":[2.2221148,48.7772376]},"properties":{"type":"entree","autoroute":"A86"}},{"type":"Feature","geometry":{"type":"Point","coordinates":[6.1756563,49.1971759]},"properties":{"type":"entree","autoroute":"A31"}},{"type":"Feature","geometry":{"type":"Point","coordinates":[6.3545661,45.2973512]},"properties":{"type":"entree","autoroute":"A43"}},{"type":"Feature","geometry":{"type":"Point","coordinates":[4.8917064,45.7834186]},"properties":{"type":"entree","autoroute":"A42"}},{"type":"Feature","geometry":{"type":"Point","coordinates":[4.347394,43.8102726]},"properties":{"type":"entree","autoroute":"A9"}},{"type":"Feature","geometry":{"type":"Point","coordinates":[4.3485366,43.8106887]},"properties":{"type":"entree","autoroute":"A9"}},{"type":"Feature","geometry":{"type":"Point","coordinates":[4.3516764,43.8083222]},"properties":{"type":"entree","autoroute":"A54"}},{"type":"Feature","geometry":{"type":"Point","coordinates":[4.3500901,43.8114986]},"properties":{"type":"entree","autoroute":"A9"}},{"type":"Feature","geometry":{"type":"Point","coordinates":[2.3838881,48.7571746]},"properties":{"type":"entree","autoroute":"A86"}},{"type":"Feature","geometry":{"type":"Point","coordinates":[7.4078029,47.7826377]},"properties":{"type":"entree","autoroute":"A36"}},{"type":"Feature","geometry":{"type":"Point","coordinates":[5.3934211,47.1241284]},"properties":{"type":"entree","autoroute":"A36"}},{"type":"Feature","geometry":{"type":"Point","coordinates":[5.3940814,47.1170717]},"properties":{"type":"entree","autoroute":"A39"}},{"type":"Feature","geometry":{"type":"Point","coordinates":[-0.3727351,46.2975364]},"properties":{"type":"entree","autoroute":"A10"}},{"type":"Feature","geometry":{"type":"Point","coordinates":[2.4760229,48.9478214]},"properties":{"type":"entree","autoroute":"A3"}},{"type":"Feature","geometry":{"type":"Point","coordinates":[2.4747013,48.9509767]},"properties":{"type":"entree","autoroute":"A3"}},{"type":"Feature","geometry":{"type":"Point","coordinates":[2.5818805,48.9752663]},"properties":{"type":"entree","autoroute":"A104"}},{"type":"Feature","geometry":{"type":"Point","coordinates":[-1.4764425,47.2905428]},"properties":{"type":"entree","autoroute":"A11"}},{"type":"Feature","geometry":{"type":"Point","coordinates":[-1.4761313,47.2428336]},"properties":{"type":"entree","autoroute":"A811"}},{"type":"Feature","geometry":{"type":"Point","coordinates":[2.6132146,48.6564298]},"properties":{"type":"entree","autoroute":"A5B"}},{"type":"Feature","geometry":{"type":"Point","coordinates":[-1.4728008,47.2919238]},"properties":{"type":"entree","autoroute":"A11"}},{"type":"Feature","geometry":{"type":"Point","coordinates":[7.4977917,48.5201839]},"properties":{"type":"entree","autoroute":"A352"}},{"type":"Feature","geometry":{"type":"Point","coordinates":[2.5310338,49.0155437]},"properties":{"type":"entree","autoroute":"A1"}},{"type":"Feature","geometry":{"type":"Point","coordinates":[2.5179496,48.9955941]},"properties":{"type":"entree","autoroute":"A1"}},{"type":"Feature","geometry":{"type":"Point","coordinates":[6.1747734,49.2011749]},"properties":{"type":"entree","autoroute":"A4"}},{"type":"Feature","geometry":{"type":"Point","coordinates":[6.1693671,49.199386]},"properties":{"type":"entree","autoroute":"A4"}},{"type":"Feature","geometry":{"type":"Point","coordinates":[2.1952411,49.0520861]},"properties":{"type":"entree","autoroute":"A115"}},{"type":"Feature","geometry":{"type":"Point","coordinates":[2.1850094,49.0510642]},"properties":{"type":"entree","autoroute":"A115"}},{"type":"Feature","geometry":{"type":"Point","coordinates":[2.1082553,49.0326728]},"properties":{"type":"entree","autoroute":"A15"}},{"type":"Feature","geometry":{"type":"Point","coordinates":[2.1053992,49.0328058]},"properties":{"type":"entree","autoroute":"A15"}},{"type":"Feature","geometry":{"type":"Point","coordinates":[2.000315,48.9237162]},"properties":{"type":"entree","autoroute":"A13"}},{"type":"Feature","geometry":{"type":"Point","coordinates":[2.4681066,48.9610331]},"properties":{"type":"entree","autoroute":"A1"}},{"type":"Feature","geometry":{"type":"Point","coordinates":[2.4692404,48.9609374]},"properties":{"type":"entree","autoroute":"A1"}},{"type":"Feature","geometry":{"type":"Point","coordinates":[2.4734515,48.9589266]},"properties":{"type":"entree","autoroute":"A3"}},{"type":"Feature","geometry":{"type":"Point","coordinates":[2.4736351,48.9561815]},"properties":{"type":"entree","autoroute":"A3"}},{"type":"Feature","geometry":{"type":"Point","coordinates":[2.468736,48.9608036]},"properties":{"type":"entree","autoroute":"A1"}},{"type":"Feature","geometry":{"type":"Point","coordinates":[2.5027945,48.9700029]},"properties":{"type":"entree","autoroute":"A104"}},{"type":"Feature","geometry":{"type":"Point","coordinates":[2.4896094,48.9754013]},"properties":{"type":"entree","autoroute":"A3"}},{"type":"Feature","geometry":{"type":"Point","coordinates":[2.5264031,49.0036331]},"properties":{"type":"entree","autoroute":"A1"}},{"type":"Feature","geometry":{"type":"Point","coordinates":[2.5256501,49.0052643]},"properties":{"type":"entree","autoroute":"A1"}},{"type":"Feature","geometry":{"type":"Point","coordinates":[2.5300403,49.0138524]},"properties":{"type":"entree","autoroute":"A1"}},{"type":"Feature","geometry":{"type":"Point","coordinates":[2.5375457,49.0284225]},"properties":{"type":"entree","autoroute":"A1"}},{"type":"Feature","geometry":{"type":"Point","coordinates":[2.5395393,49.0325468]},"properties":{"type":"entree","autoroute":"A1"}},{"type":"Feature","geometry":{"type":"Point","coordinates":[3.0988278,50.5916086]},"properties":{"type":"entree","autoroute":"A1"}},{"type":"Feature","geometry":{"type":"Point","coordinates":[3.0946983,50.6081041]},"properties":{"type":"entree","autoroute":"A1"}},{"type":"Feature","geometry":{"type":"Point","coordinates":[3.1257046,50.6006756]},"properties":{"type":"entree","autoroute":"A27"}},{"type":"Feature","geometry":{"type":"Point","coordinates":[2.6661077,48.8325994]},"properties":{"type":"entree","autoroute":"A4"}},{"type":"Feature","geometry":{"type":"Point","coordinates":[2.6660914,48.8320315]},"properties":{"type":"entree","autoroute":"A4"}},{"type":"Feature","geometry":{"type":"Point","coordinates":[2.6644597,48.8308283]},"properties":{"type":"entree","autoroute":"A104"}},{"type":"Feature","geometry":{"type":"Point","coordinates":[2.4791463,48.8288684]},"properties":{"type":"entree","autoroute":"A4"}},{"type":"Feature","geometry":{"type":"Point","coordinates":[2.4736326,48.8893039]},"properties":{"type":"entree","autoroute":"A3"}},{"type":"Feature","geometry":{"type":"Point","coordinates":[2.4123637,48.9378416]},"properties":{"type":"entree","autoroute":"A1"}},{"type":"Feature","geometry":{"type":"Point","coordinates":[2.3587587,48.9010979]},"properties":{"type":"entree","autoroute":"A1"}},{"type":"Feature","geometry":{"type":"Point","coordinates":[2.2943893,48.9368481]},"properties":{"type":"entree","autoroute":"A86"}},{"type":"Feature","geometry":{"type":"Point","coordinates":[6.1747561,49.2038625]},"properties":{"type":"entree","autoroute":"A31"}},{"type":"Feature","geometry":{"type":"Point","coordinates":[1.4936636,43.5608053]},"properties":{"type":"entree","autoroute":"A61"}},{"type":"Feature","geometry":{"type":"Point","coordinates":[1.4909555,43.5550661]},"properties":{"type":"entree","autoroute":"A620"}},{"type":"Feature","geometry":{"type":"Point","coordinates":[1.3816381,43.6114314]},"properties":{"type":"entree","autoroute":"A624"}},{"type":"Feature","geometry":{"type":"Point","coordinates":[5.5401457,43.4832548]},"properties":{"type":"entree","autoroute":"A8"}},{"type":"Feature","geometry":{"type":"Point","coordinates":[4.726277,46.038086]},"properties":{"type":"entree","autoroute":"A6"}},{"type":"Feature","geometry":{"type":"Point","coordinates":[4.7590852,45.9257593]},"properties":{"type":"entree","autoroute":"A46"}},{"type":"Feature","geometry":{"type":"Point","coordinates":[4.9135021,45.8434338]},"properties":{"type":"entree","autoroute":"A46"}},{"type":"Feature","geometry":{"type":"Point","coordinates":[4.9275499,45.800579]},"properties":{"type":"entree","autoroute":"A42"}},{"type":"Feature","geometry":{"type":"Point","coordinates":[2.1789845,48.9971206]},"properties":{"type":"entree","autoroute":"A15"}},{"type":"Feature","geometry":{"type":"Point","coordinates":[2.1821261,48.995987]},"properties":{"type":"entree","autoroute":"A15"}},{"type":"Feature","geometry":{"type":"Point","coordinates":[2.1809274,48.9966013]},"properties":{"type":"entree","autoroute":"A15"}},{"type":"Feature","geometry":{"type":"Point","coordinates":[4.9629729,45.7041144]},"properties":{"type":"entree","autoroute":"A43"}},{"type":"Feature","geometry":{"type":"Point","coordinates":[4.9664568,45.7033315]},"properties":{"type":"entree","autoroute":"A43"}},{"type":"Feature","geometry":{"type":"Point","coordinates":[4.9658733,45.702661]},"properties":{"type":"entree","autoroute":"A46"}},{"type":"Feature","geometry":{"type":"Point","coordinates":[4.9670393,45.6996332]},"properties":{"type":"entree","autoroute":"A46"}},{"type":"Feature","geometry":{"type":"Point","coordinates":[4.9264216,45.667386]},"properties":{"type":"entree","autoroute":"A46"}},{"type":"Feature","geometry":{"type":"Point","coordinates":[4.9223929,45.6593721]},"properties":{"type":"entree","autoroute":"A46"}},{"type":"Feature","geometry":{"type":"Point","coordinates":[7.4193993,48.2640792]},"properties":{"type":"entree","autoroute":"A35"}},{"type":"Feature","geometry":{"type":"Point","coordinates":[2.1831962,48.9945949]},"properties":{"type":"entree","autoroute":"A15"}},{"type":"Feature","geometry":{"type":"Point","coordinates":[3.9340639,43.6063019]},"properties":{"type":"entree","autoroute":"A709"}},{"type":"Feature","geometry":{"type":"Point","coordinates":[6.3091859,45.3404775]},"properties":{"type":"entree","autoroute":"A43"}},{"type":"Feature","geometry":{"type":"Point","coordinates":[2.0762609,47.2417325]},"properties":{"type":"entree","autoroute":"A20"}},{"type":"Feature","geometry":{"type":"Point","coordinates":[-1.5888385,47.2655122]},"properties":{"type":"entree","autoroute":"A844"}},{"type":"Feature","geometry":{"type":"Point","coordinates":[4.7858225,44.13371]},"properties":{"type":"entree","autoroute":"A7"}},{"type":"Feature","geometry":{"type":"Point","coordinates":[7.4091558,47.7750662]},"properties":{"type":"entree","autoroute":"A35"}},{"type":"Feature","geometry":{"type":"Point","coordinates":[1.3933524,43.5378495]},"properties":{"type":"entree","autoroute":"A64"}},{"type":"Feature","geometry":{"type":"Point","coordinates":[1.4890752,43.5602613]},"properties":{"type":"entree","autoroute":"A620"}},{"type":"Feature","geometry":{"type":"Point","coordinates":[2.9714709,46.3291688]},"properties":{"type":"entree","autoroute":"A71"}},{"type":"Feature","geometry":{"type":"Point","coordinates":[0.9917281,49.504687]},"properties":{"type":"entree","autoroute":"A150"}},{"type":"Feature","geometry":{"type":"Point","coordinates":[2.4364167,48.7762187]},"properties":{"type":"entree","autoroute":"A86"}},{"type":"Feature","geometry":{"type":"Point","coordinates":[-0.5645506,44.8856008]},"properties":{"type":"entree","autoroute":"A630"}},{"type":"Feature","geometry":{"type":"Point","coordinates":[7.4851409,48.3192415]},"properties":{"type":"entree","autoroute":"A35"}},{"type":"Feature","geometry":{"type":"Point","coordinates":[2.3837523,48.6502601]},"properties":{"type":"entree","autoroute":"A6"}},{"type":"Feature","geometry":{"type":"Point","coordinates":[-0.5866539,44.8883643]},"properties":{"type":"entree","autoroute":"A630"}},{"type":"Feature","geometry":{"type":"Point","coordinates":[2.1912715,48.6663295]},"properties":{"type":"entree","autoroute":"A10"}},{"type":"Feature","geometry":{"type":"Point","coordinates":[2.0426264,48.7961528]},"properties":{"type":"entree","autoroute":"A12"}},{"type":"Feature","geometry":{"type":"Point","coordinates":[-1.5840755,47.2667011]},"properties":{"type":"entree","autoroute":"A11"}},{"type":"Feature","geometry":{"type":"Point","coordinates":[3.1159608,50.6717957]},"properties":{"type":"entree","autoroute":"A22"}},{"type":"Feature","geometry":{"type":"Point","coordinates":[3.1152828,50.6662318]},"properties":{"type":"entree","autoroute":"A22"}},{"type":"Feature","geometry":{"type":"Point","coordinates":[3.1142926,50.6659263]},"properties":{"type":"entree","autoroute":"A22"}},{"type":"Feature","geometry":{"type":"Point","coordinates":[5.5949515,43.3217268]},"properties":{"type":"entree","autoroute":"A501"}},{"type":"Feature","geometry":{"type":"Point","coordinates":[5.5740549,43.2836597]},"properties":{"type":"entree","autoroute":"A50"}},{"type":"Feature","geometry":{"type":"Point","coordinates":[5.5440359,43.2875626]},"properties":{"type":"entree","autoroute":"A50"}},{"type":"Feature","geometry":{"type":"Point","coordinates":[-1.393776,47.0170047]},"properties":{"type":"entree","autoroute":"A83"}},{"type":"Feature","geometry":{"type":"Point","coordinates":[3.080847,50.6171471]},"properties":{"type":"entree","autoroute":"A25"}},{"type":"Feature","geometry":{"type":"Point","coordinates":[1.6279231,43.1295314]},"properties":{"type":"entree","autoroute":"A66"}},{"type":"Feature","geometry":{"type":"Point","coordinates":[5.4338027,45.426326]},"properties":{"type":"entree","autoroute":"A48"}},{"type":"Feature","geometry":{"type":"Point","coordinates":[5.3852968,43.4276297]},"properties":{"type":"entree","autoroute":"A51"}},{"type":"Feature","geometry":{"type":"Point","coordinates":[5.445944,45.4232659]},"properties":{"type":"entree","autoroute":"A48"}},{"type":"Feature","geometry":{"type":"Point","coordinates":[5.4076563,45.5319101]},"properties":{"type":"entree","autoroute":"A48"}},{"type":"Feature","geometry":{"type":"Point","coordinates":[3.7260981,45.8540153]},"properties":{"type":"entree","autoroute":"A89"}},{"type":"Feature","geometry":{"type":"Point","coordinates":[2.8797641,48.9133492]},"properties":{"type":"entree","autoroute":"A140"}},{"type":"Feature","geometry":{"type":"Point","coordinates":[2.3417568,49.0619488]},"properties":{"type":"entree","autoroute":"A16"}},{"type":"Feature","geometry":{"type":"Point","coordinates":[5.4596667,43.5627829]},"properties":{"type":"entree","autoroute":"A51"}},{"type":"Feature","geometry":{"type":"Point","coordinates":[6.1859163,49.331319]},"properties":{"type":"entree","autoroute":"A31"}},{"type":"Feature","geometry":{"type":"Point","coordinates":[6.4181806,45.246216]},"properties":{"type":"entree","autoroute":"A43"}},{"type":"Feature","geometry":{"type":"Point","coordinates":[2.3732008,49.864187]},"properties":{"type":"entree","autoroute":"A29"}},{"type":"Feature","geometry":{"type":"Point","coordinates":[2.4071425,48.6320173]},"properties":{"type":"entree","autoroute":"A6"}},{"type":"Feature","geometry":{"type":"Point","coordinates":[2.8737234,42.7186037]},"properties":{"type":"entree","autoroute":"A9"}},{"type":"Feature","geometry":{"type":"Point","coordinates":[2.8817878,42.7310653]},"properties":{"type":"entree","autoroute":"A9"}},{"type":"Feature","geometry":{"type":"Point","coordinates":[2.8767177,42.7240814]},"properties":{"type":"entree","autoroute":"A9"}},{"type":"Feature","geometry":{"type":"Point","coordinates":[2.8904649,42.7432115]},"properties":{"type":"entree","autoroute":"A9"}},{"type":"Feature","geometry":{"type":"Point","coordinates":[-1.2916806,46.8845963]},"properties":{"type":"entree","autoroute":"A83"}},{"type":"Feature","geometry":{"type":"Point","coordinates":[0.3460789,46.6198132]},"properties":{"type":"entree","autoroute":"A10"}},{"type":"Feature","geometry":{"type":"Point","coordinates":[5.9731227,45.5290281]},"properties":{"type":"entree","autoroute":"A43"}},{"type":"Feature","geometry":{"type":"Point","coordinates":[-0.8444602,44.6353045]},"properties":{"type":"entree","autoroute":"A63"}},{"type":"Feature","geometry":{"type":"Point","coordinates":[2.2789033,48.9546151]},"properties":{"type":"entree","autoroute":"A15"}},{"type":"Feature","geometry":{"type":"Point","coordinates":[2.7398864,47.6855608]},"properties":{"type":"entree","autoroute":"A77"}},{"type":"Feature","geometry":{"type":"Point","coordinates":[5.5401163,46.1356444]},"properties":{"type":"entree","autoroute":"A40"}},{"type":"Feature","geometry":{"type":"Point","coordinates":[2.8440802,42.5736429]},"properties":{"type":"entree","autoroute":"A9"}},{"type":"Feature","geometry":{"type":"Point","coordinates":[2.8471414,42.5855917]},"properties":{"type":"entree","autoroute":"A9"}},{"type":"Feature","geometry":{"type":"Point","coordinates":[2.882906,42.7326852]},"properties":{"type":"entree","autoroute":"A9"}},{"type":"Feature","geometry":{"type":"Point","coordinates":[2.8857453,42.7374555]},"properties":{"type":"entree","autoroute":"A9"}},{"type":"Feature","geometry":{"type":"Point","coordinates":[6.0327301,43.1437449]},"properties":{"type":"entree","autoroute":"A570"}},{"type":"Feature","geometry":{"type":"Point","coordinates":[2.2657879,48.9633813]},"properties":{"type":"entree","autoroute":"A15"}},{"type":"Feature","geometry":{"type":"Point","coordinates":[3.1374918,50.5989609]},"properties":{"type":"entree","autoroute":"A23"}},{"type":"Feature","geometry":{"type":"Point","coordinates":[2.3730546,49.8642844]},"properties":{"type":"entree","autoroute":"A29"}},{"type":"Feature","geometry":{"type":"Point","coordinates":[3.2009465,45.7845799]},"properties":{"type":"entree","autoroute":"A712"}},{"type":"Feature","geometry":{"type":"Point","coordinates":[2.4457376,48.8010594]},"properties":{"type":"entree","autoroute":"A86"}},{"type":"Feature","geometry":{"type":"Point","coordinates":[1.8087571,50.9391609]},"properties":{"type":"entree","autoroute":"A16"}},{"type":"Feature","geometry":{"type":"Point","coordinates":[5.9997145,43.1402824]},"properties":{"type":"entree","autoroute":"A57"}},{"type":"Feature","geometry":{"type":"Point","coordinates":[6.002462,43.1409416]},"properties":{"type":"entree","autoroute":"A57"}},{"type":"Feature","geometry":{"type":"Point","coordinates":[5.4093757,43.4295494]},"properties":{"type":"entree","autoroute":"A515"}},{"type":"Feature","geometry":{"type":"Point","coordinates":[5.3462394,43.3567684]},"properties":{"type":"entree","autoroute":"A55"}},{"type":"Feature","geometry":{"type":"Point","coordinates":[2.3250069,51.0082526]},"properties":{"type":"entree","autoroute":"A16"}},{"type":"Feature","geometry":{"type":"Point","coordinates":[6.22836,46.1817429]},"properties":{"type":"entree","autoroute":"A40"}},{"type":"Feature","geometry":{"type":"Point","coordinates":[2.2033077,48.9888639]},"properties":{"type":"entree","autoroute":"A15"}},{"type":"Feature","geometry":{"type":"Point","coordinates":[-0.2688119,44.8849052]},"properties":{"type":"entree","autoroute":"A89"}},{"type":"Feature","geometry":{"type":"Point","coordinates":[1.268296,49.6522075]},"properties":{"type":"entree","autoroute":"A29"}},{"type":"Feature","geometry":{"type":"Point","coordinates":[-0.2684149,44.885502]},"properties":{"type":"entree","autoroute":"A89"}},{"type":"Feature","geometry":{"type":"Point","coordinates":[2.1673612,48.8885219]},"properties":{"type":"entree","autoroute":"A86"}},{"type":"Feature","geometry":{"type":"Point","coordinates":[7.7722221,48.6772638]},"properties":{"type":"entree","autoroute":"A35"}},{"type":"Feature","geometry":{"type":"Point","coordinates":[2.7101914,50.4344045]},"properties":{"type":"entree","autoroute":"A21"}},{"type":"Feature","geometry":{"type":"Point","coordinates":[2.6158024,48.6541061]},"properties":{"type":"entree","autoroute":"A5B"}},{"type":"Feature","geometry":{"type":"Point","coordinates":[6.1064256,46.1349637]},"properties":{"type":"entree","autoroute":"A40"}},{"type":"Feature","geometry":{"type":"Point","coordinates":[6.1034671,46.1343068]},"properties":{"type":"entree","autoroute":"A40"}},{"type":"Feature","geometry":{"type":"Point","coordinates":[2.0679153,47.2437712]},"properties":{"type":"entree","autoroute":"A20"}},{"type":"Feature","geometry":{"type":"Point","coordinates":[6.7988499,49.1376996]},"properties":{"type":"entree","autoroute":"A4"}},{"type":"Feature","geometry":{"type":"Point","coordinates":[6.1759605,49.2009422]},"properties":{"type":"entree","autoroute":"A4"}},{"type":"Feature","geometry":{"type":"Point","coordinates":[2.0392083,48.7920223]},"properties":{"type":"entree","autoroute":"A12"}},{"type":"Feature","geometry":{"type":"Point","coordinates":[2.4482897,48.8043272]},"properties":{"type":"entree","autoroute":"A86"}},{"type":"Feature","geometry":{"type":"Point","coordinates":[2.4423886,48.7957039]},"properties":{"type":"entree","autoroute":"A86"}},{"type":"Feature","geometry":{"type":"Point","coordinates":[3.0362224,50.4096152]},"properties":{"type":"entree","autoroute":"A21"}},{"type":"Feature","geometry":{"type":"Point","coordinates":[2.185552,48.9938643]},"properties":{"type":"entree","autoroute":"A15"}},{"type":"Feature","geometry":{"type":"Point","coordinates":[6.0998621,46.1371044]},"properties":{"type":"entree","autoroute":"A41"}},{"type":"Feature","geometry":{"type":"Point","coordinates":[0.2011882,49.2892823]},"properties":{"type":"entree","autoroute":"A13"}},{"type":"Feature","geometry":{"type":"Point","coordinates":[0.7046005,47.3508885]},"properties":{"type":"entree","autoroute":"A10"}},{"type":"Feature","geometry":{"type":"Point","coordinates":[2.203462,48.9026376]},"properties":{"type":"entree","autoroute":"A86"}},{"type":"Feature","geometry":{"type":"Point","coordinates":[2.4311241,48.6122695]},"properties":{"type":"entree","autoroute":"A6"}},{"type":"Feature","geometry":{"type":"Point","coordinates":[2.8695132,50.2715965]},"properties":{"type":"entree","autoroute":"A1"}},{"type":"Feature","geometry":{"type":"Point","coordinates":[5.5415763,46.1356455]},"properties":{"type":"entree","autoroute":"A40"}},{"type":"Feature","geometry":{"type":"Point","coordinates":[2.9778754,50.4335051]},"properties":{"type":"entree","autoroute":"A1"}},{"type":"Feature","geometry":{"type":"Point","coordinates":[-1.3964556,43.6278595]},"properties":{"type":"entree","autoroute":"A63"}},{"type":"Feature","geometry":{"type":"Point","coordinates":[6.1059957,49.0826758]},"properties":{"type":"entree","autoroute":"A31"}},{"type":"Feature","geometry":{"type":"Point","coordinates":[2.7505103,50.4367376]},"properties":{"type":"entree","autoroute":"A21"}},{"type":"Feature","geometry":{"type":"Point","coordinates":[0.2623784,49.4951832]},"properties":{"type":"entree","autoroute":"A131"}},{"type":"Feature","geometry":{"type":"Point","coordinates":[4.9040814,45.7283114]},"properties":{"type":"entree","autoroute":"A43"}},{"type":"Feature","geometry":{"type":"Point","coordinates":[2.5208929,48.9984372]},"properties":{"type":"entree","autoroute":"A1"}},{"type":"Feature","geometry":{"type":"Point","coordinates":[2.4446222,48.7976279]},"properties":{"type":"entree","autoroute":"A86"}},{"type":"Feature","geometry":{"type":"Point","coordinates":[2.4428148,48.7951165]},"properties":{"type":"entree","autoroute":"A86"}},{"type":"Feature","geometry":{"type":"Point","coordinates":[2.4440008,48.7968136]},"properties":{"type":"entree","autoroute":"A86"}},{"type":"Feature","geometry":{"type":"Point","coordinates":[2.9100493,42.8362317]},"properties":{"type":"entree","autoroute":"A9"}},{"type":"Feature","geometry":{"type":"Point","coordinates":[2.1504717,48.6379916]},"properties":{"type":"entree","autoroute":"A10"}},{"type":"Feature","geometry":{"type":"Point","coordinates":[0.9368564,48.2118673]},"properties":{"type":"entree","autoroute":"A11"}},{"type":"Feature","geometry":{"type":"Point","coordinates":[2.9681619,50.6236043]},"properties":{"type":"entree","autoroute":"A25"}},{"type":"Feature","geometry":{"type":"Point","coordinates":[6.1852511,49.333183]},"properties":{"type":"entree","autoroute":"A31"}},{"type":"Feature","geometry":{"type":"Point","coordinates":[0.3705661,48.8461504]},"properties":{"type":"entree","autoroute":"A28"}},{"type":"Feature","geometry":{"type":"Point","coordinates":[2.9850171,50.4180466]},"properties":{"type":"entree","autoroute":"A1"}},{"type":"Feature","geometry":{"type":"Point","coordinates":[2.883506,48.8791039]},"properties":{"type":"entree","autoroute":"A4"}},{"type":"Feature","geometry":{"type":"Point","coordinates":[6.0312903,43.1461068]},"properties":{"type":"entree","autoroute":"A57"}},{"type":"Feature","geometry":{"type":"Point","coordinates":[2.1648197,48.7820962]},"properties":{"type":"entree","autoroute":"A86"}},{"type":"Feature","geometry":{"type":"Point","coordinates":[2.5583042,48.6168953]},"properties":{"type":"entree","autoroute":"A5A"}},{"type":"Feature","geometry":{"type":"Point","coordinates":[2.555511,48.6175694]},"properties":{"type":"entree","autoroute":"A5A"}},{"type":"Feature","geometry":{"type":"Point","coordinates":[2.5538875,48.618641]},"properties":{"type":"entree","autoroute":"A5A"}},{"type":"Feature","geometry":{"type":"Point","coordinates":[5.2232314,45.609961]},"properties":{"type":"entree","autoroute":"A43"}},{"type":"Feature","geometry":{"type":"Point","coordinates":[1.4683448,45.1725416]},"properties":{"type":"entree","autoroute":"A89"}},{"type":"Feature","geometry":{"type":"Point","coordinates":[3.4727117,50.3408543]},"properties":{"type":"entree","autoroute":"A2"}},{"type":"Feature","geometry":{"type":"Point","coordinates":[5.689371,48.1488053]},"properties":{"type":"entree","autoroute":"A31"}},{"type":"Feature","geometry":{"type":"Point","coordinates":[-1.2115107,46.8122698]},"properties":{"type":"entree","autoroute":"A83"}},{"type":"Feature","geometry":{"type":"Point","coordinates":[6.9181001,49.182546]},"properties":{"type":"entree","autoroute":"A320"}},{"type":"Feature","geometry":{"type":"Point","coordinates":[-0.1994622,44.5301348]},"properties":{"type":"entree","autoroute":"A62"}},{"type":"Feature","geometry":{"type":"Point","coordinates":[-0.1900867,44.5308679]},"properties":{"type":"entree","autoroute":"A62"}},{"type":"Feature","geometry":{"type":"Point","coordinates":[1.852908,47.806689]},"properties":{"type":"entree","autoroute":"A71"}},{"type":"Feature","geometry":{"type":"Point","coordinates":[0.2004086,49.2922318]},"properties":{"type":"entree","autoroute":"A132"}},{"type":"Feature","geometry":{"type":"Point","coordinates":[2.0518027,43.9124044]},"properties":{"type":"entree","autoroute":"A68"}},{"type":"Feature","geometry":{"type":"Point","coordinates":[2.402239,51.0181282]},"properties":{"type":"entree","autoroute":"A16"}},{"type":"Feature","geometry":{"type":"Point","coordinates":[3.1435748,50.748594]},"properties":{"type":"entree","autoroute":"A22"}},{"type":"Feature","geometry":{"type":"Point","coordinates":[1.1448926,49.4896629]},"properties":{"type":"entree","autoroute":"A28"}},{"type":"Feature","geometry":{"type":"Point","coordinates":[7.4201816,48.2630151]},"properties":{"type":"entree","autoroute":"A35"}},{"type":"Feature","geometry":{"type":"Point","coordinates":[3.039697,50.4073527]},"properties":{"type":"entree","autoroute":"A21"}},{"type":"Feature","geometry":{"type":"Point","coordinates":[2.1863463,47.1415632]},"properties":{"type":"entree","autoroute":"A71"}},{"type":"Feature","geometry":{"type":"Point","coordinates":[1.4706366,43.5738304]},"properties":{"type":"entree","autoroute":"A620"}},{"type":"Feature","geometry":{"type":"Point","coordinates":[5.0768246,47.3026568]},"properties":{"type":"entree","autoroute":"A39"}},{"type":"Feature","geometry":{"type":"Point","coordinates":[0.3746396,48.8527132]},"properties":{"type":"entree","autoroute":"A28"}},{"type":"Feature","geometry":{"type":"Point","coordinates":[0.8281787,49.364013]},"properties":{"type":"entree","autoroute":"A13"}},{"type":"Feature","geometry":{"type":"Point","coordinates":[7.5896779,48.5209908]},"properties":{"type":"entree","autoroute":"A35"}},{"type":"Feature","geometry":{"type":"Point","coordinates":[2.8226987,50.4161807]},"properties":{"type":"entree","autoroute":"A211"}},{"type":"Feature","geometry":{"type":"Point","coordinates":[2.9548077,50.4314695]},"properties":{"type":"entree","autoroute":"A21"}},{"type":"Feature","geometry":{"type":"Point","coordinates":[2.6631529,48.8436178]},"properties":{"type":"entree","autoroute":"A104"}},{"type":"Feature","geometry":{"type":"Point","coordinates":[0.1881261,48.0556145]},"properties":{"type":"entree","autoroute":"A11"}},{"type":"Feature","geometry":{"type":"Point","coordinates":[6.096348,46.1453915]},"properties":{"type":"entree","autoroute":"A41"}},{"type":"Feature","geometry":{"type":"Point","coordinates":[6.1787499,49.2014127]},"properties":{"type":"entree","autoroute":"A4"}},{"type":"Feature","geometry":{"type":"Point","coordinates":[2.4457312,48.8000646]},"properties":{"type":"entree","autoroute":"A86"}},{"type":"Feature","geometry":{"type":"Point","coordinates":[2.1006078,48.8421254]},"properties":{"type":"entree","autoroute":"A12"}},{"type":"Feature","geometry":{"type":"Point","coordinates":[2.9859949,42.871009]},"properties":{"type":"entree","autoroute":"A9"}},{"type":"Feature","geometry":{"type":"Point","coordinates":[2.9902504,42.8781639]},"properties":{"type":"entree","autoroute":"A9"}},{"type":"Feature","geometry":{"type":"Point","coordinates":[2.5513154,48.6192397]},"properties":{"type":"entree","autoroute":"A5A"}},{"type":"Feature","geometry":{"type":"Point","coordinates":[2.9652027,50.6249291]},"properties":{"type":"entree","autoroute":"A25"}},{"type":"Feature","geometry":{"type":"Point","coordinates":[6.7080441,49.1362093]},"properties":{"type":"entree","autoroute":"A4"}},{"type":"Feature","geometry":{"type":"Point","coordinates":[6.7058218,49.1357596]},"properties":{"type":"entree","autoroute":"A4"}},{"type":"Feature","geometry":{"type":"Point","coordinates":[2.813622,49.8497751]},"properties":{"type":"entree","autoroute":"A29"}},{"type":"Feature","geometry":{"type":"Point","coordinates":[2.975408,50.4649901]},"properties":{"type":"entree","autoroute":"A1"}},{"type":"Feature","geometry":{"type":"Point","coordinates":[3.3188173,43.8191903]},"properties":{"type":"entree","autoroute":"A75"}},{"type":"Feature","geometry":{"type":"Point","coordinates":[5.3879748,47.1240835]},"properties":{"type":"entree","autoroute":"A39"}},{"type":"Feature","geometry":{"type":"Point","coordinates":[4.0615121,49.225053]},"properties":{"type":"entree","autoroute":"A344"}},{"type":"Feature","geometry":{"type":"Point","coordinates":[4.0671489,49.223176]},"properties":{"type":"entree","autoroute":"A344"}},{"type":"Feature","geometry":{"type":"Point","coordinates":[1.1700882,49.1800474]},"properties":{"type":"entree","autoroute":"A154"}},{"type":"Feature","geometry":{"type":"Point","coordinates":[2.129628,49.4272326]},"properties":{"type":"entree","autoroute":"A16"}},{"type":"Feature","geometry":{"type":"Point","coordinates":[1.4831415,43.6380831]},"properties":{"type":"entree","autoroute":"A68"}},{"type":"Feature","geometry":{"type":"Point","coordinates":[-1.1805918,46.7700871]},"properties":{"type":"entree","autoroute":"A83"}},{"type":"Feature","geometry":{"type":"Point","coordinates":[-1.1763222,46.7650815]},"properties":{"type":"entree","autoroute":"A83"}},{"type":"Feature","geometry":{"type":"Point","coordinates":[1.0594354,49.4498893]},"properties":{"type":"entree","autoroute":"A150"}},{"type":"Feature","geometry":{"type":"Point","coordinates":[4.720609,49.7333231]},"properties":{"type":"entree","autoroute":"A34"}},{"type":"Feature","geometry":{"type":"Point","coordinates":[2.252098,48.8499511]},"properties":{"type":"entree","autoroute":"A13"}},{"type":"Feature","geometry":{"type":"Point","coordinates":[5.3980743,43.2828909]},"properties":{"type":"entree","autoroute":"A50"}},{"type":"Feature","geometry":{"type":"Point","coordinates":[2.4419187,48.7948723]},"properties":{"type":"entree","autoroute":"A86"}},{"type":"Feature","geometry":{"type":"Point","coordinates":[3.1243324,50.1455835]},"properties":{"type":"entree","autoroute":"A26"}},{"type":"Feature","geometry":{"type":"Point","coordinates":[2.7497309,50.4379911]},"properties":{"type":"entree","autoroute":"A21"}},{"type":"Feature","geometry":{"type":"Point","coordinates":[2.8622074,49.9714726]},"properties":{"type":"entree","autoroute":"A1"}},{"type":"Feature","geometry":{"type":"Point","coordinates":[2.7489764,50.4375568]},"properties":{"type":"entree","autoroute":"A21"}},{"type":"Feature","geometry":{"type":"Point","coordinates":[5.2849107,43.3960844]},"properties":{"type":"entree","autoroute":"A552"}},{"type":"Feature","geometry":{"type":"Point","coordinates":[5.2942227,43.3993499]},"properties":{"type":"entree","autoroute":"A552"}},{"type":"Feature","geometry":{"type":"Point","coordinates":[5.2939945,43.4054834]},"properties":{"type":"entree","autoroute":"A551"}},{"type":"Feature","geometry":{"type":"Point","coordinates":[3.1460527,50.7518411]},"properties":{"type":"entree","autoroute":"A22"}},{"type":"Feature","geometry":{"type":"Point","coordinates":[3.1508807,45.6619003]},"properties":{"type":"entree","autoroute":"A75"}},{"type":"Feature","geometry":{"type":"Point","coordinates":[3.2318094,45.5935335]},"properties":{"type":"entree","autoroute":"A75"}},{"type":"Feature","geometry":{"type":"Point","coordinates":[0.3138714,49.3187746]},"properties":{"type":"entree","autoroute":"A13"}},{"type":"Feature","geometry":{"type":"Point","coordinates":[-0.4861067,47.5004094]},"properties":{"type":"entree","autoroute":"A11"}},{"type":"Feature","geometry":{"type":"Point","coordinates":[1.6967897,50.3746387]},"properties":{"type":"entree","autoroute":"A16"}},{"type":"Feature","geometry":{"type":"Point","coordinates":[1.0885235,48.2404837]},"properties":{"type":"entree","autoroute":"A11"}},{"type":"Feature","geometry":{"type":"Point","coordinates":[-0.374667,47.5186721]},"properties":{"type":"entree","autoroute":"A11"}},{"type":"Feature","geometry":{"type":"Point","coordinates":[4.8302236,46.7565815]},"properties":{"type":"entree","autoroute":"A6"}},{"type":"Feature","geometry":{"type":"Point","coordinates":[-1.2054301,46.8053362]},"properties":{"type":"entree","autoroute":"A83"}},{"type":"Feature","geometry":{"type":"Point","coordinates":[0.2474392,49.4950251]},"properties":{"type":"entree","autoroute":"A131"}},{"type":"Feature","geometry":{"type":"Point","coordinates":[6.1163884,48.6954487]},"properties":{"type":"entree","autoroute":"A33"}},{"type":"Feature","geometry":{"type":"Point","coordinates":[2.9214185,50.4327719]},"properties":{"type":"entree","autoroute":"A21"}},{"type":"Feature","geometry":{"type":"Point","coordinates":[2.848863,50.4332736]},"properties":{"type":"entree","autoroute":"A21"}},{"type":"Feature","geometry":{"type":"Point","coordinates":[1.5624256,43.6839507]},"properties":{"type":"entree","autoroute":"A68"}},{"type":"Feature","geometry":{"type":"Point","coordinates":[5.6454004,44.9635992]},"properties":{"type":"entree","autoroute":"A51"}},{"type":"Feature","geometry":{"type":"Point","coordinates":[3.4475668,43.5462067]},"properties":{"type":"entree","autoroute":"A75"}},{"type":"Feature","geometry":{"type":"Point","coordinates":[3.3653771,50.4361232]},"properties":{"type":"entree","autoroute":"A23"}},{"type":"Feature","geometry":{"type":"Point","coordinates":[3.3753141,50.4328945]},"properties":{"type":"entree","autoroute":"A23"}},{"type":"Feature","geometry":{"type":"Point","coordinates":[3.9605035,49.2532251]},"properties":{"type":"entree","autoroute":"A26"}},{"type":"Feature","geometry":{"type":"Point","coordinates":[6.1755747,49.2017464]},"properties":{"type":"entree","autoroute":"A31"}},{"type":"Feature","geometry":{"type":"Point","coordinates":[6.1158534,43.1146965]},"properties":{"type":"entree","autoroute":"A570"}},{"type":"Feature","geometry":{"type":"Point","coordinates":[3.1953969,45.7847971]},"properties":{"type":"entree","autoroute":"A711"}},{"type":"Feature","geometry":{"type":"Point","coordinates":[-0.5586459,44.884307]},"properties":{"type":"entree","autoroute":"A630"}},{"type":"Feature","geometry":{"type":"Point","coordinates":[-1.2846023,46.8692127]},"properties":{"type":"entree","autoroute":"A83"}},{"type":"Feature","geometry":{"type":"Point","coordinates":[6.7096817,49.1358424]},"properties":{"type":"entree","autoroute":"A4"}},{"type":"Feature","geometry":{"type":"Point","coordinates":[0.9462707,48.2149927]},"properties":{"type":"entree","autoroute":"A11"}},{"type":"Feature","geometry":{"type":"Point","coordinates":[0.2723127,49.4941888]},"properties":{"type":"entree","autoroute":"A131"}},{"type":"Feature","geometry":{"type":"Point","coordinates":[6.1822541,48.6311729]},"properties":{"type":"entree","autoroute":"A330"}},{"type":"Feature","geometry":{"type":"Point","coordinates":[-1.2133674,46.805563]},"properties":{"type":"entree","autoroute":"A87"}},{"type":"Feature","geometry":{"type":"Point","coordinates":[-1.2083692,46.8089861]},"properties":{"type":"entree","autoroute":"A83"}},{"type":"Feature","geometry":{"type":"Point","coordinates":[-1.2074109,46.8084578]},"properties":{"type":"entree","autoroute":"A87"}},{"type":"Feature","geometry":{"type":"Point","coordinates":[6.3589733,43.3978338]},"properties":{"type":"entree","autoroute":"A57"}},{"type":"Feature","geometry":{"type":"Point","coordinates":[2.1563523,48.7846114]},"properties":{"type":"entree","autoroute":"A86"}},{"type":"Feature","geometry":{"type":"Point","coordinates":[2.9724782,50.6207187]},"properties":{"type":"entree","autoroute":"A25"}},{"type":"Feature","geometry":{"type":"Point","coordinates":[5.2279927,43.5610962]},"properties":{"type":"entree","autoroute":"A8"}},{"type":"Feature","geometry":{"type":"Point","coordinates":[2.1097748,48.8409844]},"properties":{"type":"entree","autoroute":"A13"}},{"type":"Feature","geometry":{"type":"Point","coordinates":[3.5124695,50.3374451]},"properties":{"type":"entree","autoroute":"A2"}},{"type":"Feature","geometry":{"type":"Point","coordinates":[3.5078624,50.33758]},"properties":{"type":"entree","autoroute":"A2"}},{"type":"Feature","geometry":{"type":"Point","coordinates":[3.5137638,50.3370686]},"properties":{"type":"entree","autoroute":"A2"}},{"type":"Feature","geometry":{"type":"Point","coordinates":[3.5197206,50.3376402]},"properties":{"type":"entree","autoroute":"A2"}},{"type":"Feature","geometry":{"type":"Point","coordinates":[3.4967827,50.3396684]},"properties":{"type":"entree","autoroute":"A2"}},{"type":"Feature","geometry":{"type":"Point","coordinates":[3.3776559,50.3052524]},"properties":{"type":"entree","autoroute":"A21"}},{"type":"Feature","geometry":{"type":"Point","coordinates":[3.4648012,50.3394974]},"properties":{"type":"entree","autoroute":"A2"}},{"type":"Feature","geometry":{"type":"Point","coordinates":[2.9852404,50.4225283]},"properties":{"type":"entree","autoroute":"A1"}},{"type":"Feature","geometry":{"type":"Point","coordinates":[2.9853947,50.4211131]},"properties":{"type":"entree","autoroute":"A1"}},{"type":"Feature","geometry":{"type":"Point","coordinates":[2.8628249,50.2599343]},"properties":{"type":"entree","autoroute":"A1"}},{"type":"Feature","geometry":{"type":"Point","coordinates":[5.2304062,43.5528696]},"properties":{"type":"entree","autoroute":"A7"}},{"type":"Feature","geometry":{"type":"Point","coordinates":[4.7343127,45.8914701]},"properties":{"type":"entree","autoroute":"A6"}},{"type":"Feature","geometry":{"type":"Point","coordinates":[0.4464095,48.0739591]},"properties":{"type":"entree","autoroute":"A11"}},{"type":"Feature","geometry":{"type":"Point","coordinates":[1.2100049,48.2788286]},"properties":{"type":"entree","autoroute":"A11"}},{"type":"Feature","geometry":{"type":"Point","coordinates":[1.3576227,48.3219157]},"properties":{"type":"entree","autoroute":"A11"}},{"type":"Feature","geometry":{"type":"Point","coordinates":[1.3672072,48.3244372]},"properties":{"type":"entree","autoroute":"A11"}},{"type":"Feature","geometry":{"type":"Point","coordinates":[1.5405505,48.4552739]},"properties":{"type":"entree","autoroute":"A11"}},{"type":"Feature","geometry":{"type":"Point","coordinates":[1.5750794,48.4664844]},"properties":{"type":"entree","autoroute":"A11"}},{"type":"Feature","geometry":{"type":"Point","coordinates":[-0.5170705,47.4629779]},"properties":{"type":"entree","autoroute":"A87N"}},{"type":"Feature","geometry":{"type":"Point","coordinates":[-0.3595454,47.5215852]},"properties":{"type":"entree","autoroute":"A11"}},{"type":"Feature","geometry":{"type":"Point","coordinates":[-0.2789616,47.6261293]},"properties":{"type":"entree","autoroute":"A11"}},{"type":"Feature","geometry":{"type":"Point","coordinates":[0.2492293,48.0563823]},"properties":{"type":"entree","autoroute":"A11"}},{"type":"Feature","geometry":{"type":"Point","coordinates":[0.4553535,48.0749997]},"properties":{"type":"entree","autoroute":"A11"}},{"type":"Feature","geometry":{"type":"Point","coordinates":[0.7730967,48.1775704]},"properties":{"type":"entree","autoroute":"A11"}},{"type":"Feature","geometry":{"type":"Point","coordinates":[5.3428776,43.4038174]},"properties":{"type":"entree","autoroute":"A7"}},{"type":"Feature","geometry":{"type":"Point","coordinates":[2.8719473,42.7128641]},"properties":{"type":"entree","autoroute":"A9"}},{"type":"Feature","geometry":{"type":"Point","coordinates":[2.8675377,42.7069776]},"properties":{"type":"entree","autoroute":"A9"}},{"type":"Feature","geometry":{"type":"Point","coordinates":[2.2564518,49.1089766]},"properties":{"type":"entree","autoroute":"A16"}},{"type":"Feature","geometry":{"type":"Point","coordinates":[4.9822797,47.3340798]},"properties":{"type":"entree","autoroute":"A38"}},{"type":"Feature","geometry":{"type":"Point","coordinates":[2.9025718,50.3172521]},"properties":{"type":"entree","autoroute":"A1"}},{"type":"Feature","geometry":{"type":"Point","coordinates":[0.3024235,48.007445]},"properties":{"type":"entree","autoroute":"A28"}},{"type":"Feature","geometry":{"type":"Point","coordinates":[3.144836,50.6484978]},"properties":{"type":"entree","autoroute":"A22"}},{"type":"Feature","geometry":{"type":"Point","coordinates":[1.8547196,47.8114209]},"properties":{"type":"entree","autoroute":"A71"}},{"type":"Feature","geometry":{"type":"Point","coordinates":[6.2897878,45.4794393]},"properties":{"type":"entree","autoroute":"A43"}},{"type":"Feature","geometry":{"type":"Point","coordinates":[-0.5003586,47.5024567]},"properties":{"type":"entree","autoroute":"A11"}},{"type":"Feature","geometry":{"type":"Point","coordinates":[6.8585251,47.6187605]},"properties":{"type":"entree","autoroute":"A36"}},{"type":"Feature","geometry":{"type":"Point","coordinates":[5.9115862,43.1266659]},"properties":{"type":"entree","autoroute":"A50"}},{"type":"Feature","geometry":{"type":"Point","coordinates":[2.6898939,47.8532253]},"properties":{"type":"entree","autoroute":"A77"}},{"type":"Feature","geometry":{"type":"Point","coordinates":[5.2260605,45.6091634]},"properties":{"type":"entree","autoroute":"A43"}},{"type":"Feature","geometry":{"type":"Point","coordinates":[-1.1041237,44.6159351]},"properties":{"type":"entree","autoroute":"A660"}},{"type":"Feature","geometry":{"type":"Point","coordinates":[5.0347509,45.8255062]},"properties":{"type":"entree","autoroute":"A432"}},{"type":"Feature","geometry":{"type":"Point","coordinates":[1.0781094,48.2396794]},"properties":{"type":"entree","autoroute":"A11"}},{"type":"Feature","geometry":{"type":"Point","coordinates":[5.2225871,47.9107544]},"properties":{"type":"entree","autoroute":"A5"}},{"type":"Feature","geometry":{"type":"Point","coordinates":[2.86584,42.7040697]},"properties":{"type":"entree","autoroute":"A9"}},{"type":"Feature","geometry":{"type":"Point","coordinates":[-1.044794,48.0836539]},"properties":{"type":"entree","autoroute":"A81"}},{"type":"Feature","geometry":{"type":"Point","coordinates":[4.7005453,49.7161768]},"properties":{"type":"entree","autoroute":"A34"}},{"type":"Feature","geometry":{"type":"Point","coordinates":[2.9595044,50.6279852]},"properties":{"type":"entree","autoroute":"A25"}},{"type":"Feature","geometry":{"type":"Point","coordinates":[2.739786,47.6794572]},"properties":{"type":"entree","autoroute":"A77"}},{"type":"Feature","geometry":{"type":"Point","coordinates":[2.8359365,50.4486531]},"properties":{"type":"entree","autoroute":"A21"}},{"type":"Feature","geometry":{"type":"Point","coordinates":[2.8328173,50.45007]},"properties":{"type":"entree","autoroute":"A21"}},{"type":"Feature","geometry":{"type":"Point","coordinates":[-0.6681492,44.849313]},"properties":{"type":"entree","autoroute":"A630"}},{"type":"Feature","geometry":{"type":"Point","coordinates":[4.1480774,49.3124503]},"properties":{"type":"entree","autoroute":"A34"}},{"type":"Feature","geometry":{"type":"Point","coordinates":[2.1630713,48.7817505]},"properties":{"type":"entree","autoroute":"A86"}},{"type":"Feature","geometry":{"type":"Point","coordinates":[-0.5119314,47.441237]},"properties":{"type":"entree","autoroute":"A87N"}},{"type":"Feature","geometry":{"type":"Point","coordinates":[2.2932624,48.940141]},"properties":{"type":"entree","autoroute":"A15"}},{"type":"Feature","geometry":{"type":"Point","coordinates":[7.7367313,48.6703219]},"properties":{"type":"entree","autoroute":"A4"}},{"type":"Feature","geometry":{"type":"Point","coordinates":[2.2474248,48.9727666]},"properties":{"type":"entree","autoroute":"A15"}},{"type":"Feature","geometry":{"type":"Point","coordinates":[2.3061321,48.7063232]},"properties":{"type":"entree","autoroute":"A6"}},{"type":"Feature","geometry":{"type":"Point","coordinates":[2.043316,48.7982034]},"properties":{"type":"entree","autoroute":"A12"}},{"type":"Feature","geometry":{"type":"Point","coordinates":[3.2891017,48.2706508]},"properties":{"type":"entree","autoroute":"A5"}},{"type":"Feature","geometry":{"type":"Point","coordinates":[0.1798146,48.0539956]},"properties":{"type":"entree","autoroute":"A11"}},{"type":"Feature","geometry":{"type":"Point","coordinates":[-0.3753753,46.2963931]},"properties":{"type":"entree","autoroute":"A10"}},{"type":"Feature","geometry":{"type":"Point","coordinates":[7.5824631,48.5118512]},"properties":{"type":"entree","autoroute":"A35"}},{"type":"Feature","geometry":{"type":"Point","coordinates":[2.3650033,48.7375989]},"properties":{"type":"entree","autoroute":"A106"}},{"type":"Feature","geometry":{"type":"Point","coordinates":[7.8365762,48.6965951]},"properties":{"type":"entree","autoroute":"A35"}},{"type":"Feature","geometry":{"type":"Point","coordinates":[2.4581426,48.8192271]},"properties":{"type":"entree","autoroute":"A4"}},{"type":"Feature","geometry":{"type":"Point","coordinates":[2.9572246,50.6294286]},"properties":{"type":"entree","autoroute":"A25"}},{"type":"Feature","geometry":{"type":"Point","coordinates":[4.9048925,45.8682655]},"properties":{"type":"entree","autoroute":"A46"}},{"type":"Feature","geometry":{"type":"Point","coordinates":[2.9826885,43.1483836]},"properties":{"type":"entree","autoroute":"A9"}},{"type":"Feature","geometry":{"type":"Point","coordinates":[2.3305514,49.0685766]},"properties":{"type":"entree","autoroute":"A16"}},{"type":"Feature","geometry":{"type":"Point","coordinates":[6.0921327,46.1324938]},"properties":{"type":"entree","autoroute":"A40"}},{"type":"Feature","geometry":{"type":"Point","coordinates":[6.1000416,46.1318362]},"properties":{"type":"entree","autoroute":"A41"}},{"type":"Feature","geometry":{"type":"Point","coordinates":[5.0765905,47.3036581]},"properties":{"type":"entree","autoroute":"A39"}},{"type":"Feature","geometry":{"type":"Point","coordinates":[4.8929609,45.7835631]},"properties":{"type":"entree","autoroute":"A42"}},{"type":"Feature","geometry":{"type":"Point","coordinates":[4.8434279,45.6936478]},"properties":{"type":"entree","autoroute":"A7"}},{"type":"Feature","geometry":{"type":"Point","coordinates":[2.0326568,48.7831223]},"properties":{"type":"entree","autoroute":"A12"}},{"type":"Feature","geometry":{"type":"Point","coordinates":[-0.5007588,47.5032554]},"properties":{"type":"entree","autoroute":"A11"}},{"type":"Feature","geometry":{"type":"Point","coordinates":[2.8677563,50.2678574]},"properties":{"type":"entree","autoroute":"A1"}},{"type":"Feature","geometry":{"type":"Point","coordinates":[6.2161334,45.5651992]},"properties":{"type":"entree","autoroute":"A43"}},{"type":"Feature","geometry":{"type":"Point","coordinates":[2.5133388,48.4845698]},"properties":{"type":"entree","autoroute":"A6"}},{"type":"Feature","geometry":{"type":"Point","coordinates":[0.6190302,48.1244662]},"properties":{"type":"entree","autoroute":"A11"}},{"type":"Feature","geometry":{"type":"Point","coordinates":[0.6264384,48.1276885]},"properties":{"type":"entree","autoroute":"A11"}},{"type":"Feature","geometry":{"type":"Point","coordinates":[6.0902902,46.1317474]},"properties":{"type":"entree","autoroute":"A40"}},{"type":"Feature","geometry":{"type":"Point","coordinates":[5.0232195,47.2370785]},"properties":{"type":"entree","autoroute":"A31"}},{"type":"Feature","geometry":{"type":"Point","coordinates":[2.2142172,48.9855436]},"properties":{"type":"entree","autoroute":"A15"}},{"type":"Feature","geometry":{"type":"Point","coordinates":[7.5833309,48.5179277]},"properties":{"type":"entree","autoroute":"A352"}},{"type":"Feature","geometry":{"type":"Point","coordinates":[7.581726,48.5203427]},"properties":{"type":"entree","autoroute":"A355"}},{"type":"Feature","geometry":{"type":"Point","coordinates":[7.7281859,48.688178]},"properties":{"type":"entree","autoroute":"A4"}},{"type":"Feature","geometry":{"type":"Point","coordinates":[7.7264834,48.6777291]},"properties":{"type":"entree","autoroute":"A355"}},{"type":"Feature","geometry":{"type":"Point","coordinates":[-1.3515559,46.9445161]},"properties":{"type":"entree","autoroute":"A83"}},{"type":"Feature","geometry":{"type":"Point","coordinates":[-1.4026884,47.0265137]},"properties":{"type":"entree","autoroute":"A83"}},{"type":"Feature","geometry":{"type":"Point","coordinates":[-1.5071253,47.1317531]},"properties":{"type":"entree","autoroute":"A83"}},{"type":"Feature","geometry":{"type":"Point","coordinates":[5.9781095,45.5227295]},"properties":{"type":"entree","autoroute":"A43"}},{"type":"Feature","geometry":{"type":"Point","coordinates":[7.7352354,48.6765892]},"properties":{"type":"entree","autoroute":"A4"}},{"type":"Feature","geometry":{"type":"Point","coordinates":[6.2878853,45.4748235]},"properties":{"type":"entree","autoroute":"A43"}},{"type":"Feature","geometry":{"type":"Point","coordinates":[7.3847598,48.0679783]},"properties":{"type":"entree","autoroute":"A35"}},{"type":"Feature","geometry":{"type":"Point","coordinates":[-0.5108057,46.4295663]},"properties":{"type":"entree","autoroute":"A83"}},{"type":"Feature","geometry":{"type":"Point","coordinates":[-0.4991034,46.4298619]},"properties":{"type":"entree","autoroute":"A83"}},{"type":"Feature","geometry":{"type":"Point","coordinates":[3.1120987,50.6840597]},"properties":{"type":"entree","autoroute":"A22"}},{"type":"Feature","geometry":{"type":"Point","coordinates":[5.4268164,43.5224315]},"properties":{"type":"entree","autoroute":"A51"}},{"type":"Feature","geometry":{"type":"Point","coordinates":[3.0285084,46.3730139]},"properties":{"type":"entree","autoroute":"A79"}},{"type":"Feature","geometry":{"type":"Point","coordinates":[1.386953,43.6093273]},"properties":{"type":"entree","autoroute":"A624"}},{"type":"Feature","geometry":{"type":"Point","coordinates":[2.6287796,48.6321581]},"properties":{"type":"entree","autoroute":"A5B"}},{"type":"Feature","geometry":{"type":"Point","coordinates":[4.2978992,45.517801]},"properties":{"type":"entree","autoroute":"A72"}},{"type":"Feature","geometry":{"type":"Point","coordinates":[5.3164189,46.0729034]},"properties":{"type":"entree","autoroute":"A40"}},{"type":"Feature","geometry":{"type":"Point","coordinates":[1.8482783,47.8982466]},"properties":{"type":"entree","autoroute":"A71"}},{"type":"Feature","geometry":{"type":"Point","coordinates":[4.9263261,45.8033875]},"properties":{"type":"entree","autoroute":"A42"}},{"type":"Feature","geometry":{"type":"Point","coordinates":[2.2700311,48.7152115]},"properties":{"type":"entree","autoroute":"A10"}},{"type":"Feature","geometry":{"type":"Point","coordinates":[2.6854519,49.3083219]},"properties":{"type":"entree","autoroute":"A1"}},{"type":"Feature","geometry":{"type":"Point","coordinates":[2.6854647,49.3082919]},"properties":{"type":"entree","autoroute":"A1"}},{"type":"Feature","geometry":{"type":"Point","coordinates":[6.0968444,46.1320743]},"properties":{"type":"entree","autoroute":"A40"}}]}