{
  "type": "FeatureCollection",
  "features": [
    {
      "type": "Feature",
      "geometry": {
        "type": "Point",
        "coordinates": [
          -0.531422,
          44.898503
        ]
      },
      "properties": {
        "biognc": "oui",
        "annee_ouverture": "2025",
        "kpi_ouverture": "1",
        "code_postal": "33000",
        "longitude": "-0.531422",
        "statut": "ouverte",
        "paiement_carte_abonne": "oui",
        "pays": "France",
        "code_region": "75",
        "exploitant": "ENGIE Solutions",
        "departement": "Gironde",
        "gnl": "non",
        "nom_region": "Nouvelle-Aquitaine",
        "mois_ouverture": "juillet",
        "geo": [
          44.898503,
          -0.531422
        ],
        "acces_pl": "oui",
        "gnc": "oui",
        "carburant": "GNC",
        "paiement": "carte abonné",
        "paiement_cb": "non",
        "rue": "14 quai Français",
        "nom_commune": "BORDEAUX",
        "latitude": "44.898503",
        "paiement_cash": "non"
      }
    },
    {
      "type": "Feature",
      "geometry": {
        "type": "Point",
        "coordinates": [
          4.894372,
          43.886391
        ]
      },
      "properties": {
        "biognc": "oui",
        "annee_ouverture": "2025",
        "kpi_ouverture": "1",
        "code_postal": "13550",
        "longitude": "4.894372",
        "statut": "ouverte",
        "paiement_carte_abonne": "oui",
        "pays": "France",
        "code_region": "93",
        "exploitant": "Bio GNV du Confluent",
        "departement": "Bouches-du-Rhône",
        "gnl": "non",
        "nom_region": "Provence-Alpes-Côte d'Azur",
        "mois_ouverture": "juin",
        "geo": [
          43.886391,
          4.894372
        ],
        "acces_pl": "oui",
        "gnc": "oui",
        "carburant": "GNC",
        "paiement": "CB;carte abonné",
        "paiement_cb": "oui",
        "rue": "5 Zone Artisanale Rocade Nord",
        "nom_commune": "NOVES",
        "latitude": "43.886391",
        "paiement_cash": "non"
      }
    },
    {
      "type": "Feature",
      "geometry": {
        "type": "Point",
        "coordinates": [
          4.32219808,
          49.03718089
        ]
      },
      "properties": {
        "biognc": "oui",
        "annee_ouverture": "2023",
        "kpi_ouverture": "1",
        "code_postal": "51520",
        "longitude": "4.32219808",
        "statut": "ouverte",
        "paiement_carte_abonne": "oui",
        "pays": "France",
        "code_region": "44",
        "exploitant": "AS24",
        "departement": "Marne",
        "gnl": "non",
        "nom_region": "Grand Est",
        "mois_ouverture": "février",
        "geo": [
          49.03718089,
          4.32219808
        ],
        "acces_pl": "oui",
        "gnc": "non",
        "carburant": "GNC",
        "paiement": "carte abonné",
        "paiement_cb": "non",
        "rue": "rue de l'aubepine",
        "nom_commune": "LA VEUVE",
        "latitude": "49.03718089",
        "paiement_cash": "non"
      }
    },
    {
      "type": "Feature",
      "geometry": {
        "type": "Point",
        "coordinates": [
          -0.930708,
          46.990741
        ]
      },
      "properties": {
        "biognc": "oui",
        "annee_ouverture": "2017",
        "kpi_ouverture": "1",
        "code_postal": "85290",
        "longitude": "-0.930708",
        "statut": "ouverte",
        "paiement_carte_abonne": "oui",
        "pays": "France",
        "code_region": "52",
        "exploitant": "Agribiométhane Carburant",
        "departement": "Vendée",
        "gnl": "non",
        "nom_region": "Pays de la Loire",
        "mois_ouverture": "RAS",
        "geo": [
          46.990741,
          -0.930708
        ],
        "acces_pl": "oui",
        "gnc": "oui",
        "carburant": "GNC",
        "paiement": "CB;carte abonné",
        "paiement_cb": "oui",
        "rue": "Lieu-Dit Poitou",
        "nom_commune": "MORTAGNE SUR SEVRE",
        "latitude": "46.990741",
        "paiement_cash": "non"
      }
    },
    {
      "type": "Feature",
      "geometry": {
        "type": "Point",
        "coordinates": [
          -0.729556,
          44.714002
        ]
      },
      "properties": {
        "biognc": "oui",
        "annee_ouverture": "2017",
        "kpi_ouverture": "1",
        "code_postal": "33610",
        "longitude": "-0.729556",
        "statut": "ouverte",
        "paiement_carte_abonne": "oui",
        "pays": "France",
        "code_region": "75",
        "exploitant": "MOLGAS",
        "departement": "Gironde",
        "gnl": "non",
        "nom_region": "Nouvelle-Aquitaine",
        "mois_ouverture": "RAS",
        "geo": [
          44.714002,
          -0.729556
        ],
        "acces_pl": "oui",
        "gnc": "oui",
        "carburant": "GNC",
        "paiement": "carte abonné",
        "paiement_cb": "non",
        "rue": "Route de Saucats",
        "nom_commune": "CESTAS",
        "latitude": "44.714002",
        "paiement_cash": "non"
      }
    },
    {
      "type": "Feature",
      "geometry": {
        "type": "Point",
        "coordinates": [
          2.820585,
          50.453928
        ]
      },
      "properties": {
        "biognc": "oui",
        "annee_ouverture": "2018",
        "kpi_ouverture": "1",
        "code_postal": "62300",
        "longitude": "2.820585",
        "statut": "ouverte",
        "paiement_carte_abonne": "oui",
        "pays": "France",
        "code_region": "32",
        "exploitant": "MOLGAS",
        "departement": "Pas-de-Calais",
        "gnl": "non",
        "nom_region": "Hauts-de-France",
        "mois_ouverture": "février",
        "geo": [
          50.453928,
          2.820585
        ],
        "acces_pl": "oui",
        "gnc": "oui",
        "carburant": "GNC",
        "paiement": "carte abonné",
        "paiement_cb": "non",
        "rue": "6 rue Frédéric Sauvage",
        "nom_commune": "LENS",
        "latitude": "50.453928",
        "paiement_cash": "non"
      }
    },
    {
      "type": "Feature",
      "geometry": {
        "type": "Point",
        "coordinates": [
          -1.508902,
          47.264551
        ]
      },
      "properties": {
        "biognc": "oui",
        "annee_ouverture": "2017",
        "kpi_ouverture": "1",
        "code_postal": "44300",
        "longitude": "-1.508902",
        "statut": "ouverte",
        "paiement_carte_abonne": "oui",
        "pays": "France",
        "code_region": "52",
        "exploitant": "AS24",
        "departement": "Loire-Atlantique",
        "gnl": "non",
        "nom_region": "Pays de la Loire",
        "mois_ouverture": "RAS",
        "geo": [
          47.264551,
          -1.508902
        ],
        "acces_pl": "oui",
        "gnc": "oui",
        "carburant": "GNC",
        "paiement": "carte abonné",
        "paiement_cb": "non",
        "rue": "72 rue du Bêle",
        "nom_commune": "NANTES",
        "latitude": "47.264551",
        "paiement_cash": "non"
      }
    },
    {
      "type": "Feature",
      "geometry": {
        "type": "Point",
        "coordinates": [
          0.181547,
          48.051984
        ]
      },
      "properties": {
        "biognc": "oui",
        "annee_ouverture": "2018",
        "kpi_ouverture": "1",
        "code_postal": "72650",
        "longitude": "0.181547",
        "statut": "ouverte",
        "paiement_carte_abonne": "oui",
        "pays": "France",
        "code_region": "52",
        "exploitant": "AS24",
        "departement": "Sarthe",
        "gnl": "non",
        "nom_region": "Pays de la Loire",
        "mois_ouverture": "janvier",
        "geo": [
          48.051984,
          0.181547
        ],
        "acces_pl": "oui",
        "gnc": "oui",
        "carburant": "GNC",
        "paiement": "carte abonné",
        "paiement_cb": "non",
        "rue": "20 rue de Villeneuve",
        "nom_commune": "ST SATURNIN",
        "latitude": "48.051984",
        "paiement_cash": "non"
      }
    },
    {
      "type": "Feature",
      "geometry": {
        "type": "Point",
        "coordinates": [
          1.400312,
          43.543716
        ]
      },
      "properties": {
        "biognc": "non",
        "annee_ouverture": "2021",
        "kpi_ouverture": "1",
        "code_postal": "31120",
        "longitude": "1.400312",
        "statut": "ouverte",
        "paiement_carte_abonne": "oui",
        "pays": "France",
        "code_region": "76",
        "exploitant": "AVIA - PRIMAGAZ",
        "departement": "Haute-Garonne",
        "gnl": "oui",
        "nom_region": "Occitanie",
        "mois_ouverture": "août",
        "geo": [
          43.543716,
          1.400312
        ],
        "acces_pl": "oui",
        "gnc": "oui",
        "carburant": "GNL , GNC",
        "paiement": "CB;carte abonné",
        "paiement_cb": "oui",
        "rue": "Chemin des Mésanges",
        "nom_commune": "PORTET SUR GARONNE",
        "latitude": "43.543716",
        "paiement_cash": "non"
      }
    },
    {
      "type": "Feature",
      "geometry": {
        "type": "Point",
        "coordinates": [
          2.852732,
          42.683005
        ]
      },
      "properties": {
        "biognc": "oui",
        "annee_ouverture": "2022",
        "kpi_ouverture": "1",
        "code_postal": "66000",
        "longitude": "2.852732",
        "statut": "ouverte",
        "paiement_carte_abonne": "oui",
        "pays": "France",
        "code_region": "76",
        "exploitant": "AVIA - PRIMAGAZ",
        "departement": "Pyrénées-Orientales",
        "gnl": "oui",
        "nom_region": "Occitanie",
        "mois_ouverture": "novembre",
        "geo": [
          42.683005,
          2.852732
        ],
        "acces_pl": "oui",
        "gnc": "oui",
        "carburant": "GNL , GNC",
        "paiement": "CB;carte abonné",
        "paiement_cb": "oui",
        "rue": "Rue de Dublin",
        "nom_commune": "PERPIGNAN",
        "latitude": "42.683005",
        "paiement_cash": "non"
      }
    },
    {
      "type": "Feature",
      "geometry": {
        "type": "Point",
        "coordinates": [
          -1.28179,
          43.666321
        ]
      },
      "properties": {
        "biognc": "oui",
        "annee_ouverture": "2018",
        "kpi_ouverture": "1",
        "code_postal": "40230",
        "longitude": "-1.281790",
        "statut": "ouverte",
        "paiement_carte_abonne": "oui",
        "pays": "France",
        "code_region": "75",
        "exploitant": "ENDESA",
        "departement": "Landes",
        "gnl": "non",
        "nom_region": "Nouvelle-Aquitaine",
        "mois_ouverture": "novembre",
        "geo": [
          43.666321,
          -1.28179
        ],
        "acces_pl": "oui",
        "gnc": "oui",
        "carburant": "GNC",
        "paiement": "CB;carte abonné",
        "paiement_cb": "oui",
        "rue": "5 rue des Métiers",
        "nom_commune": "ST VINCENT DE TYROSSE",
        "latitude": "43.666321",
        "paiement_cash": "non"
      }
    },
    {
      "type": "Feature",
      "geometry": {
        "type": "Point",
        "coordinates": [
          4.416151,
          45.448939
        ]
      },
      "properties": {
        "biognc": "oui",
        "annee_ouverture": "2017",
        "kpi_ouverture": "1",
        "code_postal": "42000",
        "longitude": "4.416151",
        "statut": "ouverte",
        "paiement_carte_abonne": "oui",
        "pays": "France",
        "code_region": "84",
        "exploitant": "ENDESA",
        "departement": "Loire",
        "gnl": "non",
        "nom_region": "Auvergne-Rhône-Alpes",
        "mois_ouverture": "RAS",
        "geo": [
          45.448939,
          4.416151
        ],
        "acces_pl": "oui",
        "gnc": "oui",
        "carburant": "GNC",
        "paiement": "CB;carte abonné",
        "paiement_cb": "oui",
        "rue": "1 rue Eugène Weiss",
        "nom_commune": "ST ETIENNE",
        "latitude": "45.448939",
        "paiement_cash": "non"
      }
    },
    {
      "type": "Feature",
      "geometry": {
        "type": "Point",
        "coordinates": [
          1.4274502,
          43.6439483
        ]
      },
      "properties": {
        "biognc": "oui",
        "annee_ouverture": "2018",
        "kpi_ouverture": "1",
        "code_postal": "31000",
        "longitude": "1.4274502",
        "statut": "ouverte",
        "paiement_carte_abonne": "oui",
        "pays": "France",
        "code_region": "76",
        "exploitant": "GAZUP",
        "departement": "Haute-Garonne",
        "gnl": "non",
        "nom_region": "Occitanie",
        "mois_ouverture": "avril",
        "geo": [
          43.6439483,
          1.4274502
        ],
        "acces_pl": "oui",
        "gnc": "oui",
        "carburant": "GNC",
        "paiement": "CB;carte abonné",
        "paiement_cb": "oui",
        "rue": "259 avenue des Etats Unis - Parc d'activités de Fondeyre",
        "nom_commune": "TOULOUSE",
        "latitude": "43.6439483",
        "paiement_cash": "non"
      }
    },
    {
      "type": "Feature",
      "geometry": {
        "type": "Point",
        "coordinates": [
          0.024978,
          43.220242
        ]
      },
      "properties": {
        "biognc": "non",
        "annee_ouverture": "2017",
        "kpi_ouverture": "1",
        "code_postal": "65420",
        "longitude": "0.024978",
        "statut": "ouverte",
        "paiement_carte_abonne": "oui",
        "pays": "France",
        "code_region": "76",
        "exploitant": "Ecowgaz",
        "departement": "Hautes-Pyrénées",
        "gnl": "non",
        "nom_region": "Occitanie",
        "mois_ouverture": "RAS",
        "geo": [
          43.220242,
          0.024978
        ],
        "acces_pl": "oui",
        "gnc": "oui",
        "carburant": "GNC",
        "paiement": "CB;carte abonné",
        "paiement_cb": "oui",
        "rue": "10 rue d'Estaubé",
        "nom_commune": "IBOS",
        "latitude": "43.220242",
        "paiement_cash": "non"
      }
    },
    {
      "type": "Feature",
      "geometry": {
        "type": "Point",
        "coordinates": [
          5.367906,
          43.490132
        ]
      },
      "properties": {
        "biognc": "non",
        "annee_ouverture": "2019",
        "kpi_ouverture": "1",
        "code_postal": "13290",
        "longitude": "5.367906",
        "statut": "ouverte",
        "paiement_carte_abonne": "oui",
        "pays": "France",
        "code_region": "93",
        "exploitant": "ENGIE Solutions",
        "departement": "Bouches-du-Rhône",
        "gnl": "oui",
        "nom_region": "Provence-Alpes-Côte d'Azur",
        "mois_ouverture": "juin",
        "geo": [
          43.490132,
          5.367906
        ],
        "acces_pl": "oui",
        "gnc": "oui",
        "carburant": "GNL , GNC",
        "paiement": "CB;carte abonné",
        "paiement_cb": "oui",
        "rue": "Rue Richard Trevithick",
        "nom_commune": "LES MILLES",
        "latitude": "43.490132",
        "paiement_cash": "non"
      }
    },
    {
      "type": "Feature",
      "geometry": {
        "type": "Point",
        "coordinates": [
          1.405987,
          43.78112
        ]
      },
      "properties": {
        "biognc": "non",
        "annee_ouverture": "2018",
        "kpi_ouverture": "1",
        "code_postal": "31620",
        "longitude": "1.405987",
        "statut": "ouverte",
        "paiement_carte_abonne": "oui",
        "pays": "France",
        "code_region": "76",
        "exploitant": "ENGIE Solutions",
        "departement": "Haute-Garonne",
        "gnl": "oui",
        "nom_region": "Occitanie",
        "mois_ouverture": "avril",
        "geo": [
          43.78112,
          1.405987
        ],
        "acces_pl": "oui",
        "gnc": "oui",
        "carburant": "GNL , GNC",
        "paiement": "CB;carte abonné",
        "paiement_cb": "oui",
        "rue": "Rue Euclide - zone Eurocentre",
        "nom_commune": "BOULOC",
        "latitude": "43.781120",
        "paiement_cash": "non"
      }
    },
    {
      "type": "Feature",
      "geometry": {
        "type": "Point",
        "coordinates": [
          -1.61662437021732,
          47.2467973532067
        ]
      },
      "properties": {
        "biognc": "oui",
        "annee_ouverture": "2012",
        "kpi_ouverture": "1",
        "code_postal": "44800",
        "longitude": "-1.61662437021732",
        "statut": "ouverte",
        "paiement_carte_abonne": "oui",
        "pays": "France",
        "code_region": "52",
        "exploitant": "ENGIE Solutions",
        "departement": "Loire-Atlantique",
        "gnl": "non",
        "nom_region": "Pays de la Loire",
        "mois_ouverture": "RAS",
        "geo": [
          47.2467973532067,
          -1.61662437021732
        ],
        "acces_pl": "oui",
        "gnc": "oui",
        "carburant": "GNC",
        "paiement": "CB;carte abonné",
        "paiement_cb": "oui",
        "rue": "Angle boulevard Marcel Paul et avenue des Lions",
        "nom_commune": "ST HERBLAIN",
        "latitude": "47.2467973532067",
        "paiement_cash": "non"
      }
    },
    {
      "type": "Feature",
      "geometry": {
        "type": "Point",
        "coordinates": [
          6.178643,
          49.222276
        ]
      },
      "properties": {
        "biognc": "non",
        "annee_ouverture": "2020",
        "kpi_ouverture": "1",
        "code_postal": "57280",
        "longitude": "6.178643",
        "statut": "ouverte",
        "paiement_carte_abonne": "oui",
        "pays": "France",
        "code_region": "44",
        "exploitant": "ENGIE Solutions",
        "departement": "Moselle",
        "gnl": "oui",
        "nom_region": "Grand Est",
        "mois_ouverture": "août",
        "geo": [
          49.222276,
          6.178643
        ],
        "acces_pl": "oui",
        "gnc": "oui",
        "carburant": "GNL , GNC",
        "paiement": "carte abonné",
        "paiement_cb": "non",
        "rue": "Rue du Pré le Loup",
        "nom_commune": "HAUCONCOURT",
        "latitude": "49.222276",
        "paiement_cash": "non"
      }
    },
    {
      "type": "Feature",
      "geometry": {
        "type": "Point",
        "coordinates": [
          4.962134,
          45.712783
        ]
      },
      "properties": {
        "biognc": "non",
        "annee_ouverture": "2018",
        "kpi_ouverture": "1",
        "code_postal": "69800",
        "longitude": "4.962134",
        "statut": "ouverte",
        "paiement_carte_abonne": "oui",
        "pays": "France",
        "code_region": "84",
        "exploitant": "ENGIE Solutions",
        "departement": "Rhône",
        "gnl": "oui",
        "nom_region": "Auvergne-Rhône-Alpes",
        "mois_ouverture": "juillet",
        "geo": [
          45.712783,
          4.962134
        ],
        "acces_pl": "oui",
        "gnc": "oui",
        "carburant": "GNL , GNC",
        "paiement": "CB;carte abonné",
        "paiement_cb": "oui",
        "rue": "Avenue Clement Ader",
        "nom_commune": "ST PRIEST",
        "latitude": "45.712783",
        "paiement_cash": "non"
      }
    },
    {
      "type": "Feature",
      "geometry": {
        "type": "Point",
        "coordinates": [
          2.55253,
          48.656941
        ]
      },
      "properties": {
        "biognc": "oui",
        "annee_ouverture": "2018",
        "kpi_ouverture": "1",
        "code_postal": "77380",
        "longitude": "2.552530",
        "statut": "ouverte",
        "paiement_carte_abonne": "oui",
        "pays": "France",
        "code_region": "11",
        "exploitant": "ENGIE Solutions",
        "departement": "Seine-et-Marne",
        "gnl": "non",
        "nom_region": "Île-de-France",
        "mois_ouverture": "septembre",
        "geo": [
          48.656941,
          2.55253
        ],
        "acces_pl": "oui",
        "gnc": "oui",
        "carburant": "GNC",
        "paiement": "carte abonné",
        "paiement_cb": "non",
        "rue": "rue de la Borne Blanche",
        "nom_commune": "COMBS LA VILLE",
        "latitude": "48.656941",
        "paiement_cash": "non"
      }
    },
    {
      "type": "Feature",
      "geometry": {
        "type": "Point",
        "coordinates": [
          2.52932712435722,
          48.8127812363799
        ]
      },
      "properties": {
        "biognc": "oui",
        "annee_ouverture": "2012",
        "kpi_ouverture": "1",
        "code_postal": "94500",
        "longitude": "2.52932712435722",
        "statut": "ouverte",
        "paiement_carte_abonne": "oui",
        "pays": "France",
        "code_region": "11",
        "exploitant": "ENGIE Solutions",
        "departement": "Val-de-Marne",
        "gnl": "non",
        "nom_region": "Île-de-France",
        "mois_ouverture": "RAS",
        "geo": [
          48.8127812363799,
          2.52932712435722
        ],
        "acces_pl": "non",
        "gnc": "oui",
        "carburant": "GNC",
        "paiement": "CB;carte abonné",
        "paiement_cb": "oui",
        "rue": "120 Rue Marcel Paul",
        "nom_commune": "CHAMPIGNY SUR MARNE",
        "latitude": "48.8127812363799",
        "paiement_cash": "non"
      }
    },
    {
      "type": "Feature",
      "geometry": {
        "type": "Point",
        "coordinates": [
          2.9759,
          50.4585
        ]
      },
      "properties": {
        "biognc": "oui",
        "annee_ouverture": "2017",
        "kpi_ouverture": "1",
        "code_postal": "62110",
        "longitude": "2.9759",
        "statut": "ouverte",
        "paiement_carte_abonne": "oui",
        "pays": "France",
        "code_region": "32",
        "exploitant": "TotalEnergies",
        "departement": "Pas-de-Calais",
        "gnl": "non",
        "nom_region": "Hauts-de-France",
        "mois_ouverture": "RAS",
        "geo": [
          50.4585,
          2.9759
        ],
        "acces_pl": "oui",
        "gnc": "oui",
        "carburant": "GNC",
        "paiement": "Cash;CB;carte abonné",
        "paiement_cb": "oui",
        "rue": "389 rue des Hauts de France",
        "nom_commune": "HENIN BEAUMONT",
        "latitude": "50.4585",
        "paiement_cash": "oui"
      }
    },
    {
      "type": "Feature",
      "geometry": {
        "type": "Point",
        "coordinates": [
          6.818224,
          47.481841
        ]
      },
      "properties": {
        "biognc": "oui",
        "annee_ouverture": "2019",
        "kpi_ouverture": "1",
        "code_postal": "25700",
        "longitude": "6.818224",
        "statut": "ouverte",
        "paiement_carte_abonne": "oui",
        "pays": "France",
        "code_region": "27",
        "exploitant": "ENDESA",
        "departement": "Doubs",
        "gnl": "non",
        "nom_region": "Bourgogne-Franche-Comté",
        "mois_ouverture": "novembre",
        "geo": [
          47.481841,
          6.818224
        ],
        "acces_pl": "oui",
        "gnc": "oui",
        "carburant": "GNC",
        "paiement": "CB;carte abonné",
        "paiement_cb": "oui",
        "rue": "Rue de la Charmotte",
        "nom_commune": "VALENTIGNEY",
        "latitude": "47.481841",
        "paiement_cash": "non"
      }
    },
    {
      "type": "Feature",
      "geometry": {
        "type": "Point",
        "coordinates": [
          -1.625106,
          48.095431
        ]
      },
      "properties": {
        "biognc": "oui",
        "annee_ouverture": "2018",
        "kpi_ouverture": "1",
        "code_postal": "35135",
        "longitude": "-1.625106",
        "statut": "ouverte",
        "paiement_carte_abonne": "oui",
        "pays": "France",
        "code_region": "53",
        "exploitant": "GN Drive",
        "departement": "Ille-et-Vilaine",
        "gnl": "non",
        "nom_region": "Bretagne",
        "mois_ouverture": "juin",
        "geo": [
          48.095431,
          -1.625106
        ],
        "acces_pl": "oui",
        "gnc": "oui",
        "carburant": "GNC",
        "paiement": "carte abonné",
        "paiement_cb": "non",
        "rue": "14 rue de Breil",
        "nom_commune": "CHANTEPIE",
        "latitude": "48.095431",
        "paiement_cash": "non"
      }
    },
    {
      "type": "Feature",
      "geometry": {
        "type": "Point",
        "coordinates": [
          2.672686,
          48.874285
        ]
      },
      "properties": {
        "biognc": "oui",
        "annee_ouverture": "2020",
        "kpi_ouverture": "1",
        "code_postal": "77400",
        "longitude": "2.672686",
        "statut": "ouverte",
        "paiement_carte_abonne": "oui",
        "pays": "France",
        "code_region": "11",
        "exploitant": "PROVIRIDIS / VGAS",
        "departement": "Seine-et-Marne",
        "gnl": "non",
        "nom_region": "Île-de-France",
        "mois_ouverture": "janvier",
        "geo": [
          48.874285,
          2.672686
        ],
        "acces_pl": "oui",
        "gnc": "oui",
        "carburant": "GNC",
        "paiement": "CB;carte abonné",
        "paiement_cb": "oui",
        "rue": "Rue du grand Pommeraye",
        "nom_commune": "ST THIBAULT DES VIGNES",
        "latitude": "48.874285",
        "paiement_cash": "non"
      }
    },
    {
      "type": "Feature",
      "geometry": {
        "type": "Point",
        "coordinates": [
          -1.180335,
          46.782066
        ]
      },
      "properties": {
        "biognc": "oui",
        "annee_ouverture": "2019",
        "kpi_ouverture": "1",
        "code_postal": "85140",
        "longitude": "-1.180335",
        "statut": "ouverte",
        "paiement_carte_abonne": "oui",
        "pays": "France",
        "code_region": "52",
        "exploitant": "Vendée GNV",
        "departement": "Vendée",
        "gnl": "non",
        "nom_region": "Pays de la Loire",
        "mois_ouverture": "juin",
        "geo": [
          46.782066,
          -1.180335
        ],
        "acces_pl": "oui",
        "gnc": "non",
        "carburant": "GNC",
        "paiement": "CB;carte abonné",
        "paiement_cb": "oui",
        "rue": "Rue du Champ de l'Etang - ZA La Mongie",
        "nom_commune": "STE FLORENCE",
        "latitude": "46.782066",
        "paiement_cash": "non"
      }
    },
    {
      "type": "Feature",
      "geometry": {
        "type": "Point",
        "coordinates": [
          -0.811068,
          46.444713
        ]
      },
      "properties": {
        "biognc": "oui",
        "annee_ouverture": "2020",
        "kpi_ouverture": "1",
        "code_postal": "85200",
        "longitude": "-0.811068",
        "statut": "ouverte",
        "paiement_carte_abonne": "oui",
        "pays": "France",
        "code_region": "52",
        "exploitant": "Vendée GNV",
        "departement": "Vendée",
        "gnl": "non",
        "nom_region": "Pays de la Loire",
        "mois_ouverture": "juillet",
        "geo": [
          46.444713,
          -0.811068
        ],
        "acces_pl": "oui",
        "gnc": "non",
        "carburant": "GNC",
        "paiement": "CB;carte abonné",
        "paiement_cb": "oui",
        "rue": "Les Quatre chemins. Rue René Couzinet",
        "nom_commune": "FONTENAY LE COMTE",
        "latitude": "46.444713",
        "paiement_cash": "non"
      }
    },
    {
      "type": "Feature",
      "geometry": {
        "type": "Point",
        "coordinates": [
          3.65434,
          49.570995
        ]
      },
      "properties": {
        "biognc": "oui",
        "annee_ouverture": "2020",
        "kpi_ouverture": "1",
        "code_postal": "02000",
        "longitude": "3.65434",
        "statut": "ouverte",
        "paiement_carte_abonne": "oui",
        "pays": "France",
        "code_region": "32",
        "exploitant": "TotalEnergies",
        "departement": "Aisne",
        "gnl": "non",
        "nom_region": "Hauts-de-France",
        "mois_ouverture": "décembre",
        "geo": [
          49.570995,
          3.65434
        ],
        "acces_pl": "oui",
        "gnc": "oui",
        "carburant": "GNC",
        "paiement": "Cash;CB;carte abonné",
        "paiement_cb": "oui",
        "rue": "Rue Voltaire",
        "nom_commune": "LAON",
        "latitude": "49.570995",
        "paiement_cash": "oui"
      }
    },
    {
      "type": "Feature",
      "geometry": {
        "type": "Point",
        "coordinates": [
          4.787068,
          44.719735
        ]
      },
      "properties": {
        "biognc": "non",
        "annee_ouverture": "2024",
        "kpi_ouverture": "1",
        "code_postal": "26270",
        "longitude": "4.787068",
        "statut": "ouverte",
        "paiement_carte_abonne": "oui",
        "pays": "France",
        "code_region": "84",
        "exploitant": "ENGIE Solutions",
        "departement": "Drôme",
        "gnl": "oui",
        "nom_region": "Auvergne-Rhône-Alpes",
        "mois_ouverture": "décembre",
        "geo": [
          44.719735,
          4.787068
        ],
        "acces_pl": "oui",
        "gnc": "non",
        "carburant": "GNL",
        "paiement": "carte abonné",
        "paiement_cb": "non",
        "rue": "A7 Aire de Saulce",
        "nom_commune": "LORIOL SUR DROME",
        "latitude": "44.719735",
        "paiement_cash": "non"
      }
    },
    {
      "type": "Feature",
      "geometry": {
        "type": "Point",
        "coordinates": [
          6.696852,
          43.450141
        ]
      },
      "properties": {
        "biognc": "oui",
        "annee_ouverture": "2020",
        "kpi_ouverture": "1",
        "code_postal": "83480",
        "longitude": "6.696852",
        "statut": "ouverte",
        "paiement_carte_abonne": "oui",
        "pays": "France",
        "code_region": "93",
        "exploitant": "PROVIRIDIS / VGAS",
        "departement": "Var",
        "gnl": "non",
        "nom_region": "Provence-Alpes-Côte d'Azur",
        "mois_ouverture": "février",
        "geo": [
          43.450141,
          6.696852
        ],
        "acces_pl": "oui",
        "gnc": "oui",
        "carburant": "GNC",
        "paiement": "CB;carte abonné",
        "paiement_cb": "oui",
        "rue": "Boulevard du Commerce",
        "nom_commune": "PUGET SUR ARGENS",
        "latitude": "43.450141",
        "paiement_cash": "non"
      }
    },
    {
      "type": "Feature",
      "geometry": {
        "type": "Point",
        "coordinates": [
          2.364583,
          48.758806
        ]
      },
      "properties": {
        "biognc": "oui",
        "annee_ouverture": "2019",
        "kpi_ouverture": "1",
        "code_postal": "94550",
        "longitude": "2.364583",
        "statut": "ouverte",
        "paiement_carte_abonne": "oui",
        "pays": "France",
        "code_region": "11",
        "exploitant": "ENGIE Solutions",
        "departement": "Val-de-Marne",
        "gnl": "non",
        "nom_region": "Île-de-France",
        "mois_ouverture": "ouverture au public",
        "geo": [
          48.758806,
          2.364583
        ],
        "acces_pl": "oui",
        "gnc": "oui",
        "carburant": "GNC",
        "paiement": "carte abonné",
        "paiement_cb": "non",
        "rue": "Rue du Jour",
        "nom_commune": "CHEVILLY LARUE",
        "latitude": "48.758806",
        "paiement_cash": "non"
      }
    },
    {
      "type": "Feature",
      "geometry": {
        "type": "Point",
        "coordinates": [
          2.390219,
          48.833122
        ]
      },
      "properties": {
        "biognc": "oui",
        "annee_ouverture": "2019",
        "kpi_ouverture": "1",
        "code_postal": "75007",
        "longitude": "2.390219",
        "statut": "ouverte",
        "paiement_carte_abonne": "oui",
        "pays": "France",
        "code_region": "11",
        "exploitant": "ENGIE Solutions",
        "departement": "Paris",
        "gnl": "non",
        "nom_region": "Île-de-France",
        "mois_ouverture": "ouverture au public",
        "geo": [
          48.833122,
          2.390219
        ],
        "acces_pl": "oui",
        "gnc": "oui",
        "carburant": "GNC",
        "paiement": "carte abonné",
        "paiement_cb": "non",
        "rue": "65 Rue du Baron Le Roy",
        "nom_commune": "PARIS",
        "latitude": "48.833122",
        "paiement_cash": "non"
      }
    },
    {
      "type": "Feature",
      "geometry": {
        "type": "Point",
        "coordinates": [
          2.350764,
          47.044559
        ]
      },
      "properties": {
        "biognc": "oui",
        "annee_ouverture": "2023",
        "kpi_ouverture": "1",
        "code_postal": "18000",
        "longitude": "2.350764",
        "statut": "ouverte",
        "paiement_carte_abonne": "oui",
        "pays": "France",
        "code_region": "24",
        "exploitant": "ENGIE Solutions",
        "departement": "Cher",
        "gnl": "non",
        "nom_region": "Centre-Val de Loire",
        "mois_ouverture": "décembre",
        "geo": [
          47.044559,
          2.350764
        ],
        "acces_pl": "oui",
        "gnc": "oui",
        "carburant": "GNC",
        "paiement": "CB;carte abonné",
        "paiement_cb": "oui",
        "rue": "ZAC du Moutet - Rue Joseph Aristid Auxenfans",
        "nom_commune": "BOURGES",
        "latitude": "47.044559",
        "paiement_cash": "non"
      }
    },
    {
      "type": "Feature",
      "geometry": {
        "type": "Point",
        "coordinates": [
          6.039012,
          43.14503
        ]
      },
      "properties": {
        "biognc": "oui",
        "annee_ouverture": "2020",
        "kpi_ouverture": "1",
        "code_postal": "83130",
        "longitude": "6.039012",
        "statut": "ouverte",
        "paiement_carte_abonne": "oui",
        "pays": "France",
        "code_region": "93",
        "exploitant": "K9",
        "departement": "Var",
        "gnl": "non",
        "nom_region": "Provence-Alpes-Côte d'Azur",
        "mois_ouverture": "octobre",
        "geo": [
          43.14503,
          6.039012
        ],
        "acces_pl": "oui",
        "gnc": "oui",
        "carburant": "GNC",
        "paiement": "Cash;CB;carte abonné",
        "paiement_cb": "oui",
        "rue": "1394 avenue de Draguignan",
        "nom_commune": "LA GARDE",
        "latitude": "43.145030",
        "paiement_cash": "oui"
      }
    },
    {
      "type": "Feature",
      "geometry": {
        "type": "Point",
        "coordinates": [
          5.668913,
          45.233381
        ]
      },
      "properties": {
        "biognc": "oui",
        "annee_ouverture": "2021",
        "kpi_ouverture": "1",
        "code_postal": "38120",
        "longitude": "5.668913",
        "statut": "ouverte",
        "paiement_carte_abonne": "oui",
        "pays": "France",
        "code_region": "84",
        "exploitant": "GEG",
        "departement": "Isère",
        "gnl": "non",
        "nom_region": "Auvergne-Rhône-Alpes",
        "mois_ouverture": "mars",
        "geo": [
          45.233381,
          5.668913
        ],
        "acces_pl": "oui",
        "gnc": "oui",
        "carburant": "GNC , BioGNC",
        "paiement": "CB;carte abonné",
        "paiement_cb": "oui",
        "rue": "58 avenue de l'ile Brune",
        "nom_commune": "ST EGREVE",
        "latitude": "45.233381",
        "paiement_cash": "non"
      }
    },
    {
      "type": "Feature",
      "geometry": {
        "type": "Point",
        "coordinates": [
          -4.048515,
          47.983303
        ]
      },
      "properties": {
        "biognc": "oui",
        "annee_ouverture": "2021",
        "kpi_ouverture": "1",
        "code_postal": "29000",
        "longitude": "-4.048515",
        "statut": "ouverte",
        "paiement_carte_abonne": "oui",
        "pays": "France",
        "code_region": "53",
        "exploitant": "ENGIE Solutions",
        "departement": "Finistère",
        "gnl": "non",
        "nom_region": "Bretagne",
        "mois_ouverture": "avril",
        "geo": [
          47.983303,
          -4.048515
        ],
        "acces_pl": "oui",
        "gnc": "oui",
        "carburant": "GNC",
        "paiement": "carte abonné",
        "paiement_cb": "non",
        "rue": "rond-point de Quistinidal. Route du Petit Guelen - 1  borne publique",
        "nom_commune": "QUIMPER",
        "latitude": "47.983303",
        "paiement_cash": "non"
      }
    },
    {
      "type": "Feature",
      "geometry": {
        "type": "Point",
        "coordinates": [
          4.838482,
          45.726003
        ]
      },
      "properties": {
        "biognc": "oui",
        "annee_ouverture": "2021",
        "kpi_ouverture": "1",
        "code_postal": "69007",
        "longitude": "4.838482",
        "statut": "ouverte",
        "paiement_carte_abonne": "oui",
        "pays": "France",
        "code_region": "84",
        "exploitant": "ENGIE Solutions",
        "departement": "Rhône",
        "gnl": "non",
        "nom_region": "Auvergne-Rhône-Alpes",
        "mois_ouverture": "mars",
        "geo": [
          45.726003,
          4.838482
        ],
        "acces_pl": "oui",
        "gnc": "oui",
        "carburant": "GNC",
        "paiement": "carte abonné",
        "paiement_cb": "non",
        "rue": "Port Edouard Herriot - 76 avenue Tony Garnier",
        "nom_commune": "LYON",
        "latitude": "45.726003",
        "paiement_cash": "non"
      }
    },
    {
      "type": "Feature",
      "geometry": {
        "type": "Point",
        "coordinates": [
          0.156359,
          47.945486
        ]
      },
      "properties": {
        "biognc": "oui",
        "annee_ouverture": "2020",
        "kpi_ouverture": "1",
        "code_postal": "72700",
        "longitude": "0.156359",
        "statut": "ouverte",
        "paiement_carte_abonne": "oui",
        "pays": "France",
        "code_region": "52",
        "exploitant": "ENGIE Solutions",
        "departement": "Sarthe",
        "gnl": "non",
        "nom_region": "Pays de la Loire",
        "mois_ouverture": "novembre",
        "geo": [
          47.945486,
          0.156359
        ],
        "acces_pl": "oui",
        "gnc": "oui",
        "carburant": "GNC",
        "paiement": "carte abonné",
        "paiement_cb": "non",
        "rue": "rue du Champ du Verger",
        "nom_commune": "ALLONNES",
        "latitude": "47.945486",
        "paiement_cash": "non"
      }
    },
    {
      "type": "Feature",
      "geometry": {
        "type": "Point",
        "coordinates": [
          2.566366,
          44.32378
        ]
      },
      "properties": {
        "biognc": "oui",
        "annee_ouverture": "2021",
        "kpi_ouverture": "1",
        "code_postal": "12510",
        "longitude": "2.566366",
        "statut": "ouverte",
        "paiement_carte_abonne": "oui",
        "pays": "France",
        "code_region": "76",
        "exploitant": "GAZUP",
        "departement": "Aveyron",
        "gnl": "non",
        "nom_region": "Occitanie",
        "mois_ouverture": "mai",
        "geo": [
          44.32378,
          2.566366
        ],
        "acces_pl": "oui",
        "gnc": "oui",
        "carburant": "GNC",
        "paiement": "CB;carte abonné",
        "paiement_cb": "oui",
        "rue": "Rue Barthelemy Thimonier",
        "nom_commune": "OLEMPS",
        "latitude": "44.32378",
        "paiement_cash": "non"
      }
    },
    {
      "type": "Feature",
      "geometry": {
        "type": "Point",
        "coordinates": [
          3.990215,
          47.50782
        ]
      },
      "properties": {
        "biognc": "oui",
        "annee_ouverture": "2021",
        "kpi_ouverture": "1",
        "code_postal": "89200",
        "longitude": "3.990215",
        "statut": "ouverte",
        "paiement_carte_abonne": "oui",
        "pays": "France",
        "code_region": "27",
        "exploitant": "GAZUP",
        "departement": "Yonne",
        "gnl": "oui",
        "nom_region": "Bourgogne-Franche-Comté",
        "mois_ouverture": "novembre",
        "geo": [
          47.50782,
          3.990215
        ],
        "acces_pl": "oui",
        "gnc": "oui",
        "carburant": "GNL , GNC",
        "paiement": "CB;carte abonné",
        "paiement_cb": "oui",
        "rue": "Chemin des Battées",
        "nom_commune": "AVALLON",
        "latitude": "47.50782",
        "paiement_cash": "non"
      }
    },
    {
      "type": "Feature",
      "geometry": {
        "type": "Point",
        "coordinates": [
          -2.91374,
          48.094461
        ]
      },
      "properties": {
        "biognc": "oui",
        "annee_ouverture": "2020",
        "kpi_ouverture": "1",
        "code_postal": "56920",
        "longitude": "-2.91374",
        "statut": "ouverte",
        "paiement_carte_abonne": "oui",
        "pays": "France",
        "code_region": "53",
        "exploitant": "Bretagne Mobilité GNV",
        "departement": "Morbihan",
        "gnl": "non",
        "nom_region": "Bretagne",
        "mois_ouverture": "septembre",
        "geo": [
          48.094461,
          -2.91374
        ],
        "acces_pl": "oui",
        "gnc": "oui",
        "carburant": "GNC",
        "paiement": "CB;carte abonné",
        "paiement_cb": "oui",
        "rue": "D768B, Noyal-Pontivy",
        "nom_commune": "NOYAL PONTIVY",
        "latitude": "48.094461",
        "paiement_cash": "non"
      }
    },
    {
      "type": "Feature",
      "geometry": {
        "type": "Point",
        "coordinates": [
          -1.428884,
          46.703223
        ]
      },
      "properties": {
        "biognc": "oui",
        "annee_ouverture": "2021",
        "kpi_ouverture": "1",
        "code_postal": "85000",
        "longitude": "-1.428884",
        "statut": "ouverte",
        "paiement_carte_abonne": "oui",
        "pays": "France",
        "code_region": "52",
        "exploitant": "Vendée GNV",
        "departement": "Vendée",
        "gnl": "non",
        "nom_region": "Pays de la Loire",
        "mois_ouverture": "octobre",
        "geo": [
          46.703223,
          -1.428884
        ],
        "acces_pl": "oui",
        "gnc": "non",
        "carburant": "GNC",
        "paiement": "CB;carte abonné",
        "paiement_cb": "oui",
        "rue": "Route de Nantes",
        "nom_commune": "LA ROCHE SUR YON",
        "latitude": "46.703223",
        "paiement_cash": "non"
      }
    },
    {
      "type": "Feature",
      "geometry": {
        "type": "Point",
        "coordinates": [
          -0.816301,
          48.084214
        ]
      },
      "properties": {
        "biognc": "oui",
        "annee_ouverture": "2022",
        "kpi_ouverture": "1",
        "code_postal": "53810",
        "longitude": "-0.816301",
        "statut": "ouverte",
        "paiement_carte_abonne": "oui",
        "pays": "France",
        "code_region": "52",
        "exploitant": "ENDESA",
        "departement": "Mayenne",
        "gnl": "non",
        "nom_region": "Pays de la Loire",
        "mois_ouverture": "avril",
        "geo": [
          48.084214,
          -0.816301
        ],
        "acces_pl": "oui",
        "gnc": "non",
        "carburant": "bioGNC",
        "paiement": "CB;carte abonné",
        "paiement_cb": "oui",
        "rue": "ZA des Dahinières. Route de Fougères",
        "nom_commune": "CHANGE",
        "latitude": "48.084214",
        "paiement_cash": "non"
      }
    },
    {
      "type": "Feature",
      "geometry": {
        "type": "Point",
        "coordinates": [
          2.9668,
          46.323
        ]
      },
      "properties": {
        "biognc": "non",
        "annee_ouverture": "2022",
        "kpi_ouverture": "1",
        "code_postal": "03390",
        "longitude": "2.9668",
        "statut": "ouverte",
        "paiement_carte_abonne": "oui",
        "pays": "France",
        "code_region": "84",
        "exploitant": "HAM",
        "departement": "Allier",
        "gnl": "oui",
        "nom_region": "Auvergne-Rhône-Alpes",
        "mois_ouverture": "avril",
        "geo": [
          46.323,
          2.9668
        ],
        "acces_pl": "oui",
        "gnc": "non",
        "carburant": "GNL",
        "paiement": "CB;carte abonné",
        "paiement_cb": "oui",
        "rue": "44 route de Moulins",
        "nom_commune": "MONTMARAULT",
        "latitude": "46.3230",
        "paiement_cash": "non"
      }
    },
    {
      "type": "Feature",
      "geometry": {
        "type": "Point",
        "coordinates": [
          -0.369793,
          44.882399
        ]
      },
      "properties": {
        "biognc": "oui",
        "annee_ouverture": "2023",
        "kpi_ouverture": "1",
        "code_postal": "33750",
        "longitude": "-0.369793",
        "statut": "ouverte",
        "paiement_carte_abonne": "oui",
        "pays": "France",
        "code_region": "75",
        "exploitant": "ENGIE Solutions",
        "departement": "Gironde",
        "gnl": "non",
        "nom_region": "Nouvelle-Aquitaine",
        "mois_ouverture": "juillet",
        "geo": [
          44.882399,
          -0.369793
        ],
        "acces_pl": "oui",
        "gnc": "oui",
        "carburant": "GNC",
        "paiement": "CB;carte abonné",
        "paiement_cb": "oui",
        "rue": "Route du Fileur",
        "nom_commune": "BEYCHAC ET CAILLAU",
        "latitude": "44.882399",
        "paiement_cash": "non"
      }
    },
    {
      "type": "Feature",
      "geometry": {
        "type": "Point",
        "coordinates": [
          7.78289,
          48.52231
        ]
      },
      "properties": {
        "biognc": "non",
        "annee_ouverture": "2025",
        "kpi_ouverture": "1",
        "code_postal": "67100",
        "longitude": "7.782890",
        "statut": "ouverte",
        "paiement_carte_abonne": "oui",
        "pays": "France",
        "code_region": "44",
        "exploitant": "HAM",
        "departement": "Grand Est",
        "gnl": "oui",
        "nom_region": "Grand Est",
        "mois_ouverture": "Janvier",
        "geo": [
          48.52231,
          7.78289
        ],
        "acces_pl": "oui",
        "gnc": "oui",
        "carburant": "GNL , GNC",
        "paiement": "CB;carte abonné",
        "paiement_cb": "oui",
        "rue": "Rue de Rochefort",
        "nom_commune": "STRASBOURG",
        "latitude": "48.522310",
        "paiement_cash": "non"
      }
    },
    {
      "type": "Feature",
      "geometry": {
        "type": "Point",
        "coordinates": [
          -1.753886,
          46.51671
        ]
      },
      "properties": {
        "biognc": "oui",
        "annee_ouverture": "2023",
        "kpi_ouverture": "1",
        "code_postal": "85340",
        "longitude": "-1.753886",
        "statut": "ouverte",
        "paiement_carte_abonne": "oui",
        "pays": "France",
        "code_region": "52",
        "exploitant": "Vendée GNV",
        "departement": "Vendée",
        "gnl": "non",
        "nom_region": "Pays de la Loire",
        "mois_ouverture": "avril",
        "geo": [
          46.51671,
          -1.753886
        ],
        "acces_pl": "oui",
        "gnc": "non",
        "carburant": "GNC",
        "paiement": "CB;carte abonné",
        "paiement_cb": "oui",
        "rue": "ZA La Vannerie",
        "nom_commune": "LES SABLES D OLONNE",
        "latitude": "46.51671",
        "paiement_cash": "non"
      }
    },
    {
      "type": "Feature",
      "geometry": {
        "type": "Point",
        "coordinates": [
          4.636564,
          43.70936
        ]
      },
      "properties": {
        "biognc": "oui",
        "annee_ouverture": "2022",
        "kpi_ouverture": "1",
        "code_postal": "13104",
        "longitude": "4.636564",
        "statut": "ouverte",
        "paiement_carte_abonne": "oui",
        "pays": "France",
        "code_region": "93",
        "exploitant": "PROVIRIDIS / VGAS",
        "departement": "Bouches-du-Rhône",
        "gnl": "non",
        "nom_region": "Provence-Alpes-Côte d'Azur",
        "mois_ouverture": "juillet",
        "geo": [
          43.70936,
          4.636564
        ],
        "acces_pl": "oui",
        "gnc": "oui",
        "carburant": "GNC",
        "paiement": "CB;carte abonné",
        "paiement_cb": "oui",
        "rue": "Rue Joseph SEGUIN",
        "nom_commune": "ARLES",
        "latitude": "43.709360",
        "paiement_cash": "non"
      }
    },
    {
      "type": "Feature",
      "geometry": {
        "type": "Point",
        "coordinates": [
          3.300625,
          49.819455
        ]
      },
      "properties": {
        "biognc": "oui",
        "annee_ouverture": "2018",
        "kpi_ouverture": "1",
        "code_postal": "02430",
        "longitude": "3.300625",
        "statut": "ouverte",
        "paiement_carte_abonne": "oui",
        "pays": "France",
        "code_region": "32",
        "exploitant": "MOLGAS",
        "departement": "Aisne",
        "gnl": "oui",
        "nom_region": "Hauts-de-France",
        "mois_ouverture": "décembre",
        "geo": [
          49.819455,
          3.300625
        ],
        "acces_pl": "oui",
        "gnc": "oui",
        "carburant": "GNL , GNC",
        "paiement": "carte abonné",
        "paiement_cb": "non",
        "rue": "Rue Gustave Eiffel",
        "nom_commune": "GAUCHY",
        "latitude": "49.819455",
        "paiement_cash": "non"
      }
    },
    {
      "type": "Feature",
      "geometry": {
        "type": "Point",
        "coordinates": [
          7.573439,
          48.543351
        ]
      },
      "properties": {
        "biognc": "non",
        "annee_ouverture": "2016",
        "kpi_ouverture": "1",
        "code_postal": "67120",
        "longitude": "7.573439",
        "statut": "ouverte",
        "paiement_carte_abonne": "oui",
        "pays": "France",
        "code_region": "44",
        "exploitant": "MOLGAS",
        "departement": "Bas-Rhin",
        "gnl": "oui",
        "nom_region": "Grand Est",
        "mois_ouverture": "RAS",
        "geo": [
          48.543351,
          7.573439
        ],
        "acces_pl": "oui",
        "gnc": "non",
        "carburant": "GNL",
        "paiement": "carte abonné",
        "paiement_cb": "non",
        "rue": "1 rue Denis Papin",
        "nom_commune": "DUTTLENHEIM",
        "latitude": "48.543351",
        "paiement_cash": "non"
      }
    },
    {
      "type": "Feature",
      "geometry": {
        "type": "Point",
        "coordinates": [
          5.136012,
          47.269905
        ]
      },
      "properties": {
        "biognc": "oui",
        "annee_ouverture": "2018",
        "kpi_ouverture": "1",
        "code_postal": "21110",
        "longitude": "5.136012",
        "statut": "ouverte",
        "paiement_carte_abonne": "oui",
        "pays": "France",
        "code_region": "27",
        "exploitant": "MOLGAS",
        "departement": "Côte-d'Or",
        "gnl": "oui",
        "nom_region": "Bourgogne-Franche-Comté",
        "mois_ouverture": "décembre",
        "geo": [
          47.269905,
          5.136012
        ],
        "acces_pl": "oui",
        "gnc": "oui",
        "carburant": "GNL , GNC",
        "paiement": "carte abonné",
        "paiement_cb": "non",
        "rue": "ZAC de Boulouze",
        "nom_commune": "FAUVERNEY",
        "latitude": "47.269905",
        "paiement_cash": "non"
      }
    },
    {
      "type": "Feature",
      "geometry": {
        "type": "Point",
        "coordinates": [
          -3.466288,
          48.757895
        ]
      },
      "properties": {
        "biognc": "oui",
        "annee_ouverture": "2025",
        "kpi_ouverture": "1",
        "code_postal": "22300",
        "longitude": "-3.466288",
        "statut": "ouverte",
        "paiement_carte_abonne": "oui",
        "pays": "France",
        "code_region": "53",
        "exploitant": "Bretagne Mobilité GNV 22",
        "departement": "Côtes-d'Armor",
        "gnl": "non",
        "nom_region": "Bretagne",
        "mois_ouverture": "octobre",
        "geo": [
          48.757895,
          -3.466288
        ],
        "acces_pl": "oui",
        "gnc": "oui",
        "carburant": "GNC",
        "paiement": "CB;carte abonné",
        "paiement_cb": "oui",
        "rue": "Rue Louis de Broglie",
        "nom_commune": "LANNION",
        "latitude": "48.757895",
        "paiement_cash": "non"
      }
    },
    {
      "type": "Feature",
      "geometry": {
        "type": "Point",
        "coordinates": [
          -1.716867,
          48.051391
        ]
      },
      "properties": {
        "biognc": "oui",
        "annee_ouverture": "2023",
        "kpi_ouverture": "1",
        "code_postal": "35131",
        "longitude": "-1.716867",
        "statut": "ouverte",
        "paiement_carte_abonne": "oui",
        "pays": "France",
        "code_region": "53",
        "exploitant": "Bretagne Mobilité GNV 35",
        "departement": "Ille-et-Vilaine",
        "gnl": "non",
        "nom_region": "Bretagne",
        "mois_ouverture": "avril",
        "geo": [
          48.051391,
          -1.716867
        ],
        "acces_pl": "oui",
        "gnc": "oui",
        "carburant": "GNC",
        "paiement": "CB;carte abonné",
        "paiement_cb": "oui",
        "rue": "2 rue Edmé Mariotte",
        "nom_commune": "CHARTRES DE BRETAGNE",
        "latitude": "48.051391",
        "paiement_cash": "non"
      }
    },
    {
      "type": "Feature",
      "geometry": {
        "type": "Point",
        "coordinates": [
          -1.456843,
          47.285964
        ]
      },
      "properties": {
        "biognc": "oui",
        "annee_ouverture": "2025",
        "kpi_ouverture": "1",
        "code_postal": "44470",
        "longitude": "-1.456843",
        "statut": "ouverte",
        "paiement_carte_abonne": "oui",
        "pays": "France",
        "code_region": "52",
        "exploitant": "ENGIE Solutions",
        "departement": "Loire-Atlantique",
        "gnl": "non",
        "nom_region": "Pays de la Loire",
        "mois_ouverture": "octobre",
        "geo": [
          47.285964,
          -1.456843
        ],
        "acces_pl": "oui",
        "gnc": "oui",
        "carburant": "GNC",
        "paiement": "CB;carte abonné",
        "paiement_cb": "oui",
        "rue": "ZAC de la Belle Etoile - Allée des Sapins",
        "nom_commune": "CARQUEFOU",
        "latitude": "47.285964",
        "paiement_cash": "non"
      }
    },
    {
      "type": "Feature",
      "geometry": {
        "type": "Point",
        "coordinates": [
          5.2071279,
          43.508036
        ]
      },
      "properties": {
        "biognc": "oui",
        "annee_ouverture": "2024",
        "kpi_ouverture": "1",
        "code_postal": "13340",
        "longitude": "5.2071279",
        "statut": "ouverte",
        "paiement_carte_abonne": "oui",
        "pays": "France",
        "code_region": "93",
        "exploitant": "ENGIE Solutions",
        "departement": "Bouches-du-Rhône",
        "gnl": "non",
        "nom_region": "Provence-Alpes-Côte d'Azur",
        "mois_ouverture": "Avril",
        "geo": [
          43.508036,
          5.2071279
        ],
        "acces_pl": "oui",
        "gnc": "oui",
        "carburant": "GNC",
        "paiement": "CB;carte abonné",
        "paiement_cb": "oui",
        "rue": "3800, Route Nationale 113",
        "nom_commune": "ROGNAC",
        "latitude": "43.508036",
        "paiement_cash": "non"
      }
    },
    {
      "type": "Feature",
      "geometry": {
        "type": "Point",
        "coordinates": [
          -1.044082,
          46.902608
        ]
      },
      "properties": {
        "biognc": "oui",
        "annee_ouverture": "2024",
        "kpi_ouverture": "1",
        "code_postal": "85500",
        "longitude": "-1.044082",
        "statut": "ouverte",
        "paiement_carte_abonne": "oui",
        "pays": "France",
        "code_region": "52",
        "exploitant": "Vendée GNV",
        "departement": "Vendée",
        "gnl": "non",
        "nom_region": "Pays de la Loire",
        "mois_ouverture": "octobre",
        "geo": [
          46.902608,
          -1.044082
        ],
        "acces_pl": "oui",
        "gnc": "non",
        "carburant": "GNC",
        "paiement": "CB;carte abonné",
        "paiement_cb": "oui",
        "rue": "D755",
        "nom_commune": "LES HERBIERS",
        "latitude": "46.902608",
        "paiement_cash": "non"
      }
    },
    {
      "type": "Feature",
      "geometry": {
        "type": "Point",
        "coordinates": [
          6.2064409,
          49.2127499
        ]
      },
      "properties": {
        "biognc": "oui",
        "annee_ouverture": "2021",
        "kpi_ouverture": "1",
        "code_postal": "57640",
        "longitude": "6.2064409",
        "statut": "ouverte",
        "paiement_carte_abonne": "oui",
        "pays": "France",
        "code_region": "44",
        "exploitant": "MOLGAS",
        "departement": "Moselle",
        "gnl": "oui",
        "nom_region": "Grand Est",
        "mois_ouverture": "avril",
        "geo": [
          49.2127499,
          6.2064409
        ],
        "acces_pl": "oui",
        "gnc": "oui",
        "carburant": "GNL , GNC",
        "paiement": "carte abonné",
        "paiement_cb": "non",
        "rue": "Rue Louis Blériot ZI Jonquière",
        "nom_commune": "ARGANCY",
        "latitude": "49.2127499",
        "paiement_cash": "non"
      }
    },
    {
      "type": "Feature",
      "geometry": {
        "type": "Point",
        "coordinates": [
          5.00869,
          43.610831
        ]
      },
      "properties": {
        "biognc": "oui",
        "annee_ouverture": "2024",
        "kpi_ouverture": "1",
        "code_postal": "13450",
        "longitude": "5.008690",
        "statut": "ouverte",
        "paiement_carte_abonne": "oui",
        "pays": "France",
        "code_region": "93",
        "exploitant": "PROVIRIDIS / VGAS",
        "departement": "Bouches-du-Rhône",
        "gnl": "non",
        "nom_region": "Provence-Alpes-Côte d'Azur",
        "mois_ouverture": "mars",
        "geo": [
          43.610831,
          5.00869
        ],
        "acces_pl": "oui",
        "gnc": "non",
        "carburant": "GNC",
        "paiement": "CB;carte abonné",
        "paiement_cb": "oui",
        "rue": "Clesud - Avenue Isabelle Autissier",
        "nom_commune": "MIRAMAS GRANS",
        "latitude": "43.610831",
        "paiement_cash": "non"
      }
    },
    {
      "type": "Feature",
      "geometry": {
        "type": "Point",
        "coordinates": [
          2.494451,
          48.971117
        ]
      },
      "properties": {
        "biognc": "oui",
        "annee_ouverture": "2021",
        "kpi_ouverture": "1",
        "code_postal": "93600",
        "longitude": "2.494451",
        "statut": "ouverte",
        "paiement_carte_abonne": "oui",
        "pays": "France",
        "code_region": "11",
        "exploitant": "MOLGAS",
        "departement": "Seine-Saint-Denis",
        "gnl": "oui",
        "nom_region": "Île-de-France",
        "mois_ouverture": "décembre",
        "geo": [
          48.971117,
          2.494451
        ],
        "acces_pl": "oui",
        "gnc": "oui",
        "carburant": "GNL , GNC",
        "paiement": "carte abonné",
        "paiement_cb": "non",
        "rue": "A préciser",
        "nom_commune": "AULNAY SOUS BOIS",
        "latitude": "48.971117",
        "paiement_cash": "non"
      }
    },
    {
      "type": "Feature",
      "geometry": {
        "type": "Point",
        "coordinates": [
          -1.9256,
          47.377072
        ]
      },
      "properties": {
        "biognc": "non",
        "annee_ouverture": "2024",
        "kpi_ouverture": "1",
        "code_postal": "44750",
        "longitude": "-1.9256",
        "statut": "ouverte",
        "paiement_carte_abonne": "oui",
        "pays": "France",
        "code_region": "52",
        "exploitant": "MOLGAS",
        "departement": "Loire-Atlantique",
        "gnl": "oui",
        "nom_region": "Pays de la Loire",
        "mois_ouverture": "novembre",
        "geo": [
          47.377072,
          -1.9256
        ],
        "acces_pl": "oui",
        "gnc": "oui",
        "carburant": "GNL , GNC",
        "paiement": "CB;carte abonné",
        "paiement_cb": "oui",
        "rue": "rue de la laïta",
        "nom_commune": "CAMPBON",
        "latitude": "47.377072",
        "paiement_cash": "non"
      }
    },
    {
      "type": "Feature",
      "geometry": {
        "type": "Point",
        "coordinates": [
          -1.211038,
          49.302724
        ]
      },
      "properties": {
        "biognc": "oui",
        "annee_ouverture": "2024",
        "kpi_ouverture": "1",
        "code_postal": "50500",
        "longitude": "-1.211038",
        "statut": "ouverte",
        "paiement_carte_abonne": "oui",
        "pays": "France",
        "code_region": "28",
        "exploitant": "SDEM50",
        "departement": "Manche",
        "gnl": "non",
        "nom_region": "Normandie",
        "mois_ouverture": "mai",
        "geo": [
          49.302724,
          -1.211038
        ],
        "acces_pl": "oui",
        "gnc": "oui",
        "carburant": "GNC",
        "paiement": "CB;carte abonné",
        "paiement_cb": "oui",
        "rue": "Saint Hilaire Petitville",
        "nom_commune": "CARENTAN LES MARAIS",
        "latitude": "49.302724",
        "paiement_cash": "non"
      }
    },
    {
      "type": "Feature",
      "geometry": {
        "type": "Point",
        "coordinates": [
          -0.2579745,
          46.6677821
        ]
      },
      "properties": {
        "biognc": "oui",
        "annee_ouverture": "2023",
        "kpi_ouverture": "1",
        "code_postal": "79200",
        "longitude": "-0.2579745",
        "statut": "ouverte",
        "paiement_carte_abonne": "oui",
        "pays": "France",
        "code_region": "75",
        "exploitant": "Séolis Mobilités",
        "departement": "Deux-Sèvres",
        "gnl": "non",
        "nom_region": "Nouvelle-Aquitaine",
        "mois_ouverture": "septembre",
        "geo": [
          46.6677821,
          -0.2579745
        ],
        "acces_pl": "oui",
        "gnc": "oui",
        "carburant": "GNC",
        "paiement": "CB;carte abonné",
        "paiement_cb": "oui",
        "rue": "Rue Paul Emile Victor - ZAC de la Bressandière",
        "nom_commune": "CHATILLON SUR THOUET",
        "latitude": "46.6677821",
        "paiement_cash": "non"
      }
    },
    {
      "type": "Feature",
      "geometry": {
        "type": "Point",
        "coordinates": [
          1.708109,
          43.764526
        ]
      },
      "properties": {
        "biognc": "oui",
        "annee_ouverture": "2022",
        "kpi_ouverture": "1",
        "code_postal": "81370",
        "longitude": "1.708109",
        "statut": "ouverte",
        "paiement_carte_abonne": "oui",
        "pays": "France",
        "code_region": "76",
        "exploitant": "SEVEN",
        "departement": "Tarn",
        "gnl": "non",
        "nom_region": "Occitanie",
        "mois_ouverture": "janvier",
        "geo": [
          43.764526,
          1.708109
        ],
        "acces_pl": "oui",
        "gnc": "oui",
        "carburant": "GNC",
        "paiement": "carte abonné",
        "paiement_cb": "non",
        "rue": "Les Cadaux",
        "nom_commune": "ST SULPICE LA POINTE",
        "latitude": "43.764526",
        "paiement_cash": "non"
      }
    },
    {
      "type": "Feature",
      "geometry": {
        "type": "Point",
        "coordinates": [
          1.976197,
          43.763295
        ]
      },
      "properties": {
        "biognc": "oui",
        "annee_ouverture": "2022",
        "kpi_ouverture": "1",
        "code_postal": "81300",
        "longitude": "1.976197",
        "statut": "ouverte",
        "paiement_carte_abonne": "oui",
        "pays": "France",
        "code_region": "76",
        "exploitant": "SEVEN",
        "departement": "Tarn",
        "gnl": "non",
        "nom_region": "Occitanie",
        "mois_ouverture": "avril",
        "geo": [
          43.763295,
          1.976197
        ],
        "acces_pl": "oui",
        "gnc": "oui",
        "carburant": "GNC",
        "paiement": "carte abonné",
        "paiement_cb": "non",
        "rue": "Boulevard Général Leclerc",
        "nom_commune": "GRAULHET",
        "latitude": "43.763295",
        "paiement_cash": "non"
      }
    },
    {
      "type": "Feature",
      "geometry": {
        "type": "Point",
        "coordinates": [
          4.295417,
          45.52398
        ]
      },
      "properties": {
        "biognc": "oui",
        "annee_ouverture": "2023",
        "kpi_ouverture": "1",
        "code_postal": "42160",
        "longitude": "4.295417",
        "statut": "ouverte",
        "paiement_carte_abonne": "oui",
        "pays": "France",
        "code_region": "84",
        "exploitant": "TotalEnergies",
        "departement": "Loire",
        "gnl": "non",
        "nom_region": "Auvergne-Rhône-Alpes",
        "mois_ouverture": "avril",
        "geo": [
          45.52398,
          4.295417
        ],
        "acces_pl": "oui",
        "gnc": "oui",
        "carburant": "GNC",
        "paiement": "CB;carte abonné",
        "paiement_cb": "oui",
        "rue": "Relai des coquelicots",
        "nom_commune": "ANDREZIEUX BOUTHEON",
        "latitude": "45.52398",
        "paiement_cash": "non"
      }
    },
    {
      "type": "Feature",
      "geometry": {
        "type": "Point",
        "coordinates": [
          2.977241,
          50.453691
        ]
      },
      "properties": {
        "biognc": "oui",
        "annee_ouverture": "2021",
        "kpi_ouverture": "1",
        "code_postal": "62119",
        "longitude": "2.977241",
        "statut": "ouverte",
        "paiement_carte_abonne": "oui",
        "pays": "France",
        "code_region": "32",
        "exploitant": "PROVIRIDIS / VGAS",
        "departement": "Pas-de-Calais",
        "gnl": "oui",
        "nom_region": "Hauts-de-France",
        "mois_ouverture": "mai",
        "geo": [
          50.453691,
          2.977241
        ],
        "acces_pl": "oui",
        "gnc": "oui",
        "carburant": "GNL , GNC",
        "paiement": "CB;carte abonné",
        "paiement_cb": "oui",
        "rue": "Plateforme logistique de Delta 3",
        "nom_commune": "DOURGES",
        "latitude": "50.453691",
        "paiement_cash": "non"
      }
    },
    {
      "type": "Feature",
      "geometry": {
        "type": "Point",
        "coordinates": [
          3.447601,
          50.331481
        ]
      },
      "properties": {
        "biognc": "oui",
        "annee_ouverture": "2023",
        "kpi_ouverture": "1",
        "code_postal": "59220",
        "longitude": "3.447601",
        "statut": "ouverte",
        "paiement_carte_abonne": "oui",
        "pays": "France",
        "code_region": "32",
        "exploitant": "PROVIRIDIS / VGAS",
        "departement": "Nord",
        "gnl": "oui",
        "nom_region": "Hauts-de-France",
        "mois_ouverture": "octobre",
        "geo": [
          50.331481,
          3.447601
        ],
        "acces_pl": "oui",
        "gnc": "oui",
        "carburant": "GNL , GNC",
        "paiement": "CB;carte abonné",
        "paiement_cb": "oui",
        "rue": "Route d'Hérin",
        "nom_commune": "ROUVIGNIES",
        "latitude": "50.331481",
        "paiement_cash": "non"
      }
    },
    {
      "type": "Feature",
      "geometry": {
        "type": "Point",
        "coordinates": [
          7.376702,
          47.777932
        ]
      },
      "properties": {
        "biognc": "oui",
        "annee_ouverture": "2023",
        "kpi_ouverture": "1",
        "code_postal": "68390",
        "longitude": "7.376702",
        "statut": "ouverte",
        "paiement_carte_abonne": "oui",
        "pays": "France",
        "code_region": "44",
        "exploitant": "AS24",
        "departement": "Haut-Rhin",
        "gnl": "oui",
        "nom_region": "Grand Est",
        "mois_ouverture": "octobre",
        "geo": [
          47.777932,
          7.376702
        ],
        "acces_pl": "oui",
        "gnc": "oui",
        "carburant": "GNL , GNC",
        "paiement": "CB;carte abonné",
        "paiement_cb": "oui",
        "rue": "ZA Riedwald - RUE DE L'EUROPE",
        "nom_commune": "SAUSHEIM",
        "latitude": "47.777932",
        "paiement_cash": "non"
      }
    },
    {
      "type": "Feature",
      "geometry": {
        "type": "Point",
        "coordinates": [
          4.096035,
          49.224835
        ]
      },
      "properties": {
        "biognc": "oui",
        "annee_ouverture": "2024",
        "kpi_ouverture": "1",
        "code_postal": "51100",
        "longitude": "4.096035",
        "statut": "ouverte",
        "paiement_carte_abonne": "oui",
        "pays": "France",
        "code_region": "44",
        "exploitant": "AS24",
        "departement": "Marne",
        "gnl": "non",
        "nom_region": "Grand Est",
        "mois_ouverture": "février",
        "geo": [
          49.224835,
          4.096035
        ],
        "acces_pl": "oui",
        "gnc": "oui",
        "carburant": "GNC , BioGNC",
        "paiement": "CB;carte abonné",
        "paiement_cb": "oui",
        "rue": "2 chemin de Saint Léonard",
        "nom_commune": "REIMS",
        "latitude": "49.224835",
        "paiement_cash": "non"
      }
    },
    {
      "type": "Feature",
      "geometry": {
        "type": "Point",
        "coordinates": [
          7.379537,
          47.994342
        ]
      },
      "properties": {
        "biognc": "non",
        "annee_ouverture": "2020",
        "kpi_ouverture": "1",
        "code_postal": "68127",
        "longitude": "7.379537",
        "statut": "ouverte",
        "paiement_carte_abonne": "oui",
        "pays": "France",
        "code_region": "44",
        "exploitant": "AVIA - PRIMAGAZ",
        "departement": "Haut-Rhin",
        "gnl": "oui",
        "nom_region": "Grand Est",
        "mois_ouverture": "juillet",
        "geo": [
          47.994342,
          7.379537
        ],
        "acces_pl": "oui",
        "gnc": "oui",
        "carburant": "GNL , GNC",
        "paiement": "CB;carte abonné",
        "paiement_cb": "oui",
        "rue": "Rue des Vosges",
        "nom_commune": "NIEDERHERGHEIM",
        "latitude": "47.994342",
        "paiement_cash": "non"
      }
    },
    {
      "type": "Feature",
      "geometry": {
        "type": "Point",
        "coordinates": [
          4.087868,
          49.229147
        ]
      },
      "properties": {
        "biognc": "oui",
        "annee_ouverture": "2022",
        "kpi_ouverture": "1",
        "code_postal": "51100",
        "longitude": "4.087868",
        "statut": "ouverte",
        "paiement_carte_abonne": "oui",
        "pays": "France",
        "code_region": "44",
        "exploitant": "AVIA - PRIMAGAZ",
        "departement": "Marne",
        "gnl": "oui",
        "nom_region": "Grand Est",
        "mois_ouverture": "juillet",
        "geo": [
          49.229147,
          4.087868
        ],
        "acces_pl": "oui",
        "gnc": "oui",
        "carburant": "GNL , GNC",
        "paiement": "CB;carte abonné",
        "paiement_cb": "oui",
        "rue": "3 Rue Maurice HOLLANDE",
        "nom_commune": "REIMS",
        "latitude": "49.229147",
        "paiement_cash": "non"
      }
    },
    {
      "type": "Feature",
      "geometry": {
        "type": "Point",
        "coordinates": [
          1.1438859,
          42.9799648
        ]
      },
      "properties": {
        "biognc": "oui",
        "annee_ouverture": "2012",
        "kpi_ouverture": "1",
        "code_postal": "09200",
        "longitude": "1.1438859",
        "statut": "ouverte",
        "paiement_carte_abonne": "oui",
        "pays": "France",
        "code_region": "76",
        "exploitant": "DEFA",
        "departement": "Ariège",
        "gnl": "non",
        "nom_region": "Occitanie",
        "mois_ouverture": "RAS",
        "geo": [
          42.9799648,
          1.1438859
        ],
        "acces_pl": "oui",
        "gnc": "oui",
        "carburant": "GNC",
        "paiement": "CB;carte abonné",
        "paiement_cb": "oui",
        "rue": "5-7  avenue de la Résistance",
        "nom_commune": "ST GIRONS",
        "latitude": "42.9799648",
        "paiement_cash": "oui"
      }
    },
    {
      "type": "Feature",
      "geometry": {
        "type": "Point",
        "coordinates": [
          2.5861929,
          44.3660952
        ]
      },
      "properties": {
        "biognc": "non",
        "annee_ouverture": "2020",
        "kpi_ouverture": "1",
        "code_postal": "12850",
        "longitude": "2.5861929",
        "statut": "ouverte",
        "paiement_carte_abonne": "non",
        "pays": "France",
        "code_region": "76",
        "exploitant": "Braley",
        "departement": "Aveyron",
        "gnl": "non",
        "nom_region": "Occitanie",
        "mois_ouverture": "novembre",
        "geo": [
          44.3660952,
          2.5861929
        ],
        "acces_pl": "oui",
        "gnc": "oui",
        "carburant": "GNC",
        "paiement": "CB",
        "paiement_cb": "oui",
        "rue": "Route d'Espalion",
        "nom_commune": "ONET LE CHATEAU",
        "latitude": "44.3660952",
        "paiement_cash": "non"
      }
    },
    {
      "type": "Feature",
      "geometry": {
        "type": "Point",
        "coordinates": [
          2.29710146784782,
          48.940748085731
        ]
      },
      "properties": {
        "biognc": "oui",
        "annee_ouverture": "2012",
        "kpi_ouverture": "1",
        "code_postal": "92230",
        "longitude": "2.29710146784782",
        "statut": "ouverte",
        "paiement_carte_abonne": "oui",
        "pays": "France",
        "code_region": "11",
        "exploitant": "ENGIE Solutions",
        "departement": "Hauts-de-Seine",
        "gnl": "non",
        "nom_region": "Île-de-France",
        "mois_ouverture": "RAS",
        "geo": [
          48.940748085731,
          2.29710146784782
        ],
        "acces_pl": "oui",
        "gnc": "oui",
        "carburant": "GNC",
        "paiement": "CB;carte abonné",
        "paiement_cb": "oui",
        "rue": "7 ter route Principale du Port",
        "nom_commune": "GENNEVILLIERS",
        "latitude": "48.940748085731",
        "paiement_cash": "non"
      }
    },
    {
      "type": "Feature",
      "geometry": {
        "type": "Point",
        "coordinates": [
          3.132987,
          45.802534
        ]
      },
      "properties": {
        "biognc": "non",
        "annee_ouverture": "2021",
        "kpi_ouverture": "1",
        "code_postal": "63100",
        "longitude": "3.132987",
        "statut": "ouverte",
        "paiement_carte_abonne": "oui",
        "pays": "France",
        "code_region": "84",
        "exploitant": "ENGIE Solutions",
        "departement": "Puy-de-Dôme",
        "gnl": "oui",
        "nom_region": "Auvergne-Rhône-Alpes",
        "mois_ouverture": "octobre",
        "geo": [
          45.802534,
          3.132987
        ],
        "acces_pl": "oui",
        "gnc": "oui",
        "carburant": "GNL , GNC",
        "paiement": "carte abonné",
        "paiement_cb": "non",
        "rue": "Gravanche - Rue Roland Moreno",
        "nom_commune": "CLERMONT FERRAND",
        "latitude": "45.802534",
        "paiement_cash": "non"
      }
    },
    {
      "type": "Feature",
      "geometry": {
        "type": "Point",
        "coordinates": [
          7.70945392549037,
          48.5955772795552
        ]
      },
      "properties": {
        "biognc": "oui",
        "annee_ouverture": "2012",
        "kpi_ouverture": "1",
        "code_postal": "67200",
        "longitude": "7.70945392549037",
        "statut": "ouverte",
        "paiement_carte_abonne": "oui",
        "pays": "France",
        "code_region": "44",
        "exploitant": "TotalEnergies",
        "departement": "Bas-Rhin",
        "gnl": "non",
        "nom_region": "Grand Est",
        "mois_ouverture": "RAS",
        "geo": [
          48.5955772795552,
          7.70945392549037
        ],
        "acces_pl": "oui",
        "gnc": "oui",
        "carburant": "GNC",
        "paiement": "Cash;CB;carte abonné",
        "paiement_cb": "oui",
        "rue": "142 route d'Oberhausbergen in Cronenbourg",
        "nom_commune": "STRASBOURG",
        "latitude": "48.5955772795552",
        "paiement_cash": "oui"
      }
    },
    {
      "type": "Feature",
      "geometry": {
        "type": "Point",
        "coordinates": [
          4.89014,
          43.9061
        ]
      },
      "properties": {
        "biognc": "oui",
        "annee_ouverture": "2020",
        "kpi_ouverture": "1",
        "code_postal": "84140",
        "longitude": "4.89014",
        "statut": "ouverte",
        "paiement_carte_abonne": "oui",
        "pays": "France",
        "code_region": "93",
        "exploitant": "TotalEnergies",
        "departement": "Vaucluse",
        "gnl": "non",
        "nom_region": "Provence-Alpes-Côte d'Azur",
        "mois_ouverture": "juillet",
        "geo": [
          43.9061,
          4.89014
        ],
        "acces_pl": "oui",
        "gnc": "oui",
        "carburant": "GNC",
        "paiement": "Cash;CB;carte abonné",
        "paiement_cb": "oui",
        "rue": "4316 route de Marseille",
        "nom_commune": "MONTFAVET",
        "latitude": "43.9061",
        "paiement_cash": "oui"
      }
    },
    {
      "type": "Feature",
      "geometry": {
        "type": "Point",
        "coordinates": [
          -0.094036,
          47.265939
        ]
      },
      "properties": {
        "biognc": "oui",
        "annee_ouverture": "2020",
        "kpi_ouverture": "1",
        "code_postal": "49400",
        "longitude": "-0.094036",
        "statut": "ouverte",
        "paiement_carte_abonne": "oui",
        "pays": "France",
        "code_region": "52",
        "exploitant": "Saumur Énergies Vertes",
        "departement": "Maine-et-Loire",
        "gnl": "non",
        "nom_region": "Pays de la Loire",
        "mois_ouverture": "janvier",
        "geo": [
          47.265939,
          -0.094036
        ],
        "acces_pl": "oui",
        "gnc": "oui",
        "carburant": "GNC",
        "paiement": "CB;carte abonné",
        "paiement_cb": "oui",
        "rue": "Rond-Point du Carrousel",
        "nom_commune": "SAUMUR",
        "latitude": "47.265939",
        "paiement_cash": "non"
      }
    },
    {
      "type": "Feature",
      "geometry": {
        "type": "Point",
        "coordinates": [
          5.7602858,
          45.198529
        ]
      },
      "properties": {
        "biognc": "oui",
        "annee_ouverture": "2019",
        "kpi_ouverture": "1",
        "code_postal": "38700",
        "longitude": "5.7602858",
        "statut": "ouverte",
        "paiement_carte_abonne": "oui",
        "pays": "France",
        "code_region": "84",
        "exploitant": "GEG",
        "departement": "Isère",
        "gnl": "non",
        "nom_region": "Auvergne-Rhône-Alpes",
        "mois_ouverture": "août",
        "geo": [
          45.198529,
          5.7602858
        ],
        "acces_pl": "oui",
        "gnc": "oui",
        "carburant": "GNC , BioGNC",
        "paiement": "CB;carte abonné",
        "paiement_cb": "oui",
        "rue": "51 chemin de la Carronnerie",
        "nom_commune": "LA TRONCHE",
        "latitude": "45.198529",
        "paiement_cash": "non"
      }
    },
    {
      "type": "Feature",
      "geometry": {
        "type": "Point",
        "coordinates": [
          -0.684474,
          47.838185
        ]
      },
      "properties": {
        "biognc": "oui",
        "annee_ouverture": "2019",
        "kpi_ouverture": "1",
        "code_postal": "53200",
        "longitude": "-0.684474",
        "statut": "ouverte",
        "paiement_carte_abonne": "oui",
        "pays": "France",
        "code_region": "52",
        "exploitant": "EVERGAZ",
        "departement": "Mayenne",
        "gnl": "non",
        "nom_region": "Pays de la Loire",
        "mois_ouverture": "avril",
        "geo": [
          47.838185,
          -0.684474
        ],
        "acces_pl": "oui",
        "gnc": "oui",
        "carburant": "GNC",
        "paiement": "CB;carte abonné",
        "paiement_cb": "oui",
        "rue": "rue de la Monairie - ZI de Bellitourne",
        "nom_commune": "AZE",
        "latitude": "47.838185",
        "paiement_cash": "non"
      }
    },
    {
      "type": "Feature",
      "geometry": {
        "type": "Point",
        "coordinates": [
          3.240637,
          49.843942
        ]
      },
      "properties": {
        "biognc": "oui",
        "annee_ouverture": "2018",
        "kpi_ouverture": "1",
        "code_postal": "02100",
        "longitude": "3.240637",
        "statut": "ouverte",
        "paiement_carte_abonne": "oui",
        "pays": "France",
        "code_region": "32",
        "exploitant": "GAZUP",
        "departement": "Aisne",
        "gnl": "non",
        "nom_region": "Hauts-de-France",
        "mois_ouverture": "septembre",
        "geo": [
          49.843942,
          3.240637
        ],
        "acces_pl": "oui",
        "gnc": "oui",
        "carburant": "GNC",
        "paiement": "CB;carte abonné",
        "paiement_cb": "oui",
        "rue": "rue Georges Charpak - parc des autoroutes",
        "nom_commune": "ST QUENTIN",
        "latitude": "49.843942",
        "paiement_cash": "non"
      }
    },
    {
      "type": "Feature",
      "geometry": {
        "type": "Point",
        "coordinates": [
          0.2815027,
          49.4815011
        ]
      },
      "properties": {
        "biognc": "non",
        "annee_ouverture": "2021",
        "kpi_ouverture": "1",
        "code_postal": "76430",
        "longitude": "0.2815027",
        "statut": "ouverte",
        "paiement_carte_abonne": "oui",
        "pays": "France",
        "code_region": "28",
        "exploitant": "ENGIE Solutions",
        "departement": "Seine-Maritime",
        "gnl": "oui",
        "nom_region": "Normandie",
        "mois_ouverture": "octobre",
        "geo": [
          49.4815011,
          0.2815027
        ],
        "acces_pl": "oui",
        "gnc": "oui",
        "carburant": "GNL , GNC",
        "paiement": "CB;carte abonné",
        "paiement_cb": "oui",
        "rue": "Route du Noroit Port 5167",
        "nom_commune": "OUDALLE",
        "latitude": "49.4815011",
        "paiement_cash": "non"
      }
    },
    {
      "type": "Feature",
      "geometry": {
        "type": "Point",
        "coordinates": [
          4.745585,
          45.989633
        ]
      },
      "properties": {
        "biognc": "oui",
        "annee_ouverture": "2020",
        "kpi_ouverture": "1",
        "code_postal": "69400",
        "longitude": "4.745585",
        "statut": "ouverte",
        "paiement_carte_abonne": "oui",
        "pays": "France",
        "code_region": "84",
        "exploitant": "AS24",
        "departement": "Rhône",
        "gnl": "non",
        "nom_region": "Auvergne-Rhône-Alpes",
        "mois_ouverture": "juillet",
        "geo": [
          45.989633,
          4.745585
        ],
        "acces_pl": "oui",
        "gnc": "oui",
        "carburant": "GNC",
        "paiement": "carte abonné",
        "paiement_cb": "non",
        "rue": "Avenue de l'Europe - ZI Nord Est",
        "nom_commune": "VILLEFRANCHE SUR SAONE",
        "latitude": "45.989633",
        "paiement_cash": "non"
      }
    },
    {
      "type": "Feature",
      "geometry": {
        "type": "Point",
        "coordinates": [
          7.207106,
          43.669697
        ]
      },
      "properties": {
        "biognc": "oui",
        "annee_ouverture": "2019",
        "kpi_ouverture": "1",
        "code_postal": "06000",
        "longitude": "7.207106",
        "statut": "ouverte",
        "paiement_carte_abonne": "oui",
        "pays": "France",
        "code_region": "93",
        "exploitant": "SEVEN",
        "departement": "Alpes-Maritimes",
        "gnl": "non",
        "nom_region": "Provence-Alpes-Côte d'Azur",
        "mois_ouverture": "juillet",
        "geo": [
          43.669697,
          7.207106
        ],
        "acces_pl": "oui",
        "gnc": "oui",
        "carburant": "GNC",
        "paiement": "carte abonné",
        "paiement_cb": "non",
        "rue": "Boulevard du Mercantour - MIN d'Azur",
        "nom_commune": "NICE",
        "latitude": "43.669697",
        "paiement_cash": "non"
      }
    },
    {
      "type": "Feature",
      "geometry": {
        "type": "Point",
        "coordinates": [
          1.927528,
          48.833778
        ]
      },
      "properties": {
        "biognc": "oui",
        "annee_ouverture": "2019",
        "kpi_ouverture": "1",
        "code_postal": "78850",
        "longitude": "1.927528",
        "statut": "ouverte",
        "paiement_carte_abonne": "oui",
        "pays": "France",
        "code_region": "11",
        "exploitant": "ENGIE Solutions",
        "departement": "Yvelines",
        "gnl": "non",
        "nom_region": "Île-de-France",
        "mois_ouverture": "ouverture au public",
        "geo": [
          48.833778,
          1.927528
        ],
        "acces_pl": "oui",
        "gnc": "oui",
        "carburant": "GNC",
        "paiement": "carte abonné",
        "paiement_cb": "non",
        "rue": "Chemin de Plaisir",
        "nom_commune": "THIVERVAL GRIGNON",
        "latitude": "48.833778",
        "paiement_cash": "non"
      }
    },
    {
      "type": "Feature",
      "geometry": {
        "type": "Point",
        "coordinates": [
          2.26627025,
          48.83500085
        ]
      },
      "properties": {
        "biognc": "oui",
        "annee_ouverture": "2021",
        "kpi_ouverture": "1",
        "code_postal": "75015",
        "longitude": "2.26627025",
        "statut": "ouverte",
        "paiement_carte_abonne": "oui",
        "pays": "France",
        "code_region": "11",
        "exploitant": "TotalEnergies",
        "departement": "Paris",
        "gnl": "non",
        "nom_region": "Île-de-France",
        "mois_ouverture": "février",
        "geo": [
          48.83500085,
          2.26627025
        ],
        "acces_pl": "oui",
        "gnc": "oui",
        "carburant": "GNC",
        "paiement": "CB;carte abonné",
        "paiement_cb": "oui",
        "rue": "Quai d'Issy les Moulineaux",
        "nom_commune": "PARIS",
        "latitude": "48.83500085",
        "paiement_cash": "non"
      }
    },
    {
      "type": "Feature",
      "geometry": {
        "type": "Point",
        "coordinates": [
          2.3748087885,
          48.900814679
        ]
      },
      "properties": {
        "biognc": "oui",
        "annee_ouverture": "2021",
        "kpi_ouverture": "1",
        "code_postal": "75019",
        "longitude": "2.3748087885",
        "statut": "ouverte",
        "paiement_carte_abonne": "oui",
        "pays": "France",
        "code_region": "11",
        "exploitant": "TotalEnergies",
        "departement": "Paris",
        "gnl": "non",
        "nom_region": "Île-de-France",
        "mois_ouverture": "mars",
        "geo": [
          48.900814679,
          2.3748087885
        ],
        "acces_pl": "oui",
        "gnc": "oui",
        "carburant": "GNC",
        "paiement": "CB;carte abonné",
        "paiement_cb": "oui",
        "rue": "Boulevard périphérique exterieur",
        "nom_commune": "PARIS",
        "latitude": "48.900814679",
        "paiement_cash": "non"
      }
    },
    {
      "type": "Feature",
      "geometry": {
        "type": "Point",
        "coordinates": [
          2.81721,
          50.29678
        ]
      },
      "properties": {
        "biognc": "oui",
        "annee_ouverture": "2024",
        "kpi_ouverture": "1",
        "code_postal": "62223",
        "longitude": "2.81721",
        "statut": "ouverte",
        "paiement_carte_abonne": "oui",
        "pays": "France",
        "code_region": "32",
        "exploitant": "Gazie",
        "departement": "Pas-de-Calais",
        "gnl": "non",
        "nom_region": "Hauts-de-France",
        "mois_ouverture": "octobre",
        "geo": [
          50.29678,
          2.81721
        ],
        "acces_pl": "oui",
        "gnc": "non",
        "carburant": "GNC",
        "paiement": "CB;carte abonné",
        "paiement_cb": "oui",
        "rue": "rue alfred Kastler",
        "nom_commune": "ST LAURENT BLANGY",
        "latitude": "50.29678",
        "paiement_cash": "non"
      }
    },
    {
      "type": "Feature",
      "geometry": {
        "type": "Point",
        "coordinates": [
          3.027935,
          48.381617
        ]
      },
      "properties": {
        "biognc": "oui",
        "annee_ouverture": "2021",
        "kpi_ouverture": "1",
        "code_postal": "77130",
        "longitude": "3.027935",
        "statut": "ouverte",
        "paiement_carte_abonne": "oui",
        "pays": "France",
        "code_region": "11",
        "exploitant": "ENDESA",
        "departement": "Seine-et-Marne",
        "gnl": "non",
        "nom_region": "Île-de-France",
        "mois_ouverture": "juin",
        "geo": [
          48.381617,
          3.027935
        ],
        "acces_pl": "oui",
        "gnc": "oui",
        "carburant": "GNC",
        "paiement": "CB;carte abonné",
        "paiement_cb": "oui",
        "rue": "Rue de la Croix Saint-Jacques",
        "nom_commune": "MAROLLES SUR SEINE",
        "latitude": "48.381617",
        "paiement_cash": "non"
      }
    },
    {
      "type": "Feature",
      "geometry": {
        "type": "Point",
        "coordinates": [
          4.004733,
          46.480896
        ]
      },
      "properties": {
        "biognc": "oui",
        "annee_ouverture": "2021",
        "kpi_ouverture": "1",
        "code_postal": "71160",
        "longitude": "4.004733",
        "statut": "ouverte",
        "paiement_carte_abonne": "oui",
        "pays": "France",
        "code_region": "27",
        "exploitant": "GAZUP",
        "departement": "Saône-et-Loire",
        "gnl": "non",
        "nom_region": "Bourgogne-Franche-Comté",
        "mois_ouverture": "août",
        "geo": [
          46.480896,
          4.004733
        ],
        "acces_pl": "oui",
        "gnc": "oui",
        "carburant": "GNC",
        "paiement": "CB;carte abonné",
        "paiement_cb": "oui",
        "rue": "Espace Industriel les Muriers",
        "nom_commune": "DIGOIN",
        "latitude": "46.480896",
        "paiement_cash": "non"
      }
    },
    {
      "type": "Feature",
      "geometry": {
        "type": "Point",
        "coordinates": [
          5.781,
          45.197
        ]
      },
      "properties": {
        "biognc": "oui",
        "annee_ouverture": "2023",
        "kpi_ouverture": "1",
        "code_postal": "38240",
        "longitude": "5.781",
        "statut": "ouverte",
        "paiement_carte_abonne": "oui",
        "pays": "France",
        "code_region": "84",
        "exploitant": "TotalEnergies",
        "departement": "Isère",
        "gnl": "non",
        "nom_region": "Auvergne-Rhône-Alpes",
        "mois_ouverture": "mars",
        "geo": [
          45.197,
          5.781
        ],
        "acces_pl": "oui",
        "gnc": "oui",
        "carburant": "GNC",
        "paiement": "CB;carte abonné",
        "paiement_cb": "oui",
        "rue": "RN 87 - Relais de Meylan",
        "nom_commune": "MEYLAN",
        "latitude": "45.197",
        "paiement_cash": "non"
      }
    },
    {
      "type": "Feature",
      "geometry": {
        "type": "Point",
        "coordinates": [
          -3.853455255362532,
          48.575646
        ]
      },
      "properties": {
        "biognc": "oui",
        "annee_ouverture": "2021",
        "kpi_ouverture": "1",
        "code_postal": "29600",
        "longitude": "-3.853455255362532",
        "statut": "ouverte",
        "paiement_carte_abonne": "oui",
        "pays": "France",
        "code_region": "53",
        "exploitant": "Bretagne mobilité GNV 29",
        "departement": "Finistère",
        "gnl": "non",
        "nom_region": "Bretagne",
        "mois_ouverture": "mars",
        "geo": [
          48.575646,
          -3.853455255362532
        ],
        "acces_pl": "oui",
        "gnc": "oui",
        "carburant": "GNC",
        "paiement": "CB;carte abonné",
        "paiement_cb": "oui",
        "rue": "route de Plouvorn",
        "nom_commune": "MORLAIX",
        "latitude": "48.575646",
        "paiement_cash": "non"
      }
    },
    {
      "type": "Feature",
      "geometry": {
        "type": "Point",
        "coordinates": [
          -2.094998,
          48.450336
        ]
      },
      "properties": {
        "biognc": "oui",
        "annee_ouverture": "2022",
        "kpi_ouverture": "1",
        "code_postal": "22100",
        "longitude": "-2.094998",
        "statut": "ouverte",
        "paiement_carte_abonne": "oui",
        "pays": "France",
        "code_region": "53",
        "exploitant": "Bretagne Mobilité GNV 22",
        "departement": "Côtes-d'Armor",
        "gnl": "non",
        "nom_region": "Bretagne",
        "mois_ouverture": "octobre",
        "geo": [
          48.450336,
          -2.094998
        ],
        "acces_pl": "oui",
        "gnc": "oui",
        "carburant": "GNC",
        "paiement": "CB;carte abonné",
        "paiement_cb": "oui",
        "rue": "ZA de Bel Air. route de Corseul",
        "nom_commune": "QUEVERT",
        "latitude": "48.450336",
        "paiement_cash": "non"
      }
    },
    {
      "type": "Feature",
      "geometry": {
        "type": "Point",
        "coordinates": [
          -1.939,
          48.187959
        ]
      },
      "properties": {
        "biognc": "oui",
        "annee_ouverture": "2021",
        "kpi_ouverture": "1",
        "code_postal": "35137",
        "longitude": "-1.939",
        "statut": "ouverte",
        "paiement_carte_abonne": "oui",
        "pays": "France",
        "code_region": "53",
        "exploitant": "Bretagne Mobilité GNV 35",
        "departement": "Ille-et-Vilaine",
        "gnl": "non",
        "nom_region": "Bretagne",
        "mois_ouverture": "septembre",
        "geo": [
          48.187959,
          -1.939
        ],
        "acces_pl": "oui",
        "gnc": "oui",
        "carburant": "GNC",
        "paiement": "CB;carte abonné",
        "paiement_cb": "oui",
        "rue": "ZA Les Gabrielles",
        "nom_commune": "BEDEE",
        "latitude": "48.187959",
        "paiement_cash": "non"
      }
    },
    {
      "type": "Feature",
      "geometry": {
        "type": "Point",
        "coordinates": [
          -1.91712,
          48.538009
        ]
      },
      "properties": {
        "biognc": "oui",
        "annee_ouverture": "2022",
        "kpi_ouverture": "1",
        "code_postal": "35540",
        "longitude": "-1.91712",
        "statut": "ouverte",
        "paiement_carte_abonne": "oui",
        "pays": "France",
        "code_region": "53",
        "exploitant": "Bretagne Mobilité GNV 35",
        "departement": "Ille-et-Vilaine",
        "gnl": "non",
        "nom_region": "Bretagne",
        "mois_ouverture": "juin",
        "geo": [
          48.538009,
          -1.91712
        ],
        "acces_pl": "oui",
        "gnc": "oui",
        "carburant": "GNC",
        "paiement": "CB;carte abonné",
        "paiement_cb": "oui",
        "rue": "ZAC Actipole",
        "nom_commune": "MINIAC MORVAN",
        "latitude": "48.538009",
        "paiement_cash": "non"
      }
    },
    {
      "type": "Feature",
      "geometry": {
        "type": "Point",
        "coordinates": [
          -1.848461,
          46.851616
        ]
      },
      "properties": {
        "biognc": "oui",
        "annee_ouverture": "2022",
        "kpi_ouverture": "1",
        "code_postal": "85300",
        "longitude": "-1.848461",
        "statut": "ouverte",
        "paiement_carte_abonne": "oui",
        "pays": "France",
        "code_region": "52",
        "exploitant": "Vendée GNV",
        "departement": "Vendée",
        "gnl": "non",
        "nom_region": "Pays de la Loire",
        "mois_ouverture": "mars",
        "geo": [
          46.851616,
          -1.848461
        ],
        "acces_pl": "oui",
        "gnc": "non",
        "carburant": "GNC",
        "paiement": "CB;carte abonné",
        "paiement_cb": "oui",
        "rue": "Le Puits Jacob",
        "nom_commune": "CHALLANS",
        "latitude": "46.851616",
        "paiement_cash": "non"
      }
    },
    {
      "type": "Feature",
      "geometry": {
        "type": "Point",
        "coordinates": [
          5.388319,
          43.424567
        ]
      },
      "properties": {
        "biognc": "non",
        "annee_ouverture": "2021",
        "kpi_ouverture": "1",
        "code_postal": "13320",
        "longitude": "5.388319",
        "statut": "ouverte",
        "paiement_carte_abonne": "oui",
        "pays": "France",
        "code_region": "93",
        "exploitant": "LIQVIS",
        "departement": "Bouches-du-Rhône",
        "gnl": "oui",
        "nom_region": "Provence-Alpes-Côte d'Azur",
        "mois_ouverture": "février",
        "geo": [
          43.424567,
          5.388319
        ],
        "acces_pl": "oui",
        "gnc": "non",
        "carburant": "GNL",
        "paiement": "carte abonné",
        "paiement_cb": "non",
        "rue": "rue du Baron Bich",
        "nom_commune": "BOUC BEL AIR",
        "latitude": "43.424567",
        "paiement_cash": "non"
      }
    },
    {
      "type": "Feature",
      "geometry": {
        "type": "Point",
        "coordinates": [
          6.115909,
          45.887976
        ]
      },
      "properties": {
        "biognc": "oui",
        "annee_ouverture": "2022",
        "kpi_ouverture": "1",
        "code_postal": "74000",
        "longitude": "6.115909",
        "statut": "ouverte",
        "paiement_carte_abonne": "oui",
        "pays": "France",
        "code_region": "84",
        "exploitant": "PROVIRIDIS / VGAS",
        "departement": "Haute Savoie",
        "gnl": "non",
        "nom_region": "Auvergne-Rhône-Alpes",
        "mois_ouverture": "juin",
        "geo": [
          45.887976,
          6.115909
        ],
        "acces_pl": "oui",
        "gnc": "oui",
        "carburant": "GNC",
        "paiement": "CB;carte abonné",
        "paiement_cb": "oui",
        "rue": "Avenue des Vieux Moulins",
        "nom_commune": "ANNECY",
        "latitude": "45.887976",
        "paiement_cash": "non"
      }
    },
    {
      "type": "Feature",
      "geometry": {
        "type": "Point",
        "coordinates": [
          7.762392,
          48.663533
        ]
      },
      "properties": {
        "biognc": "oui",
        "annee_ouverture": "2022",
        "kpi_ouverture": "1",
        "code_postal": "67116",
        "longitude": "7.762392",
        "statut": "ouverte",
        "paiement_carte_abonne": "oui",
        "pays": "France",
        "code_region": "44",
        "exploitant": "AS24",
        "departement": "Bas-Rhin",
        "gnl": "non",
        "nom_region": "Grand Est",
        "mois_ouverture": "avril",
        "geo": [
          48.663533,
          7.762392
        ],
        "acces_pl": "oui",
        "gnc": "oui",
        "carburant": "GNC",
        "paiement": "CB;carte abonné",
        "paiement_cb": "oui",
        "rue": "EcoParc Rhénan 395. RD37",
        "nom_commune": "REICHSTETT",
        "latitude": "48.663533",
        "paiement_cash": "non"
      }
    },
    {
      "type": "Feature",
      "geometry": {
        "type": "Point",
        "coordinates": [
          5.9418388,
          48.1991015
        ]
      },
      "properties": {
        "biognc": "oui",
        "annee_ouverture": "2024",
        "kpi_ouverture": "1",
        "code_postal": "88800",
        "longitude": "5.9418388",
        "statut": "ouverte",
        "paiement_carte_abonne": "non",
        "pays": "France",
        "code_region": "44",
        "exploitant": "METHA VAIR",
        "departement": "Vosges",
        "gnl": "non",
        "nom_region": "Grand Est",
        "mois_ouverture": "octobre",
        "geo": [
          48.1991015,
          5.9418388
        ],
        "acces_pl": "oui",
        "gnc": "non",
        "carburant": "GNC",
        "paiement": "CB",
        "paiement_cb": "oui",
        "rue": "Avenue Georges Clemenceau",
        "nom_commune": "VITTEL",
        "latitude": "48.1991015",
        "paiement_cash": "non"
      }
    },
    {
      "type": "Feature",
      "geometry": {
        "type": "Point",
        "coordinates": [
          -0.696674,
          47.467976
        ]
      },
      "properties": {
        "biognc": "oui",
        "annee_ouverture": "2024",
        "kpi_ouverture": "1",
        "code_postal": "49170",
        "longitude": "-0.696674",
        "statut": "ouverte",
        "paiement_carte_abonne": "oui",
        "pays": "France",
        "code_region": "52",
        "exploitant": "Alter Energies",
        "departement": "Maine-et-Loire",
        "gnl": "non",
        "nom_region": "Pays de la Loire",
        "mois_ouverture": "février",
        "geo": [
          47.467976,
          -0.696674
        ],
        "acces_pl": "oui",
        "gnc": "oui",
        "carburant": "GNC",
        "paiement": "CB;carte abonné",
        "paiement_cb": "oui",
        "rue": "Rue Roland Moréno",
        "nom_commune": "ST LEGER DE LINIERES",
        "latitude": "47.467976",
        "paiement_cash": "non"
      }
    },
    {
      "type": "Feature",
      "geometry": {
        "type": "Point",
        "coordinates": [
          5.893588,
          47.231766
        ]
      },
      "properties": {
        "biognc": "oui",
        "annee_ouverture": "2021",
        "kpi_ouverture": "1",
        "code_postal": "25320",
        "longitude": "5.893588",
        "statut": "ouverte",
        "paiement_carte_abonne": "oui",
        "pays": "France",
        "code_region": "27",
        "exploitant": "MOLGAS",
        "departement": "Doubs",
        "gnl": "oui",
        "nom_region": "Bourgogne-Franche-Comté",
        "mois_ouverture": "mai",
        "geo": [
          47.231766,
          5.893588
        ],
        "acces_pl": "oui",
        "gnc": "oui",
        "carburant": "GNL , GNC",
        "paiement": "carte abonné",
        "paiement_cb": "non",
        "rue": "Rue Claude Girard",
        "nom_commune": "CHEMAUDIN ET VAUX",
        "latitude": "47.231766",
        "paiement_cash": "non"
      }
    },
    {
      "type": "Feature",
      "geometry": {
        "type": "Point",
        "coordinates": [
          -1.976111,
          48.6372222
        ]
      },
      "properties": {
        "biognc": "oui",
        "annee_ouverture": "2024",
        "kpi_ouverture": "1",
        "code_postal": "35400",
        "longitude": "-1.976111",
        "statut": "ouverte",
        "paiement_carte_abonne": "oui",
        "pays": "France",
        "code_region": "53",
        "exploitant": "Bretagne Mobilité GNV 35",
        "departement": "Ille-et-Vilaine",
        "gnl": "non",
        "nom_region": "Bretagne",
        "mois_ouverture": "avril",
        "geo": [
          48.6372222,
          -1.976111
        ],
        "acces_pl": "oui",
        "gnc": "oui",
        "carburant": "GNC",
        "paiement": "CB;carte abonné",
        "paiement_cb": "oui",
        "rue": "rue de la grande rivière",
        "nom_commune": "ST MALO",
        "latitude": "48.6372222",
        "paiement_cash": "non"
      }
    },
    {
      "type": "Feature",
      "geometry": {
        "type": "Point",
        "coordinates": [
          4.84404,
          46.364961
        ]
      },
      "properties": {
        "biognc": "oui",
        "annee_ouverture": "2021",
        "kpi_ouverture": "1",
        "code_postal": "71000",
        "longitude": "4.844040",
        "statut": "ouverte",
        "paiement_carte_abonne": "oui",
        "pays": "France",
        "code_region": "27",
        "exploitant": "MOLGAS",
        "departement": "Saône-et-Loire",
        "gnl": "oui",
        "nom_region": "Bourgogne-Franche-Comté",
        "mois_ouverture": "mai",
        "geo": [
          46.364961,
          4.84404
        ],
        "acces_pl": "oui",
        "gnc": "oui",
        "carburant": "GNL , GNC",
        "paiement": "carte abonné",
        "paiement_cb": "non",
        "rue": "Rue du Château - ZA Mâcon Nord",
        "nom_commune": "SENNECE LES MACON",
        "latitude": "46.364961",
        "paiement_cash": "non"
      }
    },
    {
      "type": "Feature",
      "geometry": {
        "type": "Point",
        "coordinates": [
          -1.534741,
          48.109604
        ]
      },
      "properties": {
        "biognc": "oui",
        "annee_ouverture": "2021",
        "kpi_ouverture": "1",
        "code_postal": "35530",
        "longitude": "-1.534741",
        "statut": "ouverte",
        "paiement_carte_abonne": "oui",
        "pays": "France",
        "code_region": "53",
        "exploitant": "MOLGAS",
        "departement": "Ille-et-Vilaine",
        "gnl": "oui",
        "nom_region": "Bretagne",
        "mois_ouverture": "juin",
        "geo": [
          48.109604,
          -1.534741
        ],
        "acces_pl": "oui",
        "gnc": "oui",
        "carburant": "GNL , GNC",
        "paiement": "carte abonné",
        "paiement_cb": "non",
        "rue": "RD286 Le Clos des Daumiers",
        "nom_commune": "NOYAL SUR VILAINE",
        "latitude": "48.109604",
        "paiement_cash": "non"
      }
    },
    {
      "type": "Feature",
      "geometry": {
        "type": "Point",
        "coordinates": [
          6.173779,
          48.742454
        ]
      },
      "properties": {
        "biognc": "oui",
        "annee_ouverture": "2023",
        "kpi_ouverture": "1",
        "code_postal": "54250",
        "longitude": "6.173779",
        "statut": "ouverte",
        "paiement_carte_abonne": "oui",
        "pays": "France",
        "code_region": "44",
        "exploitant": "ENGIE Solutions",
        "departement": "Meurthe-et-Moselle",
        "gnl": "non",
        "nom_region": "Grand Est",
        "mois_ouverture": "décembre",
        "geo": [
          48.742454,
          6.173779
        ],
        "acces_pl": "oui",
        "gnc": "oui",
        "carburant": "GNC",
        "paiement": "carte abonné",
        "paiement_cb": "non",
        "rue": "Rue André Ampère",
        "nom_commune": "CHAMPIGNEULLES",
        "latitude": "48.742454",
        "paiement_cash": "non"
      }
    },
    {
      "type": "Feature",
      "geometry": {
        "type": "Point",
        "coordinates": [
          4.868409,
          44.902353
        ]
      },
      "properties": {
        "biognc": "oui",
        "annee_ouverture": "2023",
        "kpi_ouverture": "1",
        "code_postal": "26000",
        "longitude": "4.868409",
        "statut": "ouverte",
        "paiement_carte_abonne": "oui",
        "pays": "France",
        "code_region": "84",
        "exploitant": "Drôme Energies Distribution",
        "departement": "Drôme",
        "gnl": "non",
        "nom_region": "Auvergne-Rhône-Alpes",
        "mois_ouverture": "mars",
        "geo": [
          44.902353,
          4.868409
        ],
        "acces_pl": "oui",
        "gnc": "non",
        "carburant": "GNC",
        "paiement": "CB;carte abonné",
        "paiement_cb": "oui",
        "rue": "Avenue de la condamine",
        "nom_commune": "VALENCE",
        "latitude": "44.902353",
        "paiement_cash": "non"
      }
    },
    {
      "type": "Feature",
      "geometry": {
        "type": "Point",
        "coordinates": [
          5.481912,
          45.379287
        ]
      },
      "properties": {
        "biognc": "oui",
        "annee_ouverture": "2024",
        "kpi_ouverture": "1",
        "code_postal": "38140",
        "longitude": "5.481912",
        "statut": "ouverte",
        "paiement_carte_abonne": "oui",
        "pays": "France",
        "code_region": "84",
        "exploitant": "GEG",
        "departement": "Isère",
        "gnl": "non",
        "nom_region": "Auvergne-Rhône-Alpes",
        "mois_ouverture": "octobre",
        "geo": [
          45.379287,
          5.481912
        ],
        "acces_pl": "oui",
        "gnc": "oui",
        "carburant": "GNC , BioGNC",
        "paiement": "CB;carte abonné",
        "paiement_cb": "oui",
        "rue": "Chemin Neuf - ZAC Bièvre Dauphiné",
        "nom_commune": "APPRIEU",
        "latitude": "45.379287",
        "paiement_cash": "non"
      }
    },
    {
      "type": "Feature",
      "geometry": {
        "type": "Point",
        "coordinates": [
          4.164077,
          48.293365
        ]
      },
      "properties": {
        "biognc": "oui",
        "annee_ouverture": "2024",
        "kpi_ouverture": "1",
        "code_postal": "10410",
        "longitude": "4.164077",
        "statut": "ouverte",
        "paiement_carte_abonne": "oui",
        "pays": "France",
        "code_region": "44",
        "exploitant": "Panais Energie",
        "departement": "Aube",
        "gnl": "non",
        "nom_region": "Grand Est",
        "mois_ouverture": "juin",
        "geo": [
          48.293365,
          4.164077
        ],
        "acces_pl": "oui",
        "gnc": "non",
        "carburant": "GNC",
        "paiement": "CB;carte abonné",
        "paiement_cb": "oui",
        "rue": "Rue du 14 juillet",
        "nom_commune": "THENNELIERES",
        "latitude": "48.293365",
        "paiement_cash": "non"
      }
    },
    {
      "type": "Feature",
      "geometry": {
        "type": "Point",
        "coordinates": [
          4.85698,
          46.8249722
        ]
      },
      "properties": {
        "biognc": "oui",
        "annee_ouverture": "2021",
        "kpi_ouverture": "1",
        "code_postal": "71530",
        "longitude": "4.85698",
        "statut": "ouverte",
        "paiement_carte_abonne": "oui",
        "pays": "France",
        "code_region": "27",
        "exploitant": "PROVIRIDIS / VGAS",
        "departement": "Saône-et-Loire",
        "gnl": "oui",
        "nom_region": "Bourgogne-Franche-Comté",
        "mois_ouverture": "octobre",
        "geo": [
          46.8249722,
          4.85698
        ],
        "acces_pl": "oui",
        "gnc": "oui",
        "carburant": "GNL , GNC",
        "paiement": "CB;carte abonné",
        "paiement_cb": "oui",
        "rue": "Rue de l'Argentique",
        "nom_commune": "FRAGNES LA LOYERE",
        "latitude": "46.8249722",
        "paiement_cash": "non"
      }
    },
    {
      "type": "Feature",
      "geometry": {
        "type": "Point",
        "coordinates": [
          -0.47401,
          46.24621
        ]
      },
      "properties": {
        "biognc": "oui",
        "annee_ouverture": "2023",
        "kpi_ouverture": "1",
        "code_postal": "79270",
        "longitude": "-0.47401",
        "statut": "ouverte",
        "paiement_carte_abonne": "oui",
        "pays": "France",
        "code_region": "75",
        "exploitant": "Séolis Mobilités",
        "departement": "Deux-Sèvres",
        "gnl": "non",
        "nom_region": "Nouvelle-Aquitaine",
        "mois_ouverture": "septembre",
        "geo": [
          46.24621,
          -0.47401
        ],
        "acces_pl": "oui",
        "gnc": "oui",
        "carburant": "GNC",
        "paiement": "CB;carte abonné",
        "paiement_cb": "oui",
        "rue": "ZA de Pierailleuses rue georges Charpak",
        "nom_commune": "ST SYMPHORIEN",
        "latitude": "46.24621",
        "paiement_cash": "non"
      }
    },
    {
      "type": "Feature",
      "geometry": {
        "type": "Point",
        "coordinates": [
          5.256812,
          46.226739
        ]
      },
      "properties": {
        "biognc": "oui",
        "annee_ouverture": "2023",
        "kpi_ouverture": "1",
        "code_postal": "01000",
        "longitude": "5.256812",
        "statut": "ouverte",
        "paiement_carte_abonne": "oui",
        "pays": "France",
        "code_region": "84",
        "exploitant": "PROVIRIDIS / VGAS",
        "departement": "Ain",
        "gnl": "oui",
        "nom_region": "Auvergne-Rhône-Alpes",
        "mois_ouverture": "avril",
        "geo": [
          46.226739,
          5.256812
        ],
        "acces_pl": "oui",
        "gnc": "oui",
        "carburant": "GNL , GNC",
        "paiement": "CB;carte abonné",
        "paiement_cb": "oui",
        "rue": "Rue du Bois de Tharlet",
        "nom_commune": "BOURG EN BRESSE",
        "latitude": "46.226739",
        "paiement_cash": "non"
      }
    },
    {
      "type": "Feature",
      "geometry": {
        "type": "Point",
        "coordinates": [
          5.016525,
          43.823463
        ]
      },
      "properties": {
        "biognc": "oui",
        "annee_ouverture": "2020",
        "kpi_ouverture": "1",
        "code_postal": "13750",
        "longitude": "5.016525",
        "statut": "ouverte",
        "paiement_carte_abonne": "oui",
        "pays": "France",
        "code_region": "93",
        "exploitant": "PROVIRIDIS / VGAS",
        "departement": "Bouches-du-Rhône",
        "gnl": "oui",
        "nom_region": "Provence-Alpes-Côte d'Azur",
        "mois_ouverture": "octobre",
        "geo": [
          43.823463,
          5.016525
        ],
        "acces_pl": "oui",
        "gnc": "oui",
        "carburant": "GNL , GNC",
        "paiement": "carte abonné",
        "paiement_cb": "non",
        "rue": "Avenue des Vergers",
        "nom_commune": "PLAN D ORGNON",
        "latitude": "43.823463",
        "paiement_cash": "non"
      }
    },
    {
      "type": "Feature",
      "geometry": {
        "type": "Point",
        "coordinates": [
          5.048606,
          43.64009
        ]
      },
      "properties": {
        "biognc": "oui",
        "annee_ouverture": "2024",
        "kpi_ouverture": "1",
        "code_postal": "13300",
        "longitude": "5.048606",
        "statut": "ouverte",
        "paiement_carte_abonne": "oui",
        "pays": "France",
        "code_region": "93",
        "exploitant": "TotalEnergies",
        "departement": "Bouches-du-Rhône",
        "gnl": "non",
        "nom_region": "Provence-Alpes-Côte d'Azur",
        "mois_ouverture": "octobre",
        "geo": [
          43.64009,
          5.048606
        ],
        "acces_pl": "oui",
        "gnc": "oui",
        "carburant": "GNC",
        "paiement": "CB;carte abonné",
        "paiement_cb": "oui",
        "rue": "A préciser",
        "nom_commune": "SALON DE PROVENCE",
        "latitude": "43.64009",
        "paiement_cash": "non"
      }
    },
    {
      "type": "Feature",
      "geometry": {
        "type": "Point",
        "coordinates": [
          5.106837,
          45.662134
        ]
      },
      "properties": {
        "biognc": "non",
        "annee_ouverture": "2018",
        "kpi_ouverture": "1",
        "code_postal": "38070",
        "longitude": "5.106837",
        "statut": "ouverte",
        "paiement_carte_abonne": "oui",
        "pays": "France",
        "code_region": "84",
        "exploitant": "PROVIRIDIS / VGAS",
        "departement": "Isère",
        "gnl": "oui",
        "nom_region": "Auvergne-Rhône-Alpes",
        "mois_ouverture": "juin",
        "geo": [
          45.662134,
          5.106837
        ],
        "acces_pl": "oui",
        "gnc": "non",
        "carburant": "GNL",
        "paiement": "carte abonné",
        "paiement_cb": "non",
        "rue": "Rue du parc Forestier - ZAC de Chesnes Nord",
        "nom_commune": "ST QUENTIN FALLAVIER",
        "latitude": "45.662134",
        "paiement_cash": "non"
      }
    },
    {
      "type": "Feature",
      "geometry": {
        "type": "Point",
        "coordinates": [
          0.095415,
          48.44947
        ]
      },
      "properties": {
        "biognc": "non",
        "annee_ouverture": "2019",
        "kpi_ouverture": "1",
        "code_postal": "61250",
        "longitude": "0.095415",
        "statut": "ouverte",
        "paiement_carte_abonne": "oui",
        "pays": "France",
        "code_region": "28",
        "exploitant": "TE 61",
        "departement": "Orne",
        "gnl": "non",
        "nom_region": "Normandie",
        "mois_ouverture": "RAS",
        "geo": [
          48.44947,
          0.095415
        ],
        "acces_pl": "non",
        "gnc": "oui",
        "carburant": "GNC",
        "paiement": "carte abonné",
        "paiement_cb": "non",
        "rue": "Rue Gatel",
        "nom_commune": "VALFRAMBERT",
        "latitude": "48.44947",
        "paiement_cash": "non"
      }
    },
    {
      "type": "Feature",
      "geometry": {
        "type": "Point",
        "coordinates": [
          2.21100524067878,
          48.6643734233119
        ]
      },
      "properties": {
        "biognc": "oui",
        "annee_ouverture": "2012",
        "kpi_ouverture": "1",
        "code_postal": "91460",
        "longitude": "2.21100524067878",
        "statut": "ouverte",
        "paiement_carte_abonne": "oui",
        "pays": "France",
        "code_region": "11",
        "exploitant": "ENGIE Solutions",
        "departement": "Essonne",
        "gnl": "non",
        "nom_region": "Île-de-France",
        "mois_ouverture": "RAS",
        "geo": [
          48.6643734233119,
          2.21100524067878
        ],
        "acces_pl": "oui",
        "gnc": "oui",
        "carburant": "GNC",
        "paiement": "CB;carte abonné",
        "paiement_cb": "oui",
        "rue": "5 rue Angiboust - ZI de la Fontaine Jouvence",
        "nom_commune": "MARCOUSSIS",
        "latitude": "48.6643734233119",
        "paiement_cash": "non"
      }
    },
    {
      "type": "Feature",
      "geometry": {
        "type": "Point",
        "coordinates": [
          -0.31,
          46.3483
        ]
      },
      "properties": {
        "biognc": "oui",
        "annee_ouverture": "2023",
        "kpi_ouverture": "1",
        "code_postal": "79260",
        "longitude": "-0.31",
        "statut": "ouverte",
        "paiement_carte_abonne": "oui",
        "pays": "France",
        "code_region": "75",
        "exploitant": "AS24",
        "departement": "Deux-Sèvres",
        "gnl": "oui",
        "nom_region": "Nouvelle-Aquitaine",
        "mois_ouverture": "mai",
        "geo": [
          46.3483,
          -0.31
        ],
        "acces_pl": "oui",
        "gnc": "oui",
        "carburant": "GNL , GNC",
        "paiement": "CB;carte abonné",
        "paiement_cb": "oui",
        "rue": "Échangeur 22 - Centre Routier",
        "nom_commune": "LA CRECHE",
        "latitude": "46.3483",
        "paiement_cash": "non"
      }
    },
    {
      "type": "Feature",
      "geometry": {
        "type": "Point",
        "coordinates": [
          -1.6252361,
          48.0991293
        ]
      },
      "properties": {
        "biognc": "oui",
        "annee_ouverture": "2019",
        "kpi_ouverture": "1",
        "code_postal": "35000",
        "longitude": "-1.6252361",
        "statut": "ouverte",
        "paiement_carte_abonne": "oui",
        "pays": "France",
        "code_region": "53",
        "exploitant": "AS24",
        "departement": "Ille-et-Vilaine",
        "gnl": "non",
        "nom_region": "Bretagne",
        "mois_ouverture": "décembre",
        "geo": [
          48.0991293,
          -1.6252361
        ],
        "acces_pl": "oui",
        "gnc": "non",
        "carburant": "GNC",
        "paiement": "carte abonné",
        "paiement_cb": "non",
        "rue": "rue de la frébardière",
        "nom_commune": "RENNES",
        "latitude": "48.0991293",
        "paiement_cash": "non"
      }
    },
    {
      "type": "Feature",
      "geometry": {
        "type": "Point",
        "coordinates": [
          -0.4871,
          44.914306
        ]
      },
      "properties": {
        "biognc": "oui",
        "annee_ouverture": "2019",
        "kpi_ouverture": "1",
        "code_postal": "33560",
        "longitude": "-0.4871",
        "statut": "ouverte",
        "paiement_carte_abonne": "oui",
        "pays": "France",
        "code_region": "75",
        "exploitant": "AS24",
        "departement": "Gironde",
        "gnl": "non",
        "nom_region": "Nouvelle-Aquitaine",
        "mois_ouverture": "décembre",
        "geo": [
          44.914306,
          -0.4871
        ],
        "acces_pl": "oui",
        "gnc": "oui",
        "carburant": "GNC",
        "paiement": "carte abonné",
        "paiement_cb": "non",
        "rue": "Rue des Frères Lumières",
        "nom_commune": "CARBON BLANC",
        "latitude": "44.914306",
        "paiement_cash": "non"
      }
    },
    {
      "type": "Feature",
      "geometry": {
        "type": "Point",
        "coordinates": [
          -1.6255,
          48.0991
        ]
      },
      "properties": {
        "biognc": "oui",
        "annee_ouverture": "2019",
        "kpi_ouverture": "1",
        "code_postal": "35135",
        "longitude": "-1.6255",
        "statut": "ouverte",
        "paiement_carte_abonne": "oui",
        "pays": "France",
        "code_region": "53",
        "exploitant": "AS24",
        "departement": "Ille-et-Vilaine",
        "gnl": "non",
        "nom_region": "Bretagne",
        "mois_ouverture": "décembre",
        "geo": [
          48.0991,
          -1.6255
        ],
        "acces_pl": "oui",
        "gnc": "oui",
        "carburant": "GNC",
        "paiement": "carte abonné",
        "paiement_cb": "non",
        "rue": "ZI de Chantepie",
        "nom_commune": "CHANTEPIE",
        "latitude": "48.0991",
        "paiement_cash": "non"
      }
    },
    {
      "type": "Feature",
      "geometry": {
        "type": "Point",
        "coordinates": [
          3.949191,
          43.651023
        ]
      },
      "properties": {
        "biognc": "non",
        "annee_ouverture": "2021",
        "kpi_ouverture": "1",
        "code_postal": "34740",
        "longitude": "3.949191",
        "statut": "ouverte",
        "paiement_carte_abonne": "oui",
        "pays": "France",
        "code_region": "76",
        "exploitant": "AVIA - PRIMAGAZ",
        "departement": "Hérault",
        "gnl": "oui",
        "nom_region": "Occitanie",
        "mois_ouverture": "octobre",
        "geo": [
          43.651023,
          3.949191
        ],
        "acces_pl": "oui",
        "gnc": "oui",
        "carburant": "GNL , GNC",
        "paiement": "CB;carte abonné",
        "paiement_cb": "oui",
        "rue": "ZI du Salaison",
        "nom_commune": "VENDARGUES",
        "latitude": "43.651023",
        "paiement_cash": "non"
      }
    },
    {
      "type": "Feature",
      "geometry": {
        "type": "Point",
        "coordinates": [
          7.087186,
          49.107248
        ]
      },
      "properties": {
        "biognc": "oui",
        "annee_ouverture": "2018",
        "kpi_ouverture": "1",
        "code_postal": "57200",
        "longitude": "7.087186",
        "statut": "ouverte",
        "paiement_carte_abonne": "oui",
        "pays": "France",
        "code_region": "44",
        "exploitant": "ENDESA",
        "departement": "Moselle",
        "gnl": "non",
        "nom_region": "Grand Est",
        "mois_ouverture": "septembre",
        "geo": [
          49.107248,
          7.087186
        ],
        "acces_pl": "oui",
        "gnc": "oui",
        "carburant": "GNC",
        "paiement": "CB;carte abonné",
        "paiement_cb": "oui",
        "rue": "1 rue Jean Baptiste Dumaire",
        "nom_commune": "SARREGUEMINES",
        "latitude": "49.107248",
        "paiement_cash": "non"
      }
    },
    {
      "type": "Feature",
      "geometry": {
        "type": "Point",
        "coordinates": [
          7.69338984042406,
          48.5211616197091
        ]
      },
      "properties": {
        "biognc": "oui",
        "annee_ouverture": "2014",
        "kpi_ouverture": "1",
        "code_postal": "67118",
        "longitude": "7.69338984042406",
        "statut": "ouverte",
        "paiement_carte_abonne": "oui",
        "pays": "France",
        "code_region": "44",
        "exploitant": "ES Energies",
        "departement": "Bas-Rhin",
        "gnl": "non",
        "nom_region": "Grand Est",
        "mois_ouverture": "RAS",
        "geo": [
          48.5211616197091,
          7.69338984042406
        ],
        "acces_pl": "non",
        "gnc": "oui",
        "carburant": "GNC",
        "paiement": "CB;carte abonné",
        "paiement_cb": "oui",
        "rue": "1 rue du Fort - La Vigie",
        "nom_commune": "GEISPOLSHEIM",
        "latitude": "48.5211616197091",
        "paiement_cash": "non"
      }
    },
    {
      "type": "Feature",
      "geometry": {
        "type": "Point",
        "coordinates": [
          2.369223,
          48.602659
        ]
      },
      "properties": {
        "biognc": "non",
        "annee_ouverture": "2017",
        "kpi_ouverture": "1",
        "code_postal": "91070",
        "longitude": "2.369223",
        "statut": "ouverte",
        "paiement_carte_abonne": "oui",
        "pays": "France",
        "code_region": "11",
        "exploitant": "ENGIE Solutions",
        "departement": "Essonne",
        "gnl": "oui",
        "nom_region": "Île-de-France",
        "mois_ouverture": "RAS",
        "geo": [
          48.602659,
          2.369223
        ],
        "acces_pl": "oui",
        "gnc": "oui",
        "carburant": "GNL , GNC",
        "paiement": "CB;carte abonné",
        "paiement_cb": "oui",
        "rue": "Rue de la Mare aux Joncs",
        "nom_commune": "BONDOUFLE",
        "latitude": "48.602659",
        "paiement_cash": "non"
      }
    },
    {
      "type": "Feature",
      "geometry": {
        "type": "Point",
        "coordinates": [
          2.188926,
          48.900841
        ]
      },
      "properties": {
        "biognc": "oui",
        "annee_ouverture": "2018",
        "kpi_ouverture": "1",
        "code_postal": "92000",
        "longitude": "2.188926",
        "statut": "ouverte",
        "paiement_carte_abonne": "oui",
        "pays": "France",
        "code_region": "11",
        "exploitant": "ENGIE Solutions",
        "departement": "Hauts-de-Seine",
        "gnl": "non",
        "nom_region": "Île-de-France",
        "mois_ouverture": "septembre",
        "geo": [
          48.900841,
          2.188926
        ],
        "acces_pl": "oui",
        "gnc": "oui",
        "carburant": "GNC",
        "paiement": "CB;carte abonné",
        "paiement_cb": "non",
        "rue": "1 rue Kléber",
        "nom_commune": "NANTERRE",
        "latitude": "48.900841",
        "paiement_cash": "non"
      }
    },
    {
      "type": "Feature",
      "geometry": {
        "type": "Point",
        "coordinates": [
          4.921162,
          45.670149
        ]
      },
      "properties": {
        "biognc": "oui",
        "annee_ouverture": "2018",
        "kpi_ouverture": "1",
        "code_postal": "69960",
        "longitude": "4.921162",
        "statut": "ouverte",
        "paiement_carte_abonne": "oui",
        "pays": "France",
        "code_region": "84",
        "exploitant": "ENGIE Solutions",
        "departement": "Rhône",
        "gnl": "non",
        "nom_region": "Auvergne-Rhône-Alpes",
        "mois_ouverture": "juillet",
        "geo": [
          45.670149,
          4.921162
        ],
        "acces_pl": "oui",
        "gnc": "oui",
        "carburant": "GNC",
        "paiement": "CB;carte abonné",
        "paiement_cb": "oui",
        "rue": "Rue Marcel Mérieux",
        "nom_commune": "CORBAS",
        "latitude": "45.670149",
        "paiement_cash": "non"
      }
    },
    {
      "type": "Feature",
      "geometry": {
        "type": "Point",
        "coordinates": [
          2.36036136746406,
          48.7518963504815
        ]
      },
      "properties": {
        "biognc": "non",
        "annee_ouverture": "2015",
        "kpi_ouverture": "1",
        "code_postal": "94150",
        "longitude": "2.36036136746406",
        "statut": "ouverte",
        "paiement_carte_abonne": "oui",
        "pays": "France",
        "code_region": "11",
        "exploitant": "ENGIE Solutions",
        "departement": "Val-de-Marne",
        "gnl": "oui",
        "nom_region": "Île-de-France",
        "mois_ouverture": "RAS",
        "geo": [
          48.7518963504815,
          2.36036136746406
        ],
        "acces_pl": "oui",
        "gnc": "oui",
        "carburant": "GNL , GNC",
        "paiement": "CB;carte abonné",
        "paiement_cb": "oui",
        "rue": "Place de la Logistique",
        "nom_commune": "RUNGIS",
        "latitude": "48.7518963504815",
        "paiement_cash": "non"
      }
    },
    {
      "type": "Feature",
      "geometry": {
        "type": "Point",
        "coordinates": [
          -1.78488,
          48.088143
        ]
      },
      "properties": {
        "biognc": "non",
        "annee_ouverture": "2018",
        "kpi_ouverture": "1",
        "code_postal": "35650",
        "longitude": "-1.784880",
        "statut": "ouverte",
        "paiement_carte_abonne": "oui",
        "pays": "France",
        "code_region": "53",
        "exploitant": "ENGIE Solutions",
        "departement": "Ille-et-Vilaine",
        "gnl": "non",
        "nom_region": "Bretagne",
        "mois_ouverture": "juin",
        "geo": [
          48.088143,
          -1.78488
        ],
        "acces_pl": "oui",
        "gnc": "oui",
        "carburant": "GNC",
        "paiement": "CB;carte abonné",
        "paiement_cb": "oui",
        "rue": "ZAC les Cormiers - Rue des Cormiers",
        "nom_commune": "LE RHEU",
        "latitude": "48.088143",
        "paiement_cash": "non"
      }
    },
    {
      "type": "Feature",
      "geometry": {
        "type": "Point",
        "coordinates": [
          -1.339769,
          46.668995
        ]
      },
      "properties": {
        "biognc": "oui",
        "annee_ouverture": "2018",
        "kpi_ouverture": "1",
        "code_postal": "85310",
        "longitude": "-1.339769",
        "statut": "ouverte",
        "paiement_carte_abonne": "oui",
        "pays": "France",
        "code_region": "52",
        "exploitant": "Vendée GNV",
        "departement": "Vendée",
        "gnl": "non",
        "nom_region": "Pays de la Loire",
        "mois_ouverture": "juin",
        "geo": [
          46.668995,
          -1.339769
        ],
        "acces_pl": "oui",
        "gnc": "non",
        "carburant": "GNC",
        "paiement": "CB;carte abonné",
        "paiement_cb": "oui",
        "rue": "Route de l'Empereur",
        "nom_commune": "LA CHAIZE LE VICOMTE",
        "latitude": "46.668995",
        "paiement_cash": "non"
      }
    },
    {
      "type": "Feature",
      "geometry": {
        "type": "Point",
        "coordinates": [
          2.597703,
          48.892495
        ]
      },
      "properties": {
        "biognc": "non",
        "annee_ouverture": "2021",
        "kpi_ouverture": "1",
        "code_postal": "77500",
        "longitude": "2.597703",
        "statut": "ouverte",
        "paiement_carte_abonne": "oui",
        "pays": "France",
        "code_region": "11",
        "exploitant": "ENGIE Solutions",
        "departement": "Seine-et-Marne",
        "gnl": "oui",
        "nom_region": "Île-de-France",
        "mois_ouverture": "mars",
        "geo": [
          48.892495,
          2.597703
        ],
        "acces_pl": "oui",
        "gnc": "oui",
        "carburant": "GNL , GNC",
        "paiement": "carte abonné",
        "paiement_cb": "non",
        "rue": "52 rue Henry Becquerel",
        "nom_commune": "CHELLES",
        "latitude": "48.892495",
        "paiement_cash": "non"
      }
    },
    {
      "type": "Feature",
      "geometry": {
        "type": "Point",
        "coordinates": [
          2.309302,
          48.722674
        ]
      },
      "properties": {
        "biognc": "oui",
        "annee_ouverture": "2019",
        "kpi_ouverture": "1",
        "code_postal": "91320",
        "longitude": "2.309302",
        "statut": "ouverte",
        "paiement_carte_abonne": "oui",
        "pays": "France",
        "code_region": "11",
        "exploitant": "ENDESA",
        "departement": "Essonne",
        "gnl": "non",
        "nom_region": "Île-de-France",
        "mois_ouverture": "novembre",
        "geo": [
          48.722674,
          2.309302
        ],
        "acces_pl": "oui",
        "gnc": "oui",
        "carburant": "GNC",
        "paiement": "CB;carte abonné",
        "paiement_cb": "oui",
        "rue": "ZAC du haut de Wissous II. Chemin de la Croix Brisée",
        "nom_commune": "WISSOUS",
        "latitude": "48.722674",
        "paiement_cash": "non"
      }
    },
    {
      "type": "Feature",
      "geometry": {
        "type": "Point",
        "coordinates": [
          5.60638,
          43.4608
        ]
      },
      "properties": {
        "biognc": "non",
        "annee_ouverture": "2022",
        "kpi_ouverture": "1",
        "code_postal": "13710",
        "longitude": "5.60638",
        "statut": "ouverte",
        "paiement_carte_abonne": "oui",
        "pays": "France",
        "code_region": "93",
        "exploitant": "ENGIE Solutions",
        "departement": "Bouches-du-Rhône",
        "gnl": "non",
        "nom_region": "Provence-Alpes-Côte d'Azur",
        "mois_ouverture": "mars",
        "geo": [
          43.4608,
          5.60638
        ],
        "acces_pl": "oui",
        "gnc": "oui",
        "carburant": "GNC",
        "paiement": "CB;carte abonné",
        "paiement_cb": "oui",
        "rue": "RD 6 - ZAC Saint Charles",
        "nom_commune": "FUVEAU",
        "latitude": "43.4608",
        "paiement_cash": "non"
      }
    },
    {
      "type": "Feature",
      "geometry": {
        "type": "Point",
        "coordinates": [
          2.446981,
          48.892892
        ]
      },
      "properties": {
        "biognc": "oui",
        "annee_ouverture": "2019",
        "kpi_ouverture": "1",
        "code_postal": "93130",
        "longitude": "2.446981",
        "statut": "ouverte",
        "paiement_carte_abonne": "oui",
        "pays": "France",
        "code_region": "11",
        "exploitant": "ENGIE Solutions",
        "departement": "Seine-Saint-Denis",
        "gnl": "non",
        "nom_region": "Île-de-France",
        "mois_ouverture": "ouverture au public",
        "geo": [
          48.892892,
          2.446981
        ],
        "acces_pl": "oui",
        "gnc": "oui",
        "carburant": "GNC",
        "paiement": "CB;carte abonné",
        "paiement_cb": "non",
        "rue": "42 Rue Léo Lagrange",
        "nom_commune": "NOISY LE SEC",
        "latitude": "48.892892",
        "paiement_cash": "non"
      }
    },
    {
      "type": "Feature",
      "geometry": {
        "type": "Point",
        "coordinates": [
          2.3734753159,
          48.900249771
        ]
      },
      "properties": {
        "biognc": "oui",
        "annee_ouverture": "2021",
        "kpi_ouverture": "1",
        "code_postal": "75019",
        "longitude": "2.3734753159",
        "statut": "ouverte",
        "paiement_carte_abonne": "oui",
        "pays": "France",
        "code_region": "11",
        "exploitant": "TotalEnergies",
        "departement": "Paris",
        "gnl": "non",
        "nom_region": "Île-de-France",
        "mois_ouverture": "octobre",
        "geo": [
          48.900249771,
          2.3734753159
        ],
        "acces_pl": "oui",
        "gnc": "oui",
        "carburant": "GNC",
        "paiement": "CB;carte abonné",
        "paiement_cb": "oui",
        "rue": "Boulevard périphérique intérieur",
        "nom_commune": "PARIS",
        "latitude": "48.900249771",
        "paiement_cash": "non"
      }
    },
    {
      "type": "Feature",
      "geometry": {
        "type": "Point",
        "coordinates": [
          2.359673,
          48.945542
        ]
      },
      "properties": {
        "biognc": "oui",
        "annee_ouverture": "2023",
        "kpi_ouverture": "1",
        "code_postal": "93200",
        "longitude": "2.359673",
        "statut": "ouverte",
        "paiement_carte_abonne": "oui",
        "pays": "France",
        "code_region": "11",
        "exploitant": "ENDESA",
        "departement": "Seine-Saint-Denis",
        "gnl": "non",
        "nom_region": "Île-de-France",
        "mois_ouverture": "juillet",
        "geo": [
          48.945542,
          2.359673
        ],
        "acces_pl": "non",
        "gnc": "oui",
        "carburant": "GNC",
        "paiement": "CB;carte abonné",
        "paiement_cb": "oui",
        "rue": "54 avenue Lénine",
        "nom_commune": "ST DENIS",
        "latitude": "48.945542",
        "paiement_cash": "non"
      }
    },
    {
      "type": "Feature",
      "geometry": {
        "type": "Point",
        "coordinates": [
          -0.557063,
          44.888117
        ]
      },
      "properties": {
        "biognc": "oui",
        "annee_ouverture": "2018",
        "kpi_ouverture": "1",
        "code_postal": "33300",
        "longitude": "-0.557063",
        "statut": "ouverte",
        "paiement_carte_abonne": "oui",
        "pays": "France",
        "code_region": "75",
        "exploitant": "GAZUP",
        "departement": "Gironde",
        "gnl": "oui",
        "nom_region": "Nouvelle-Aquitaine",
        "mois_ouverture": "janvier",
        "geo": [
          44.888117,
          -0.557063
        ],
        "acces_pl": "oui",
        "gnc": "oui",
        "carburant": "GNL , GNC",
        "paiement": "CB;carte abonné",
        "paiement_cb": "oui",
        "rue": "Avenue des trois Cardinaux - sortie 4 autoroute A630",
        "nom_commune": "BORDEAUX",
        "latitude": "44.888117",
        "paiement_cash": "non"
      }
    },
    {
      "type": "Feature",
      "geometry": {
        "type": "Point",
        "coordinates": [
          -1.14358395338058,
          43.8716593726957
        ]
      },
      "properties": {
        "biognc": "oui",
        "annee_ouverture": "2014",
        "kpi_ouverture": "1",
        "code_postal": "40260",
        "longitude": "-1.14358395338058",
        "statut": "ouverte",
        "paiement_carte_abonne": "oui",
        "pays": "France",
        "code_region": "75",
        "exploitant": "GAZUP",
        "departement": "Landes",
        "gnl": "oui",
        "nom_region": "Nouvelle-Aquitaine",
        "mois_ouverture": "septembre",
        "geo": [
          43.8716593726957,
          -1.14358395338058
        ],
        "acces_pl": "oui",
        "gnc": "oui",
        "carburant": "GNL , GNC",
        "paiement": "CB;carte abonné",
        "paiement_cb": "oui",
        "rue": "Rue des Mousquetaires",
        "nom_commune": "CASTETS",
        "latitude": "43.8716593726957",
        "paiement_cash": "non"
      }
    },
    {
      "type": "Feature",
      "geometry": {
        "type": "Point",
        "coordinates": [
          0.314925600000037,
          46.6109112
        ]
      },
      "properties": {
        "biognc": "oui",
        "annee_ouverture": "2016",
        "kpi_ouverture": "1",
        "code_postal": "86440",
        "longitude": "0.314925600000037",
        "statut": "ouverte",
        "paiement_carte_abonne": "oui",
        "pays": "France",
        "code_region": "75",
        "exploitant": "GAZUP",
        "departement": "Vienne",
        "gnl": "oui",
        "nom_region": "Nouvelle-Aquitaine",
        "mois_ouverture": "octobre",
        "geo": [
          46.6109112,
          0.314925600000037
        ],
        "acces_pl": "oui",
        "gnc": "oui",
        "carburant": "GNL , GNC",
        "paiement": "CB;carte abonné",
        "paiement_cb": "oui",
        "rue": "123 rue des entreprises",
        "nom_commune": "MIGNE AUXANCES",
        "latitude": "46.6109112",
        "paiement_cash": "non"
      }
    },
    {
      "type": "Feature",
      "geometry": {
        "type": "Point",
        "coordinates": [
          -0.267418,
          44.5392534
        ]
      },
      "properties": {
        "biognc": "oui",
        "annee_ouverture": "2021",
        "kpi_ouverture": "1",
        "code_postal": "33210",
        "longitude": "-0.267418",
        "statut": "ouverte",
        "paiement_carte_abonne": "oui",
        "pays": "France",
        "code_region": "75",
        "exploitant": "GAZUP",
        "departement": "Gironde",
        "gnl": "non",
        "nom_region": "Nouvelle-Aquitaine",
        "mois_ouverture": "mars",
        "geo": [
          44.5392534,
          -0.267418
        ],
        "acces_pl": "oui",
        "gnc": "oui",
        "carburant": "GNC",
        "paiement": "CB;carte abonné",
        "paiement_cb": "oui",
        "rue": "Av Leo Lagrange",
        "nom_commune": "LANGON",
        "latitude": "44.5392534",
        "paiement_cash": "non"
      }
    },
    {
      "type": "Feature",
      "geometry": {
        "type": "Point",
        "coordinates": [
          -2.78191,
          48.467224
        ]
      },
      "properties": {
        "biognc": "oui",
        "annee_ouverture": "2022",
        "kpi_ouverture": "1",
        "code_postal": "22950",
        "longitude": "-2.78191",
        "statut": "ouverte",
        "paiement_carte_abonne": "oui",
        "pays": "France",
        "code_region": "53",
        "exploitant": "Bretagne Mobilité GNV 22",
        "departement": "Côtes-d'Armor",
        "gnl": "non",
        "nom_region": "Bretagne",
        "mois_ouverture": "novembre",
        "geo": [
          48.467224,
          -2.78191
        ],
        "acces_pl": "oui",
        "gnc": "oui",
        "carburant": "GNC",
        "paiement": "CB;carte abonné",
        "paiement_cb": "oui",
        "rue": "rue Sébastienne GUYOT",
        "nom_commune": "TREGUEUX",
        "latitude": "48.467224",
        "paiement_cash": "non"
      }
    },
    {
      "type": "Feature",
      "geometry": {
        "type": "Point",
        "coordinates": [
          -0.586049,
          48.300685
        ]
      },
      "properties": {
        "biognc": "oui",
        "annee_ouverture": "2022",
        "kpi_ouverture": "1",
        "code_postal": "53440",
        "longitude": "-0.586049",
        "statut": "ouverte",
        "paiement_carte_abonne": "oui",
        "pays": "France",
        "code_region": "52",
        "exploitant": "ENDESA",
        "departement": "Mayenne",
        "gnl": "non",
        "nom_region": "Pays de la Loire",
        "mois_ouverture": "avril",
        "geo": [
          48.300685,
          -0.586049
        ],
        "acces_pl": "oui",
        "gnc": "non",
        "carburant": "bioGNC",
        "paiement": "CB;carte abonné",
        "paiement_cb": "oui",
        "rue": "La Briqueterie",
        "nom_commune": "ARON",
        "latitude": "48.300685",
        "paiement_cash": "non"
      }
    },
    {
      "type": "Feature",
      "geometry": {
        "type": "Point",
        "coordinates": [
          -0.30314,
          49.15592
        ]
      },
      "properties": {
        "biognc": "oui",
        "annee_ouverture": "2023",
        "kpi_ouverture": "1",
        "code_postal": "14120",
        "longitude": "-0.30314",
        "statut": "ouverte",
        "paiement_carte_abonne": "oui",
        "pays": "France",
        "code_region": "28",
        "exploitant": "ENGIE Solutions",
        "departement": "Calvados",
        "gnl": "non",
        "nom_region": "Normandie",
        "mois_ouverture": "août",
        "geo": [
          49.15592,
          -0.30314
        ],
        "acces_pl": "oui",
        "gnc": "oui",
        "carburant": "GNC",
        "paiement": "CB;carte abonné",
        "paiement_cb": "oui",
        "rue": "Rue Nicéphore Niépce",
        "nom_commune": "MONDEVILLE",
        "latitude": "49.15592",
        "paiement_cash": "non"
      }
    },
    {
      "type": "Feature",
      "geometry": {
        "type": "Point",
        "coordinates": [
          -1.189449,
          47.397525
        ]
      },
      "properties": {
        "biognc": "oui",
        "annee_ouverture": "2023",
        "kpi_ouverture": "1",
        "code_postal": "44150",
        "longitude": "-1.189449",
        "statut": "ouverte",
        "paiement_carte_abonne": "oui",
        "pays": "France",
        "code_region": "52",
        "exploitant": "AVIA",
        "departement": "Loire-Atlantique",
        "gnl": "non",
        "nom_region": "Pays de la Loire",
        "mois_ouverture": "janvier",
        "geo": [
          47.397525,
          -1.189449
        ],
        "acces_pl": "oui",
        "gnc": "oui",
        "carburant": "GNC",
        "paiement": "CB;carte abonné",
        "paiement_cb": "oui",
        "rue": "Route de Chateaubriant, Lieu dit L'Aubinière",
        "nom_commune": "ANCENIS",
        "latitude": "47.397525",
        "paiement_cash": "non"
      }
    },
    {
      "type": "Feature",
      "geometry": {
        "type": "Point",
        "coordinates": [
          -2.229719,
          48.126595
        ]
      },
      "properties": {
        "biognc": "oui",
        "annee_ouverture": "2017",
        "kpi_ouverture": "1",
        "code_postal": "35290",
        "longitude": "-2.229719",
        "statut": "ouverte",
        "paiement_carte_abonne": "oui",
        "pays": "France",
        "code_region": "53",
        "exploitant": "MOLGAS",
        "departement": "Ille-et-Vilaine",
        "gnl": "oui",
        "nom_region": "Bretagne",
        "mois_ouverture": "RAS",
        "geo": [
          48.126595,
          -2.229719
        ],
        "acces_pl": "oui",
        "gnc": "oui",
        "carburant": "GNL , GNC",
        "paiement": "carte abonné",
        "paiement_cb": "non",
        "rue": "Parc d'activité le Chêne",
        "nom_commune": "GAEL",
        "latitude": "48.126595",
        "paiement_cash": "non"
      }
    },
    {
      "type": "Feature",
      "geometry": {
        "type": "Point",
        "coordinates": [
          6.20985,
          48.6155969
        ]
      },
      "properties": {
        "biognc": "oui",
        "annee_ouverture": "2016",
        "kpi_ouverture": "1",
        "code_postal": "54710",
        "longitude": "6.209850",
        "statut": "ouverte",
        "paiement_carte_abonne": "oui",
        "pays": "France",
        "code_region": "44",
        "exploitant": "MOLGAS",
        "departement": "Meurthe-et-Moselle",
        "gnl": "oui",
        "nom_region": "Grand Est",
        "mois_ouverture": "RAS",
        "geo": [
          48.6155969,
          6.20985
        ],
        "acces_pl": "oui",
        "gnc": "oui",
        "carburant": "GNL , GNC",
        "paiement": "carte abonné",
        "paiement_cb": "non",
        "rue": "80 rue Jean Prouvé",
        "nom_commune": "FLEVILLE DEVANT NANCY",
        "latitude": "48.6155969",
        "paiement_cash": "non"
      }
    },
    {
      "type": "Feature",
      "geometry": {
        "type": "Point",
        "coordinates": [
          2.592409,
          48.705436
        ]
      },
      "properties": {
        "biognc": "oui",
        "annee_ouverture": "2017",
        "kpi_ouverture": "1",
        "code_postal": "77170",
        "longitude": "2.592409",
        "statut": "ouverte",
        "paiement_carte_abonne": "oui",
        "pays": "France",
        "code_region": "11",
        "exploitant": "MOLGAS",
        "departement": "Seine-et-Marne",
        "gnl": "oui",
        "nom_region": "Île-de-France",
        "mois_ouverture": "RAS",
        "geo": [
          48.705436,
          2.592409
        ],
        "acces_pl": "oui",
        "gnc": "oui",
        "carburant": "GNL , GNC",
        "paiement": "carte abonné",
        "paiement_cb": "non",
        "rue": "ZI Le Poirier Penché - RN 19",
        "nom_commune": "SERVON",
        "latitude": "48.705436",
        "paiement_cash": "non"
      }
    },
    {
      "type": "Feature",
      "geometry": {
        "type": "Point",
        "coordinates": [
          2.257435,
          49.934494
        ]
      },
      "properties": {
        "biognc": "oui",
        "annee_ouverture": "2018",
        "kpi_ouverture": "1",
        "code_postal": "80470",
        "longitude": "2.257435",
        "statut": "ouverte",
        "paiement_carte_abonne": "oui",
        "pays": "France",
        "code_region": "32",
        "exploitant": "MOLGAS",
        "departement": "Somme",
        "gnl": "oui",
        "nom_region": "Hauts-de-France",
        "mois_ouverture": "juin",
        "geo": [
          49.934494,
          2.257435
        ],
        "acces_pl": "oui",
        "gnc": "oui",
        "carburant": "GNL , GNC",
        "paiement": "carte abonné",
        "paiement_cb": "non",
        "rue": "5 rue du Bois Quatorze",
        "nom_commune": "ARGOEUVES",
        "latitude": "49.934494",
        "paiement_cash": "non"
      }
    },
    {
      "type": "Feature",
      "geometry": {
        "type": "Point",
        "coordinates": [
          2.335121,
          48.621169
        ]
      },
      "properties": {
        "biognc": "non",
        "annee_ouverture": "2021",
        "kpi_ouverture": "1",
        "code_postal": "91700",
        "longitude": "2.335121",
        "statut": "ouverte",
        "paiement_carte_abonne": "oui",
        "pays": "France",
        "code_region": "11",
        "exploitant": "MOLGAS",
        "departement": "Essonne",
        "gnl": "oui",
        "nom_region": "Île-de-France",
        "mois_ouverture": "mai",
        "geo": [
          48.621169,
          2.335121
        ],
        "acces_pl": "oui",
        "gnc": "oui",
        "carburant": "GNL , GNC",
        "paiement": "carte abonné",
        "paiement_cb": "non",
        "rue": "5 rue de la Fosse aux Leux",
        "nom_commune": "STE GENEVIEVE DES BOIS",
        "latitude": "48.621169",
        "paiement_cash": "non"
      }
    },
    {
      "type": "Feature",
      "geometry": {
        "type": "Point",
        "coordinates": [
          2.41925,
          48.9293
        ]
      },
      "properties": {
        "biognc": "oui",
        "annee_ouverture": "2024",
        "kpi_ouverture": "1",
        "code_postal": "93120",
        "longitude": "2.41925",
        "statut": "ouverte",
        "paiement_carte_abonne": "oui",
        "pays": "France",
        "code_region": "11",
        "exploitant": "ENGIE Solutions",
        "departement": "Seine-Saint-Denis",
        "gnl": "non",
        "nom_region": "Île-de-France",
        "mois_ouverture": "février",
        "geo": [
          48.9293,
          2.41925
        ],
        "acces_pl": "oui",
        "gnc": "non",
        "carburant": "GNC",
        "paiement": "carte abonné",
        "paiement_cb": "non",
        "rue": "Rue du Bas Martineau",
        "nom_commune": "LA COURNEUVE",
        "latitude": "48.92930",
        "paiement_cash": "non"
      }
    },
    {
      "type": "Feature",
      "geometry": {
        "type": "Point",
        "coordinates": [
          -1.705715,
          48.147625
        ]
      },
      "properties": {
        "biognc": "oui",
        "annee_ouverture": "2023",
        "kpi_ouverture": "1",
        "code_postal": "35760",
        "longitude": "-1.705715",
        "statut": "ouverte",
        "paiement_carte_abonne": "oui",
        "pays": "France",
        "code_region": "53",
        "exploitant": "Bretagne Mobilité GNV 35",
        "departement": "Ille-et-Vilaine",
        "gnl": "non",
        "nom_region": "Bretagne",
        "mois_ouverture": "janvier",
        "geo": [
          48.147625,
          -1.705715
        ],
        "acces_pl": "oui",
        "gnc": "oui",
        "carburant": "GNC",
        "paiement": "CB;carte abonné",
        "paiement_cb": "oui",
        "rue": "lieu-dit La Talmousiere",
        "nom_commune": "MONTGERMONT",
        "latitude": "48.147625",
        "paiement_cash": "non"
      }
    },
    {
      "type": "Feature",
      "geometry": {
        "type": "Point",
        "coordinates": [
          3.32092,
          48.196792
        ]
      },
      "properties": {
        "biognc": "oui",
        "annee_ouverture": "2025",
        "kpi_ouverture": "1",
        "code_postal": "89100",
        "longitude": "3.320920",
        "statut": "ouverte",
        "paiement_carte_abonne": "oui",
        "pays": "France",
        "code_region": "27",
        "exploitant": "ENGIE Solutions",
        "departement": "Yonne",
        "gnl": "non",
        "nom_region": "Bourgogne-Franche-Comté",
        "mois_ouverture": "mars",
        "geo": [
          48.196792,
          3.32092
        ],
        "acces_pl": "oui",
        "gnc": "oui",
        "carburant": "GNC",
        "paiement": "carte abonné",
        "paiement_cb": "non",
        "rue": "Zone Industrielle des Vauguillettes",
        "nom_commune": "SENS",
        "latitude": "48.196792",
        "paiement_cash": "non"
      }
    },
    {
      "type": "Feature",
      "geometry": {
        "type": "Point",
        "coordinates": [
          4.766368,
          45.816547
        ]
      },
      "properties": {
        "biognc": "oui",
        "annee_ouverture": "2025",
        "kpi_ouverture": "1",
        "code_postal": "69570",
        "longitude": "4.766368",
        "statut": "ouverte",
        "paiement_carte_abonne": "oui",
        "pays": "France",
        "code_region": "84",
        "exploitant": "ENGIE Solutions",
        "departement": "Rhône",
        "gnl": "non",
        "nom_region": "Auvergne-Rhône-Alpes",
        "mois_ouverture": "juin",
        "geo": [
          45.816547,
          4.766368
        ],
        "acces_pl": "oui",
        "gnc": "oui",
        "carburant": "GNC",
        "paiement": "CB;carte abonné",
        "paiement_cb": "oui",
        "rue": "M6 direction Lyon",
        "nom_commune": "DARDILLY",
        "latitude": "45.816547",
        "paiement_cash": "non"
      }
    },
    {
      "type": "Feature",
      "geometry": {
        "type": "Point",
        "coordinates": [
          5.038105,
          45.0060573
        ]
      },
      "properties": {
        "biognc": "oui",
        "annee_ouverture": "2023",
        "kpi_ouverture": "1",
        "code_postal": "26300",
        "longitude": "5.038105",
        "statut": "ouverte",
        "paiement_carte_abonne": "oui",
        "pays": "France",
        "code_region": "84",
        "exploitant": "Drôme Energies Distribution",
        "departement": "Drôme",
        "gnl": "non",
        "nom_region": "Auvergne-Rhône-Alpes",
        "mois_ouverture": "juin",
        "geo": [
          45.0060573,
          5.038105
        ],
        "acces_pl": "oui",
        "gnc": "non",
        "carburant": "GNC",
        "paiement": "CB;carte abonné",
        "paiement_cb": "oui",
        "rue": "Quartier Mondy",
        "nom_commune": "BOURG DE PEAGE",
        "latitude": "45.0060573",
        "paiement_cash": "non"
      }
    },
    {
      "type": "Feature",
      "geometry": {
        "type": "Point",
        "coordinates": [
          -0.861656,
          47.344547
        ]
      },
      "properties": {
        "biognc": "oui",
        "annee_ouverture": "2023",
        "kpi_ouverture": "1",
        "code_postal": "49620",
        "longitude": "-0.861656",
        "statut": "ouverte",
        "paiement_carte_abonne": "oui",
        "pays": "France",
        "code_region": "52",
        "exploitant": "Mauges BioGNV",
        "departement": "Maine-et-Loire",
        "gnl": "non",
        "nom_region": "Pays de la Loire",
        "mois_ouverture": "mai",
        "geo": [
          47.344547,
          -0.861656
        ],
        "acces_pl": "oui",
        "gnc": "oui",
        "carburant": "GNC",
        "paiement": "CB;carte abonné",
        "paiement_cb": "oui",
        "rue": "Rue du Tranchet - La Pommeraye",
        "nom_commune": "MAUGES SUR LOIRE",
        "latitude": "47.344547",
        "paiement_cash": "non"
      }
    },
    {
      "type": "Feature",
      "geometry": {
        "type": "Point",
        "coordinates": [
          2.981971,
          43.152307
        ]
      },
      "properties": {
        "biognc": "oui",
        "annee_ouverture": "2023",
        "kpi_ouverture": "1",
        "code_postal": "11100",
        "longitude": "2.981971",
        "statut": "ouverte",
        "paiement_carte_abonne": "oui",
        "pays": "France",
        "code_region": "76",
        "exploitant": "PROVIRIDIS / VGAS",
        "departement": "Aude",
        "gnl": "oui",
        "nom_region": "Occitanie",
        "mois_ouverture": "mars",
        "geo": [
          43.152307,
          2.981971
        ],
        "acces_pl": "oui",
        "gnc": "oui",
        "carburant": "GNL , GNC",
        "paiement": "CB;carte abonné",
        "paiement_cb": "oui",
        "rue": "Croix-Sud. Rue Joseph Cugno",
        "nom_commune": "NARBONNE",
        "latitude": "43.152307",
        "paiement_cash": "non"
      }
    },
    {
      "type": "Feature",
      "geometry": {
        "type": "Point",
        "coordinates": [
          0.538,
          46.8296
        ]
      },
      "properties": {
        "biognc": "oui",
        "annee_ouverture": "2022",
        "kpi_ouverture": "1",
        "code_postal": "86100",
        "longitude": "0.538",
        "statut": "ouverte",
        "paiement_carte_abonne": "oui",
        "pays": "France",
        "code_region": "75",
        "exploitant": "Sorégie",
        "departement": "Vienne",
        "gnl": "non",
        "nom_region": "Nouvelle-Aquitaine",
        "mois_ouverture": "novembre",
        "geo": [
          46.8296,
          0.538
        ],
        "acces_pl": "oui",
        "gnc": "oui",
        "carburant": "GNC",
        "paiement": "carte abonné",
        "paiement_cb": "non",
        "rue": "5 avenue Alfred Nobel",
        "nom_commune": "CHATELLERAULT",
        "latitude": "46.8296",
        "paiement_cash": "non"
      }
    },
    {
      "type": "Feature",
      "geometry": {
        "type": "Point",
        "coordinates": [
          6.408889,
          46.06444
        ]
      },
      "properties": {
        "biognc": "non",
        "annee_ouverture": "2023",
        "kpi_ouverture": "1",
        "code_postal": "74130",
        "longitude": "6.408889",
        "statut": "ouverte",
        "paiement_carte_abonne": "oui",
        "pays": "France",
        "code_region": "84",
        "exploitant": "SHELL",
        "departement": "Haute-Savoie",
        "gnl": "oui",
        "nom_region": "Auvergne-Rhône-Alpes",
        "mois_ouverture": "mai",
        "geo": [
          46.06444,
          6.408889
        ],
        "acces_pl": "oui",
        "gnc": "non",
        "carburant": "GNL",
        "paiement": "carte abonné",
        "paiement_cb": "non",
        "rue": "Autoroute A40 - Aire de Ponchy",
        "nom_commune": "BONNEVILLE",
        "latitude": "46.06444",
        "paiement_cash": "non"
      }
    },
    {
      "type": "Feature",
      "geometry": {
        "type": "Point",
        "coordinates": [
          4.97037344,
          45.72311693
        ]
      },
      "properties": {
        "biognc": "oui",
        "annee_ouverture": "2023",
        "kpi_ouverture": "1",
        "code_postal": "69680",
        "longitude": "4.97037344",
        "statut": "ouverte",
        "paiement_carte_abonne": "oui",
        "pays": "France",
        "code_region": "84",
        "exploitant": "AS24",
        "departement": "Rhône",
        "gnl": "non",
        "nom_region": "Auvergne-Rhône-Alpes",
        "mois_ouverture": "août",
        "geo": [
          45.72311693,
          4.97037344
        ],
        "acces_pl": "oui",
        "gnc": "oui",
        "carburant": "GNC , BioGNC",
        "paiement": "CB;carte abonné",
        "paiement_cb": "oui",
        "rue": "Lyon Chassieu",
        "nom_commune": "CHASSIEU",
        "latitude": "45.72311693",
        "paiement_cash": "non"
      }
    },
    {
      "type": "Feature",
      "geometry": {
        "type": "Point",
        "coordinates": [
          5.261503,
          45.842769
        ]
      },
      "properties": {
        "biognc": "oui",
        "annee_ouverture": "2018",
        "kpi_ouverture": "1",
        "code_postal": "01150",
        "longitude": "5.261503",
        "statut": "ouverte",
        "paiement_carte_abonne": "oui",
        "pays": "France",
        "code_region": "84",
        "exploitant": "MOLGAS",
        "departement": "Ain",
        "gnl": "non",
        "nom_region": "Auvergne-Rhône-Alpes",
        "mois_ouverture": "janvier",
        "geo": [
          45.842769,
          5.261503
        ],
        "acces_pl": "oui",
        "gnc": "oui",
        "carburant": "GNC",
        "paiement": "carte abonné",
        "paiement_cb": "non",
        "rue": "Avenue Charles de Gaulle",
        "nom_commune": "BLYES",
        "latitude": "45.842769",
        "paiement_cash": "non"
      }
    },
    {
      "type": "Feature",
      "geometry": {
        "type": "Point",
        "coordinates": [
          1.313795,
          43.914623
        ]
      },
      "properties": {
        "biognc": "non",
        "annee_ouverture": "2019",
        "kpi_ouverture": "1",
        "code_postal": "82700",
        "longitude": "1.313795",
        "statut": "ouverte",
        "paiement_carte_abonne": "oui",
        "pays": "France",
        "code_region": "76",
        "exploitant": "AVIA - PRIMAGAZ",
        "departement": "Tarn-et-Garonne",
        "gnl": "oui",
        "nom_region": "Occitanie",
        "mois_ouverture": "mars",
        "geo": [
          43.914623,
          1.313795
        ],
        "acces_pl": "oui",
        "gnc": "oui",
        "carburant": "GNL , GNC",
        "paiement": "CB;carte abonné",
        "paiement_cb": "oui",
        "rue": "Avenue du Pech, ZAC Grand Sud Logistique, Labastide-Saint-Pierre",
        "nom_commune": "MONTBARTIER",
        "latitude": "43.914623",
        "paiement_cash": "non"
      }
    },
    {
      "type": "Feature",
      "geometry": {
        "type": "Point",
        "coordinates": [
          2.908609,
          49.22925
        ]
      },
      "properties": {
        "biognc": "oui",
        "annee_ouverture": "2017",
        "kpi_ouverture": "1",
        "code_postal": "60800",
        "longitude": "2.908609",
        "statut": "ouverte",
        "paiement_carte_abonne": "oui",
        "pays": "France",
        "code_region": "32",
        "exploitant": "MOLGAS",
        "departement": "Oise",
        "gnl": "non",
        "nom_region": "Hauts-de-France",
        "mois_ouverture": "RAS",
        "geo": [
          49.22925,
          2.908609
        ],
        "acces_pl": "oui",
        "gnc": "oui",
        "carburant": "GNC",
        "paiement": "carte abonné",
        "paiement_cb": "non",
        "rue": "10 rue Louis Armand",
        "nom_commune": "CREPY EN VALOIS",
        "latitude": "49.229250",
        "paiement_cash": "non"
      }
    },
    {
      "type": "Feature",
      "geometry": {
        "type": "Point",
        "coordinates": [
          0.207057,
          49.485884
        ]
      },
      "properties": {
        "biognc": "oui",
        "annee_ouverture": "2020",
        "kpi_ouverture": "1",
        "code_postal": "76700",
        "longitude": "0.207057",
        "statut": "ouverte",
        "paiement_carte_abonne": "oui",
        "pays": "France",
        "code_region": "28",
        "exploitant": "AVIA - PRIMAGAZ",
        "departement": "Seine-Maritime",
        "gnl": "oui",
        "nom_region": "Normandie",
        "mois_ouverture": "août",
        "geo": [
          49.485884,
          0.207057
        ],
        "acces_pl": "oui",
        "gnc": "oui",
        "carburant": "GNL , GNC",
        "paiement": "carte abonné",
        "paiement_cb": "non",
        "rue": "Parc des Marais",
        "nom_commune": "GONFREVILLE L ORCHER",
        "latitude": "49.485884",
        "paiement_cash": "non"
      }
    },
    {
      "type": "Feature",
      "geometry": {
        "type": "Point",
        "coordinates": [
          4.87145,
          45.62105
        ]
      },
      "properties": {
        "biognc": "non",
        "annee_ouverture": "2018",
        "kpi_ouverture": "1",
        "code_postal": "69360",
        "longitude": "4.87145",
        "statut": "ouverte",
        "paiement_carte_abonne": "oui",
        "pays": "France",
        "code_region": "84",
        "exploitant": "AVIA - PRIMAGAZ",
        "departement": "Rhône",
        "gnl": "oui",
        "nom_region": "Auvergne-Rhône-Alpes",
        "mois_ouverture": "octobre",
        "geo": [
          45.62105,
          4.87145
        ],
        "acces_pl": "oui",
        "gnc": "oui",
        "carburant": "GNL , GNC",
        "paiement": "CB;carte abonné",
        "paiement_cb": "oui",
        "rue": "D307",
        "nom_commune": "SIMANDRES",
        "latitude": "45.62105",
        "paiement_cash": "non"
      }
    },
    {
      "type": "Feature",
      "geometry": {
        "type": "Point",
        "coordinates": [
          -1.55216,
          47.158868
        ]
      },
      "properties": {
        "biognc": "oui",
        "annee_ouverture": "2019",
        "kpi_ouverture": "1",
        "code_postal": "44400",
        "longitude": "-1.55216",
        "statut": "ouverte",
        "paiement_carte_abonne": "oui",
        "pays": "France",
        "code_region": "52",
        "exploitant": "AS24",
        "departement": "Loire-Atlantique",
        "gnl": "non",
        "nom_region": "Pays de la Loire",
        "mois_ouverture": "octobre",
        "geo": [
          47.158868,
          -1.55216
        ],
        "acces_pl": "oui",
        "gnc": "oui",
        "carburant": "GNC",
        "paiement": "carte abonné",
        "paiement_cb": "non",
        "rue": "Zone de la Brosse - Boulevard Léonard de Vinci",
        "nom_commune": "REZE",
        "latitude": "47.158868",
        "paiement_cash": "non"
      }
    },
    {
      "type": "Feature",
      "geometry": {
        "type": "Point",
        "coordinates": [
          -1.610851,
          48.060619
        ]
      },
      "properties": {
        "biognc": "non",
        "annee_ouverture": "2020",
        "kpi_ouverture": "1",
        "code_postal": "35770",
        "longitude": "-1.610851",
        "statut": "ouverte",
        "paiement_carte_abonne": "oui",
        "pays": "France",
        "code_region": "53",
        "exploitant": "AVIA - PRIMAGAZ",
        "departement": "Ille-et-Vilaine",
        "gnl": "oui",
        "nom_region": "Bretagne",
        "mois_ouverture": "août",
        "geo": [
          48.060619,
          -1.610851
        ],
        "acces_pl": "oui",
        "gnc": "oui",
        "carburant": "GNL , GNC",
        "paiement": "CB;carte abonné",
        "paiement_cb": "oui",
        "rue": "Z.A. les Mottais",
        "nom_commune": "VERN SUR SEICHE",
        "latitude": "48.060619",
        "paiement_cash": "non"
      }
    },
    {
      "type": "Feature",
      "geometry": {
        "type": "Point",
        "coordinates": [
          1.857194,
          47.952152
        ]
      },
      "properties": {
        "biognc": "oui",
        "annee_ouverture": "2022",
        "kpi_ouverture": "1",
        "code_postal": "45770",
        "longitude": "1.857194",
        "statut": "ouverte",
        "paiement_carte_abonne": "oui",
        "pays": "France",
        "code_region": "24",
        "exploitant": "AVIA - PRIMAGAZ",
        "departement": "Loiret",
        "gnl": "oui",
        "nom_region": "Centre-Val de Loire",
        "mois_ouverture": "avril",
        "geo": [
          47.952152,
          1.857194
        ],
        "acces_pl": "oui",
        "gnc": "oui",
        "carburant": "GNL , GNC",
        "paiement": "CB;carte abonné",
        "paiement_cb": "oui",
        "rue": "Route d'Ormes",
        "nom_commune": "SARAN",
        "latitude": "47.952152",
        "paiement_cash": "non"
      }
    },
    {
      "type": "Feature",
      "geometry": {
        "type": "Point",
        "coordinates": [
          -0.51339,
          43.86374
        ]
      },
      "properties": {
        "biognc": "oui",
        "annee_ouverture": "2019",
        "kpi_ouverture": "1",
        "code_postal": "40280",
        "longitude": "-0.51339",
        "statut": "ouverte",
        "paiement_carte_abonne": "oui",
        "pays": "France",
        "code_region": "75",
        "exploitant": "DEFA",
        "departement": "Landes",
        "gnl": "non",
        "nom_region": "Nouvelle-Aquitaine",
        "mois_ouverture": "décembre",
        "geo": [
          43.86374,
          -0.51339
        ],
        "acces_pl": "oui",
        "gnc": "oui",
        "carburant": "GNC",
        "paiement": "CB;carte abonné",
        "paiement_cb": "oui",
        "rue": "63 rue de la Téoulère",
        "nom_commune": "ST PIERRE DU MONT",
        "latitude": "43.86374",
        "paiement_cash": "non"
      }
    },
    {
      "type": "Feature",
      "geometry": {
        "type": "Point",
        "coordinates": [
          2.9754,
          46.3315
        ]
      },
      "properties": {
        "biognc": "non",
        "annee_ouverture": "2024",
        "kpi_ouverture": "1",
        "code_postal": "03390",
        "longitude": "2.9754",
        "statut": "ouverte",
        "paiement_carte_abonne": "oui",
        "pays": "France",
        "code_region": "84",
        "exploitant": "AVIA - PRIMAGAZ",
        "departement": "Allier",
        "gnl": "oui",
        "nom_region": "Auvergne-Rhône-Alpes",
        "mois_ouverture": "mai",
        "geo": [
          46.3315,
          2.9754
        ],
        "acces_pl": "oui",
        "gnc": "non",
        "carburant": "GNL",
        "paiement": "CB;carte abonné",
        "paiement_cb": "oui",
        "rue": "Aire de Montmarault - A79/A71",
        "nom_commune": "SAZERET",
        "latitude": "46.3315",
        "paiement_cash": "non"
      }
    },
    {
      "type": "Feature",
      "geometry": {
        "type": "Point",
        "coordinates": [
          1.9320771,
          50.9420174
        ]
      },
      "properties": {
        "biognc": "non",
        "annee_ouverture": "2020",
        "kpi_ouverture": "1",
        "code_postal": "62730",
        "longitude": "1.9320771",
        "statut": "ouverte",
        "paiement_carte_abonne": "oui",
        "pays": "France",
        "code_region": "32",
        "exploitant": "C4T FRANCE",
        "departement": "Pas-de-Calais",
        "gnl": "oui",
        "nom_region": "Hauts-de-France",
        "mois_ouverture": "octobre",
        "geo": [
          50.9420174,
          1.9320771
        ],
        "acces_pl": "oui",
        "gnc": "oui",
        "carburant": "GNL , GNC",
        "paiement": "CB;carte abonné",
        "paiement_cb": "oui",
        "rue": "504 Avenue Henri Ravisse",
        "nom_commune": "MARCK",
        "latitude": "50.9420174",
        "paiement_cash": "non"
      }
    },
    {
      "type": "Feature",
      "geometry": {
        "type": "Point",
        "coordinates": [
          5.70959821343421,
          45.1940234832681
        ]
      },
      "properties": {
        "biognc": "oui",
        "annee_ouverture": "2013",
        "kpi_ouverture": "1",
        "code_postal": "38000",
        "longitude": "5.70959821343421",
        "statut": "ouverte",
        "paiement_carte_abonne": "oui",
        "pays": "France",
        "code_region": "84",
        "exploitant": "GEG",
        "departement": "Isère",
        "gnl": "non",
        "nom_region": "Auvergne-Rhône-Alpes",
        "mois_ouverture": "RAS",
        "geo": [
          45.1940234832681,
          5.70959821343421
        ],
        "acces_pl": "non",
        "gnc": "oui",
        "carburant": "GNC , BioGNC",
        "paiement": "CB;carte abonné",
        "paiement_cb": "oui",
        "rue": "49 rue Felix Esclangon",
        "nom_commune": "GRENOBLE",
        "latitude": "45.1940234832681",
        "paiement_cash": "non"
      }
    },
    {
      "type": "Feature",
      "geometry": {
        "type": "Point",
        "coordinates": [
          4.435835,
          43.754565
        ]
      },
      "properties": {
        "biognc": "non",
        "annee_ouverture": "2019",
        "kpi_ouverture": "1",
        "code_postal": "30128",
        "longitude": "4.435835",
        "statut": "ouverte",
        "paiement_carte_abonne": "oui",
        "pays": "France",
        "code_region": "76",
        "exploitant": "ENGIE Solutions",
        "departement": "Gard",
        "gnl": "oui",
        "nom_region": "Occitanie",
        "mois_ouverture": "mars",
        "geo": [
          43.754565,
          4.435835
        ],
        "acces_pl": "oui",
        "gnc": "oui",
        "carburant": "GNL , GNC",
        "paiement": "CB;carte abonné",
        "paiement_cb": "oui",
        "rue": "avenue de la Courbade",
        "nom_commune": "GARONS",
        "latitude": "43.754565",
        "paiement_cash": "non"
      }
    },
    {
      "type": "Feature",
      "geometry": {
        "type": "Point",
        "coordinates": [
          3.87111559510231,
          43.5815114035832
        ]
      },
      "properties": {
        "biognc": "oui",
        "annee_ouverture": "2012",
        "kpi_ouverture": "1",
        "code_postal": "34070",
        "longitude": "3.87111559510231",
        "statut": "ouverte",
        "paiement_carte_abonne": "oui",
        "pays": "France",
        "code_region": "76",
        "exploitant": "ENGIE Solutions",
        "departement": "Hérault",
        "gnl": "non",
        "nom_region": "Occitanie",
        "mois_ouverture": "RAS",
        "geo": [
          43.5815114035832,
          3.87111559510231
        ],
        "acces_pl": "non",
        "gnc": "oui",
        "carburant": "GNC",
        "paiement": "CB;carte abonné",
        "paiement_cb": "oui",
        "rue": "56 rue Léon Trostski",
        "nom_commune": "MONTPELLIER",
        "latitude": "43.5815114035832",
        "paiement_cash": "non"
      }
    },
    {
      "type": "Feature",
      "geometry": {
        "type": "Point",
        "coordinates": [
          2.41074,
          48.935534
        ]
      },
      "properties": {
        "biognc": "oui",
        "annee_ouverture": "2017",
        "kpi_ouverture": "1",
        "code_postal": "93120",
        "longitude": "2.410740",
        "statut": "ouverte",
        "paiement_carte_abonne": "oui",
        "pays": "France",
        "code_region": "11",
        "exploitant": "ENGIE Solutions",
        "departement": "Seine-Saint-Denis",
        "gnl": "non",
        "nom_region": "Île-de-France",
        "mois_ouverture": "RAS",
        "geo": [
          48.935534,
          2.41074
        ],
        "acces_pl": "oui",
        "gnc": "oui",
        "carburant": "GNC",
        "paiement": "CB;carte abonné",
        "paiement_cb": "oui",
        "rue": "22 avenue Louis Blériot",
        "nom_commune": "LA COURNEUVE",
        "latitude": "48.935534",
        "paiement_cash": "non"
      }
    },
    {
      "type": "Feature",
      "geometry": {
        "type": "Point",
        "coordinates": [
          2.765209,
          49.703905
        ]
      },
      "properties": {
        "biognc": "non",
        "annee_ouverture": "2020",
        "kpi_ouverture": "1",
        "code_postal": "80700",
        "longitude": "2.765209",
        "statut": "ouverte",
        "paiement_carte_abonne": "oui",
        "pays": "France",
        "code_region": "32",
        "exploitant": "ENGIE Solutions",
        "departement": "Somme",
        "gnl": "oui",
        "nom_region": "Hauts-de-France",
        "mois_ouverture": "juillet",
        "geo": [
          49.703905,
          2.765209
        ],
        "acces_pl": "oui",
        "gnc": "oui",
        "carburant": "GNL , GNC",
        "paiement": "carte abonné",
        "paiement_cb": "non",
        "rue": "ZI ouest - rue des puits à Marne",
        "nom_commune": "ROYE",
        "latitude": "49.703905",
        "paiement_cash": "non"
      }
    },
    {
      "type": "Feature",
      "geometry": {
        "type": "Point",
        "coordinates": [
          2.350764,
          47.044559
        ]
      },
      "properties": {
        "biognc": "non",
        "annee_ouverture": "2019",
        "kpi_ouverture": "1",
        "code_postal": "18000",
        "longitude": "2.350764",
        "statut": "ouverte",
        "paiement_carte_abonne": "oui",
        "pays": "France",
        "code_region": "24",
        "exploitant": "ENGIE Solutions",
        "departement": "Cher",
        "gnl": "oui",
        "nom_region": "Centre-Val de Loire",
        "mois_ouverture": "RAS",
        "geo": [
          47.044559,
          2.350764
        ],
        "acces_pl": "oui",
        "gnc": "oui",
        "carburant": "GNL",
        "paiement": "carte abonné",
        "paiement_cb": "non",
        "rue": "ZAC du Moutet - Rue Joseph Aristid Auxenfans",
        "nom_commune": "BOURGES",
        "latitude": "47.044559",
        "paiement_cash": "non"
      }
    },
    {
      "type": "Feature",
      "geometry": {
        "type": "Point",
        "coordinates": [
          1.110854,
          49.404147
        ]
      },
      "properties": {
        "biognc": "oui",
        "annee_ouverture": "2018",
        "kpi_ouverture": "1",
        "code_postal": "76300",
        "longitude": "1.110854",
        "statut": "ouverte",
        "paiement_carte_abonne": "oui",
        "pays": "France",
        "code_region": "28",
        "exploitant": "TotalEnergies",
        "departement": "Seine-Maritime",
        "gnl": "non",
        "nom_region": "Normandie",
        "mois_ouverture": "juillet",
        "geo": [
          49.404147,
          1.110854
        ],
        "acces_pl": "oui",
        "gnc": "oui",
        "carburant": "GNC",
        "paiement": "Cash;CB;carte abonné",
        "paiement_cb": "oui",
        "rue": "57 boulevard industriel",
        "nom_commune": "SOTTEVILLE LES ROUEN",
        "latitude": "49.404147",
        "paiement_cash": "oui"
      }
    },
    {
      "type": "Feature",
      "geometry": {
        "type": "Point",
        "coordinates": [
          2.305566,
          50.735984
        ]
      },
      "properties": {
        "biognc": "oui",
        "annee_ouverture": "2020",
        "kpi_ouverture": "1",
        "code_postal": "62510",
        "longitude": "2.305566",
        "statut": "ouverte",
        "paiement_carte_abonne": "oui",
        "pays": "France",
        "code_region": "32",
        "exploitant": "AGRIOPALE",
        "departement": "Pas-de-Calais",
        "gnl": "non",
        "nom_region": "Hauts-de-France",
        "mois_ouverture": "novembre",
        "geo": [
          50.735984,
          2.305566
        ],
        "acces_pl": "oui",
        "gnc": "oui",
        "carburant": "GNC",
        "paiement": "CB;carte abonné",
        "paiement_cb": "oui",
        "rue": "A preciser",
        "nom_commune": "ARQUES",
        "latitude": "50.735984",
        "paiement_cash": "non"
      }
    },
    {
      "type": "Feature",
      "geometry": {
        "type": "Point",
        "coordinates": [
          2.607854,
          48.614273
        ]
      },
      "properties": {
        "biognc": "oui",
        "annee_ouverture": "2023",
        "kpi_ouverture": "1",
        "code_postal": "77550",
        "longitude": "2.607854",
        "statut": "ouverte",
        "paiement_carte_abonne": "oui",
        "pays": "France",
        "code_region": "11",
        "exploitant": "ENGIE Solutions",
        "departement": "Seine-et-Marne",
        "gnl": "oui",
        "nom_region": "Île-de-France",
        "mois_ouverture": "janvier",
        "geo": [
          48.614273,
          2.607854
        ],
        "acces_pl": "oui",
        "gnc": "non",
        "carburant": "GNL , GNC",
        "paiement": "carte abonné",
        "paiement_cb": "non",
        "rue": "Lieu dit \"Esseaune\"",
        "nom_commune": "REAU",
        "latitude": "48.614273",
        "paiement_cash": "non"
      }
    },
    {
      "type": "Feature",
      "geometry": {
        "type": "Point",
        "coordinates": [
          2.378544,
          49.868638
        ]
      },
      "properties": {
        "biognc": "oui",
        "annee_ouverture": "2019",
        "kpi_ouverture": "1",
        "code_postal": "80440",
        "longitude": "2.378544",
        "statut": "ouverte",
        "paiement_carte_abonne": "oui",
        "pays": "France",
        "code_region": "32",
        "exploitant": "TotalEnergies",
        "departement": "Somme",
        "gnl": "non",
        "nom_region": "Hauts-de-France",
        "mois_ouverture": "novembre",
        "geo": [
          49.868638,
          2.378544
        ],
        "acces_pl": "oui",
        "gnc": "oui",
        "carburant": "GNC",
        "paiement": "carte abonné",
        "paiement_cb": "non",
        "rue": "Parking la Jangada",
        "nom_commune": "GLISY",
        "latitude": "49.868638",
        "paiement_cash": "non"
      }
    },
    {
      "type": "Feature",
      "geometry": {
        "type": "Point",
        "coordinates": [
          6.359001,
          48.603035
        ]
      },
      "properties": {
        "biognc": "non",
        "annee_ouverture": "2023",
        "kpi_ouverture": "1",
        "code_postal": "54110",
        "longitude": "6.359001",
        "statut": "ouverte",
        "paiement_carte_abonne": "oui",
        "pays": "France",
        "code_region": "44",
        "exploitant": "ENGIE Solutions",
        "departement": "Meurthe-et-Moselle",
        "gnl": "oui",
        "nom_region": "Grand Est",
        "mois_ouverture": "juillet",
        "geo": [
          48.603035,
          6.359001
        ],
        "acces_pl": "oui",
        "gnc": "oui",
        "carburant": "GNL , GNC",
        "paiement": "CB;carte abonné",
        "paiement_cb": "oui",
        "rue": "Chemin des sables",
        "nom_commune": "ROSIERES AUX SALINES",
        "latitude": "48.603035",
        "paiement_cash": "non"
      }
    },
    {
      "type": "Feature",
      "geometry": {
        "type": "Point",
        "coordinates": [
          5.890755,
          45.587655
        ]
      },
      "properties": {
        "biognc": "oui",
        "annee_ouverture": "2020",
        "kpi_ouverture": "1",
        "code_postal": "73000",
        "longitude": "5.890755",
        "statut": "ouverte",
        "paiement_carte_abonne": "oui",
        "pays": "France",
        "code_region": "84",
        "exploitant": "PROVIRIDIS / VGAS",
        "departement": "Savoie",
        "gnl": "non",
        "nom_region": "Auvergne-Rhône-Alpes",
        "mois_ouverture": "février",
        "geo": [
          45.587655,
          5.890755
        ],
        "acces_pl": "oui",
        "gnc": "oui",
        "carburant": "GNC",
        "paiement": "CB;carte abonné",
        "paiement_cb": "oui",
        "rue": "Avenue de la Houille Blanche",
        "nom_commune": "CHAMBERY",
        "latitude": "45.587655",
        "paiement_cash": "non"
      }
    },
    {
      "type": "Feature",
      "geometry": {
        "type": "Point",
        "coordinates": [
          2.544817,
          48.837271
        ]
      },
      "properties": {
        "biognc": "oui",
        "annee_ouverture": "2021",
        "kpi_ouverture": "1",
        "code_postal": "93160",
        "longitude": "2.544817",
        "statut": "ouverte",
        "paiement_carte_abonne": "oui",
        "pays": "France",
        "code_region": "11",
        "exploitant": "TotalEnergies",
        "departement": "Seine-Saint-Denis",
        "gnl": "non",
        "nom_region": "Île-de-France",
        "mois_ouverture": "janvier",
        "geo": [
          48.837271,
          2.544817
        ],
        "acces_pl": "oui",
        "gnc": "oui",
        "carburant": "GNC",
        "paiement": "CB;carte abonné",
        "paiement_cb": "oui",
        "rue": "rue du Rempart",
        "nom_commune": "NOISY LE GRAND",
        "latitude": "48.837271",
        "paiement_cash": "non"
      }
    },
    {
      "type": "Feature",
      "geometry": {
        "type": "Point",
        "coordinates": [
          3.361335,
          46.537413
        ]
      },
      "properties": {
        "biognc": "oui",
        "annee_ouverture": "2019",
        "kpi_ouverture": "1",
        "code_postal": "03400",
        "longitude": "3.361335",
        "statut": "ouverte",
        "paiement_carte_abonne": "oui",
        "pays": "France",
        "code_region": "84",
        "exploitant": "GN Drive",
        "departement": "Allier",
        "gnl": "non",
        "nom_region": "Auvergne-Rhône-Alpes",
        "mois_ouverture": "mai",
        "geo": [
          46.537413,
          3.361335
        ],
        "acces_pl": "oui",
        "gnc": "oui",
        "carburant": "GNC",
        "paiement": "carte abonné",
        "paiement_cb": "non",
        "rue": "rue Millepertuis - ZI duRancy",
        "nom_commune": "YZEURE",
        "latitude": "46.537413",
        "paiement_cash": "non"
      }
    },
    {
      "type": "Feature",
      "geometry": {
        "type": "Point",
        "coordinates": [
          0.727,
          47.4513
        ]
      },
      "properties": {
        "biognc": "oui",
        "annee_ouverture": "2021",
        "kpi_ouverture": "1",
        "code_postal": "37210",
        "longitude": "0.727",
        "statut": "ouverte",
        "paiement_carte_abonne": "oui",
        "pays": "France",
        "code_region": "24",
        "exploitant": "AS24",
        "departement": "Indre-et-Loire",
        "gnl": "non",
        "nom_region": "Centre-Val de Loire",
        "mois_ouverture": "octobre",
        "geo": [
          47.4513,
          0.727
        ],
        "acces_pl": "oui",
        "gnc": "oui",
        "carburant": "GNC",
        "paiement": "CB;carte abonné",
        "paiement_cb": "oui",
        "rue": "ZA de la Coudrière",
        "nom_commune": "PARCAY MESLAY",
        "latitude": "47.4513",
        "paiement_cash": "non"
      }
    },
    {
      "type": "Feature",
      "geometry": {
        "type": "Point",
        "coordinates": [
          3.095635,
          48.061546
        ]
      },
      "properties": {
        "biognc": "oui",
        "annee_ouverture": "2020",
        "kpi_ouverture": "1",
        "code_postal": "89150",
        "longitude": "3.095635",
        "statut": "ouverte",
        "paiement_carte_abonne": "oui",
        "pays": "France",
        "code_region": "27",
        "exploitant": "MOLGAS",
        "departement": "Yonne",
        "gnl": "non",
        "nom_region": "Bourgogne-Franche-Comté",
        "mois_ouverture": "juin",
        "geo": [
          48.061546,
          3.095635
        ],
        "acces_pl": "oui",
        "gnc": "oui",
        "carburant": "GNC",
        "paiement": "carte abonné",
        "paiement_cb": "non",
        "rue": "Parc Logistique S IdF",
        "nom_commune": "SAVIGNY SUR CLAIRIS",
        "latitude": "48.061546",
        "paiement_cash": "non"
      }
    },
    {
      "type": "Feature",
      "geometry": {
        "type": "Point",
        "coordinates": [
          2.396244,
          50.661375
        ]
      },
      "properties": {
        "biognc": "oui",
        "annee_ouverture": "2020",
        "kpi_ouverture": "1",
        "code_postal": "62120",
        "longitude": "2.396244",
        "statut": "ouverte",
        "paiement_carte_abonne": "oui",
        "pays": "France",
        "code_region": "32",
        "exploitant": "MOLGAS",
        "departement": "Pas-de-Calais",
        "gnl": "non",
        "nom_region": "Hauts-de-France",
        "mois_ouverture": "juin",
        "geo": [
          50.661375,
          2.396244
        ],
        "acces_pl": "oui",
        "gnc": "oui",
        "carburant": "GNC",
        "paiement": "carte abonné",
        "paiement_cb": "non",
        "rue": "Zone d'activité Saint-Martin",
        "nom_commune": "AIRE SUR LA LYS",
        "latitude": "50.661375",
        "paiement_cash": "non"
      }
    },
    {
      "type": "Feature",
      "geometry": {
        "type": "Point",
        "coordinates": [
          7.73448631167411,
          48.5605421730605
        ]
      },
      "properties": {
        "biognc": "non",
        "annee_ouverture": "2012",
        "kpi_ouverture": "1",
        "code_postal": "67100",
        "longitude": "7.73448631167411",
        "statut": "ouverte",
        "paiement_carte_abonne": "oui",
        "pays": "France",
        "code_region": "44",
        "exploitant": "ES Energies",
        "departement": "Bas-Rhin",
        "gnl": "non",
        "nom_region": "Grand Est",
        "mois_ouverture": "RAS",
        "geo": [
          48.5605421730605,
          7.73448631167411
        ],
        "acces_pl": "non",
        "gnc": "oui",
        "carburant": "GNC",
        "paiement": "CB;carte abonné",
        "paiement_cb": "oui",
        "rue": "10 rue du Doubs",
        "nom_commune": "STRASBOURG",
        "latitude": "48.5605421730605",
        "paiement_cash": "non"
      }
    },
    {
      "type": "Feature",
      "geometry": {
        "type": "Point",
        "coordinates": [
          -2.17633,
          47.300771
        ]
      },
      "properties": {
        "biognc": "oui",
        "annee_ouverture": "2021",
        "kpi_ouverture": "1",
        "code_postal": "44550",
        "longitude": "-2.176330",
        "statut": "ouverte",
        "paiement_carte_abonne": "oui",
        "pays": "France",
        "code_region": "52",
        "exploitant": "PROVIRIDIS / VGAS",
        "departement": "Loire-Atlantique",
        "gnl": "non",
        "nom_region": "Pays de la Loire",
        "mois_ouverture": "juin",
        "geo": [
          47.300771,
          -2.17633
        ],
        "acces_pl": "oui",
        "gnc": "oui",
        "carburant": "GNC",
        "paiement": "CB;carte abonné",
        "paiement_cb": "oui",
        "rue": "Rue des Evens",
        "nom_commune": "MONTOIR DE BRETAGNE",
        "latitude": "47.300771",
        "paiement_cash": "non"
      }
    },
    {
      "type": "Feature",
      "geometry": {
        "type": "Point",
        "coordinates": [
          4.408257,
          45.628359
        ]
      },
      "properties": {
        "biognc": "oui",
        "annee_ouverture": "2021",
        "kpi_ouverture": "1",
        "code_postal": "42140",
        "longitude": "4.408257",
        "statut": "ouverte",
        "paiement_carte_abonne": "oui",
        "pays": "France",
        "code_region": "84",
        "exploitant": "SAS Biogaz des Monts",
        "departement": "Loire",
        "gnl": "non",
        "nom_region": "Auvergne-Rhône-Alpes",
        "mois_ouverture": "mai",
        "geo": [
          45.628359,
          4.408257
        ],
        "acces_pl": "oui",
        "gnc": "oui",
        "carburant": "GNC",
        "paiement": "CB;carte abonné",
        "paiement_cb": "oui",
        "rue": "ZA Croix Chartier",
        "nom_commune": "ST DENIS SUR COISE",
        "latitude": "45.628359",
        "paiement_cash": "non"
      }
    },
    {
      "type": "Feature",
      "geometry": {
        "type": "Point",
        "coordinates": [
          -0.460933,
          49.195748
        ]
      },
      "properties": {
        "biognc": "oui",
        "annee_ouverture": "2019",
        "kpi_ouverture": "1",
        "code_postal": "14650",
        "longitude": "-0.460933",
        "statut": "ouverte",
        "paiement_carte_abonne": "oui",
        "pays": "France",
        "code_region": "28",
        "exploitant": "GAZUP",
        "departement": "Calvados",
        "gnl": "oui",
        "nom_region": "Normandie",
        "mois_ouverture": "mai",
        "geo": [
          49.195748,
          -0.460933
        ],
        "acces_pl": "oui",
        "gnc": "oui",
        "carburant": "GNL , GNC",
        "paiement": "CB;carte abonné",
        "paiement_cb": "oui",
        "rue": "178 rue du Poirier",
        "nom_commune": "CARPIQUET",
        "latitude": "49.195748",
        "paiement_cash": "non"
      }
    },
    {
      "type": "Feature",
      "geometry": {
        "type": "Point",
        "coordinates": [
          3.131918,
          45.909493
        ]
      },
      "properties": {
        "biognc": "oui",
        "annee_ouverture": "2022",
        "kpi_ouverture": "1",
        "code_postal": "63200",
        "longitude": "3.131918",
        "statut": "ouverte",
        "paiement_carte_abonne": "oui",
        "pays": "France",
        "code_region": "84",
        "exploitant": "ENGIE Solutions",
        "departement": "Puy-de-Dôme",
        "gnl": "non",
        "nom_region": "Auvergne-Rhône-Alpes",
        "mois_ouverture": "janvier",
        "geo": [
          45.909493,
          3.131918
        ],
        "acces_pl": "oui",
        "gnc": "oui",
        "carburant": "GNC",
        "paiement": "carte abonné",
        "paiement_cb": "non",
        "rue": "Avenue Hector Berlioz",
        "nom_commune": "RIOM",
        "latitude": "45.909493",
        "paiement_cash": "non"
      }
    },
    {
      "type": "Feature",
      "geometry": {
        "type": "Point",
        "coordinates": [
          0.746591,
          44.395917
        ]
      },
      "properties": {
        "biognc": "oui",
        "annee_ouverture": "2020",
        "kpi_ouverture": "1",
        "code_postal": "47300",
        "longitude": "0.746591",
        "statut": "ouverte",
        "paiement_carte_abonne": "oui",
        "pays": "France",
        "code_region": "75",
        "exploitant": "SEVEN",
        "departement": "Lot-et-Garonne",
        "gnl": "non",
        "nom_region": "Nouvelle-Aquitaine",
        "mois_ouverture": "octobre",
        "geo": [
          44.395917,
          0.746591
        ],
        "acces_pl": "oui",
        "gnc": "oui",
        "carburant": "GNC",
        "paiement": "carte abonné",
        "paiement_cb": "non",
        "rue": "Rue Alfred Nobel",
        "nom_commune": "VILLENEUVE SUR LOT",
        "latitude": "44.395917",
        "paiement_cash": "non"
      }
    },
    {
      "type": "Feature",
      "geometry": {
        "type": "Point",
        "coordinates": [
          3.978265,
          43.650044
        ]
      },
      "properties": {
        "biognc": "oui",
        "annee_ouverture": "2020",
        "kpi_ouverture": "1",
        "code_postal": "34130",
        "longitude": "3.978265",
        "statut": "ouverte",
        "paiement_carte_abonne": "oui",
        "pays": "France",
        "code_region": "76",
        "exploitant": "SEVEN",
        "departement": "Hérault",
        "gnl": "non",
        "nom_region": "Occitanie",
        "mois_ouverture": "octobre",
        "geo": [
          43.650044,
          3.978265
        ],
        "acces_pl": "oui",
        "gnc": "oui",
        "carburant": "GNC",
        "paiement": "carte abonné",
        "paiement_cb": "non",
        "rue": "Avenue de la Saladelle",
        "nom_commune": "ST AUNES",
        "latitude": "43.650044",
        "paiement_cash": "non"
      }
    },
    {
      "type": "Feature",
      "geometry": {
        "type": "Point",
        "coordinates": [
          0.777324,
          45.183638
        ]
      },
      "properties": {
        "biognc": "oui",
        "annee_ouverture": "2021",
        "kpi_ouverture": "1",
        "code_postal": "24750",
        "longitude": "0.777324",
        "statut": "ouverte",
        "paiement_carte_abonne": "oui",
        "pays": "France",
        "code_region": "75",
        "exploitant": "GAZUP",
        "departement": "Dordogne",
        "gnl": "non",
        "nom_region": "Nouvelle-Aquitaine",
        "mois_ouverture": "avril",
        "geo": [
          45.183638,
          0.777324
        ],
        "acces_pl": "oui",
        "gnc": "oui",
        "carburant": "GNC",
        "paiement": "CB;carte abonné",
        "paiement_cb": "oui",
        "rue": "Av Marcel Paul",
        "nom_commune": "BOULAZAC",
        "latitude": "45.183638",
        "paiement_cash": "non"
      }
    },
    {
      "type": "Feature",
      "geometry": {
        "type": "Point",
        "coordinates": [
          3.574631,
          47.824356
        ]
      },
      "properties": {
        "biognc": "oui",
        "annee_ouverture": "2017",
        "kpi_ouverture": "1",
        "code_postal": "89000",
        "longitude": "3.574631",
        "statut": "ouverte",
        "paiement_carte_abonne": "oui",
        "pays": "France",
        "code_region": "27",
        "exploitant": "GAZUP",
        "departement": "Yonne",
        "gnl": "oui",
        "nom_region": "Bourgogne-Franche-Comté",
        "mois_ouverture": "mai",
        "geo": [
          47.824356,
          3.574631
        ],
        "acces_pl": "oui",
        "gnc": "oui",
        "carburant": "GNL , GNC",
        "paiement": "CB;carte abonné",
        "paiement_cb": "oui",
        "rue": "Rue des Isles",
        "nom_commune": "AUXERRE",
        "latitude": "47.824356",
        "paiement_cash": "non"
      }
    },
    {
      "type": "Feature",
      "geometry": {
        "type": "Point",
        "coordinates": [
          3.037098,
          50.342936
        ]
      },
      "properties": {
        "biognc": "oui",
        "annee_ouverture": "2022",
        "kpi_ouverture": "1",
        "code_postal": "62117",
        "longitude": "3.037098",
        "statut": "ouverte",
        "paiement_carte_abonne": "oui",
        "pays": "France",
        "code_region": "32",
        "exploitant": "GAZUP",
        "departement": "Pas-de-Calais",
        "gnl": "oui",
        "nom_region": "Hauts-de-France",
        "mois_ouverture": "novembre",
        "geo": [
          50.342936,
          3.037098
        ],
        "acces_pl": "oui",
        "gnc": "oui",
        "carburant": "GNL , GNC",
        "paiement": "CB;carte abonné",
        "paiement_cb": "oui",
        "rue": "la Grande route de Douai",
        "nom_commune": "BREBIERES",
        "latitude": "50.342936",
        "paiement_cash": "non"
      }
    },
    {
      "type": "Feature",
      "geometry": {
        "type": "Point",
        "coordinates": [
          -4.04556,
          48.517937
        ]
      },
      "properties": {
        "biognc": "oui",
        "annee_ouverture": "2024",
        "kpi_ouverture": "1",
        "code_postal": "29400",
        "longitude": "-4.04556",
        "statut": "ouverte",
        "paiement_carte_abonne": "oui",
        "pays": "France",
        "code_region": "53",
        "exploitant": "Bretagne mobilité GNV 29",
        "departement": "Finistère",
        "gnl": "non",
        "nom_region": "Bretagne",
        "mois_ouverture": "février",
        "geo": [
          48.517937,
          -4.04556
        ],
        "acces_pl": "oui",
        "gnc": "oui",
        "carburant": "GNC",
        "paiement": "CB;carte abonné",
        "paiement_cb": "oui",
        "rue": "rue du Moulin aux prêtres",
        "nom_commune": "LANDIVISIAU",
        "latitude": "48.517937",
        "paiement_cash": "non"
      }
    },
    {
      "type": "Feature",
      "geometry": {
        "type": "Point",
        "coordinates": [
          -4.43607,
          48.43362
        ]
      },
      "properties": {
        "biognc": "oui",
        "annee_ouverture": "2021",
        "kpi_ouverture": "1",
        "code_postal": "29490",
        "longitude": "-4.43607",
        "statut": "ouverte",
        "paiement_carte_abonne": "oui",
        "pays": "France",
        "code_region": "53",
        "exploitant": "Bretagne mobilité GNV 29",
        "departement": "Finistère",
        "gnl": "non",
        "nom_region": "Bretagne",
        "mois_ouverture": "octobre",
        "geo": [
          48.43362,
          -4.43607
        ],
        "acces_pl": "oui",
        "gnc": "oui",
        "carburant": "GNC",
        "paiement": "CB;carte abonné",
        "paiement_cb": "oui",
        "rue": "rue Roberto Cabanas",
        "nom_commune": "GUIPAVAS",
        "latitude": "48.43362",
        "paiement_cash": "non"
      }
    },
    {
      "type": "Feature",
      "geometry": {
        "type": "Point",
        "coordinates": [
          3.415378,
          43.446125
        ]
      },
      "properties": {
        "biognc": "oui",
        "annee_ouverture": "2021",
        "kpi_ouverture": "1",
        "code_postal": "34120",
        "longitude": "3.415378",
        "statut": "ouverte",
        "paiement_carte_abonne": "oui",
        "pays": "France",
        "code_region": "76",
        "exploitant": "SEVEN",
        "departement": "Hérault",
        "gnl": "non",
        "nom_region": "Occitanie",
        "mois_ouverture": "mars",
        "geo": [
          43.446125,
          3.415378
        ],
        "acces_pl": "oui",
        "gnc": "oui",
        "carburant": "GNC",
        "paiement": "carte abonné",
        "paiement_cb": "non",
        "rue": "rue Paul Guéry",
        "nom_commune": "PEZENAS",
        "latitude": "43.446125",
        "paiement_cash": "non"
      }
    },
    {
      "type": "Feature",
      "geometry": {
        "type": "Point",
        "coordinates": [
          1.592579,
          43.450254
        ]
      },
      "properties": {
        "biognc": "oui",
        "annee_ouverture": "2021",
        "kpi_ouverture": "1",
        "code_postal": "31450",
        "longitude": "1.592579",
        "statut": "ouverte",
        "paiement_carte_abonne": "oui",
        "pays": "France",
        "code_region": "76",
        "exploitant": "SEVEN",
        "departement": "Haute-Garonne",
        "gnl": "non",
        "nom_region": "Occitanie",
        "mois_ouverture": "octobre",
        "geo": [
          43.450254,
          1.592579
        ],
        "acces_pl": "oui",
        "gnc": "oui",
        "carburant": "GNC",
        "paiement": "carte abonné",
        "paiement_cb": "non",
        "rue": "Chemin de la Val Priout",
        "nom_commune": "AYGUESVIVES",
        "latitude": "43. 450254",
        "paiement_cash": "non"
      }
    },
    {
      "type": "Feature",
      "geometry": {
        "type": "Point",
        "coordinates": [
          1.11358900000004,
          49.402611
        ]
      },
      "properties": {
        "biognc": "non",
        "annee_ouverture": "2016",
        "kpi_ouverture": "1",
        "code_postal": "76300",
        "longitude": "1.11358900000004",
        "statut": "ouverte",
        "paiement_carte_abonne": "oui",
        "pays": "France",
        "code_region": "28",
        "exploitant": "GN Drive",
        "departement": "Seine-Maritime",
        "gnl": "non",
        "nom_region": "Normandie",
        "mois_ouverture": "RAS",
        "geo": [
          49.402611,
          1.11358900000004
        ],
        "acces_pl": "oui",
        "gnc": "oui",
        "carburant": "GNC",
        "paiement": "carte abonné",
        "paiement_cb": "non",
        "rue": "Chemin de la Mi-voie",
        "nom_commune": "SOTTEVILLE LES ROUEN",
        "latitude": "49.402611",
        "paiement_cash": "non"
      }
    },
    {
      "type": "Feature",
      "geometry": {
        "type": "Point",
        "coordinates": [
          6.578834,
          48.540564
        ]
      },
      "properties": {
        "biognc": "oui",
        "annee_ouverture": "2022",
        "kpi_ouverture": "1",
        "code_postal": "54950",
        "longitude": "6.578834",
        "statut": "ouverte",
        "paiement_carte_abonne": "oui",
        "pays": "France",
        "code_region": "44",
        "exploitant": "ENGIE Solutions",
        "departement": "Meurthe-et-Moselle",
        "gnl": "non",
        "nom_region": "Grand Est",
        "mois_ouverture": "mars",
        "geo": [
          48.540564,
          6.578834
        ],
        "acces_pl": "oui",
        "gnc": "oui",
        "carburant": "GNC",
        "paiement": "carte abonné",
        "paiement_cb": "non",
        "rue": "Lieu dit Betaigne",
        "nom_commune": "LARONXE",
        "latitude": "48.540564",
        "paiement_cash": "non"
      }
    },
    {
      "type": "Feature",
      "geometry": {
        "type": "Point",
        "coordinates": [
          1.937065,
          50.941566
        ]
      },
      "properties": {
        "biognc": "non",
        "annee_ouverture": "2020",
        "kpi_ouverture": "1",
        "code_postal": "62730",
        "longitude": "1.937065",
        "statut": "ouverte",
        "paiement_carte_abonne": "oui",
        "pays": "France",
        "code_region": "32",
        "exploitant": "LIQVIS",
        "departement": "Pas-de-Calais",
        "gnl": "oui",
        "nom_region": "Hauts-de-France",
        "mois_ouverture": "septembre",
        "geo": [
          50.941566,
          1.937065
        ],
        "acces_pl": "oui",
        "gnc": "non",
        "carburant": "GNL",
        "paiement": "carte abonné",
        "paiement_cb": "non",
        "rue": "Rue Auguste Bartholdi",
        "nom_commune": "MARCK",
        "latitude": "50.941566",
        "paiement_cash": "non"
      }
    },
    {
      "type": "Feature",
      "geometry": {
        "type": "Point",
        "coordinates": [
          3.151509,
          45.762194
        ]
      },
      "properties": {
        "biognc": "oui",
        "annee_ouverture": "2021",
        "kpi_ouverture": "1",
        "code_postal": "63000",
        "longitude": "3.151509",
        "statut": "ouverte",
        "paiement_carte_abonne": "oui",
        "pays": "France",
        "code_region": "84",
        "exploitant": "ENGIE Solutions",
        "departement": "Puy-de-Dôme",
        "gnl": "non",
        "nom_region": "Auvergne-Rhône-Alpes",
        "mois_ouverture": "mai",
        "geo": [
          45.762194,
          3.151509
        ],
        "acces_pl": "oui",
        "gnc": "oui",
        "carburant": "GNC",
        "paiement": "CB;carte abonné;DKV",
        "paiement_cb": "oui",
        "rue": "Chemin du Petit Gandaillat",
        "nom_commune": "CLERMONT FERRAND",
        "latitude": "45.762194",
        "paiement_cash": "non"
      }
    },
    {
      "type": "Feature",
      "geometry": {
        "type": "Point",
        "coordinates": [
          0.34537644,
          46.61820542
        ]
      },
      "properties": {
        "biognc": "oui",
        "annee_ouverture": "2021",
        "kpi_ouverture": "1",
        "code_postal": "86000",
        "longitude": "0.34537644",
        "statut": "ouverte",
        "paiement_carte_abonne": "oui",
        "pays": "France",
        "code_region": "75",
        "exploitant": "AS24",
        "departement": "Vienne",
        "gnl": "non",
        "nom_region": "Nouvelle-Aquitaine",
        "mois_ouverture": "octobre",
        "geo": [
          46.61820542,
          0.34537644
        ],
        "acces_pl": "oui",
        "gnc": "oui",
        "carburant": "GNC",
        "paiement": "CB;carte abonné",
        "paiement_cb": "oui",
        "rue": "ZI République Nord - Centre Routier",
        "nom_commune": "POITIERS",
        "latitude": "46.61820542",
        "paiement_cash": "non"
      }
    },
    {
      "type": "Feature",
      "geometry": {
        "type": "Point",
        "coordinates": [
          4.32241,
          49.037203
        ]
      },
      "properties": {
        "biognc": "oui",
        "annee_ouverture": "2023",
        "kpi_ouverture": "1",
        "code_postal": "51000",
        "longitude": "4.32241",
        "statut": "ouverte",
        "paiement_carte_abonne": "oui",
        "pays": "France",
        "code_region": "44",
        "exploitant": "AS24",
        "departement": "Marne",
        "gnl": "non",
        "nom_region": "Grand Est",
        "mois_ouverture": "mars",
        "geo": [
          49.037203,
          4.32241
        ],
        "acces_pl": "oui",
        "gnc": "oui",
        "carburant": "GNC",
        "paiement": "CB;carte abonné",
        "paiement_cb": "oui",
        "rue": "Centre Routier - Z.A.M. La Veuve",
        "nom_commune": "CHALONS EN CHAMPAGNE",
        "latitude": "49.037203",
        "paiement_cash": "non"
      }
    },
    {
      "type": "Feature",
      "geometry": {
        "type": "Point",
        "coordinates": [
          4.105133,
          49.222526
        ]
      },
      "properties": {
        "biognc": "non",
        "annee_ouverture": "2023",
        "kpi_ouverture": "1",
        "code_postal": "51100",
        "longitude": "4.105133",
        "statut": "ouverte",
        "paiement_carte_abonne": "oui",
        "pays": "France",
        "code_region": "44",
        "exploitant": "LIQVIS",
        "departement": "Marne",
        "gnl": "oui",
        "nom_region": "Grand Est",
        "mois_ouverture": "février",
        "geo": [
          49.222526,
          4.105133
        ],
        "acces_pl": "oui",
        "gnc": "non",
        "carburant": "GNL",
        "paiement": "carte abonné",
        "paiement_cb": "non",
        "rue": "Rue Val Claire",
        "nom_commune": "REIMS",
        "latitude": "49.222526",
        "paiement_cash": "non"
      }
    },
    {
      "type": "Feature",
      "geometry": {
        "type": "Point",
        "coordinates": [
          2.840555,
          48.3675
        ]
      },
      "properties": {
        "biognc": "oui",
        "annee_ouverture": "2025",
        "kpi_ouverture": "1",
        "code_postal": "77250",
        "longitude": "2.840555",
        "statut": "ouverte",
        "paiement_carte_abonne": "oui",
        "pays": "France",
        "code_region": "11",
        "exploitant": "ALTENS",
        "departement": "Seine-et-Marne",
        "gnl": "non",
        "nom_region": "Île-de-France",
        "mois_ouverture": "décembre",
        "geo": [
          48.3675,
          2.840555
        ],
        "acces_pl": "oui",
        "gnc": "oui",
        "carburant": "GNC",
        "paiement": "CB;carte abonné",
        "paiement_cb": "oui",
        "rue": "48 Avenue de Sens – Ecuelles",
        "nom_commune": "MORET LOING ET ORVANNE",
        "latitude": "48.3675",
        "paiement_cash": "non"
      }
    },
    {
      "type": "Feature",
      "geometry": {
        "type": "Point",
        "coordinates": [
          4.30579,
          45.54591
        ]
      },
      "properties": {
        "biognc": "oui",
        "annee_ouverture": "2018",
        "kpi_ouverture": "1",
        "code_postal": "42340",
        "longitude": "4.305790",
        "statut": "ouverte",
        "paiement_carte_abonne": "oui",
        "pays": "France",
        "code_region": "84",
        "exploitant": "MOLGAS",
        "departement": "Loire",
        "gnl": "oui",
        "nom_region": "Auvergne-Rhône-Alpes",
        "mois_ouverture": "juin",
        "geo": [
          45.54591,
          4.30579
        ],
        "acces_pl": "oui",
        "gnc": "oui",
        "carburant": "GNL , GNC",
        "paiement": "carte abonné",
        "paiement_cb": "non",
        "rue": "ZAC de l'Orme des Sources",
        "nom_commune": "VEAUCHE",
        "latitude": "45.545910",
        "paiement_cash": "non"
      }
    },
    {
      "type": "Feature",
      "geometry": {
        "type": "Point",
        "coordinates": [
          3.107529,
          50.581666
        ]
      },
      "properties": {
        "biognc": "oui",
        "annee_ouverture": "2016",
        "kpi_ouverture": "1",
        "code_postal": "59810",
        "longitude": "3.107529",
        "statut": "ouverte",
        "paiement_carte_abonne": "oui",
        "pays": "France",
        "code_region": "32",
        "exploitant": "MOLGAS",
        "departement": "Nord",
        "gnl": "oui",
        "nom_region": "Hauts-de-France",
        "mois_ouverture": "RAS",
        "geo": [
          50.581666,
          3.107529
        ],
        "acces_pl": "oui",
        "gnc": "oui",
        "carburant": "GNL , GNC",
        "paiement": "carte abonné",
        "paiement_cb": "non",
        "rue": "200 rue du Pic au Vent",
        "nom_commune": "LESQUIN",
        "latitude": "50.581666",
        "paiement_cash": "non"
      }
    },
    {
      "type": "Feature",
      "geometry": {
        "type": "Point",
        "coordinates": [
          3.549676,
          47.851959
        ]
      },
      "properties": {
        "biognc": "oui",
        "annee_ouverture": "2018",
        "kpi_ouverture": "1",
        "code_postal": "89470",
        "longitude": "3.549676",
        "statut": "ouverte",
        "paiement_carte_abonne": "oui",
        "pays": "France",
        "code_region": "27",
        "exploitant": "MOLGAS",
        "departement": "Yonne",
        "gnl": "oui",
        "nom_region": "Bourgogne-Franche-Comté",
        "mois_ouverture": "juin",
        "geo": [
          47.851959,
          3.549676
        ],
        "acces_pl": "oui",
        "gnc": "oui",
        "carburant": "GNL , GNC",
        "paiement": "carte abonné",
        "paiement_cb": "non",
        "rue": "avenue du Luxembourg",
        "nom_commune": "MONETEAU",
        "latitude": "47.851959",
        "paiement_cash": "non"
      }
    },
    {
      "type": "Feature",
      "geometry": {
        "type": "Point",
        "coordinates": [
          0.638194,
          44.184881
        ]
      },
      "properties": {
        "biognc": "oui",
        "annee_ouverture": "2024",
        "kpi_ouverture": "1",
        "code_postal": "47550",
        "longitude": "0.638194",
        "statut": "ouverte",
        "paiement_carte_abonne": "oui",
        "pays": "France",
        "code_region": "75",
        "exploitant": "Bio GNV du Confluent",
        "departement": "Lot-et-Garonne",
        "gnl": "non",
        "nom_region": "Nouvelle-Aquitaine",
        "mois_ouverture": "juillet",
        "geo": [
          44.184881,
          0.638194
        ],
        "acces_pl": "oui",
        "gnc": "oui",
        "carburant": "GNC",
        "paiement": "CB;carte abonné",
        "paiement_cb": "oui",
        "rue": "Avenue d'Aquitaine",
        "nom_commune": "BOE",
        "latitude": "44.184881",
        "paiement_cash": "non"
      }
    },
    {
      "type": "Feature",
      "geometry": {
        "type": "Point",
        "coordinates": [
          2.33185,
          48.61911
        ]
      },
      "properties": {
        "biognc": "oui",
        "annee_ouverture": "2024",
        "kpi_ouverture": "1",
        "code_postal": "91220",
        "longitude": "2.33185",
        "statut": "ouverte",
        "paiement_carte_abonne": "oui",
        "pays": "France",
        "code_region": "11",
        "exploitant": "AS24",
        "departement": "Essonne",
        "gnl": "non",
        "nom_region": "Île-de-France",
        "mois_ouverture": "juillet",
        "geo": [
          48.61911,
          2.33185
        ],
        "acces_pl": "oui",
        "gnc": "non",
        "carburant": "GNC",
        "paiement": "CB;carte abonné",
        "paiement_cb": "oui",
        "rue": "Chemin de la Noue Rousseau",
        "nom_commune": "LE PLESSIS PATE",
        "latitude": "48.61911",
        "paiement_cash": "non"
      }
    },
    {
      "type": "Feature",
      "geometry": {
        "type": "Point",
        "coordinates": [
          0.360139,
          49.341889
        ]
      },
      "properties": {
        "biognc": "oui",
        "annee_ouverture": "2020",
        "kpi_ouverture": "1",
        "code_postal": "27210",
        "longitude": "0.360139",
        "statut": "ouverte",
        "paiement_carte_abonne": "oui",
        "pays": "France",
        "code_region": "28",
        "exploitant": "MOLGAS",
        "departement": "Eure",
        "gnl": "oui",
        "nom_region": "Normandie",
        "mois_ouverture": "octobre",
        "geo": [
          49.341889,
          0.360139
        ],
        "acces_pl": "oui",
        "gnc": "oui",
        "carburant": "GNL , GNC",
        "paiement": "carte abonné",
        "paiement_cb": "non",
        "rue": "687 avenue du 46 Royal Marine",
        "nom_commune": "BEUZEVILLE",
        "latitude": "49.341889",
        "paiement_cash": "non"
      }
    },
    {
      "type": "Feature",
      "geometry": {
        "type": "Point",
        "coordinates": [
          5.0862674,
          45.0472622
        ]
      },
      "properties": {
        "biognc": "oui",
        "annee_ouverture": "2023",
        "kpi_ouverture": "1",
        "code_postal": "26100",
        "longitude": "5.0862674",
        "statut": "ouverte",
        "paiement_carte_abonne": "oui",
        "pays": "France",
        "code_region": "84",
        "exploitant": "Drôme Energies Distribution",
        "departement": "Drôme",
        "gnl": "non",
        "nom_region": "Auvergne-Rhône-Alpes",
        "mois_ouverture": "mai",
        "geo": [
          45.0472622,
          5.0862674
        ],
        "acces_pl": "oui",
        "gnc": "non",
        "carburant": "GNC",
        "paiement": "CB;carte abonné",
        "paiement_cb": "oui",
        "rue": "Rue marie curie",
        "nom_commune": "ROMANS SUR ISERE",
        "latitude": "45.0472622",
        "paiement_cash": "non"
      }
    },
    {
      "type": "Feature",
      "geometry": {
        "type": "Point",
        "coordinates": [
          -2.7959828,
          48.4676891
        ]
      },
      "properties": {
        "biognc": "oui",
        "annee_ouverture": "2021",
        "kpi_ouverture": "1",
        "code_postal": "22440",
        "longitude": "-2.7959828",
        "statut": "ouverte",
        "paiement_carte_abonne": "oui",
        "pays": "France",
        "code_region": "53",
        "exploitant": "MOLGAS",
        "departement": "Côtes-d'Armor",
        "gnl": "oui",
        "nom_region": "Bretagne",
        "mois_ouverture": "mars",
        "geo": [
          48.4676891,
          -2.7959828
        ],
        "acces_pl": "oui",
        "gnc": "oui",
        "carburant": "GNL , GNC",
        "paiement": "carte abonné",
        "paiement_cb": "non",
        "rue": "Avenue des Chatelets",
        "nom_commune": "PLOUFRAGAN",
        "latitude": "48.4676891",
        "paiement_cash": "non"
      }
    },
    {
      "type": "Feature",
      "geometry": {
        "type": "Point",
        "coordinates": [
          1.833535,
          50.129662
        ]
      },
      "properties": {
        "biognc": "oui",
        "annee_ouverture": "2024",
        "kpi_ouverture": "1",
        "code_postal": "80100",
        "longitude": "1.833535",
        "statut": "ouverte",
        "paiement_carte_abonne": "non",
        "pays": "France",
        "code_region": "32",
        "exploitant": "Gazie",
        "departement": "Somme",
        "gnl": "non",
        "nom_region": "Hauts-de-France",
        "mois_ouverture": "janvier",
        "geo": [
          50.129662,
          1.833535
        ],
        "acces_pl": "oui",
        "gnc": "oui",
        "carburant": "GNC",
        "paiement": "CB",
        "paiement_cb": "oui",
        "rue": "route d'Hesdin",
        "nom_commune": "ABBEVILLE",
        "latitude": "50.129662",
        "paiement_cash": "non"
      }
    },
    {
      "type": "Feature",
      "geometry": {
        "type": "Point",
        "coordinates": [
          4.728759,
          46.098354
        ]
      },
      "properties": {
        "biognc": "oui",
        "annee_ouverture": "2023",
        "kpi_ouverture": "1",
        "code_postal": "69220",
        "longitude": "4.728759",
        "statut": "ouverte",
        "paiement_carte_abonne": "oui",
        "pays": "France",
        "code_region": "84",
        "exploitant": "GEG",
        "departement": "Rhône",
        "gnl": "non",
        "nom_region": "Auvergne-Rhône-Alpes",
        "mois_ouverture": "juin",
        "geo": [
          46.098354,
          4.728759
        ],
        "acces_pl": "oui",
        "gnc": "oui",
        "carburant": "GNC , BioGNC",
        "paiement": "CB;carte abonné",
        "paiement_cb": "oui",
        "rue": "ZAC La Terre aux dames",
        "nom_commune": "BELLEVILLE EN BEAUJOLAIS",
        "latitude": "46.098354",
        "paiement_cash": "non"
      }
    },
    {
      "type": "Feature",
      "geometry": {
        "type": "Point",
        "coordinates": [
          2.324772,
          48.820553
        ]
      },
      "properties": {
        "biognc": "oui",
        "annee_ouverture": "2023",
        "kpi_ouverture": "1",
        "code_postal": "75014",
        "longitude": "2.324772",
        "statut": "ouverte",
        "paiement_carte_abonne": "oui",
        "pays": "France",
        "code_region": "11",
        "exploitant": "TotalEnergies",
        "departement": "Paris",
        "gnl": "non",
        "nom_region": "Île-de-France",
        "mois_ouverture": "août",
        "geo": [
          48.820553,
          2.324772
        ],
        "acces_pl": "oui",
        "gnc": "oui",
        "carburant": "GNC",
        "paiement": "CB;carte abonné",
        "paiement_cb": "oui",
        "rue": "Relais Maréchal Leclerc",
        "nom_commune": "PARIS",
        "latitude": "48.820553",
        "paiement_cash": "non"
      }
    },
    {
      "type": "Feature",
      "geometry": {
        "type": "Point",
        "coordinates": [
          4.803638,
          43.627203
        ]
      },
      "properties": {
        "biognc": "oui",
        "annee_ouverture": "2018",
        "kpi_ouverture": "1",
        "code_postal": "13310",
        "longitude": "4.803638",
        "statut": "ouverte",
        "paiement_carte_abonne": "oui",
        "pays": "France",
        "code_region": "93",
        "exploitant": "PROVIRIDIS / VGAS",
        "departement": "Bouches-du-Rhône",
        "gnl": "oui",
        "nom_region": "Provence-Alpes-Côte d'Azur",
        "mois_ouverture": "juillet",
        "geo": [
          43.627203,
          4.803638
        ],
        "acces_pl": "oui",
        "gnc": "oui",
        "carburant": "GNL , GNC",
        "paiement": "carte abonné",
        "paiement_cb": "non",
        "rue": "Avenue Marcelin Berthelot - Ecopole",
        "nom_commune": "ST MARTIN DE CRAU",
        "latitude": "43.627203",
        "paiement_cash": "non"
      }
    },
    {
      "type": "Feature",
      "geometry": {
        "type": "Point",
        "coordinates": [
          4.22874,
          48.72982
        ]
      },
      "properties": {
        "biognc": "non",
        "annee_ouverture": "2023",
        "kpi_ouverture": "1",
        "code_postal": "51320",
        "longitude": "4.22874",
        "statut": "ouverte",
        "paiement_carte_abonne": "oui",
        "pays": "France",
        "code_region": "44",
        "exploitant": "SHELL",
        "departement": "Marne",
        "gnl": "oui",
        "nom_region": "Grand Est",
        "mois_ouverture": "mai",
        "geo": [
          48.72982,
          4.22874
        ],
        "acces_pl": "oui",
        "gnc": "non",
        "carburant": "GNL",
        "paiement": "carte abonné",
        "paiement_cb": "non",
        "rue": "Nationale 4 - Aire de Sommesous",
        "nom_commune": "SOMMESOUS",
        "latitude": "48.72982",
        "paiement_cash": "non"
      }
    },
    {
      "type": "Feature",
      "geometry": {
        "type": "Point",
        "coordinates": [
          6.052908,
          49.179221
        ]
      },
      "properties": {
        "biognc": "non",
        "annee_ouverture": "2024",
        "kpi_ouverture": "1",
        "code_postal": "57855",
        "longitude": "6.052908",
        "statut": "ouverte",
        "paiement_carte_abonne": "oui",
        "pays": "France",
        "code_region": "44",
        "exploitant": "SHELL",
        "departement": "Moselle",
        "gnl": "oui",
        "nom_region": "Grand Est",
        "mois_ouverture": "juillet",
        "geo": [
          49.179221,
          6.052908
        ],
        "acces_pl": "oui",
        "gnc": "non",
        "carburant": "GNL",
        "paiement": "carte abonné",
        "paiement_cb": "non",
        "rue": "Autoroute A4 - Aire de Metz Saint Privat",
        "nom_commune": "ST PRIVAT LA MONTAGNE",
        "latitude": "49.179221",
        "paiement_cash": "non"
      }
    },
    {
      "type": "Feature",
      "geometry": {
        "type": "Point",
        "coordinates": [
          2.465229,
          48.567426
        ]
      },
      "properties": {
        "biognc": "oui",
        "annee_ouverture": "2021",
        "kpi_ouverture": "1",
        "code_postal": "91830",
        "longitude": "2.465229",
        "statut": "ouverte",
        "paiement_carte_abonne": "oui",
        "pays": "France",
        "code_region": "11",
        "exploitant": "GAZUP",
        "departement": "Essonne",
        "gnl": "non",
        "nom_region": "Île-de-France",
        "mois_ouverture": "juin",
        "geo": [
          48.567426,
          2.465229
        ],
        "acces_pl": "oui",
        "gnc": "oui",
        "carburant": "GNC",
        "paiement": "CB;carte abonné",
        "paiement_cb": "oui",
        "rue": "rue du Bois de l'Ecu",
        "nom_commune": "LE COUDRAY MONTCEAUX",
        "latitude": "48.567426",
        "paiement_cash": "non"
      }
    },
    {
      "type": "Feature",
      "geometry": {
        "type": "Point",
        "coordinates": [
          3.20469,
          50.20056
        ]
      },
      "properties": {
        "biognc": "oui",
        "annee_ouverture": "2022",
        "kpi_ouverture": "1",
        "code_postal": "59554",
        "longitude": "3.20469",
        "statut": "ouverte",
        "paiement_carte_abonne": "oui",
        "pays": "France",
        "code_region": "32",
        "exploitant": "GAZUP",
        "departement": "Nord",
        "gnl": "non",
        "nom_region": "Hauts-de-France",
        "mois_ouverture": "septembre",
        "geo": [
          50.20056,
          3.20469
        ],
        "acces_pl": "oui",
        "gnc": "oui",
        "carburant": "GNC",
        "paiement": "CB;carte abonné",
        "paiement_cb": "oui",
        "rue": "Av Jean Jacques Segard",
        "nom_commune": "TILLOY LEZ CAMBRAI",
        "latitude": "50.20056",
        "paiement_cash": "non"
      }
    },
    {
      "type": "Feature",
      "geometry": {
        "type": "Point",
        "coordinates": [
          5.717021,
          45.173658
        ]
      },
      "properties": {
        "biognc": "oui",
        "annee_ouverture": "2022",
        "kpi_ouverture": "1",
        "code_postal": "38000",
        "longitude": "5.717021",
        "statut": "ouverte",
        "paiement_carte_abonne": "oui",
        "pays": "France",
        "code_region": "84",
        "exploitant": "ENGIE Solutions",
        "departement": "Isère",
        "gnl": "non",
        "nom_region": "Auvergne-Rhône-Alpes",
        "mois_ouverture": "décembre",
        "geo": [
          45.173658,
          5.717021
        ],
        "acces_pl": "oui",
        "gnc": "oui",
        "carburant": "GNC",
        "paiement": "CB;carte abonné",
        "paiement_cb": "oui",
        "rue": "Rue des alliés",
        "nom_commune": "GRENOBLE",
        "latitude": "45.173658",
        "paiement_cash": "non"
      }
    },
    {
      "type": "Feature",
      "geometry": {
        "type": "Point",
        "coordinates": [
          2.389212,
          48.750342
        ]
      },
      "properties": {
        "biognc": "oui",
        "annee_ouverture": "2017",
        "kpi_ouverture": "1",
        "code_postal": "94310",
        "longitude": "2.389212",
        "statut": "ouverte",
        "paiement_carte_abonne": "oui",
        "pays": "France",
        "code_region": "11",
        "exploitant": "TotalEnergies",
        "departement": "Val-de-Marne",
        "gnl": "non",
        "nom_region": "Île-de-France",
        "mois_ouverture": "décembre",
        "geo": [
          48.750342,
          2.389212
        ],
        "acces_pl": "oui",
        "gnc": "oui",
        "carburant": "GNC",
        "paiement": "Cash;CB;carte abonné",
        "paiement_cb": "oui",
        "rue": "1 rue des lances",
        "nom_commune": "ORLY",
        "latitude": "48.750342",
        "paiement_cash": "oui"
      }
    },
    {
      "type": "Feature",
      "geometry": {
        "type": "Point",
        "coordinates": [
          0.37914,
          46.58145
        ]
      },
      "properties": {
        "biognc": "oui",
        "annee_ouverture": "2023",
        "kpi_ouverture": "1",
        "code_postal": "86000",
        "longitude": "0.37914",
        "statut": "ouverte",
        "paiement_carte_abonne": "oui",
        "pays": "France",
        "code_region": "75",
        "exploitant": "ENGIE Solutions",
        "departement": "Vienne",
        "gnl": "non",
        "nom_region": "Nouvelle-Aquitaine",
        "mois_ouverture": "février",
        "geo": [
          46.58145,
          0.37914
        ],
        "acces_pl": "oui",
        "gnc": "oui",
        "carburant": "GNC",
        "paiement": "CB;carte abonné",
        "paiement_cb": "oui",
        "rue": "9 avenue de Northampton",
        "nom_commune": "POITIERS",
        "latitude": "46.58145",
        "paiement_cash": "non"
      }
    },
    {
      "type": "Feature",
      "geometry": {
        "type": "Point",
        "coordinates": [
          1.9873,
          48.7671
        ]
      },
      "properties": {
        "biognc": "oui",
        "annee_ouverture": "2023",
        "kpi_ouverture": "1",
        "code_postal": "78190",
        "longitude": "1.9873",
        "statut": "ouverte",
        "paiement_carte_abonne": "oui",
        "pays": "France",
        "code_region": "11",
        "exploitant": "AS24",
        "departement": "Yvelines",
        "gnl": "non",
        "nom_region": "Île-de-France",
        "mois_ouverture": "février",
        "geo": [
          48.7671,
          1.9873
        ],
        "acces_pl": "oui",
        "gnc": "oui",
        "carburant": "GNC , BioGNC",
        "paiement": "CB;carte abonné",
        "paiement_cb": "oui",
        "rue": "SERNAM RUE GEORGES POLITZER",
        "nom_commune": "TRAPPES",
        "latitude": "48.7671",
        "paiement_cash": "non"
      }
    },
    {
      "type": "Feature",
      "geometry": {
        "type": "Point",
        "coordinates": [
          4.7428,
          44.5768
        ]
      },
      "properties": {
        "biognc": "non",
        "annee_ouverture": "2018",
        "kpi_ouverture": "1",
        "code_postal": "26200",
        "longitude": "4.7428",
        "statut": "ouverte",
        "paiement_carte_abonne": "oui",
        "pays": "France",
        "code_region": "84",
        "exploitant": "AVIA - PRIMAGAZ",
        "departement": "Drôme",
        "gnl": "oui",
        "nom_region": "Auvergne-Rhône-Alpes",
        "mois_ouverture": "janvier",
        "geo": [
          44.5768,
          4.7428
        ],
        "acces_pl": "oui",
        "gnc": "oui",
        "carburant": "GNL , GNC",
        "paiement": "CB;carte abonné",
        "paiement_cb": "oui",
        "rue": "Avenue du Meyrol",
        "nom_commune": "MONTELIMAR",
        "latitude": "44.5768",
        "paiement_cash": "non"
      }
    },
    {
      "type": "Feature",
      "geometry": {
        "type": "Point",
        "coordinates": [
          1.292548,
          45.907928
        ]
      },
      "properties": {
        "biognc": "non",
        "annee_ouverture": "2017",
        "kpi_ouverture": "1",
        "code_postal": "87000",
        "longitude": "1.292548",
        "statut": "ouverte",
        "paiement_carte_abonne": "oui",
        "pays": "France",
        "code_region": "75",
        "exploitant": "AVIA - PRIMAGAZ",
        "departement": "Haute-Vienne",
        "gnl": "oui",
        "nom_region": "Nouvelle-Aquitaine",
        "mois_ouverture": "juillet",
        "geo": [
          45.907928,
          1.292548
        ],
        "acces_pl": "oui",
        "gnc": "oui",
        "carburant": "GNL , GNC",
        "paiement": "CB;carte abonné",
        "paiement_cb": "oui",
        "rue": "Aire de Beaune les Mines - A20",
        "nom_commune": "LIMOGES",
        "latitude": "45.907928",
        "paiement_cash": "non"
      }
    },
    {
      "type": "Feature",
      "geometry": {
        "type": "Point",
        "coordinates": [
          3.14036585390567,
          50.5746340190336
        ]
      },
      "properties": {
        "biognc": "oui",
        "annee_ouverture": "2020",
        "kpi_ouverture": "1",
        "code_postal": "59273",
        "longitude": "3.14036585390567",
        "statut": "ouverte",
        "paiement_carte_abonne": "oui",
        "pays": "France",
        "code_region": "32",
        "exploitant": "AVIA - PRIMAGAZ",
        "departement": "Pas-de-Calais",
        "gnl": "oui",
        "nom_region": "Hauts-de-France",
        "mois_ouverture": "juin",
        "geo": [
          50.5746340190336,
          3.14036585390567
        ],
        "acces_pl": "oui",
        "gnc": "oui",
        "carburant": "GNL , GNC",
        "paiement": "CB;carte abonné",
        "paiement_cb": "oui",
        "rue": "684 rue du chemin Vert",
        "nom_commune": "FRETIN",
        "latitude": "50.5746340190336",
        "paiement_cash": "non"
      }
    },
    {
      "type": "Feature",
      "geometry": {
        "type": "Point",
        "coordinates": [
          1.308156,
          43.599933
        ]
      },
      "properties": {
        "biognc": "oui",
        "annee_ouverture": "2018",
        "kpi_ouverture": "1",
        "code_postal": "31770",
        "longitude": "1.308156",
        "statut": "ouverte",
        "paiement_carte_abonne": "oui",
        "pays": "France",
        "code_region": "76",
        "exploitant": "AS24",
        "departement": "Haute-Garonne",
        "gnl": "non",
        "nom_region": "Occitanie",
        "mois_ouverture": "janvier",
        "geo": [
          43.599933,
          1.308156
        ],
        "acces_pl": "oui",
        "gnc": "oui",
        "carburant": "GNC",
        "paiement": "carte abonné",
        "paiement_cb": "non",
        "rue": "Chemin de la Nasque - ZA En Jacca",
        "nom_commune": "COLOMIERS",
        "latitude": "43.599933",
        "paiement_cash": "non"
      }
    },
    {
      "type": "Feature",
      "geometry": {
        "type": "Point",
        "coordinates": [
          5.106476,
          45.662374
        ]
      },
      "properties": {
        "biognc": "oui",
        "annee_ouverture": "2017",
        "kpi_ouverture": "1",
        "code_postal": "38070",
        "longitude": "5.106476",
        "statut": "ouverte",
        "paiement_carte_abonne": "oui",
        "pays": "France",
        "code_region": "84",
        "exploitant": "AS24",
        "departement": "Isère",
        "gnl": "non",
        "nom_region": "Auvergne-Rhône-Alpes",
        "mois_ouverture": "septembre",
        "geo": [
          45.662374,
          5.106476
        ],
        "acces_pl": "oui",
        "gnc": "oui",
        "carburant": "GNC",
        "paiement": "carte abonné",
        "paiement_cb": "non",
        "rue": "Rue Santoyon",
        "nom_commune": "ST QUENTIN FALLAVIER",
        "latitude": "45.662374",
        "paiement_cash": "non"
      }
    },
    {
      "type": "Feature",
      "geometry": {
        "type": "Point",
        "coordinates": [
          1.33242,
          47.612811
        ]
      },
      "properties": {
        "biognc": "oui",
        "annee_ouverture": "2018",
        "kpi_ouverture": "1",
        "code_postal": "41000",
        "longitude": "1.332420",
        "statut": "ouverte",
        "paiement_carte_abonne": "oui",
        "pays": "France",
        "code_region": "24",
        "exploitant": "AS24",
        "departement": "Loir-et-Cher",
        "gnl": "non",
        "nom_region": "Centre-Val de Loire",
        "mois_ouverture": "septembre",
        "geo": [
          47.612811,
          1.33242
        ],
        "acces_pl": "oui",
        "gnc": "oui",
        "carburant": "GNC",
        "paiement": "carte abonné",
        "paiement_cb": "non",
        "rue": "14 rue Robert Nau",
        "nom_commune": "BLOIS",
        "latitude": "47.612811",
        "paiement_cash": "non"
      }
    },
    {
      "type": "Feature",
      "geometry": {
        "type": "Point",
        "coordinates": [
          1.742635,
          48.983601
        ]
      },
      "properties": {
        "biognc": "oui",
        "annee_ouverture": "2020",
        "kpi_ouverture": "1",
        "code_postal": "78520",
        "longitude": "1.742635",
        "statut": "ouverte",
        "paiement_carte_abonne": "oui",
        "pays": "France",
        "code_region": "11",
        "exploitant": "AS24",
        "departement": "Yvelines",
        "gnl": "non",
        "nom_region": "Île-de-France",
        "mois_ouverture": "juin",
        "geo": [
          48.983601,
          1.742635
        ],
        "acces_pl": "oui",
        "gnc": "oui",
        "carburant": "GNC",
        "paiement": "carte abonné",
        "paiement_cb": "non",
        "rue": "Port de Limay-Porcheville",
        "nom_commune": "LIMAY",
        "latitude": "48.983601",
        "paiement_cash": "non"
      }
    },
    {
      "type": "Feature",
      "geometry": {
        "type": "Point",
        "coordinates": [
          -0.916386,
          47.041994
        ]
      },
      "properties": {
        "biognc": "oui",
        "annee_ouverture": "2018",
        "kpi_ouverture": "1",
        "code_postal": "49300",
        "longitude": "-0.916386",
        "statut": "ouverte",
        "paiement_carte_abonne": "oui",
        "pays": "France",
        "code_region": "52",
        "exploitant": "AVIA",
        "departement": "Maine-et-Loire",
        "gnl": "oui",
        "nom_region": "Pays de la Loire",
        "mois_ouverture": "janvier",
        "geo": [
          47.041994,
          -0.916386
        ],
        "acces_pl": "oui",
        "gnc": "oui",
        "carburant": "GNL , GNC",
        "paiement": "CB;carte abonné",
        "paiement_cb": "oui",
        "rue": "Boulevard du Cormier, Parc d'activité du Cormier",
        "nom_commune": "CHOLET",
        "latitude": "47.041994",
        "paiement_cash": "non"
      }
    },
    {
      "type": "Feature",
      "geometry": {
        "type": "Point",
        "coordinates": [
          -2.713715,
          47.653046
        ]
      },
      "properties": {
        "biognc": "oui",
        "annee_ouverture": "2018",
        "kpi_ouverture": "1",
        "code_postal": "56000",
        "longitude": "-2.713715",
        "statut": "ouverte",
        "paiement_carte_abonne": "oui",
        "pays": "France",
        "code_region": "53",
        "exploitant": "Bretagne Mobilité GNV",
        "departement": "Morbihan",
        "gnl": "non",
        "nom_region": "Bretagne",
        "mois_ouverture": "février",
        "geo": [
          47.653046,
          -2.713715
        ],
        "acces_pl": "oui",
        "gnc": "oui",
        "carburant": "GNC",
        "paiement": "CB;carte abonné",
        "paiement_cb": "oui",
        "rue": "35 avenue Paul Dupleix - ZI du Prat",
        "nom_commune": "VANNES",
        "latitude": "47.653046",
        "paiement_cash": "non"
      }
    },
    {
      "type": "Feature",
      "geometry": {
        "type": "Point",
        "coordinates": [
          2.4955004453659,
          48.774778553698
        ]
      },
      "properties": {
        "biognc": "oui",
        "annee_ouverture": "2016",
        "kpi_ouverture": "1",
        "code_postal": "94380",
        "longitude": "2.4955004453659",
        "statut": "ouverte",
        "paiement_carte_abonne": "oui",
        "pays": "France",
        "code_region": "11",
        "exploitant": "ENDESA",
        "departement": "Val-de-Marne",
        "gnl": "non",
        "nom_region": "Île-de-France",
        "mois_ouverture": "RAS",
        "geo": [
          48.774778553698,
          2.4955004453659
        ],
        "acces_pl": "oui",
        "gnc": "oui",
        "carburant": "GNC",
        "paiement": "CB;carte abonné",
        "paiement_cb": "oui",
        "rue": "Route du Fief Cordelier",
        "nom_commune": "BONNEUIL SUR MARNE",
        "latitude": "48.774778553698",
        "paiement_cash": "non"
      }
    },
    {
      "type": "Feature",
      "geometry": {
        "type": "Point",
        "coordinates": [
          6.263784,
          48.616934
        ]
      },
      "properties": {
        "biognc": "oui",
        "annee_ouverture": "2023",
        "kpi_ouverture": "1",
        "code_postal": "54210",
        "longitude": "6.263784",
        "statut": "ouverte",
        "paiement_carte_abonne": "oui",
        "pays": "France",
        "code_region": "44",
        "exploitant": "AVIA - PRIMAGAZ",
        "departement": "Meurthe-et-Moselle",
        "gnl": "oui",
        "nom_region": "Grand Est",
        "mois_ouverture": "juillet",
        "geo": [
          48.616934,
          6.263784
        ],
        "acces_pl": "oui",
        "gnc": "oui",
        "carburant": "GNL , GNC",
        "paiement": "CB;carte abonné",
        "paiement_cb": "oui",
        "rue": "route de Saint Nicolas du Port",
        "nom_commune": "VILLE EN VERMOIS",
        "latitude": "48.616934",
        "paiement_cash": "non"
      }
    },
    {
      "type": "Feature",
      "geometry": {
        "type": "Point",
        "coordinates": [
          6.37730196118354,
          46.0755044167779
        ]
      },
      "properties": {
        "biognc": "oui",
        "annee_ouverture": "2012",
        "kpi_ouverture": "1",
        "code_postal": "74800",
        "longitude": "6.37730196118354",
        "statut": "ouverte",
        "paiement_carte_abonne": "oui",
        "pays": "France",
        "code_region": "84",
        "exploitant": "ENGIE Solutions",
        "departement": "Haute-Savoie",
        "gnl": "non",
        "nom_region": "Auvergne-Rhône-Alpes",
        "mois_ouverture": "RAS",
        "geo": [
          46.0755044167779,
          6.37730196118354
        ],
        "acces_pl": "oui",
        "gnc": "oui",
        "carburant": "GNC",
        "paiement": "CB;carte abonné",
        "paiement_cb": "oui",
        "rue": "365 avenue des Jourdies",
        "nom_commune": "ST PIERRE EN FAUCIGNY",
        "latitude": "46.0755044167779",
        "paiement_cash": "non"
      }
    },
    {
      "type": "Feature",
      "geometry": {
        "type": "Point",
        "coordinates": [
          2.627272,
          48.980219
        ]
      },
      "properties": {
        "biognc": "non",
        "annee_ouverture": "2018",
        "kpi_ouverture": "1",
        "code_postal": "77290",
        "longitude": "2.627272",
        "statut": "ouverte",
        "paiement_carte_abonne": "oui",
        "pays": "France",
        "code_region": "11",
        "exploitant": "ENGIE Solutions",
        "departement": "Seine-et-Marne",
        "gnl": "oui",
        "nom_region": "Île-de-France",
        "mois_ouverture": "avril",
        "geo": [
          48.980219,
          2.627272
        ],
        "acces_pl": "oui",
        "gnc": "oui",
        "carburant": "GNL , GNC",
        "paiement": "CB;carte abonné",
        "paiement_cb": "oui",
        "rue": "13 rue des Frères Lumières",
        "nom_commune": "MITRY MORY",
        "latitude": "48.980219",
        "paiement_cash": "non"
      }
    },
    {
      "type": "Feature",
      "geometry": {
        "type": "Point",
        "coordinates": [
          2.5269,
          49.094483
        ]
      },
      "properties": {
        "biognc": "oui",
        "annee_ouverture": "2020",
        "kpi_ouverture": "1",
        "code_postal": "95470",
        "longitude": "2.52690",
        "statut": "ouverte",
        "paiement_carte_abonne": "oui",
        "pays": "France",
        "code_region": "11",
        "exploitant": "ENGIE Solutions",
        "departement": "Val-d'Oise",
        "gnl": "non",
        "nom_region": "Île-de-France",
        "mois_ouverture": "mars",
        "geo": [
          49.094483,
          2.5269
        ],
        "acces_pl": "oui",
        "gnc": "oui",
        "carburant": "GNC",
        "paiement": "CB;carte abonné",
        "paiement_cb": "oui",
        "rue": "17 rue de la ferme Saint-Ladre",
        "nom_commune": "ST WITZ",
        "latitude": "49.094483",
        "paiement_cash": "non"
      }
    },
    {
      "type": "Feature",
      "geometry": {
        "type": "Point",
        "coordinates": [
          0.679221,
          47.257095
        ]
      },
      "properties": {
        "biognc": "non",
        "annee_ouverture": "2020",
        "kpi_ouverture": "1",
        "code_postal": "37250",
        "longitude": "0.679221",
        "statut": "ouverte",
        "paiement_carte_abonne": "oui",
        "pays": "France",
        "code_region": "24",
        "exploitant": "ENGIE Solutions",
        "departement": "Indre-et-Loire",
        "gnl": "oui",
        "nom_region": "Centre-Val de Loire",
        "mois_ouverture": "mars",
        "geo": [
          47.257095,
          0.679221
        ],
        "acces_pl": "oui",
        "gnc": "oui",
        "carburant": "GNL , GNC",
        "paiement": "CB;carte abonné",
        "paiement_cb": "oui",
        "rue": "ISOPARC - rue Régis Ramage",
        "nom_commune": "SORIGNY",
        "latitude": "47.257095",
        "paiement_cash": "non"
      }
    },
    {
      "type": "Feature",
      "geometry": {
        "type": "Point",
        "coordinates": [
          2.275066,
          48.937447
        ]
      },
      "properties": {
        "biognc": "oui",
        "annee_ouverture": "2020",
        "kpi_ouverture": "1",
        "code_postal": "92230",
        "longitude": "2.275066",
        "statut": "ouverte",
        "paiement_carte_abonne": "oui",
        "pays": "France",
        "code_region": "11",
        "exploitant": "TotalEnergies",
        "departement": "Hauts-de-Seine",
        "gnl": "non",
        "nom_region": "Île-de-France",
        "mois_ouverture": "août",
        "geo": [
          48.937447,
          2.275066
        ],
        "acces_pl": "oui",
        "gnc": "oui",
        "carburant": "GNC",
        "paiement": "CB;carte abonné",
        "paiement_cb": "oui",
        "rue": "45 route principale du Port",
        "nom_commune": "GENNEVILLIERS",
        "latitude": "48.937447",
        "paiement_cash": "non"
      }
    },
    {
      "type": "Feature",
      "geometry": {
        "type": "Point",
        "coordinates": [
          7.783636,
          48.524544
        ]
      },
      "properties": {
        "biognc": "oui",
        "annee_ouverture": "2018",
        "kpi_ouverture": "1",
        "code_postal": "67000",
        "longitude": "7.783636",
        "statut": "ouverte",
        "paiement_carte_abonne": "oui",
        "pays": "France",
        "code_region": "44",
        "exploitant": "TotalEnergies",
        "departement": "Bas-Rhin",
        "gnl": "non",
        "nom_region": "Grand Est",
        "mois_ouverture": "RAS",
        "geo": [
          48.524544,
          7.783636
        ],
        "acces_pl": "oui",
        "gnc": "oui",
        "carburant": "GNC",
        "paiement": "Cash;CB;carte abonné",
        "paiement_cb": "oui",
        "rue": "Rue de Rheinfeld - Centre routier",
        "nom_commune": "STRASBOURG",
        "latitude": "48.524544",
        "paiement_cash": "oui"
      }
    },
    {
      "type": "Feature",
      "geometry": {
        "type": "Point",
        "coordinates": [
          -0.500917,
          47.482655
        ]
      },
      "properties": {
        "biognc": "oui",
        "annee_ouverture": "2021",
        "kpi_ouverture": "1",
        "code_postal": "49124",
        "longitude": "-0.500917",
        "statut": "ouverte",
        "paiement_carte_abonne": "oui",
        "pays": "France",
        "code_region": "52",
        "exploitant": "ENGIE Solutions",
        "departement": "Maine-et-Loire",
        "gnl": "oui",
        "nom_region": "Pays de la Loire",
        "mois_ouverture": "mars",
        "geo": [
          47.482655,
          -0.500917
        ],
        "acces_pl": "oui",
        "gnc": "oui",
        "carburant": "GNL , GNC",
        "paiement": "carte abonné",
        "paiement_cb": "non",
        "rue": "boulevard de la Romanerie",
        "nom_commune": "ST BARTHELEMY D ANJOU",
        "latitude": "47.482655",
        "paiement_cash": "non"
      }
    },
    {
      "type": "Feature",
      "geometry": {
        "type": "Point",
        "coordinates": [
          5.031118,
          45.769833
        ]
      },
      "properties": {
        "biognc": "non",
        "annee_ouverture": "2021",
        "kpi_ouverture": "1",
        "code_postal": "69330",
        "longitude": "5.031118",
        "statut": "ouverte",
        "paiement_carte_abonne": "oui",
        "pays": "France",
        "code_region": "84",
        "exploitant": "ENGIE Solutions",
        "departement": "Rhône",
        "gnl": "oui",
        "nom_region": "Auvergne-Rhône-Alpes",
        "mois_ouverture": "mars",
        "geo": [
          45.769833,
          5.031118
        ],
        "acces_pl": "oui",
        "gnc": "oui",
        "carburant": "GNL , GNC",
        "paiement": "carte abonné",
        "paiement_cb": "non",
        "rue": "avenue Dr Shweitzer",
        "nom_commune": "MEYZIEU",
        "latitude": "45.769833",
        "paiement_cash": "non"
      }
    },
    {
      "type": "Feature",
      "geometry": {
        "type": "Point",
        "coordinates": [
          2.832973,
          48.726583
        ]
      },
      "properties": {
        "biognc": "oui",
        "annee_ouverture": "2021",
        "kpi_ouverture": "1",
        "code_postal": "77610",
        "longitude": "2.832973",
        "statut": "ouverte",
        "paiement_carte_abonne": "oui",
        "pays": "France",
        "code_region": "11",
        "exploitant": "ENGIE Solutions",
        "departement": "Seine-et-Marne",
        "gnl": "oui",
        "nom_region": "Île-de-France",
        "mois_ouverture": "octobre",
        "geo": [
          48.726583,
          2.832973
        ],
        "acces_pl": "oui",
        "gnc": "non",
        "carburant": "GNL , GNC",
        "paiement": "CB;carte abonné",
        "paiement_cb": "oui",
        "rue": "ZAC du Val Bréon",
        "nom_commune": "CHATRES",
        "latitude": "48.726583",
        "paiement_cash": "non"
      }
    },
    {
      "type": "Feature",
      "geometry": {
        "type": "Point",
        "coordinates": [
          5.385266,
          43.422344
        ]
      },
      "properties": {
        "biognc": "oui",
        "annee_ouverture": "2022",
        "kpi_ouverture": "1",
        "code_postal": "13320",
        "longitude": "5.385266",
        "statut": "ouverte",
        "paiement_carte_abonne": "oui",
        "pays": "France",
        "code_region": "93",
        "exploitant": "PROVIRIDIS / VGAS",
        "departement": "Bouches-du-Rhône",
        "gnl": "non",
        "nom_region": "Provence-Alpes-Côte d'Azur",
        "mois_ouverture": "novembre",
        "geo": [
          43.422344,
          5.385266
        ],
        "acces_pl": "oui",
        "gnc": "oui",
        "carburant": "GNC",
        "paiement": "CB;carte abonné",
        "paiement_cb": "oui",
        "rue": "759 avenue des Frères Lumières",
        "nom_commune": "BOUC BEL AIR",
        "latitude": "43.422344",
        "paiement_cash": "non"
      }
    },
    {
      "type": "Feature",
      "geometry": {
        "type": "Point",
        "coordinates": [
          5.818121,
          43.801182
        ]
      },
      "properties": {
        "biognc": "oui",
        "annee_ouverture": "2021",
        "kpi_ouverture": "1",
        "code_postal": "04100",
        "longitude": "5.818121",
        "statut": "ouverte",
        "paiement_carte_abonne": "oui",
        "pays": "France",
        "code_region": "93",
        "exploitant": "PROVIRIDIS / VGAS",
        "departement": "Alpes-de-Haute-Pvce",
        "gnl": "non",
        "nom_region": "Provence-Alpes-Côte d'Azur",
        "mois_ouverture": "juin",
        "geo": [
          43.801182,
          5.818121
        ],
        "acces_pl": "oui",
        "gnc": "oui",
        "carburant": "GNC",
        "paiement": "CB;carte abonné",
        "paiement_cb": "oui",
        "rue": "597 Avenue Saint Maurice",
        "nom_commune": "MANOSQUE",
        "latitude": "43.801182",
        "paiement_cash": "non"
      }
    },
    {
      "type": "Feature",
      "geometry": {
        "type": "Point",
        "coordinates": [
          0.008722,
          47.521806
        ]
      },
      "properties": {
        "biognc": "oui",
        "annee_ouverture": "2022",
        "kpi_ouverture": "1",
        "code_postal": "49490",
        "longitude": "0.008722",
        "statut": "ouverte",
        "paiement_carte_abonne": "oui",
        "pays": "France",
        "code_region": "52",
        "exploitant": "Baugeois Vallée Energie Renouvelables",
        "departement": "Maine-et-Loire",
        "gnl": "non",
        "nom_region": "Pays de la Loire",
        "mois_ouverture": "juillet",
        "geo": [
          47.521806,
          0.008722
        ],
        "acces_pl": "oui",
        "gnc": "oui",
        "carburant": "GNC",
        "paiement": "CB;carte abonné",
        "paiement_cb": "oui",
        "rue": "Route de Mouliherne à Clefs",
        "nom_commune": "LASSE",
        "latitude": "47.521806",
        "paiement_cash": "non"
      }
    },
    {
      "type": "Feature",
      "geometry": {
        "type": "Point",
        "coordinates": [
          6.16511495,
          49.12947861
        ]
      },
      "properties": {
        "biognc": "oui",
        "annee_ouverture": "2022",
        "kpi_ouverture": "1",
        "code_postal": "57000",
        "longitude": "6.16511495",
        "statut": "ouverte",
        "paiement_carte_abonne": "oui",
        "pays": "France",
        "code_region": "44",
        "exploitant": "TotalEnergies",
        "departement": "Moselle",
        "gnl": "non",
        "nom_region": "Grand Est",
        "mois_ouverture": "avril",
        "geo": [
          49.12947861,
          6.16511495
        ],
        "acces_pl": "oui",
        "gnc": "oui",
        "carburant": "GNC",
        "paiement": "Cash;CB;carte abonné",
        "paiement_cb": "oui",
        "rue": "10 rue des Allies",
        "nom_commune": "METZ",
        "latitude": "49.12947861",
        "paiement_cash": "oui"
      }
    },
    {
      "type": "Feature",
      "geometry": {
        "type": "Point",
        "coordinates": [
          -1.214426,
          46.172515
        ]
      },
      "properties": {
        "biognc": "oui",
        "annee_ouverture": "2020",
        "kpi_ouverture": "1",
        "code_postal": "17000",
        "longitude": "-1.214426",
        "statut": "ouverte",
        "paiement_carte_abonne": "oui",
        "pays": "France",
        "code_region": "75",
        "exploitant": "AVIA",
        "departement": "Charentes Maritimes",
        "gnl": "non",
        "nom_region": "Nouvelle-Aquitaine",
        "mois_ouverture": "septembre",
        "geo": [
          46.172515,
          -1.214426
        ],
        "acces_pl": "oui",
        "gnc": "oui",
        "carburant": "GNC",
        "paiement": "CB;carte abonné",
        "paiement_cb": "oui",
        "rue": "53 Avenue de la Repentie",
        "nom_commune": "LA ROCHELLE",
        "latitude": "46.172515",
        "paiement_cash": "non"
      }
    },
    {
      "type": "Feature",
      "geometry": {
        "type": "Point",
        "coordinates": [
          -2.802366,
          47.901956
        ]
      },
      "properties": {
        "biognc": "oui",
        "annee_ouverture": "2025",
        "kpi_ouverture": "1",
        "code_postal": "56500",
        "longitude": "-2.802366",
        "statut": "ouverte",
        "paiement_carte_abonne": "oui",
        "pays": "France",
        "code_region": "53",
        "exploitant": "Eonnet",
        "departement": "Morbihan",
        "gnl": "non",
        "nom_region": "Bretagne",
        "mois_ouverture": "octobre",
        "geo": [
          47.901956,
          -2.802366
        ],
        "acces_pl": "oui",
        "gnc": "non",
        "carburant": "GNC",
        "paiement": "CB;carte abonné",
        "paiement_cb": "oui",
        "rue": "Z.A le Barderff",
        "nom_commune": "MOREAC",
        "latitude": "47.901956",
        "paiement_cash": "non"
      }
    },
    {
      "type": "Feature",
      "geometry": {
        "type": "Point",
        "coordinates": [
          -0.64952641608,
          44.780775084
        ]
      },
      "properties": {
        "biognc": "oui",
        "annee_ouverture": "2022",
        "kpi_ouverture": "1",
        "code_postal": "33600",
        "longitude": "-0.64952641608",
        "statut": "ouverte",
        "paiement_carte_abonne": "oui",
        "pays": "France",
        "code_region": "75",
        "exploitant": "TotalEnergies",
        "departement": "Gironde",
        "gnl": "non",
        "nom_region": "Nouvelle-Aquitaine",
        "mois_ouverture": "octobre",
        "geo": [
          44.780775084,
          -0.64952641608
        ],
        "acces_pl": "oui",
        "gnc": "oui",
        "carburant": "GNC",
        "paiement": "CB;carte abonné",
        "paiement_cb": "oui",
        "rue": "195 avenue du Haut Lévèque",
        "nom_commune": "PESSAC",
        "latitude": "44.780775084",
        "paiement_cash": "non"
      }
    },
    {
      "type": "Feature",
      "geometry": {
        "type": "Point",
        "coordinates": [
          -1.018368,
          43.740843
        ]
      },
      "properties": {
        "biognc": "oui",
        "annee_ouverture": "2020",
        "kpi_ouverture": "1",
        "code_postal": "40990",
        "longitude": "-1.018368",
        "statut": "ouverte",
        "paiement_carte_abonne": "oui",
        "pays": "France",
        "code_region": "75",
        "exploitant": "ENDESA",
        "departement": "Landes",
        "gnl": "non",
        "nom_region": "Nouvelle-Aquitaine",
        "mois_ouverture": "octobre",
        "geo": [
          43.740843,
          -1.018368
        ],
        "acces_pl": "oui",
        "gnc": "oui",
        "carburant": "GNC",
        "paiement": "CB;carte abonné",
        "paiement_cb": "oui",
        "rue": "ZA La Carrère - 49 route de la Cantère",
        "nom_commune": "ST VINCENT DE PAUL",
        "latitude": "43.740843",
        "paiement_cash": "non"
      }
    },
    {
      "type": "Feature",
      "geometry": {
        "type": "Point",
        "coordinates": [
          2.687905,
          48.540101
        ]
      },
      "properties": {
        "biognc": "oui",
        "annee_ouverture": "2021",
        "kpi_ouverture": "1",
        "code_postal": "77000",
        "longitude": "2.687905",
        "statut": "ouverte",
        "paiement_carte_abonne": "oui",
        "pays": "France",
        "code_region": "11",
        "exploitant": "ENDESA",
        "departement": "Seine-et-Marne",
        "gnl": "non",
        "nom_region": "Île-de-France",
        "mois_ouverture": "décembre",
        "geo": [
          48.540101,
          2.687905
        ],
        "acces_pl": "oui",
        "gnc": "oui",
        "carburant": "GNC",
        "paiement": "CB;carte abonné",
        "paiement_cb": "oui",
        "rue": "Rue du Tertre de Cherisy",
        "nom_commune": "VAUX LE PENIL",
        "latitude": "48.540101",
        "paiement_cash": "non"
      }
    },
    {
      "type": "Feature",
      "geometry": {
        "type": "Point",
        "coordinates": [
          2.423188,
          44.900379
        ]
      },
      "properties": {
        "biognc": "oui",
        "annee_ouverture": "2022",
        "kpi_ouverture": "1",
        "code_postal": "15000",
        "longitude": "2.423188",
        "statut": "ouverte",
        "paiement_carte_abonne": "oui",
        "pays": "France",
        "code_region": "84",
        "exploitant": "GAZUP",
        "departement": "Cantal",
        "gnl": "oui",
        "nom_region": "Auvergne-Rhône-Alpes",
        "mois_ouverture": "décembre",
        "geo": [
          44.900379,
          2.423188
        ],
        "acces_pl": "oui",
        "gnc": "oui",
        "carburant": "GNL , GNC",
        "paiement": "CB;carte abonné",
        "paiement_cb": "oui",
        "rue": "Chemin de Tronquieres",
        "nom_commune": "AURILLAC",
        "latitude": "44.900379",
        "paiement_cash": "non"
      }
    },
    {
      "type": "Feature",
      "geometry": {
        "type": "Point",
        "coordinates": [
          -3.34437,
          47.784409
        ]
      },
      "properties": {
        "biognc": "oui",
        "annee_ouverture": "2021",
        "kpi_ouverture": "1",
        "code_postal": "56850",
        "longitude": "-3.34437",
        "statut": "ouverte",
        "paiement_carte_abonne": "oui",
        "pays": "France",
        "code_region": "53",
        "exploitant": "SEM 56 Energies",
        "departement": "Morbihan",
        "gnl": "non",
        "nom_region": "Bretagne",
        "mois_ouverture": "janvier",
        "geo": [
          47.784409,
          -3.34437
        ],
        "acces_pl": "oui",
        "gnc": "oui",
        "carburant": "GNC",
        "paiement": "CB;carte abonné",
        "paiement_cb": "oui",
        "rue": "rue jean Baptiste MARTENOT",
        "nom_commune": "CAUDAN",
        "latitude": "47.784409",
        "paiement_cash": "non"
      }
    },
    {
      "type": "Feature",
      "geometry": {
        "type": "Point",
        "coordinates": [
          -1.816211,
          48.302029
        ]
      },
      "properties": {
        "biognc": "oui",
        "annee_ouverture": "2021",
        "kpi_ouverture": "1",
        "code_postal": "35190",
        "longitude": "-1.816211",
        "statut": "ouverte",
        "paiement_carte_abonne": "oui",
        "pays": "France",
        "code_region": "53",
        "exploitant": "Bretagne Mobilité GNV 35",
        "departement": "Ille-et-Vilaine",
        "gnl": "non",
        "nom_region": "Bretagne",
        "mois_ouverture": "septembre",
        "geo": [
          48.302029,
          -1.816211
        ],
        "acces_pl": "oui",
        "gnc": "oui",
        "carburant": "GNC",
        "paiement": "CB;carte abonné",
        "paiement_cb": "oui",
        "rue": "La Morandais",
        "nom_commune": "TINTENIAC",
        "latitude": "48.302029",
        "paiement_cash": "non"
      }
    },
    {
      "type": "Feature",
      "geometry": {
        "type": "Point",
        "coordinates": [
          2.86787,
          42.73386
        ]
      },
      "properties": {
        "biognc": "oui",
        "annee_ouverture": "2021",
        "kpi_ouverture": "1",
        "code_postal": "66000",
        "longitude": "2.86787",
        "statut": "ouverte",
        "paiement_carte_abonne": "oui",
        "pays": "France",
        "code_region": "76",
        "exploitant": "SEVEN",
        "departement": "Pyrénées-Orientales",
        "gnl": "non",
        "nom_region": "Occitanie",
        "mois_ouverture": "septembre",
        "geo": [
          42.73386,
          2.86787
        ],
        "acces_pl": "oui",
        "gnc": "oui",
        "carburant": "GNC",
        "paiement": "carte abonné",
        "paiement_cb": "non",
        "rue": "rue Octave Chanute",
        "nom_commune": "PERPIGNAN",
        "latitude": "42.73386",
        "paiement_cash": "non"
      }
    },
    {
      "type": "Feature",
      "geometry": {
        "type": "Point",
        "coordinates": [
          2.634536,
          48.610438
        ]
      },
      "properties": {
        "biognc": "oui",
        "annee_ouverture": "2022",
        "kpi_ouverture": "1",
        "code_postal": "77550",
        "longitude": "2.634536",
        "statut": "ouverte",
        "paiement_carte_abonne": "oui",
        "pays": "France",
        "code_region": "11",
        "exploitant": "TotalEnergies",
        "departement": "Seine-et-Marne",
        "gnl": "non",
        "nom_region": "Île-de-France",
        "mois_ouverture": "novembre",
        "geo": [
          48.610438,
          2.634536
        ],
        "acces_pl": "oui",
        "gnc": "oui",
        "carburant": "GNC",
        "paiement": "CB;carte abonné",
        "paiement_cb": "oui",
        "rue": "A5B - Aire de Galande la Mare",
        "nom_commune": "REAU",
        "latitude": "48.610438",
        "paiement_cash": "non"
      }
    },
    {
      "type": "Feature",
      "geometry": {
        "type": "Point",
        "coordinates": [
          0.2678587,
          44.2905509
        ]
      },
      "properties": {
        "biognc": "oui",
        "annee_ouverture": "2021",
        "kpi_ouverture": "1",
        "code_postal": "47160",
        "longitude": "0.2678587",
        "statut": "ouverte",
        "paiement_carte_abonne": "oui",
        "pays": "France",
        "code_region": "75",
        "exploitant": "SAS Bio GNV du Confluent",
        "departement": "Lot-et-Garonne",
        "gnl": "non",
        "nom_region": "Nouvelle-Aquitaine",
        "mois_ouverture": "Avril",
        "geo": [
          44.2905509,
          0.2678587
        ],
        "acces_pl": "oui",
        "gnc": "non",
        "carburant": "GNC",
        "paiement": "CB;carte abonné",
        "paiement_cb": "oui",
        "rue": "PAE du Confluent",
        "nom_commune": "DAMAZAN",
        "latitude": "44.2905509",
        "paiement_cash": "non"
      }
    },
    {
      "type": "Feature",
      "geometry": {
        "type": "Point",
        "coordinates": [
          3.03036199973309,
          50.6269445278623
        ]
      },
      "properties": {
        "biognc": "oui",
        "annee_ouverture": "2021",
        "kpi_ouverture": "1",
        "code_postal": "59000",
        "longitude": "3.03036199973309",
        "statut": "ouverte",
        "paiement_carte_abonne": "oui",
        "pays": "France",
        "code_region": "32",
        "exploitant": "ENGIE Solutions",
        "departement": "Nord",
        "gnl": "non",
        "nom_region": "Hauts-de-France",
        "mois_ouverture": "juin",
        "geo": [
          50.6269445278623,
          3.03036199973309
        ],
        "acces_pl": "non",
        "gnc": "oui",
        "carburant": "GNC",
        "paiement": "CB;carte abonné",
        "paiement_cb": "oui",
        "rue": "2ème avenue du Port de Lille",
        "nom_commune": "LILLE",
        "latitude": "50.6269445278623",
        "paiement_cash": "non"
      }
    },
    {
      "type": "Feature",
      "geometry": {
        "type": "Point",
        "coordinates": [
          3.282154,
          43.339939
        ]
      },
      "properties": {
        "biognc": "oui",
        "annee_ouverture": "2021",
        "kpi_ouverture": "1",
        "code_postal": "34500",
        "longitude": "3.282154",
        "statut": "ouverte",
        "paiement_carte_abonne": "oui",
        "pays": "France",
        "code_region": "76",
        "exploitant": "SEVEN",
        "departement": "Hérault",
        "gnl": "non",
        "nom_region": "Occitanie",
        "mois_ouverture": "octobre",
        "geo": [
          43.339939,
          3.282154
        ],
        "acces_pl": "oui",
        "gnc": "oui",
        "carburant": "GNC",
        "paiement": "carte abonné",
        "paiement_cb": "non",
        "rue": "avenue Robert Schumann",
        "nom_commune": "BEZIERS",
        "latitude": "43.339939",
        "paiement_cash": "non"
      }
    },
    {
      "type": "Feature",
      "geometry": {
        "type": "Point",
        "coordinates": [
          2.63371417,
          48.97917745
        ]
      },
      "properties": {
        "biognc": "oui",
        "annee_ouverture": "2022",
        "kpi_ouverture": "1",
        "code_postal": "77290",
        "longitude": "2.63371417",
        "statut": "ouverte",
        "paiement_carte_abonne": "oui",
        "pays": "France",
        "code_region": "11",
        "exploitant": "AS24",
        "departement": "Seine-et-Marne",
        "gnl": "non",
        "nom_region": "Île-de-France",
        "mois_ouverture": "février",
        "geo": [
          48.97917745,
          2.63371417
        ],
        "acces_pl": "oui",
        "gnc": "oui",
        "carburant": "GNC",
        "paiement": "CB;carte abonné",
        "paiement_cb": "oui",
        "rue": "Rue Marcelin Berthelot",
        "nom_commune": "MITRY MORY",
        "latitude": "48.97917745",
        "paiement_cash": "non"
      }
    },
    {
      "type": "Feature",
      "geometry": {
        "type": "Point",
        "coordinates": [
          3.645555,
          49.908333
        ]
      },
      "properties": {
        "biognc": "oui",
        "annee_ouverture": "2025",
        "kpi_ouverture": "1",
        "code_postal": "02120",
        "longitude": "3.645555",
        "statut": "ouverte",
        "paiement_carte_abonne": "oui",
        "pays": "France",
        "code_region": "32",
        "exploitant": "ALTENS",
        "departement": "Aisne",
        "gnl": "non",
        "nom_region": "Hauts-de-France",
        "mois_ouverture": "octobre",
        "geo": [
          49.908333,
          3.645555
        ],
        "acces_pl": "oui",
        "gnc": "oui",
        "carburant": "GNC",
        "paiement": "CB;carte abonné",
        "paiement_cb": "oui",
        "rue": "142 Impasse Jean Monnet - ZA de la Briqueterie",
        "nom_commune": "GUISE",
        "latitude": "49.908333",
        "paiement_cash": "non"
      }
    },
    {
      "type": "Feature",
      "geometry": {
        "type": "Point",
        "coordinates": [
          -2.973392,
          48.532065
        ]
      },
      "properties": {
        "biognc": "oui",
        "annee_ouverture": "2024",
        "kpi_ouverture": "1",
        "code_postal": "22170",
        "longitude": "-2.973392",
        "statut": "ouverte",
        "paiement_carte_abonne": "oui",
        "pays": "France",
        "code_region": "53",
        "exploitant": "Bretagne Mobilité GNV 22",
        "departement": "Côtes-d'Armor",
        "gnl": "non",
        "nom_region": "Bretagne",
        "mois_ouverture": "mars",
        "geo": [
          48.532065,
          -2.973392
        ],
        "acces_pl": "oui",
        "gnc": "oui",
        "carburant": "GNC",
        "paiement": "CB;carte abonné",
        "paiement_cb": "oui",
        "rue": "Zone de Kerabel",
        "nom_commune": "CHATELAUDREN PLOUAGAT",
        "latitude": "48.532065",
        "paiement_cash": "non"
      }
    },
    {
      "type": "Feature",
      "geometry": {
        "type": "Point",
        "coordinates": [
          -2.044472,
          47.319417
        ]
      },
      "properties": {
        "biognc": "non",
        "annee_ouverture": "2018",
        "kpi_ouverture": "1",
        "code_postal": "44480",
        "longitude": "-2.044472",
        "statut": "ouverte",
        "paiement_carte_abonne": "oui",
        "pays": "France",
        "code_region": "52",
        "exploitant": "MOLGAS",
        "departement": "Loire-Atlantique",
        "gnl": "oui",
        "nom_region": "Pays de la Loire",
        "mois_ouverture": "juillet",
        "geo": [
          47.319417,
          -2.044472
        ],
        "acces_pl": "oui",
        "gnc": "non",
        "carburant": "GNL",
        "paiement": "carte abonné",
        "paiement_cb": "non",
        "rue": "ZI Bonne Nouvelle",
        "nom_commune": "DONGES",
        "latitude": "47.319417",
        "paiement_cash": "non"
      }
    },
    {
      "type": "Feature",
      "geometry": {
        "type": "Point",
        "coordinates": [
          0.185041,
          45.770949
        ]
      },
      "properties": {
        "biognc": "oui",
        "annee_ouverture": "2023",
        "kpi_ouverture": "1",
        "code_postal": "16330",
        "longitude": "0.185041",
        "statut": "ouverte",
        "paiement_carte_abonne": "oui",
        "pays": "France",
        "code_region": "75",
        "exploitant": "ENDESA",
        "departement": "Charentes",
        "gnl": "non",
        "nom_region": "Nouvelle-Aquitaine",
        "mois_ouverture": "janvier",
        "geo": [
          45.770949,
          0.185041
        ],
        "acces_pl": "oui",
        "gnc": "non",
        "carburant": "bioGNC",
        "paiement": "CB;carte abonné",
        "paiement_cb": "oui",
        "rue": "Rue des Coteaux de la Touche",
        "nom_commune": "VARS",
        "latitude": "45.770949",
        "paiement_cash": "non"
      }
    },
    {
      "type": "Feature",
      "geometry": {
        "type": "Point",
        "coordinates": [
          1.1873015,
          49.0146275
        ]
      },
      "properties": {
        "biognc": "oui",
        "annee_ouverture": "2021",
        "kpi_ouverture": "1",
        "code_postal": "27930",
        "longitude": "1.1873015",
        "statut": "ouverte",
        "paiement_carte_abonne": "oui",
        "pays": "France",
        "code_region": "28",
        "exploitant": "ENGIE Solutions",
        "departement": "Eure",
        "gnl": "non",
        "nom_region": "Normandie",
        "mois_ouverture": "mars",
        "geo": [
          49.0146275,
          1.1873015
        ],
        "acces_pl": "oui",
        "gnc": "oui",
        "carburant": "GNC",
        "paiement": "CB;carte abonné",
        "paiement_cb": "oui",
        "rue": "1 rue Maryse Bastie",
        "nom_commune": "LE VIEIL EVREUX",
        "latitude": "49.0146275",
        "paiement_cash": "non"
      }
    },
    {
      "type": "Feature",
      "geometry": {
        "type": "Point",
        "coordinates": [
          1.257975,
          43.344385
        ]
      },
      "properties": {
        "biognc": "oui",
        "annee_ouverture": "2023",
        "kpi_ouverture": "1",
        "code_postal": "31410",
        "longitude": "1.257975",
        "statut": "ouverte",
        "paiement_carte_abonne": "oui",
        "pays": "France",
        "code_region": "76",
        "exploitant": "GAZUP",
        "departement": "Haute-Garonne",
        "gnl": "non",
        "nom_region": "Occitanie",
        "mois_ouverture": "juillet",
        "geo": [
          43.344385,
          1.257975
        ],
        "acces_pl": "oui",
        "gnc": "oui",
        "carburant": "GNC",
        "paiement": "CB;carte abonné",
        "paiement_cb": "oui",
        "rue": "impasse RAMOUNDET",
        "nom_commune": "NOE",
        "latitude": "43.344385",
        "paiement_cash": "non"
      }
    },
    {
      "type": "Feature",
      "geometry": {
        "type": "Point",
        "coordinates": [
          2.64731,
          48.99103
        ]
      },
      "properties": {
        "biognc": "oui",
        "annee_ouverture": "2024",
        "kpi_ouverture": "1",
        "code_postal": "77290",
        "longitude": "2.64731",
        "statut": "ouverte",
        "paiement_carte_abonne": "oui",
        "pays": "France",
        "code_region": "11",
        "exploitant": "GAZUP",
        "departement": "Seine-et-Marne",
        "gnl": "non",
        "nom_region": "Île-de-France",
        "mois_ouverture": "juin",
        "geo": [
          48.99103,
          2.64731
        ],
        "acces_pl": "oui",
        "gnc": "oui",
        "carburant": "GNC",
        "paiement": "CB;carte abonné",
        "paiement_cb": "oui",
        "rue": "rue Elisabeth Boselli",
        "nom_commune": "COMPANS",
        "latitude": "48.99103",
        "paiement_cash": "non"
      }
    },
    {
      "type": "Feature",
      "geometry": {
        "type": "Point",
        "coordinates": [
          2.2163417,
          50.9790048
        ]
      },
      "properties": {
        "biognc": "oui",
        "annee_ouverture": "2021",
        "kpi_ouverture": "1",
        "code_postal": "59279",
        "longitude": "2.2163417",
        "statut": "ouverte",
        "paiement_carte_abonne": "oui",
        "pays": "France",
        "code_region": "32",
        "exploitant": "GAZUP",
        "departement": "Nord",
        "gnl": "oui",
        "nom_region": "Hauts-de-France",
        "mois_ouverture": "janvier",
        "geo": [
          50.9790048,
          2.2163417
        ],
        "acces_pl": "oui",
        "gnc": "oui",
        "carburant": "GNL , GNC",
        "paiement": "carte abonné",
        "paiement_cb": "non",
        "rue": "route des planches Cd1",
        "nom_commune": "CRAYWICK",
        "latitude": "50.9790048",
        "paiement_cash": "non"
      }
    },
    {
      "type": "Feature",
      "geometry": {
        "type": "Point",
        "coordinates": [
          1.468046,
          45.153175
        ]
      },
      "properties": {
        "biognc": "oui",
        "annee_ouverture": "2023",
        "kpi_ouverture": "1",
        "code_postal": "19600",
        "longitude": "1.468046",
        "statut": "ouverte",
        "paiement_carte_abonne": "oui",
        "pays": "France",
        "code_region": "75",
        "exploitant": "GAZUP",
        "departement": "Corrèze",
        "gnl": "non",
        "nom_region": "Nouvelle-Aquitaine",
        "mois_ouverture": "septembre",
        "geo": [
          45.153175,
          1.468046
        ],
        "acces_pl": "oui",
        "gnc": "oui",
        "carburant": "GNC",
        "paiement": "CB;carte abonné",
        "paiement_cb": "oui",
        "rue": "Avenue des droits de l'homme",
        "nom_commune": "ST PANTALEON DE LARCHE",
        "latitude": "45.153175",
        "paiement_cash": "non"
      }
    },
    {
      "type": "Feature",
      "geometry": {
        "type": "Point",
        "coordinates": [
          5.705928,
          45.114844
        ]
      },
      "properties": {
        "biognc": "oui",
        "annee_ouverture": "2025",
        "kpi_ouverture": "1",
        "code_postal": "38800",
        "longitude": "5.705928",
        "statut": "ouverte",
        "paiement_carte_abonne": "oui",
        "pays": "France",
        "code_region": "84",
        "exploitant": "GEG",
        "departement": "Isère",
        "gnl": "non",
        "nom_region": "Auvergne-Rhône-Alpes",
        "mois_ouverture": "janvier",
        "geo": [
          45.114844,
          5.705928
        ],
        "acces_pl": "oui",
        "gnc": "oui",
        "carburant": "GNC , BioGNC",
        "paiement": "CB;carte abonné",
        "paiement_cb": "oui",
        "rue": "Avenue du Maquis de l'Oisans",
        "nom_commune": "LE PONT DE CLAIX",
        "latitude": "45.114844",
        "paiement_cash": "non"
      }
    },
    {
      "type": "Feature",
      "geometry": {
        "type": "Point",
        "coordinates": [
          4.8159136,
          45.2412563
        ]
      },
      "properties": {
        "biognc": "oui",
        "annee_ouverture": "2025",
        "kpi_ouverture": "1",
        "code_postal": "26140",
        "longitude": "4.8159136",
        "statut": "ouverte",
        "paiement_carte_abonne": "oui",
        "pays": "France",
        "code_region": "84",
        "exploitant": "RN7 NRJ",
        "departement": "Drôme",
        "gnl": "non",
        "nom_region": "Auvergne-Rhône-Alpes",
        "mois_ouverture": "juin",
        "geo": [
          45.2412563,
          4.8159136
        ],
        "acces_pl": "oui",
        "gnc": "oui",
        "carburant": "GNC",
        "paiement": "CB;carte abonné",
        "paiement_cb": "oui",
        "rue": "RD 132 La Ravicole",
        "nom_commune": "ANDANCETTE",
        "latitude": "45.2412563",
        "paiement_cash": "non"
      }
    },
    {
      "type": "Feature",
      "geometry": {
        "type": "Point",
        "coordinates": [
          4.09483,
          45.5936
        ]
      },
      "properties": {
        "biognc": "oui",
        "annee_ouverture": "2024",
        "kpi_ouverture": "1",
        "code_postal": "42600",
        "longitude": "4.09483",
        "statut": "ouverte",
        "paiement_carte_abonne": "oui",
        "pays": "France",
        "code_region": "84",
        "exploitant": "Robert Forez Mobilité",
        "departement": "Loire",
        "gnl": "non",
        "nom_region": "Auvergne-Rhône-Alpes",
        "mois_ouverture": "décembre",
        "geo": [
          45.5936,
          4.09483
        ],
        "acces_pl": "oui",
        "gnc": "non",
        "carburant": "GNC",
        "paiement": "CB;carte abonné",
        "paiement_cb": "oui",
        "rue": "12 rue des vernes",
        "nom_commune": "MONTBRISON",
        "latitude": "45.59360",
        "paiement_cash": "non"
      }
    },
    {
      "type": "Feature",
      "geometry": {
        "type": "Point",
        "coordinates": [
          3.552717,
          50.387872
        ]
      },
      "properties": {
        "biognc": "oui",
        "annee_ouverture": "2023",
        "kpi_ouverture": "1",
        "code_postal": "59880",
        "longitude": "3.552717",
        "statut": "ouverte",
        "paiement_carte_abonne": "oui",
        "pays": "France",
        "code_region": "32",
        "exploitant": "SEVEN",
        "departement": "Nord",
        "gnl": "non",
        "nom_region": "Hauts-de-France",
        "mois_ouverture": "février",
        "geo": [
          50.387872,
          3.552717
        ],
        "acces_pl": "oui",
        "gnc": "oui",
        "carburant": "GNC",
        "paiement": "carte abonné",
        "paiement_cb": "oui",
        "rue": "rue du Président Lecuyer",
        "nom_commune": "ST SAULVE",
        "latitude": "50.387872",
        "paiement_cash": "non"
      }
    },
    {
      "type": "Feature",
      "geometry": {
        "type": "Point",
        "coordinates": [
          3.76236,
          43.587795
        ]
      },
      "properties": {
        "biognc": "oui",
        "annee_ouverture": "2024",
        "kpi_ouverture": "1",
        "code_postal": "34570",
        "longitude": "3.76236",
        "statut": "ouverte",
        "paiement_carte_abonne": "oui",
        "pays": "France",
        "code_region": "76",
        "exploitant": "SEVEN",
        "departement": "Hérault",
        "gnl": "non",
        "nom_region": "Occitanie",
        "mois_ouverture": "RAS",
        "geo": [
          43.587795,
          3.76236
        ],
        "acces_pl": "oui",
        "gnc": "oui",
        "carburant": "GNC",
        "paiement": "carte abonné",
        "paiement_cb": "non",
        "rue": "chemin de la dechetterie, les molières",
        "nom_commune": "PIGNAN",
        "latitude": "43.587795",
        "paiement_cash": "non"
      }
    },
    {
      "type": "Feature",
      "geometry": {
        "type": "Point",
        "coordinates": [
          4.81405,
          43.420607
        ]
      },
      "properties": {
        "biognc": "oui",
        "annee_ouverture": "2017",
        "kpi_ouverture": "1",
        "code_postal": "13230",
        "longitude": "4.814050",
        "statut": "ouverte",
        "paiement_carte_abonne": "oui",
        "pays": "France",
        "code_region": "93",
        "exploitant": "PROVIRIDIS / VGAS",
        "departement": "Bouches-du-Rhône",
        "gnl": "oui",
        "nom_region": "Provence-Alpes-Côte d'Azur",
        "mois_ouverture": "RAS",
        "geo": [
          43.420607,
          4.81405
        ],
        "acces_pl": "oui",
        "gnc": "oui",
        "carburant": "GNL , GNC",
        "paiement": "carte abonné",
        "paiement_cb": "non",
        "rue": "Carrefour Mât de Ricca - Aire PL 2XL",
        "nom_commune": "PORT ST LOUIS DU RHONE",
        "latitude": "43.420607",
        "paiement_cash": "non"
      }
    },
    {
      "type": "Feature",
      "geometry": {
        "type": "Point",
        "coordinates": [
          -1.51318,
          47.1617
        ]
      },
      "properties": {
        "biognc": "oui",
        "annee_ouverture": "2022",
        "kpi_ouverture": "1",
        "code_postal": "44120",
        "longitude": "-1.51318",
        "statut": "ouverte",
        "paiement_carte_abonne": "oui",
        "pays": "France",
        "code_region": "52",
        "exploitant": "TotalEnergies",
        "departement": "Loire-Atlantique",
        "gnl": "non",
        "nom_region": "Pays de la Loire",
        "mois_ouverture": "novembre",
        "geo": [
          47.1617,
          -1.51318
        ],
        "acces_pl": "oui",
        "gnc": "oui",
        "carburant": "GNC",
        "paiement": "CB;carte abonné",
        "paiement_cb": "oui",
        "rue": "Relais Vertou Grassinière (Ouest)",
        "nom_commune": "VERTOU",
        "latitude": "47.1617",
        "paiement_cash": "non"
      }
    },
    {
      "type": "Feature",
      "geometry": {
        "type": "Point",
        "coordinates": [
          1.3986242,
          43.6006179
        ]
      },
      "properties": {
        "biognc": "oui",
        "annee_ouverture": "2024",
        "kpi_ouverture": "1",
        "code_postal": "31000",
        "longitude": "1.3986242",
        "statut": "ouverte",
        "paiement_carte_abonne": "oui",
        "pays": "France",
        "code_region": "76",
        "exploitant": "TotalEnergies",
        "departement": "Haute-Garonne",
        "gnl": "oui",
        "nom_region": "Occitanie",
        "mois_ouverture": "RAS",
        "geo": [
          43.6006179,
          1.3986242
        ],
        "acces_pl": "oui",
        "gnc": "non",
        "carburant": "GNL , GNC",
        "paiement": "CB;carte abonné",
        "paiement_cb": "oui",
        "rue": "6 avenue du groupe Morhange",
        "nom_commune": "TOULOUSE",
        "latitude": "43.6006179",
        "paiement_cash": "non"
      }
    },
    {
      "type": "Feature",
      "geometry": {
        "type": "Point",
        "coordinates": [
          2.550643,
          49.07236
        ]
      },
      "properties": {
        "biognc": "non",
        "annee_ouverture": "2024",
        "kpi_ouverture": "1",
        "code_postal": "95470",
        "longitude": "2.550643",
        "statut": "ouverte",
        "paiement_carte_abonne": "oui",
        "pays": "France",
        "code_region": "11",
        "exploitant": "SHELL",
        "departement": "Val-de-Marne",
        "gnl": "oui",
        "nom_region": "Île-de-France",
        "mois_ouverture": "août",
        "geo": [
          49.07236,
          2.550643
        ],
        "acces_pl": "oui",
        "gnc": "non",
        "carburant": "GNL",
        "paiement": "carte abonné",
        "paiement_cb": "non",
        "rue": "Autoroute A1 - Aire de Vemars Ouest",
        "nom_commune": "VEMARS",
        "latitude": "49.072360",
        "paiement_cash": "non"
      }
    },
    {
      "type": "Feature",
      "geometry": {
        "type": "Point",
        "coordinates": [
          4.893932,
          45.886113
        ]
      },
      "properties": {
        "biognc": "non",
        "annee_ouverture": "2020",
        "kpi_ouverture": "1",
        "code_postal": "01390",
        "longitude": "4.893932",
        "statut": "ouverte",
        "paiement_carte_abonne": "oui",
        "pays": "France",
        "code_region": "84",
        "exploitant": "SHELL",
        "departement": "Ain",
        "gnl": "oui",
        "nom_region": "Auvergne-Rhône-Alpes",
        "mois_ouverture": "novembre",
        "geo": [
          45.886113,
          4.893932
        ],
        "acces_pl": "oui",
        "gnc": "non",
        "carburant": "GNL",
        "paiement": "CB;carte abonné",
        "paiement_cb": "oui",
        "rue": "Autoroute A46",
        "nom_commune": "MIONNAY",
        "latitude": "45.886113",
        "paiement_cash": "non"
      }
    },
    {
      "type": "Feature",
      "geometry": {
        "type": "Point",
        "coordinates": [
          1.86047,
          48.2922
        ]
      },
      "properties": {
        "biognc": "non",
        "annee_ouverture": "2022",
        "kpi_ouverture": "1",
        "code_postal": "28310",
        "longitude": "1.86047",
        "statut": "ouverte",
        "paiement_carte_abonne": "oui",
        "pays": "France",
        "code_region": "24",
        "exploitant": "SHELL",
        "departement": "Eure-et-Loir",
        "gnl": "oui",
        "nom_region": "Centre-Val de Loire",
        "mois_ouverture": "janvier",
        "geo": [
          48.2922,
          1.86047
        ],
        "acces_pl": "oui",
        "gnc": "non",
        "carburant": "GNL",
        "paiement": "carte abonné",
        "paiement_cb": "non",
        "rue": "Autoroute A10 - Aire des Plaines de Beauce",
        "nom_commune": "FRESNAY L EVEQUE",
        "latitude": "48.29220",
        "paiement_cash": "non"
      }
    },
    {
      "type": "Feature",
      "geometry": {
        "type": "Point",
        "coordinates": [
          -0.706524,
          44.74239
        ]
      },
      "properties": {
        "biognc": "non",
        "annee_ouverture": "2022",
        "kpi_ouverture": "1",
        "code_postal": "33610",
        "longitude": "-0.706524",
        "statut": "ouverte",
        "paiement_carte_abonne": "oui",
        "pays": "France",
        "code_region": "75",
        "exploitant": "SHELL",
        "departement": "Gironde",
        "gnl": "oui",
        "nom_region": "Nouvelle-Aquitaine",
        "mois_ouverture": "octobre",
        "geo": [
          44.74239,
          -0.706524
        ],
        "acces_pl": "oui",
        "gnc": "non",
        "carburant": "GNL",
        "paiement": "carte abonné",
        "paiement_cb": "non",
        "rue": "Autoroute A63 - Aire de Cestatas Est",
        "nom_commune": "CESTAS",
        "latitude": "44.74239",
        "paiement_cash": "non"
      }
    },
    {
      "type": "Feature",
      "geometry": {
        "type": "Point",
        "coordinates": [
          4.49544,
          47.31626
        ]
      },
      "properties": {
        "biognc": "non",
        "annee_ouverture": "2022",
        "kpi_ouverture": "1",
        "code_postal": "21320",
        "longitude": "4.49544",
        "statut": "ouverte",
        "paiement_carte_abonne": "oui",
        "pays": "France",
        "code_region": "27",
        "exploitant": "SHELL",
        "departement": "Côte d'Or",
        "gnl": "oui",
        "nom_region": "Bourgogne-Franche-Comté",
        "mois_ouverture": "octobre",
        "geo": [
          47.31626,
          4.49544
        ],
        "acces_pl": "oui",
        "gnc": "non",
        "carburant": "GNL",
        "paiement": "carte abonné",
        "paiement_cb": "non",
        "rue": "Autoroute A6 - Aire du Chien Blanc",
        "nom_commune": "POUILLY EN AUXOIS",
        "latitude": "47.31626",
        "paiement_cash": "non"
      }
    }
  ]
}