{
  "type": "FeatureCollection",
  "features": [
    {
      "type": "Feature",
      "geometry": {
        "type": "Point",
        "coordinates": [
          3.161000533333334,
          50.7007166
        ]
      },
      "properties": {
        "city": "Lille",
        "ligne": "",
        "nom": "Alsace – Plaine Images",
        "operateur": "Keolis Lille Métropole",
        "reseau": "Ilévia",
        "name": "Alsace – Plaine Images",
        "network": "Ilévia"
      }
    },
    {
      "type": "Feature",
      "geometry": {
        "type": "Point",
        "coordinates": [
          3.0305267666666666,
          50.63434766666668
        ]
      },
      "properties": {
        "city": "Lille",
        "ligne": "",
        "nom": "Bois Blancs",
        "operateur": "Keolis Lille Métropole",
        "reseau": "Ilévia",
        "name": "Bois Blancs",
        "network": "Ilévia"
      }
    },
    {
      "type": "Feature",
      "geometry": {
        "type": "Point",
        "coordinates": [
          2.9852068333333333,
          50.6455611
        ]
      },
      "properties": {
        "city": "Lille",
        "ligne": "",
        "nom": "Bourg",
        "operateur": "Keolis Lille Métropole",
        "reseau": "Ilévia",
        "name": "Bourg",
        "network": "Ilévia"
      }
    },
    {
      "type": "Feature",
      "geometry": {
        "type": "Point",
        "coordinates": [
          3.1796233666666667,
          50.73947066666667
        ]
      },
      "properties": {
        "city": "Lille",
        "ligne": "",
        "nom": "Bourgogne",
        "operateur": "Keolis Lille Métropole",
        "reseau": "Ilévia",
        "name": "Bourgogne",
        "network": "Ilévia"
      }
    },
    {
      "type": "Feature",
      "geometry": {
        "type": "Point",
        "coordinates": [
          3.180975366666667,
          50.74345116666667
        ]
      },
      "properties": {
        "city": "Lille",
        "ligne": "",
        "nom": "C.H. Dron",
        "operateur": "Keolis Lille Métropole",
        "reseau": "Ilévia",
        "name": "C.H. Dron",
        "network": "Ilévia"
      }
    },
    {
      "type": "Feature",
      "geometry": {
        "type": "Point",
        "coordinates": [
          3.0246694,
          50.63712313333334
        ]
      },
      "properties": {
        "city": "Lille",
        "ligne": "",
        "nom": "Canteleu – Euratechnologies",
        "operateur": "Keolis Lille Métropole",
        "reseau": "Ilévia",
        "name": "Canteleu – Euratechnologies",
        "network": "Ilévia"
      }
    },
    {
      "type": "Feature",
      "geometry": {
        "type": "Point",
        "coordinates": [
          3.1601672666666665,
          50.71100096666667
        ]
      },
      "properties": {
        "city": "Lille",
        "ligne": "",
        "nom": "Carliers",
        "operateur": "Keolis Lille Métropole",
        "reseau": "Ilévia",
        "name": "Carliers",
        "network": "Ilévia"
      }
    },
    {
      "type": "Feature",
      "geometry": {
        "type": "Point",
        "coordinates": [
          3.0364334,
          50.6130954
        ]
      },
      "properties": {
        "city": "Lille",
        "ligne": "",
        "nom": "CHU – Centre Oscar Lambret",
        "operateur": "",
        "reseau": "",
        "name": "CHU – Centre Oscar Lambret"
      }
    },
    {
      "type": "Feature",
      "geometry": {
        "type": "Point",
        "coordinates": [
          3.0389720999999996,
          50.608055300000004
        ]
      },
      "properties": {
        "city": "Lille",
        "ligne": "",
        "nom": "CHU – Eurasanté",
        "operateur": "",
        "reseau": "",
        "name": "CHU – Eurasanté"
      }
    },
    {
      "type": "Feature",
      "geometry": {
        "type": "Point",
        "coordinates": [
          3.1424053499999998,
          50.611592200000004
        ]
      },
      "properties": {
        "city": "Lille",
        "ligne": "",
        "nom": "Cité Scientifique – Professeur Gabillard",
        "operateur": "",
        "reseau": "",
        "name": "Cité Scientifique – Professeur Gabillard"
      }
    },
    {
      "type": "Feature",
      "geometry": {
        "type": "Point",
        "coordinates": [
          3.0402902,
          50.6262264
        ]
      },
      "properties": {
        "city": "Lille",
        "ligne": "",
        "nom": "Cormontaigne",
        "operateur": "Keolis Lille Métropole",
        "reseau": "Ilévia",
        "name": "Cormontaigne",
        "network": "Ilévia"
      }
    },
    {
      "type": "Feature",
      "geometry": {
        "type": "Point",
        "coordinates": [
          3.146144666666667,
          50.674683566666666
        ]
      },
      "properties": {
        "city": "Lille",
        "ligne": "",
        "nom": "Croix Centre",
        "operateur": "Keolis Lille Métropole",
        "reseau": "Ilévia",
        "name": "Croix Centre",
        "network": "Ilévia"
      }
    },
    {
      "type": "Feature",
      "geometry": {
        "type": "Point",
        "coordinates": [
          3.1634161,
          50.6841859
        ]
      },
      "properties": {
        "city": "Lille",
        "ligne": "",
        "nom": "Épeule - Montesquieu",
        "operateur": "Keolis Lille Métropole",
        "reseau": "Ilévia",
        "name": "Épeule - Montesquieu",
        "network": "Ilévia"
      }
    },
    {
      "type": "Feature",
      "geometry": {
        "type": "Point",
        "coordinates": [
          3.1793041333333334,
          50.69085153333333
        ]
      },
      "properties": {
        "city": "Lille",
        "ligne": "",
        "nom": "Eurotéléport",
        "operateur": "Keolis Lille Métropole",
        "reseau": "Ilévia",
        "name": "Eurotéléport",
        "network": "Ilévia"
      }
    },
    {
      "type": "Feature",
      "geometry": {
        "type": "Point",
        "coordinates": [
          3.0904901666666666,
          50.63303176666667
        ]
      },
      "properties": {
        "city": "Lille",
        "ligne": "",
        "nom": "Fives",
        "operateur": "Keolis Lille Métropole",
        "reseau": "Ilévia",
        "name": "Fives",
        "network": "Ilévia"
      }
    },
    {
      "type": "Feature",
      "geometry": {
        "type": "Point",
        "coordinates": [
          3.1194241666666667,
          50.6420493
        ]
      },
      "properties": {
        "city": "Lille",
        "ligne": "",
        "nom": "Fort de Mons",
        "operateur": "Keolis Lille Métropole",
        "reseau": "Ilévia",
        "name": "Fort de Mons",
        "network": "Ilévia"
      }
    },
    {
      "type": "Feature",
      "geometry": {
        "type": "Point",
        "coordinates": [
          3.162778533333334,
          50.7171131
        ]
      },
      "properties": {
        "city": "Lille",
        "ligne": "",
        "nom": "Gare de Tourcoing",
        "operateur": "Keolis Lille Métropole",
        "reseau": "Ilévia",
        "name": "Gare de Tourcoing",
        "network": "Ilévia"
      }
    },
    {
      "type": "Feature",
      "geometry": {
        "type": "Point",
        "coordinates": [
          3.1639571333333336,
          50.695413599999995
        ]
      },
      "properties": {
        "city": "Lille",
        "ligne": "",
        "nom": "Gare Jean Lebas Roubaix",
        "operateur": "Keolis Lille Métropole",
        "reseau": "Ilévia",
        "name": "Gare Jean Lebas Roubaix",
        "network": "Ilévia"
      }
    },
    {
      "type": "Feature",
      "geometry": {
        "type": "Point",
        "coordinates": [
          3.0762541333333338,
          50.639380200000005
        ]
      },
      "properties": {
        "city": "Lille",
        "ligne": "",
        "nom": "Gare Lille Europe",
        "operateur": "Keolis Lille Métropole",
        "reseau": "Ilévia",
        "name": "Gare Lille Europe",
        "network": "Ilévia"
      }
    },
    {
      "type": "Feature",
      "geometry": {
        "type": "Point",
        "coordinates": [
          3.07107694,
          50.63737456
        ]
      },
      "properties": {
        "city": "Lille",
        "ligne": "",
        "nom": "Gare Lille Flandres",
        "operateur": "",
        "reseau": "Illéva",
        "name": "Gare Lille Flandres",
        "network": "Illéva"
      }
    },
    {
      "type": "Feature",
      "geometry": {
        "type": "Point",
        "coordinates": [
          3.1264551666666667,
          50.65011506666667
        ]
      },
      "properties": {
        "city": "Lille",
        "ligne": "",
        "nom": "Les Prés – Edgard Pisani",
        "operateur": "Keolis Lille Métropole",
        "reseau": "Ilévia",
        "name": "Les Prés – Edgard Pisani",
        "network": "Ilévia"
      }
    },
    {
      "type": "Feature",
      "geometry": {
        "type": "Point",
        "coordinates": [
          3.0749504333333335,
          50.6296364
        ]
      },
      "properties": {
        "city": "Lille",
        "ligne": "",
        "nom": "Lille Grand Palais",
        "operateur": "Keolis Lille Métropole",
        "reseau": "Ilévia",
        "name": "Lille Grand Palais",
        "network": "Ilévia"
      }
    },
    {
      "type": "Feature",
      "geometry": {
        "type": "Point",
        "coordinates": [
          3.0186220500000003,
          50.64078670000001
        ]
      },
      "properties": {
        "city": "Lille",
        "ligne": "",
        "nom": "Lomme – Lambersart – Arthur Notebart",
        "operateur": "",
        "reseau": "",
        "name": "Lomme – Lambersart – Arthur Notebart"
      }
    },
    {
      "type": "Feature",
      "geometry": {
        "type": "Point",
        "coordinates": [
          3.0185983,
          50.6408266
        ]
      },
      "properties": {
        "city": "Lille",
        "ligne": "",
        "nom": "Lomme – Lambersart – Arthur-Notebart",
        "operateur": "Keolis Lille Métropole",
        "reseau": "Ilévia",
        "name": "Lomme – Lambersart – Arthur-Notebart",
        "network": "Ilévia"
      }
    },
    {
      "type": "Feature",
      "geometry": {
        "type": "Point",
        "coordinates": [
          3.0868196,
          50.636699666666665
        ]
      },
      "properties": {
        "city": "Lille",
        "ligne": "",
        "nom": "Madeleine Caulier",
        "operateur": "Keolis Lille Métropole",
        "reseau": "Ilévia",
        "name": "Madeleine Caulier",
        "network": "Ilévia"
      }
    },
    {
      "type": "Feature",
      "geometry": {
        "type": "Point",
        "coordinates": [
          3.1090285000000004,
          50.627073499999995
        ]
      },
      "properties": {
        "city": "Lille",
        "ligne": "",
        "nom": "Mairie d'Hellemmes",
        "operateur": "Keolis Lille Métropole",
        "reseau": "Ilévia",
        "name": "Mairie d'Hellemmes",
        "network": "Ilévia"
      }
    },
    {
      "type": "Feature",
      "geometry": {
        "type": "Point",
        "coordinates": [
          3.1559826999999996,
          50.67930319999999
        ]
      },
      "properties": {
        "city": "Lille",
        "ligne": "",
        "nom": "Mairie de Croix",
        "operateur": "Keolis Lille Métropole",
        "reseau": "Ilévia",
        "name": "Mairie de Croix",
        "network": "Ilévia"
      }
    },
    {
      "type": "Feature",
      "geometry": {
        "type": "Point",
        "coordinates": [
          3.0706433,
          50.6327842
        ]
      },
      "properties": {
        "city": "Lille",
        "ligne": "",
        "nom": "Mairie de Lille",
        "operateur": "Keolis Lille Métropole",
        "reseau": "Ilévia",
        "name": "Mairie de Lille",
        "network": "Ilévia"
      }
    },
    {
      "type": "Feature",
      "geometry": {
        "type": "Point",
        "coordinates": [
          3.1097718333333333,
          50.6422905
        ]
      },
      "properties": {
        "city": "Lille",
        "ligne": "",
        "nom": "Mairie de Mons",
        "operateur": "Keolis Lille Métropole",
        "reseau": "Ilévia",
        "name": "Mairie de Mons",
        "network": "Ilévia"
      }
    },
    {
      "type": "Feature",
      "geometry": {
        "type": "Point",
        "coordinates": [
          2.9948954000000003,
          50.646264699999996
        ]
      },
      "properties": {
        "city": "Lille",
        "ligne": "",
        "nom": "Maison des Enfants",
        "operateur": "",
        "reseau": "",
        "name": "Maison des Enfants"
      }
    },
    {
      "type": "Feature",
      "geometry": {
        "type": "Point",
        "coordinates": [
          3.0979004999999997,
          50.6301374
        ]
      },
      "properties": {
        "city": "Lille",
        "ligne": "",
        "nom": "Marbrerie",
        "operateur": "Keolis Lille Métropole",
        "reseau": "Ilévia",
        "name": "Marbrerie",
        "network": "Ilévia"
      }
    },
    {
      "type": "Feature",
      "geometry": {
        "type": "Point",
        "coordinates": [
          3.1604466,
          50.70479533333333
        ]
      },
      "properties": {
        "city": "Lille",
        "ligne": "",
        "nom": "Mercure",
        "operateur": "Keolis Lille Métropole",
        "reseau": "Ilévia",
        "name": "Mercure",
        "network": "Ilévia"
      }
    },
    {
      "type": "Feature",
      "geometry": {
        "type": "Point",
        "coordinates": [
          3.007502033333333,
          50.64673263333333
        ]
      },
      "properties": {
        "city": "Lille",
        "ligne": "",
        "nom": "Mitterie",
        "operateur": "Keolis Lille Métropole",
        "reseau": "Ilévia",
        "name": "Mitterie",
        "network": "Ilévia"
      }
    },
    {
      "type": "Feature",
      "geometry": {
        "type": "Point",
        "coordinates": [
          3.0990013,
          50.6420813
        ]
      },
      "properties": {
        "city": "Lille",
        "ligne": "",
        "nom": "Mons Sarts",
        "operateur": "",
        "reseau": "",
        "name": "Mons Sarts"
      }
    },
    {
      "type": "Feature",
      "geometry": {
        "type": "Point",
        "coordinates": [
          3.0454628666666665,
          50.6220363
        ]
      },
      "properties": {
        "city": "Lille",
        "ligne": "",
        "nom": "Montebello",
        "operateur": "",
        "reseau": "",
        "name": "Montebello"
      }
    },
    {
      "type": "Feature",
      "geometry": {
        "type": "Point",
        "coordinates": [
          3.1579023,
          50.732445866666666
        ]
      },
      "properties": {
        "city": "Lille",
        "ligne": "",
        "nom": "Phalempins",
        "operateur": "Keolis Lille Métropole",
        "reseau": "Ilévia",
        "name": "Phalempins",
        "network": "Ilévia"
      }
    },
    {
      "type": "Feature",
      "geometry": {
        "type": "Point",
        "coordinates": [
          3.1280244333333336,
          50.62424179999999
        ]
      },
      "properties": {
        "city": "Lille",
        "ligne": "",
        "nom": "Pont de Bois",
        "operateur": "",
        "reseau": "",
        "name": "Pont de Bois"
      }
    },
    {
      "type": "Feature",
      "geometry": {
        "type": "Point",
        "coordinates": [
          3.1707966666666665,
          50.7368183
        ]
      },
      "properties": {
        "city": "Lille",
        "ligne": "",
        "nom": "Pont de Neuville",
        "operateur": "Keolis Lille Métropole",
        "reseau": "Ilévia",
        "name": "Pont de Neuville",
        "network": "Ilévia"
      }
    },
    {
      "type": "Feature",
      "geometry": {
        "type": "Point",
        "coordinates": [
          3.0137782666666673,
          50.64441826666666
        ]
      },
      "properties": {
        "city": "Lille",
        "ligne": "",
        "nom": "Pont Supérieur",
        "operateur": "Keolis Lille Métropole",
        "reseau": "Ilévia",
        "name": "Pont Supérieur",
        "network": "Ilévia"
      }
    },
    {
      "type": "Feature",
      "geometry": {
        "type": "Point",
        "coordinates": [
          3.035721533333333,
          50.629942166666666
        ]
      },
      "properties": {
        "city": "Lille",
        "ligne": "",
        "nom": "Port de Lille",
        "operateur": "Keolis Lille Métropole",
        "reseau": "Ilévia",
        "name": "Port de Lille",
        "network": "Ilévia"
      }
    },
    {
      "type": "Feature",
      "geometry": {
        "type": "Point",
        "coordinates": [
          3.0622975,
          50.6176031
        ]
      },
      "properties": {
        "city": "Lille",
        "ligne": "",
        "nom": "Porte d'Arras",
        "operateur": "",
        "reseau": "",
        "name": "Porte d'Arras"
      }
    },
    {
      "type": "Feature",
      "geometry": {
        "type": "Point",
        "coordinates": [
          3.0721426000000003,
          50.61805565
        ]
      },
      "properties": {
        "city": "Lille",
        "ligne": "",
        "nom": "Porte de Douai – Jardin des Plantes",
        "operateur": "",
        "reseau": "",
        "name": "Porte de Douai – Jardin des Plantes"
      }
    },
    {
      "type": "Feature",
      "geometry": {
        "type": "Point",
        "coordinates": [
          3.0788805,
          50.6210614
        ]
      },
      "properties": {
        "city": "Lille",
        "ligne": "",
        "nom": "Porte de Valenciennes",
        "operateur": "",
        "reseau": "",
        "name": "Porte de Valenciennes"
      }
    },
    {
      "type": "Feature",
      "geometry": {
        "type": "Point",
        "coordinates": [
          3.0502350399999996,
          50.6184355
        ]
      },
      "properties": {
        "city": "Lille",
        "ligne": "",
        "nom": "Porte des Postes",
        "operateur": "Keolis Lille Métropole",
        "reseau": "Ilévia",
        "name": "Porte des Postes",
        "network": "Ilévia"
      }
    },
    {
      "type": "Feature",
      "geometry": {
        "type": "Point",
        "coordinates": [
          3.1390446499999998,
          50.605413049999996
        ]
      },
      "properties": {
        "city": "Lille",
        "ligne": "",
        "nom": "Quatre Cantons – Stade Pierre Mauroy",
        "operateur": "",
        "reseau": "",
        "name": "Quatre Cantons – Stade Pierre Mauroy"
      }
    },
    {
      "type": "Feature",
      "geometry": {
        "type": "Point",
        "coordinates": [
          3.0608983,
          50.6316355
        ]
      },
      "properties": {
        "city": "Lille",
        "ligne": "",
        "nom": "République - Beaux-Arts",
        "operateur": "Keolis Lille Métropole",
        "reseau": "Ilévia",
        "name": "République - Beaux-Arts",
        "network": "Ilévia"
      }
    },
    {
      "type": "Feature",
      "geometry": {
        "type": "Point",
        "coordinates": [
          3.063022533333333,
          50.63567733333333
        ]
      },
      "properties": {
        "city": "Lille",
        "ligne": "",
        "nom": "Rihour",
        "operateur": "Keolis Lille Métropole",
        "reseau": "Ilévia",
        "name": "Rihour",
        "network": "Ilévia"
      }
    },
    {
      "type": "Feature",
      "geometry": {
        "type": "Point",
        "coordinates": [
          3.169732,
          50.6869122
        ]
      },
      "properties": {
        "city": "Lille",
        "ligne": "",
        "nom": "Roubaix - Charles de Gaulle",
        "operateur": "Keolis Lille Métropole",
        "reseau": "Ilévia",
        "name": "Roubaix - Charles de Gaulle",
        "network": "Ilévia"
      }
    },
    {
      "type": "Feature",
      "geometry": {
        "type": "Point",
        "coordinates": [
          3.1748195,
          50.6918302
        ]
      },
      "properties": {
        "city": "Lille",
        "ligne": "",
        "nom": "Roubaix - Grand Place",
        "operateur": "Keolis Lille Métropole",
        "reseau": "Ilévia",
        "name": "Roubaix - Grand Place",
        "network": "Ilévia"
      }
    },
    {
      "type": "Feature",
      "geometry": {
        "type": "Point",
        "coordinates": [
          3.0886647000000003,
          50.642333699999995
        ]
      },
      "properties": {
        "city": "Lille",
        "ligne": "",
        "nom": "Saint-Maurice Pellevoisin",
        "operateur": "Keolis Lille Métropole",
        "reseau": "Ilévia",
        "name": "Saint-Maurice Pellevoisin",
        "network": "Ilévia"
      }
    },
    {
      "type": "Feature",
      "geometry": {
        "type": "Point",
        "coordinates": [
          2.9742980666666665,
          50.65209453333333
        ]
      },
      "properties": {
        "city": "Lille",
        "ligne": "",
        "nom": "Saint-Philibert",
        "operateur": "Keolis Lille Métropole",
        "reseau": "Ilévia",
        "name": "Saint-Philibert",
        "network": "Ilévia"
      }
    },
    {
      "type": "Feature",
      "geometry": {
        "type": "Point",
        "coordinates": [
          3.116073166666667,
          50.625168099999996
        ]
      },
      "properties": {
        "city": "Lille",
        "ligne": "",
        "nom": "Square Flandres",
        "operateur": "Keolis Lille Métropole",
        "reseau": "Ilévia",
        "name": "Square Flandres",
        "network": "Ilévia"
      }
    },
    {
      "type": "Feature",
      "geometry": {
        "type": "Point",
        "coordinates": [
          3.16010075,
          50.720937649999996
        ]
      },
      "properties": {
        "city": "Lille",
        "ligne": "",
        "nom": "Tourcoing Centre",
        "operateur": "",
        "reseau": "",
        "name": "Tourcoing Centre"
      }
    },
    {
      "type": "Feature",
      "geometry": {
        "type": "Point",
        "coordinates": [
          3.1600392,
          50.7210118
        ]
      },
      "properties": {
        "city": "Lille",
        "ligne": "",
        "nom": "Tourcoing - Centre",
        "operateur": "Keolis Lille Métropole",
        "reseau": "Ilévia",
        "name": "Tourcoing - Centre",
        "network": "Ilévia"
      }
    },
    {
      "type": "Feature",
      "geometry": {
        "type": "Point",
        "coordinates": [
          3.14066175,
          50.6168843
        ]
      },
      "properties": {
        "city": "Lille",
        "ligne": "",
        "nom": "Triolo",
        "operateur": "",
        "reseau": "",
        "name": "Triolo"
      }
    },
    {
      "type": "Feature",
      "geometry": {
        "type": "Point",
        "coordinates": [
          3.130812566666666,
          50.619137099999996
        ]
      },
      "properties": {
        "city": "Lille",
        "ligne": "",
        "nom": "Villeneuve d'Ascq – Hôtel de Ville",
        "operateur": "Keolis Lille Métropole",
        "reseau": "Ilévia",
        "name": "Villeneuve d'Ascq – Hôtel de Ville",
        "network": "Ilévia"
      }
    },
    {
      "type": "Feature",
      "geometry": {
        "type": "Point",
        "coordinates": [
          3.1313805,
          50.6698227
        ]
      },
      "properties": {
        "city": "Lille",
        "ligne": "",
        "nom": "Wasquehal - Hôtel de Ville",
        "operateur": "Keolis Lille Métropole",
        "reseau": "Ilévia",
        "name": "Wasquehal - Hôtel de Ville",
        "network": "Ilévia"
      }
    },
    {
      "type": "Feature",
      "geometry": {
        "type": "Point",
        "coordinates": [
          3.129924,
          50.6639367
        ]
      },
      "properties": {
        "city": "Lille",
        "ligne": "",
        "nom": "Wasquehal - Pavé de Lille",
        "operateur": "Keolis Lille Métropole",
        "reseau": "Ilévia",
        "name": "Wasquehal - Pavé de Lille",
        "network": "Ilévia"
      }
    },
    {
      "type": "Feature",
      "geometry": {
        "type": "Point",
        "coordinates": [
          3.0516227,
          50.62346873333333
        ]
      },
      "properties": {
        "city": "Lille",
        "ligne": "",
        "nom": "Wazemmes",
        "operateur": "Keolis Lille Métropole",
        "reseau": "Ilévia",
        "name": "Wazemmes",
        "network": "Ilévia"
      }
    },
    {
      "type": "Feature",
      "geometry": {
        "type": "Point",
        "coordinates": [
          4.829142733333334,
          45.753028666666665
        ]
      },
      "properties": {
        "city": "Lyon",
        "ligne": "",
        "nom": "Ampère - Victor Hugo",
        "operateur": "",
        "reseau": "TCL",
        "name": "Ampère - Victor Hugo",
        "network": "TCL"
      }
    },
    {
      "type": "Feature",
      "geometry": {
        "type": "Point",
        "coordinates": [
          4.83318546,
          45.75732928
        ]
      },
      "properties": {
        "city": "Lyon",
        "ligne": "",
        "nom": "Bellecour",
        "operateur": "",
        "reseau": "TCL",
        "name": "Bellecour",
        "network": "TCL"
      }
    },
    {
      "type": "Feature",
      "geometry": {
        "type": "Point",
        "coordinates": [
          4.859385966666667,
          45.7671338
        ]
      },
      "properties": {
        "city": "Lyon",
        "ligne": "",
        "nom": "Brotteaux",
        "operateur": "",
        "reseau": "TCL",
        "name": "Brotteaux",
        "network": "TCL"
      }
    },
    {
      "type": "Feature",
      "geometry": {
        "type": "Point",
        "coordinates": [
          4.8641958,
          45.77055296666666
        ]
      },
      "properties": {
        "city": "Lyon",
        "ligne": "",
        "nom": "Charpennes - Charles Hernu",
        "operateur": "",
        "reseau": "TCL",
        "name": "Charpennes - Charles Hernu",
        "network": "TCL"
      }
    },
    {
      "type": "Feature",
      "geometry": {
        "type": "Point",
        "coordinates": [
          4.8645897,
          45.7706204
        ]
      },
      "properties": {
        "city": "Lyon",
        "ligne": "",
        "nom": "Charpennes - Charles Hernu (Ligne A)",
        "operateur": "TCL",
        "reseau": "TCL",
        "name": "Charpennes - Charles Hernu (Ligne A)",
        "network": "TCL"
      }
    },
    {
      "type": "Feature",
      "geometry": {
        "type": "Point",
        "coordinates": [
          4.8631473,
          45.7703153
        ]
      },
      "properties": {
        "city": "Lyon",
        "ligne": "",
        "nom": "Charpennes - Charles Hernu (Ligne B)",
        "operateur": "TCL",
        "reseau": "TCL",
        "name": "Charpennes - Charles Hernu (Ligne B)",
        "network": "TCL"
      }
    },
    {
      "type": "Feature",
      "geometry": {
        "type": "Point",
        "coordinates": [
          4.835813466666667,
          45.76333723333334
        ]
      },
      "properties": {
        "city": "Lyon",
        "ligne": "",
        "nom": "Cordeliers",
        "operateur": "",
        "reseau": "TCL",
        "name": "Cordeliers",
        "network": "TCL"
      }
    },
    {
      "type": "Feature",
      "geometry": {
        "type": "Point",
        "coordinates": [
          4.8361943,
          45.77101676666666
        ]
      },
      "properties": {
        "city": "Lyon",
        "ligne": "",
        "nom": "Croix-Paquet",
        "operateur": "",
        "reseau": "TCL",
        "name": "Croix-Paquet",
        "network": "TCL"
      }
    },
    {
      "type": "Feature",
      "geometry": {
        "type": "Point",
        "coordinates": [
          4.831847866666667,
          45.77451383333334
        ]
      },
      "properties": {
        "city": "Lyon",
        "ligne": "",
        "nom": "Croix-Rousse",
        "operateur": "",
        "reseau": "TCL",
        "name": "Croix-Rousse",
        "network": "TCL"
      }
    },
    {
      "type": "Feature",
      "geometry": {
        "type": "Point",
        "coordinates": [
          4.832595550000001,
          45.78530225
        ]
      },
      "properties": {
        "city": "Lyon",
        "ligne": "",
        "nom": "Cuire",
        "operateur": "",
        "reseau": "TCL",
        "name": "Cuire",
        "network": "TCL"
      }
    },
    {
      "type": "Feature",
      "geometry": {
        "type": "Point",
        "coordinates": [
          4.9008192,
          45.76564916666666
        ]
      },
      "properties": {
        "city": "Lyon",
        "ligne": "",
        "nom": "Cusset",
        "operateur": "",
        "reseau": "TCL",
        "name": "Cusset",
        "network": "TCL"
      }
    },
    {
      "type": "Feature",
      "geometry": {
        "type": "Point",
        "coordinates": [
          4.8334572,
          45.731070700000004
        ]
      },
      "properties": {
        "city": "Lyon",
        "ligne": "",
        "nom": "Debourg",
        "operateur": "",
        "reseau": "TCL",
        "name": "Debourg",
        "network": "TCL"
      }
    },
    {
      "type": "Feature",
      "geometry": {
        "type": "Point",
        "coordinates": [
          4.889314266666667,
          45.76776383333333
        ]
      },
      "properties": {
        "city": "Lyon",
        "ligne": "",
        "nom": "Flachet - Alain Gilles",
        "operateur": "",
        "reseau": "TCL",
        "name": "Flachet - Alain Gilles",
        "network": "TCL"
      }
    },
    {
      "type": "Feature",
      "geometry": {
        "type": "Point",
        "coordinates": [
          4.8443627000000005,
          45.76876240000001
        ]
      },
      "properties": {
        "city": "Lyon",
        "ligne": "",
        "nom": "Foch",
        "operateur": "",
        "reseau": "TCL",
        "name": "Foch",
        "network": "TCL"
      }
    },
    {
      "type": "Feature",
      "geometry": {
        "type": "Point",
        "coordinates": [
          4.814515466666667,
          45.716688233333336
        ]
      },
      "properties": {
        "city": "Lyon",
        "ligne": "",
        "nom": "Gare d'Oullins",
        "operateur": "",
        "reseau": "TCL",
        "name": "Gare d'Oullins",
        "network": "TCL"
      }
    },
    {
      "type": "Feature",
      "geometry": {
        "type": "Point",
        "coordinates": [
          4.8045287,
          45.780582900000006
        ]
      },
      "properties": {
        "city": "Lyon",
        "ligne": "",
        "nom": "Gare de Vaise - Gérard Collomb",
        "operateur": "",
        "reseau": "TCL",
        "name": "Gare de Vaise - Gérard Collomb",
        "network": "TCL"
      }
    },
    {
      "type": "Feature",
      "geometry": {
        "type": "Point",
        "coordinates": [
          4.88800035,
          45.7054641
        ]
      },
      "properties": {
        "city": "Lyon",
        "ligne": "",
        "nom": "Gare de Vénissieux",
        "operateur": "",
        "reseau": "TCL",
        "name": "Gare de Vénissieux",
        "network": "TCL"
      }
    },
    {
      "type": "Feature",
      "geometry": {
        "type": "Point",
        "coordinates": [
          4.857366133333334,
          45.761598633333335
        ]
      },
      "properties": {
        "city": "Lyon",
        "ligne": "",
        "nom": "Gare Part-Dieu - Vivier Merle",
        "operateur": "",
        "reseau": "TCL",
        "name": "Gare Part-Dieu - Vivier Merle",
        "network": "TCL"
      }
    },
    {
      "type": "Feature",
      "geometry": {
        "type": "Point",
        "coordinates": [
          4.805393766666666,
          45.76624040000001
        ]
      },
      "properties": {
        "city": "Lyon",
        "ligne": "",
        "nom": "Gorge de Loup",
        "operateur": "",
        "reseau": "TCL",
        "name": "Gorge de Loup",
        "network": "TCL"
      }
    },
    {
      "type": "Feature",
      "geometry": {
        "type": "Point",
        "coordinates": [
          4.878797866666667,
          45.74294526666666
        ]
      },
      "properties": {
        "city": "Lyon",
        "ligne": "",
        "nom": "Grange Blanche",
        "operateur": "",
        "reseau": "TCL",
        "name": "Grange Blanche",
        "network": "TCL"
      }
    },
    {
      "type": "Feature",
      "geometry": {
        "type": "Point",
        "coordinates": [
          4.882274,
          45.76906496666667
        ]
      },
      "properties": {
        "city": "Lyon",
        "ligne": "",
        "nom": "Gratte-Ciel",
        "operateur": "",
        "reseau": "TCL",
        "name": "Gratte-Ciel",
        "network": "TCL"
      }
    },
    {
      "type": "Feature",
      "geometry": {
        "type": "Point",
        "coordinates": [
          4.8428211333333335,
          45.75534176666667
        ]
      },
      "properties": {
        "city": "Lyon",
        "ligne": "",
        "nom": "Guillotière",
        "operateur": "",
        "reseau": "TCL",
        "name": "Guillotière",
        "network": "TCL"
      }
    },
    {
      "type": "Feature",
      "geometry": {
        "type": "Point",
        "coordinates": [
          4.827504266666667,
          45.77946963333333
        ]
      },
      "properties": {
        "city": "Lyon",
        "ligne": "",
        "nom": "Hénon",
        "operateur": "",
        "reseau": "TCL",
        "name": "Hénon",
        "network": "TCL"
      }
    },
    {
      "type": "Feature",
      "geometry": {
        "type": "Point",
        "coordinates": [
          4.8360374,
          45.76774032
        ]
      },
      "properties": {
        "city": "Lyon",
        "ligne": "",
        "nom": "Hôtel de Ville - Louis Pradel",
        "operateur": "",
        "reseau": "TCL",
        "name": "Hôtel de Ville - Louis Pradel",
        "network": "TCL"
      }
    },
    {
      "type": "Feature",
      "geometry": {
        "type": "Point",
        "coordinates": [
          4.842342733333333,
          45.745965500000004
        ]
      },
      "properties": {
        "city": "Lyon",
        "ligne": "",
        "nom": "Jean Macé",
        "operateur": "",
        "reseau": "TCL",
        "name": "Jean Macé",
        "network": "TCL"
      }
    },
    {
      "type": "Feature",
      "geometry": {
        "type": "Point",
        "coordinates": [
          4.886573966666666,
          45.73838756666667
        ]
      },
      "properties": {
        "city": "Lyon",
        "ligne": "",
        "nom": "Laennec",
        "operateur": "",
        "reseau": "TCL",
        "name": "Laennec",
        "network": "TCL"
      }
    },
    {
      "type": "Feature",
      "geometry": {
        "type": "Point",
        "coordinates": [
          4.9088411,
          45.76413493333334
        ]
      },
      "properties": {
        "city": "Lyon",
        "ligne": "",
        "nom": "Laurent Bonnevay - Astroballe",
        "operateur": "",
        "reseau": "TCL",
        "name": "Laurent Bonnevay - Astroballe",
        "network": "TCL"
      }
    },
    {
      "type": "Feature",
      "geometry": {
        "type": "Point",
        "coordinates": [
          4.853383366666666,
          45.7695975
        ]
      },
      "properties": {
        "city": "Lyon",
        "ligne": "",
        "nom": "Masséna",
        "operateur": "",
        "reseau": "TCL",
        "name": "Masséna",
        "network": "TCL"
      }
    },
    {
      "type": "Feature",
      "geometry": {
        "type": "Point",
        "coordinates": [
          4.8872984,
          45.730580800000006
        ]
      },
      "properties": {
        "city": "Lyon",
        "ligne": "",
        "nom": "Mermoz - Pinel",
        "operateur": "",
        "reseau": "TCL",
        "name": "Mermoz - Pinel",
        "network": "TCL"
      }
    },
    {
      "type": "Feature",
      "geometry": {
        "type": "Point",
        "coordinates": [
          4.871389433333333,
          45.7455195
        ]
      },
      "properties": {
        "city": "Lyon",
        "ligne": "",
        "nom": "Monplaisir - Lumière",
        "operateur": "",
        "reseau": "TCL",
        "name": "Monplaisir - Lumière",
        "network": "TCL"
      }
    },
    {
      "type": "Feature",
      "geometry": {
        "type": "Point",
        "coordinates": [
          4.8052508,
          45.71433793333333
        ]
      },
      "properties": {
        "city": "Lyon",
        "ligne": "",
        "nom": "Oullins Centre",
        "operateur": "",
        "reseau": "TCL",
        "name": "Oullins Centre",
        "network": "TCL"
      }
    },
    {
      "type": "Feature",
      "geometry": {
        "type": "Point",
        "coordinates": [
          4.887507233333333,
          45.71950503333333
        ]
      },
      "properties": {
        "city": "Lyon",
        "ligne": "",
        "nom": "Parilly",
        "operateur": "",
        "reseau": "TCL",
        "name": "Parilly",
        "network": "TCL"
      }
    },
    {
      "type": "Feature",
      "geometry": {
        "type": "Point",
        "coordinates": [
          4.8267898,
          45.7496409
        ]
      },
      "properties": {
        "city": "Lyon",
        "ligne": "",
        "nom": "Perrache",
        "operateur": "",
        "reseau": "TCL",
        "name": "Perrache",
        "network": "TCL"
      }
    },
    {
      "type": "Feature",
      "geometry": {
        "type": "Point",
        "coordinates": [
          4.847398233333333,
          45.7592276
        ]
      },
      "properties": {
        "city": "Lyon",
        "ligne": "",
        "nom": "Place Guichard - Bourse du Travail",
        "operateur": "",
        "reseau": "TCL",
        "name": "Place Guichard - Bourse du Travail",
        "network": "TCL"
      }
    },
    {
      "type": "Feature",
      "geometry": {
        "type": "Point",
        "coordinates": [
          4.83732025,
          45.7375641
        ]
      },
      "properties": {
        "city": "Lyon",
        "ligne": "",
        "nom": "Place Jean Jaurès",
        "operateur": "",
        "reseau": "TCL",
        "name": "Place Jean Jaurès",
        "network": "TCL"
      }
    },
    {
      "type": "Feature",
      "geometry": {
        "type": "Point",
        "coordinates": [
          4.874002433333334,
          45.770559633333335
        ]
      },
      "properties": {
        "city": "Lyon",
        "ligne": "",
        "nom": "République - Villeurbanne",
        "operateur": "",
        "reseau": "TCL",
        "name": "République - Villeurbanne",
        "network": "TCL"
      }
    },
    {
      "type": "Feature",
      "geometry": {
        "type": "Point",
        "coordinates": [
          4.8043330666666675,
          45.70174583333333
        ]
      },
      "properties": {
        "city": "Lyon",
        "ligne": "",
        "nom": "Saint-Genis-Laval Hôpital Lyon Sud",
        "operateur": "",
        "reseau": "TCL",
        "name": "Saint-Genis-Laval Hôpital Lyon Sud",
        "network": "TCL"
      }
    },
    {
      "type": "Feature",
      "geometry": {
        "type": "Point",
        "coordinates": [
          4.8651917000000005,
          45.747566866666666
        ]
      },
      "properties": {
        "city": "Lyon",
        "ligne": "",
        "nom": "Sans Souci",
        "operateur": "",
        "reseau": "TCL",
        "name": "Sans Souci",
        "network": "TCL"
      }
    },
    {
      "type": "Feature",
      "geometry": {
        "type": "Point",
        "coordinates": [
          4.84687066,
          45.75366432
        ]
      },
      "properties": {
        "city": "Lyon",
        "ligne": "",
        "nom": "Saxe - Gambetta",
        "operateur": "",
        "reseau": "TCL",
        "name": "Saxe - Gambetta",
        "network": "TCL"
      }
    },
    {
      "type": "Feature",
      "geometry": {
        "type": "Point",
        "coordinates": [
          4.830883233333334,
          45.7267406
        ]
      },
      "properties": {
        "city": "Lyon",
        "ligne": "",
        "nom": "Stade de Gerland—Le LOU",
        "operateur": "",
        "reseau": "TCL",
        "name": "Stade de Gerland—Le LOU",
        "network": "TCL"
      }
    },
    {
      "type": "Feature",
      "geometry": {
        "type": "Point",
        "coordinates": [
          4.8054049333333335,
          45.7746233
        ]
      },
      "properties": {
        "city": "Lyon",
        "ligne": "",
        "nom": "Valmy",
        "operateur": "",
        "reseau": "TCL",
        "name": "Valmy",
        "network": "TCL"
      }
    },
    {
      "type": "Feature",
      "geometry": {
        "type": "Point",
        "coordinates": [
          4.921933366666667,
          45.7612174
        ]
      },
      "properties": {
        "city": "Lyon",
        "ligne": "",
        "nom": "Vaulx-en-Velin - La Soie",
        "operateur": "",
        "reseau": "TCL",
        "name": "Vaulx-en-Velin - La Soie",
        "network": "TCL"
      }
    },
    {
      "type": "Feature",
      "geometry": {
        "type": "Point",
        "coordinates": [
          4.8879251,
          45.7055532
        ]
      },
      "properties": {
        "city": "Lyon",
        "ligne": "",
        "nom": "Vénissieux",
        "operateur": "",
        "reseau": "TCL",
        "name": "Vénissieux",
        "network": "TCL"
      }
    },
    {
      "type": "Feature",
      "geometry": {
        "type": "Point",
        "coordinates": [
          4.825964566666666,
          45.76017453333333
        ]
      },
      "properties": {
        "city": "Lyon",
        "ligne": "",
        "nom": "Vieux Lyon - Cathédrale Saint-Jean",
        "operateur": "",
        "reseau": "TCL",
        "name": "Vieux Lyon - Cathédrale Saint-Jean",
        "network": "TCL"
      }
    },
    {
      "type": "Feature",
      "geometry": {
        "type": "Point",
        "coordinates": [
          5.3919711,
          43.28812025
        ]
      },
      "properties": {
        "city": "Marseille",
        "ligne": "",
        "nom": "Baille",
        "operateur": "Régie des Transports Marseillais",
        "reseau": "RTM",
        "name": "Baille",
        "network": "RTM"
      }
    },
    {
      "type": "Feature",
      "geometry": {
        "type": "Point",
        "coordinates": [
          5.37141145,
          43.320839250000006
        ]
      },
      "properties": {
        "city": "Marseille",
        "ligne": "",
        "nom": "Bougainville",
        "operateur": "Régie des Transports Marseillais",
        "reseau": "RTM",
        "name": "Bougainville",
        "network": "RTM"
      }
    },
    {
      "type": "Feature",
      "geometry": {
        "type": "Point",
        "coordinates": [
          5.36729155,
          43.327955349999996
        ]
      },
      "properties": {
        "city": "Marseille",
        "ligne": "",
        "nom": "Capitaine Gèze",
        "operateur": "Régie des Transports Métropolitains",
        "reseau": "RTM",
        "name": "Capitaine Gèze",
        "network": "RTM"
      }
    },
    {
      "type": "Feature",
      "geometry": {
        "type": "Point",
        "coordinates": [
          5.384585925,
          43.285603249999994
        ]
      },
      "properties": {
        "city": "Marseille",
        "ligne": "",
        "nom": "Castellane",
        "operateur": "Régie des Transports Marseillais",
        "reseau": "RTM",
        "name": "Castellane",
        "network": "RTM"
      }
    },
    {
      "type": "Feature",
      "geometry": {
        "type": "Point",
        "coordinates": [
          5.40146865,
          43.30913275
        ]
      },
      "properties": {
        "city": "Marseille",
        "ligne": "",
        "nom": "Chartreux",
        "operateur": "Régie des Transports Marseillais",
        "reseau": "RTM",
        "name": "Chartreux",
        "network": "RTM"
      }
    },
    {
      "type": "Feature",
      "geometry": {
        "type": "Point",
        "coordinates": [
          5.3963149,
          43.3041197
        ]
      },
      "properties": {
        "city": "Marseille",
        "ligne": "",
        "nom": "Cinq Avenues Longchamp",
        "operateur": "Régie des Transports Marseillais",
        "reseau": "RTM",
        "name": "Cinq Avenues Longchamp",
        "network": "RTM"
      }
    },
    {
      "type": "Feature",
      "geometry": {
        "type": "Point",
        "coordinates": [
          5.3722337499999995,
          43.30930575
        ]
      },
      "properties": {
        "city": "Marseille",
        "ligne": "",
        "nom": "Désirée Clary",
        "operateur": "Régie des Transports Marseillais",
        "reseau": "RTM",
        "name": "Désirée Clary",
        "network": "RTM"
      }
    },
    {
      "type": "Feature",
      "geometry": {
        "type": "Point",
        "coordinates": [
          5.37799965,
          43.2901648
        ]
      },
      "properties": {
        "city": "Marseille",
        "ligne": "",
        "nom": "Estrangin - Préfecture",
        "operateur": "Régie des Transports Marseillais",
        "reseau": "RTM",
        "name": "Estrangin - Préfecture",
        "network": "RTM"
      }
    },
    {
      "type": "Feature",
      "geometry": {
        "type": "Point",
        "coordinates": [
          5.423195833333334,
          43.325482766666674
        ]
      },
      "properties": {
        "city": "Marseille",
        "ligne": "",
        "nom": "Frais Vallon",
        "operateur": "Régie des Transports Marseillais",
        "reseau": "RTM",
        "name": "Frais Vallon",
        "network": "RTM"
      }
    },
    {
      "type": "Feature",
      "geometry": {
        "type": "Point",
        "coordinates": [
          5.367949299999999,
          43.30388325
        ]
      },
      "properties": {
        "city": "Marseille",
        "ligne": "",
        "nom": "Joliette",
        "operateur": "Régie des Transports Marseillais",
        "reseau": "RTM",
        "name": "Joliette",
        "network": "RTM"
      }
    },
    {
      "type": "Feature",
      "geometry": {
        "type": "Point",
        "coordinates": [
          5.373981199999999,
          43.3019848
        ]
      },
      "properties": {
        "city": "Marseille",
        "ligne": "",
        "nom": "Jules Guesde",
        "operateur": "Régie des Transports Marseillais",
        "reseau": "RTM",
        "name": "Jules Guesde",
        "network": "RTM"
      }
    },
    {
      "type": "Feature",
      "geometry": {
        "type": "Point",
        "coordinates": [
          5.4062017,
          43.2955542
        ]
      },
      "properties": {
        "city": "Marseille",
        "ligne": "",
        "nom": "La Blancarde",
        "operateur": "Régie des Transports Marseillais",
        "reseau": "RTM",
        "name": "La Blancarde",
        "network": "RTM"
      }
    },
    {
      "type": "Feature",
      "geometry": {
        "type": "Point",
        "coordinates": [
          5.42410135,
          43.3038231
        ]
      },
      "properties": {
        "city": "Marseille",
        "ligne": "",
        "nom": "La Fourragère",
        "operateur": "Régie des Transports Marseillais",
        "reseau": "RTM",
        "name": "La Fourragère",
        "network": "RTM"
      }
    },
    {
      "type": "Feature",
      "geometry": {
        "type": "Point",
        "coordinates": [
          5.4297021999999995,
          43.33313825
        ]
      },
      "properties": {
        "city": "Marseille",
        "ligne": "",
        "nom": "La Rose",
        "operateur": "Régie des Transports Marseillais",
        "reseau": "RTM",
        "name": "La Rose",
        "network": "RTM"
      }
    },
    {
      "type": "Feature",
      "geometry": {
        "type": "Point",
        "coordinates": [
          5.40040715,
          43.2911384
        ]
      },
      "properties": {
        "city": "Marseille",
        "ligne": "",
        "nom": "La Timone",
        "operateur": "Régie des Transports Marseillais",
        "reseau": "RTM",
        "name": "La Timone",
        "network": "RTM"
      }
    },
    {
      "type": "Feature",
      "geometry": {
        "type": "Point",
        "coordinates": [
          5.4135594000000005,
          43.2999729
        ]
      },
      "properties": {
        "city": "Marseille",
        "ligne": "",
        "nom": "Louis Armand",
        "operateur": "Régie des Transports Marseillais",
        "reseau": "RTM",
        "name": "Louis Armand",
        "network": "RTM"
      }
    },
    {
      "type": "Feature",
      "geometry": {
        "type": "Point",
        "coordinates": [
          5.41645175,
          43.320980199999994
        ]
      },
      "properties": {
        "city": "Marseille",
        "ligne": "",
        "nom": "Malpassé",
        "operateur": "Régie des Transports Marseillais",
        "reseau": "RTM",
        "name": "Malpassé",
        "network": "RTM"
      }
    },
    {
      "type": "Feature",
      "geometry": {
        "type": "Point",
        "coordinates": [
          5.3730551,
          43.3151556
        ]
      },
      "properties": {
        "city": "Marseille",
        "ligne": "",
        "nom": "National",
        "operateur": "Régie des Transports Marseillais",
        "reseau": "RTM",
        "name": "National",
        "network": "RTM"
      }
    },
    {
      "type": "Feature",
      "geometry": {
        "type": "Point",
        "coordinates": [
          5.38123355,
          43.296846450000004
        ]
      },
      "properties": {
        "city": "Marseille",
        "ligne": "",
        "nom": "Noailles",
        "operateur": "",
        "reseau": "",
        "name": "Noailles"
      }
    },
    {
      "type": "Feature",
      "geometry": {
        "type": "Point",
        "coordinates": [
          5.38376685,
          43.29251105
        ]
      },
      "properties": {
        "city": "Marseille",
        "ligne": "",
        "nom": "Notre-Dame-du-Mont - Cours Julien",
        "operateur": "Régie des Transports Marseillais",
        "reseau": "RTM",
        "name": "Notre-Dame-du-Mont - Cours Julien",
        "network": "RTM"
      }
    },
    {
      "type": "Feature",
      "geometry": {
        "type": "Point",
        "coordinates": [
          5.3876154,
          43.27944705
        ]
      },
      "properties": {
        "city": "Marseille",
        "ligne": "",
        "nom": "Périer",
        "operateur": "Régie des Transports Marseillais",
        "reseau": "RTM",
        "name": "Périer",
        "network": "RTM"
      }
    },
    {
      "type": "Feature",
      "geometry": {
        "type": "Point",
        "coordinates": [
          5.38630945,
          43.3004429
        ]
      },
      "properties": {
        "city": "Marseille",
        "ligne": "",
        "nom": "Réformés - Canebière",
        "operateur": "Régie des Transports Marseillais",
        "reseau": "RTM",
        "name": "Réformés - Canebière",
        "network": "RTM"
      }
    },
    {
      "type": "Feature",
      "geometry": {
        "type": "Point",
        "coordinates": [
          5.39266865,
          43.2713324
        ]
      },
      "properties": {
        "city": "Marseille",
        "ligne": "",
        "nom": "Rond-Point du Prado",
        "operateur": "Régie des Transports Marseillais",
        "reseau": "RTM",
        "name": "Rond-Point du Prado",
        "network": "RTM"
      }
    },
    {
      "type": "Feature",
      "geometry": {
        "type": "Point",
        "coordinates": [
          5.41879135,
          43.30332
        ]
      },
      "properties": {
        "city": "Marseille",
        "ligne": "",
        "nom": "Saint-Barnabé",
        "operateur": "Régie des Transports Marseillais",
        "reseau": "RTM",
        "name": "Saint-Barnabé",
        "network": "RTM"
      }
    },
    {
      "type": "Feature",
      "geometry": {
        "type": "Point",
        "coordinates": [
          5.380107425,
          43.3024348
        ]
      },
      "properties": {
        "city": "Marseille",
        "ligne": "",
        "nom": "Saint-Charles",
        "operateur": "Régie des Transports Marseillais",
        "reseau": "RTM",
        "name": "Saint-Charles",
        "network": "RTM"
      }
    },
    {
      "type": "Feature",
      "geometry": {
        "type": "Point",
        "coordinates": [
          5.40643715,
          43.3154514
        ]
      },
      "properties": {
        "city": "Marseille",
        "ligne": "",
        "nom": "Saint-Just",
        "operateur": "Régie des Transports Marseillais",
        "reseau": "RTM",
        "name": "Saint-Just",
        "network": "RTM"
      }
    },
    {
      "type": "Feature",
      "geometry": {
        "type": "Point",
        "coordinates": [
          5.4021905,
          43.2705924
        ]
      },
      "properties": {
        "city": "Marseille",
        "ligne": "",
        "nom": "Sainte-Marguerite Dromel",
        "operateur": "Régie des Transports Marseillais",
        "reseau": "RTM",
        "name": "Sainte-Marguerite Dromel",
        "network": "RTM"
      }
    },
    {
      "type": "Feature",
      "geometry": {
        "type": "Point",
        "coordinates": [
          5.374283350000001,
          43.29557185
        ]
      },
      "properties": {
        "city": "Marseille",
        "ligne": "",
        "nom": "Vieux Port",
        "operateur": "Régie des Transports Marseillais",
        "reseau": "RTM",
        "name": "Vieux Port",
        "network": "RTM"
      }
    },
    {
      "type": "Feature",
      "geometry": {
        "type": "Point",
        "coordinates": [
          2.33864225,
          48.88480439999999
        ]
      },
      "properties": {
        "city": "Paris",
        "ligne": "",
        "nom": "Abbesses",
        "operateur": "",
        "reseau": "",
        "name": "Abbesses"
      }
    },
    {
      "type": "Feature",
      "geometry": {
        "type": "Point",
        "coordinates": [
          2.3778513,
          48.9082256
        ]
      },
      "properties": {
        "city": "Paris",
        "ligne": "",
        "nom": "Aimé Césaire",
        "operateur": "",
        "reseau": "",
        "name": "Aimé Césaire"
      }
    },
    {
      "type": "Feature",
      "geometry": {
        "type": "Point",
        "coordinates": [
          2.3270467666666668,
          48.82802576666666
        ]
      },
      "properties": {
        "city": "Paris",
        "ligne": "",
        "nom": "Alésia",
        "operateur": "RATP",
        "reseau": "",
        "name": "Alésia"
      }
    },
    {
      "type": "Feature",
      "geometry": {
        "type": "Point",
        "coordinates": [
          2.3944632333333336,
          48.85631386666666
        ]
      },
      "properties": {
        "city": "Paris",
        "ligne": "",
        "nom": "Alexandre Dumas",
        "operateur": "",
        "reseau": "",
        "name": "Alexandre Dumas"
      }
    },
    {
      "type": "Feature",
      "geometry": {
        "type": "Point",
        "coordinates": [
          2.300292,
          48.8648683
        ]
      },
      "properties": {
        "city": "Paris",
        "ligne": "",
        "nom": "Alma-Marceau",
        "operateur": "",
        "reseau": "",
        "name": "Alma-Marceau"
      }
    },
    {
      "type": "Feature",
      "geometry": {
        "type": "Point",
        "coordinates": [
          2.3666503,
          48.8490548
        ]
      },
      "properties": {
        "city": "Paris",
        "ligne": "",
        "nom": "Ancienne station Arsenal",
        "operateur": "",
        "reseau": "",
        "name": "Ancienne station Arsenal"
      }
    },
    {
      "type": "Feature",
      "geometry": {
        "type": "Point",
        "coordinates": [
          2.3445849666666665,
          48.88295203333333
        ]
      },
      "properties": {
        "city": "Paris",
        "ligne": "",
        "nom": "Anvers",
        "operateur": "",
        "reseau": "",
        "name": "Anvers"
      }
    },
    {
      "type": "Feature",
      "geometry": {
        "type": "Point",
        "coordinates": [
          2.32820785,
          48.7975118
        ]
      },
      "properties": {
        "city": "Paris",
        "ligne": "",
        "nom": "Arcueil-Cachan",
        "operateur": "",
        "reseau": "",
        "name": "Arcueil-Cachan"
      }
    },
    {
      "type": "Feature",
      "geometry": {
        "type": "Point",
        "coordinates": [
          2.2901298666666663,
          48.875336299999994
        ]
      },
      "properties": {
        "city": "Paris",
        "ligne": "",
        "nom": "Argentine",
        "operateur": "RATP",
        "reseau": "Métro de Paris;RATP",
        "name": "Argentine",
        "network": "Métro de Paris;RATP"
      }
    },
    {
      "type": "Feature",
      "geometry": {
        "type": "Point",
        "coordinates": [
          2.35633518,
          48.865456280000004
        ]
      },
      "properties": {
        "city": "Paris",
        "ligne": "",
        "nom": "Arts et Métiers",
        "operateur": "RATP",
        "reseau": "",
        "name": "Arts et Métiers"
      }
    },
    {
      "type": "Feature",
      "geometry": {
        "type": "Point",
        "coordinates": [
          2.2841612,
          48.9307562
        ]
      },
      "properties": {
        "city": "Paris",
        "ligne": "",
        "nom": "Asnières-Gennevilliers–Les Courtilles",
        "operateur": "",
        "reseau": "",
        "name": "Asnières-Gennevilliers–Les Courtilles"
      }
    },
    {
      "type": "Feature",
      "geometry": {
        "type": "Point",
        "coordinates": [
          2.3211708499999997,
          48.8605766
        ]
      },
      "properties": {
        "city": "Paris",
        "ligne": "",
        "nom": "Assemblée Nationale",
        "operateur": "",
        "reseau": "",
        "name": "Assemblée Nationale"
      }
    },
    {
      "type": "Feature",
      "geometry": {
        "type": "Point",
        "coordinates": [
          2.3922499,
          48.9036279
        ]
      },
      "properties": {
        "city": "Paris",
        "ligne": "",
        "nom": "Aubervilliers - Pantin - Quatre Chemins",
        "operateur": "",
        "reseau": "",
        "name": "Aubervilliers - Pantin - Quatre Chemins"
      }
    },
    {
      "type": "Feature",
      "geometry": {
        "type": "Point",
        "coordinates": [
          2.29531665,
          48.84698335
        ]
      },
      "properties": {
        "city": "Paris",
        "ligne": "",
        "nom": "Avenue Émile Zola",
        "operateur": "",
        "reseau": "",
        "name": "Avenue Émile Zola"
      }
    },
    {
      "type": "Feature",
      "geometry": {
        "type": "Point",
        "coordinates": [
          2.3982078,
          48.85149630000001
        ]
      },
      "properties": {
        "city": "Paris",
        "ligne": "",
        "nom": "Avron",
        "operateur": "",
        "reseau": "",
        "name": "Avron"
      }
    },
    {
      "type": "Feature",
      "geometry": {
        "type": "Point",
        "coordinates": [
          2.3177986333333336,
          48.803357000000005
        ]
      },
      "properties": {
        "city": "Paris",
        "ligne": "",
        "nom": "Bagneux-Lucie Aubrac",
        "operateur": "",
        "reseau": "",
        "name": "Bagneux-Lucie Aubrac"
      }
    },
    {
      "type": "Feature",
      "geometry": {
        "type": "Point",
        "coordinates": [
          2.278379,
          48.8363968
        ]
      },
      "properties": {
        "city": "Paris",
        "ligne": "",
        "nom": "Balard",
        "operateur": "",
        "reseau": "",
        "name": "Balard"
      }
    },
    {
      "type": "Feature",
      "geometry": {
        "type": "Point",
        "coordinates": [
          2.317716166666667,
          48.809197600000005
        ]
      },
      "properties": {
        "city": "Paris",
        "ligne": "",
        "nom": "Barbara",
        "operateur": "",
        "reseau": "",
        "name": "Barbara"
      }
    },
    {
      "type": "Feature",
      "geometry": {
        "type": "Point",
        "coordinates": [
          2.3500789749999997,
          48.883790075
        ]
      },
      "properties": {
        "city": "Paris",
        "ligne": "",
        "nom": "Barbès - Rochechouart",
        "operateur": "RATP",
        "reseau": "",
        "name": "Barbès - Rochechouart"
      }
    },
    {
      "type": "Feature",
      "geometry": {
        "type": "Point",
        "coordinates": [
          2.3592815000000003,
          48.936630433333335
        ]
      },
      "properties": {
        "city": "Paris",
        "ligne": "",
        "nom": "Basilique de Saint-Denis",
        "operateur": "RATP",
        "reseau": "Métro de Paris;RATP",
        "name": "Basilique de Saint-Denis",
        "network": "Métro de Paris;RATP"
      }
    },
    {
      "type": "Feature",
      "geometry": {
        "type": "Point",
        "coordinates": [
          2.36874825,
          48.8528622
        ]
      },
      "properties": {
        "city": "Paris",
        "ligne": "",
        "nom": "Bastille",
        "operateur": "",
        "reseau": "",
        "name": "Bastille"
      }
    },
    {
      "type": "Feature",
      "geometry": {
        "type": "Point",
        "coordinates": [
          2.4009138333333335,
          48.8413507
        ]
      },
      "properties": {
        "city": "Paris",
        "ligne": "",
        "nom": "Bel-Air",
        "operateur": "",
        "reseau": "",
        "name": "Bel-Air"
      }
    },
    {
      "type": "Feature",
      "geometry": {
        "type": "Point",
        "coordinates": [
          2.37660508,
          48.872140279999996
        ]
      },
      "properties": {
        "city": "Paris",
        "ligne": "",
        "nom": "Belleville",
        "operateur": "",
        "reseau": "",
        "name": "Belleville"
      }
    },
    {
      "type": "Feature",
      "geometry": {
        "type": "Point",
        "coordinates": [
          2.4292614333333336,
          48.845439633333335
        ]
      },
      "properties": {
        "city": "Paris",
        "ligne": "",
        "nom": "Bérault",
        "operateur": "",
        "reseau": "",
        "name": "Bérault"
      }
    },
    {
      "type": "Feature",
      "geometry": {
        "type": "Point",
        "coordinates": [
          2.38006456,
          48.840140919999996
        ]
      },
      "properties": {
        "city": "Paris",
        "ligne": "",
        "nom": "Bercy",
        "operateur": "RATP",
        "reseau": "Métro de Paris",
        "name": "Bercy",
        "network": "Métro de Paris"
      }
    },
    {
      "type": "Feature",
      "geometry": {
        "type": "Point",
        "coordinates": [
          2.3767653666666666,
          48.82994926666667
        ]
      },
      "properties": {
        "city": "Paris",
        "ligne": "",
        "nom": "Bibliothèque François Mitterrand",
        "operateur": "",
        "reseau": "",
        "name": "Bibliothèque François Mitterrand"
      }
    },
    {
      "type": "Feature",
      "geometry": {
        "type": "Point",
        "coordinates": [
          2.2373174,
          48.8317288
        ]
      },
      "properties": {
        "city": "Paris",
        "ligne": "",
        "nom": "Billancourt",
        "operateur": "",
        "reseau": "",
        "name": "Billancourt"
      }
    },
    {
      "type": "Feature",
      "geometry": {
        "type": "Point",
        "coordinates": [
          2.2893439,
          48.8539225
        ]
      },
      "properties": {
        "city": "Paris",
        "ligne": "",
        "nom": "Bir-Hakeim",
        "operateur": "RATP",
        "reseau": "Métro de Paris",
        "name": "Bir-Hakeim",
        "network": "Métro de Paris"
      }
    },
    {
      "type": "Feature",
      "geometry": {
        "type": "Point",
        "coordinates": [
          2.3336393666666666,
          48.8834846
        ]
      },
      "properties": {
        "city": "Paris",
        "ligne": "",
        "nom": "Blanche",
        "operateur": "",
        "reseau": "",
        "name": "Blanche"
      }
    },
    {
      "type": "Feature",
      "geometry": {
        "type": "Point",
        "coordinates": [
          2.44918756,
          48.9063715
        ]
      },
      "properties": {
        "city": "Paris",
        "ligne": "",
        "nom": "Bobigny - Pablo Picasso",
        "operateur": "RATP",
        "reseau": "Métro de Paris",
        "name": "Bobigny - Pablo Picasso",
        "network": "Métro de Paris"
      }
    },
    {
      "type": "Feature",
      "geometry": {
        "type": "Point",
        "coordinates": [
          2.42519145,
          48.89542015
        ]
      },
      "properties": {
        "city": "Paris",
        "ligne": "",
        "nom": "Bobigny - Pantin - Raymond Queneau",
        "operateur": "RATP",
        "reseau": "Métro",
        "name": "Bobigny - Pantin - Raymond Queneau",
        "network": "Métro"
      }
    },
    {
      "type": "Feature",
      "geometry": {
        "type": "Point",
        "coordinates": [
          2.290120566666667,
          48.86703286666667
        ]
      },
      "properties": {
        "city": "Paris",
        "ligne": "",
        "nom": "Boissière",
        "operateur": "",
        "reseau": "",
        "name": "Boissière"
      }
    },
    {
      "type": "Feature",
      "geometry": {
        "type": "Point",
        "coordinates": [
          2.3739077,
          48.8809263
        ]
      },
      "properties": {
        "city": "Paris",
        "ligne": "",
        "nom": "Bolivar",
        "operateur": "",
        "reseau": "",
        "name": "Bolivar"
      }
    },
    {
      "type": "Feature",
      "geometry": {
        "type": "Point",
        "coordinates": [
          2.348872366666667,
          48.87047916666666
        ]
      },
      "properties": {
        "city": "Paris",
        "ligne": "",
        "nom": "Bonne Nouvelle",
        "operateur": "",
        "reseau": "",
        "name": "Bonne Nouvelle"
      }
    },
    {
      "type": "Feature",
      "geometry": {
        "type": "Point",
        "coordinates": [
          2.3885871,
          48.879514
        ]
      },
      "properties": {
        "city": "Paris",
        "ligne": "",
        "nom": "Botzaris",
        "operateur": "",
        "reseau": "",
        "name": "Botzaris"
      }
    },
    {
      "type": "Feature",
      "geometry": {
        "type": "Point",
        "coordinates": [
          2.2879218,
          48.8410837
        ]
      },
      "properties": {
        "city": "Paris",
        "ligne": "",
        "nom": "Boucicaut",
        "operateur": "",
        "reseau": "RATP",
        "name": "Boucicaut",
        "network": "RATP"
      }
    },
    {
      "type": "Feature",
      "geometry": {
        "type": "Point",
        "coordinates": [
          2.2393709666666664,
          48.84210856666667
        ]
      },
      "properties": {
        "city": "Paris",
        "ligne": "",
        "nom": "Boulogne - Jean Jaurès",
        "operateur": "",
        "reseau": "",
        "name": "Boulogne - Jean Jaurès"
      }
    },
    {
      "type": "Feature",
      "geometry": {
        "type": "Point",
        "coordinates": [
          2.2283164999999996,
          48.84084566666667
        ]
      },
      "properties": {
        "city": "Paris",
        "ligne": "",
        "nom": "Boulogne - Pont de Saint-Cloud",
        "operateur": "RATP",
        "reseau": "RATP",
        "name": "Boulogne - Pont de Saint-Cloud",
        "network": "RATP"
      }
    },
    {
      "type": "Feature",
      "geometry": {
        "type": "Point",
        "coordinates": [
          2.341396,
          48.8686539
        ]
      },
      "properties": {
        "city": "Paris",
        "ligne": "",
        "nom": "Bourse",
        "operateur": "",
        "reseau": "",
        "name": "Bourse"
      }
    },
    {
      "type": "Feature",
      "geometry": {
        "type": "Point",
        "coordinates": [
          2.370415866666667,
          48.85663576666666
        ]
      },
      "properties": {
        "city": "Paris",
        "ligne": "",
        "nom": "Bréguet-Sabin",
        "operateur": "",
        "reseau": "",
        "name": "Bréguet-Sabin"
      }
    },
    {
      "type": "Feature",
      "geometry": {
        "type": "Point",
        "coordinates": [
          2.3202003,
          48.89057353333334
        ]
      },
      "properties": {
        "city": "Paris",
        "ligne": "",
        "nom": "Brochant",
        "operateur": "RATP",
        "reseau": "Métro de Paris",
        "name": "Brochant",
        "network": "Métro de Paris"
      }
    },
    {
      "type": "Feature",
      "geometry": {
        "type": "Point",
        "coordinates": [
          2.3812008,
          48.8783961
        ]
      },
      "properties": {
        "city": "Paris",
        "ligne": "",
        "nom": "Buttes Chaumont",
        "operateur": "",
        "reseau": "",
        "name": "Buttes Chaumont"
      }
    },
    {
      "type": "Feature",
      "geometry": {
        "type": "Point",
        "coordinates": [
          2.4013515500000002,
          48.851820700000005
        ]
      },
      "properties": {
        "city": "Paris",
        "ligne": "",
        "nom": "Buzenval",
        "operateur": "",
        "reseau": "",
        "name": "Buzenval"
      }
    },
    {
      "type": "Feature",
      "geometry": {
        "type": "Point",
        "coordinates": [
          2.3444831,
          48.8760093
        ]
      },
      "properties": {
        "city": "Paris",
        "ligne": "",
        "nom": "Cadet",
        "operateur": "",
        "reseau": "",
        "name": "Cadet"
      }
    },
    {
      "type": "Feature",
      "geometry": {
        "type": "Point",
        "coordinates": [
          2.3029439333333332,
          48.84752326666666
        ]
      },
      "properties": {
        "city": "Paris",
        "ligne": "",
        "nom": "Cambronne",
        "operateur": "",
        "reseau": "",
        "name": "Cambronne"
      }
    },
    {
      "type": "Feature",
      "geometry": {
        "type": "Point",
        "coordinates": [
          2.3582026333333332,
          48.835116199999995
        ]
      },
      "properties": {
        "city": "Paris",
        "ligne": "",
        "nom": "Campo-Formio",
        "operateur": "",
        "reseau": "",
        "name": "Campo-Formio"
      }
    },
    {
      "type": "Feature",
      "geometry": {
        "type": "Point",
        "coordinates": [
          2.3517998,
          48.8465185
        ]
      },
      "properties": {
        "city": "Paris",
        "ligne": "",
        "nom": "Cardinal Lemoine",
        "operateur": "",
        "reseau": "",
        "name": "Cardinal Lemoine"
      }
    },
    {
      "type": "Feature",
      "geometry": {
        "type": "Point",
        "coordinates": [
          2.3426275750000003,
          48.919120975
        ]
      },
      "properties": {
        "city": "Paris",
        "ligne": "",
        "nom": "Carrefour Pleyel",
        "operateur": "RATP",
        "reseau": "RATP",
        "name": "Carrefour Pleyel",
        "network": "RATP"
      }
    },
    {
      "type": "Feature",
      "geometry": {
        "type": "Point",
        "coordinates": [
          2.3519334,
          48.8406473
        ]
      },
      "properties": {
        "city": "Paris",
        "ligne": "",
        "nom": "Censier - Daubenton",
        "operateur": "",
        "reseau": "",
        "name": "Censier - Daubenton"
      }
    },
    {
      "type": "Feature",
      "geometry": {
        "type": "Point",
        "coordinates": [
          2.3139041750000002,
          48.86741155
        ]
      },
      "properties": {
        "city": "Paris",
        "ligne": "",
        "nom": "Champs-Élysées - Clemenceau",
        "operateur": "",
        "reseau": "",
        "name": "Champs-Élysées - Clemenceau"
      }
    },
    {
      "type": "Feature",
      "geometry": {
        "type": "Point",
        "coordinates": [
          2.26715125,
          48.84542125
        ]
      },
      "properties": {
        "city": "Paris",
        "ligne": "",
        "nom": "Chardon-Lagache",
        "operateur": "",
        "reseau": "",
        "name": "Chardon-Lagache"
      }
    },
    {
      "type": "Feature",
      "geometry": {
        "type": "Point",
        "coordinates": [
          2.4137829,
          48.8215612
        ]
      },
      "properties": {
        "city": "Paris",
        "ligne": "",
        "nom": "Charenton-Écoles",
        "operateur": "",
        "reseau": "",
        "name": "Charenton-Écoles"
      }
    },
    {
      "type": "Feature",
      "geometry": {
        "type": "Point",
        "coordinates": [
          2.295508,
          48.8744088
        ]
      },
      "properties": {
        "city": "Paris",
        "ligne": "",
        "nom": "Charles de Gaulle — Étoile",
        "operateur": "RATP",
        "reseau": "Métro de Paris;RATP",
        "name": "Charles de Gaulle — Étoile",
        "network": "Métro de Paris;RATP"
      }
    },
    {
      "type": "Feature",
      "geometry": {
        "type": "Point",
        "coordinates": [
          2.2858762,
          48.8464873
        ]
      },
      "properties": {
        "city": "Paris",
        "ligne": "",
        "nom": "Charles Michels",
        "operateur": "RATP",
        "reseau": "Métro de Paris",
        "name": "Charles Michels",
        "network": "Métro de Paris"
      }
    },
    {
      "type": "Feature",
      "geometry": {
        "type": "Point",
        "coordinates": [
          2.3853304,
          48.854742599999994
        ]
      },
      "properties": {
        "city": "Paris",
        "ligne": "",
        "nom": "Charonne",
        "operateur": "",
        "reseau": "",
        "name": "Charonne"
      }
    },
    {
      "type": "Feature",
      "geometry": {
        "type": "Point",
        "coordinates": [
          2.3563516,
          48.8728869
        ]
      },
      "properties": {
        "city": "Paris",
        "ligne": "",
        "nom": "Château d'Eau",
        "operateur": "RATP",
        "reseau": "",
        "name": "Château d'Eau"
      }
    },
    {
      "type": "Feature",
      "geometry": {
        "type": "Point",
        "coordinates": [
          2.438913,
          48.84458533333333
        ]
      },
      "properties": {
        "city": "Paris",
        "ligne": "",
        "nom": "Château de Vincennes",
        "operateur": "",
        "reseau": "",
        "name": "Château de Vincennes"
      }
    },
    {
      "type": "Feature",
      "geometry": {
        "type": "Point",
        "coordinates": [
          2.3624263,
          48.8789103
        ]
      },
      "properties": {
        "city": "Paris",
        "ligne": "",
        "nom": "Château Landon",
        "operateur": "",
        "reseau": "",
        "name": "Château Landon"
      }
    },
    {
      "type": "Feature",
      "geometry": {
        "type": "Point",
        "coordinates": [
          2.3495533,
          48.8870769
        ]
      },
      "properties": {
        "city": "Paris",
        "ligne": "",
        "nom": "Château Rouge",
        "operateur": "",
        "reseau": "",
        "name": "Château Rouge"
      }
    },
    {
      "type": "Feature",
      "geometry": {
        "type": "Point",
        "coordinates": [
          2.34677454,
          48.858900780000006
        ]
      },
      "properties": {
        "city": "Paris",
        "ligne": "",
        "nom": "Châtelet",
        "operateur": "RATP",
        "reseau": "Métro de Paris",
        "name": "Châtelet",
        "network": "Métro de Paris"
      }
    },
    {
      "type": "Feature",
      "geometry": {
        "type": "Point",
        "coordinates": [
          2.3019078800000004,
          48.81098589999999
        ]
      },
      "properties": {
        "city": "Paris",
        "ligne": "",
        "nom": "Châtillon-Montrouge",
        "operateur": "",
        "reseau": "",
        "name": "Châtillon-Montrouge"
      }
    },
    {
      "type": "Feature",
      "geometry": {
        "type": "Point",
        "coordinates": [
          2.3337724499999997,
          48.873115775
        ]
      },
      "properties": {
        "city": "Paris",
        "ligne": "",
        "nom": "Chaussée d'Antin - La Fayette",
        "operateur": "",
        "reseau": "",
        "name": "Chaussée d'Antin - La Fayette"
      }
    },
    {
      "type": "Feature",
      "geometry": {
        "type": "Point",
        "coordinates": [
          2.3681408,
          48.8574434
        ]
      },
      "properties": {
        "city": "Paris",
        "ligne": "",
        "nom": "Chemin Vert",
        "operateur": "",
        "reseau": "",
        "name": "Chemin Vert"
      }
    },
    {
      "type": "Feature",
      "geometry": {
        "type": "Point",
        "coordinates": [
          2.368124033333333,
          48.83495893333333
        ]
      },
      "properties": {
        "city": "Paris",
        "ligne": "",
        "nom": "Chevaleret",
        "operateur": "",
        "reseau": "",
        "name": "Chevaleret"
      }
    },
    {
      "type": "Feature",
      "geometry": {
        "type": "Point",
        "coordinates": [
          2.3670701666666667,
          48.75859116666667
        ]
      },
      "properties": {
        "city": "Paris",
        "ligne": "",
        "nom": "Chevilly-Larue",
        "operateur": "",
        "reseau": "",
        "name": "Chevilly-Larue"
      }
    },
    {
      "type": "Feature",
      "geometry": {
        "type": "Point",
        "coordinates": [
          2.3475420333333332,
          48.85532453333334
        ]
      },
      "properties": {
        "city": "Paris",
        "ligne": "",
        "nom": "Cité",
        "operateur": "RATP",
        "reseau": "Métro de Paris",
        "name": "Cité",
        "network": "Métro de Paris"
      }
    },
    {
      "type": "Feature",
      "geometry": {
        "type": "Point",
        "coordinates": [
          2.3441842,
          48.85110015
        ]
      },
      "properties": {
        "city": "Paris",
        "ligne": "",
        "nom": "Cluny-La Sorbonne",
        "operateur": "RATP Ile de France Mobilités",
        "reseau": "",
        "name": "Cluny-La Sorbonne"
      }
    },
    {
      "type": "Feature",
      "geometry": {
        "type": "Point",
        "coordinates": [
          2.3710016333333335,
          48.87741413333333
        ]
      },
      "properties": {
        "city": "Paris",
        "ligne": "",
        "nom": "Colonel Fabien",
        "operateur": "",
        "reseau": "",
        "name": "Colonel Fabien"
      }
    },
    {
      "type": "Feature",
      "geometry": {
        "type": "Point",
        "coordinates": [
          2.2938643,
          48.8447112
        ]
      },
      "properties": {
        "city": "Paris",
        "ligne": "",
        "nom": "Commerce",
        "operateur": "",
        "reseau": "",
        "name": "Commerce"
      }
    },
    {
      "type": "Feature",
      "geometry": {
        "type": "Point",
        "coordinates": [
          2.32315924,
          48.866165939999995
        ]
      },
      "properties": {
        "city": "Paris",
        "ligne": "",
        "nom": "Concorde",
        "operateur": "RATP",
        "reseau": "",
        "name": "Concorde"
      }
    },
    {
      "type": "Feature",
      "geometry": {
        "type": "Point",
        "coordinates": [
          2.2966397,
          48.837299349999995
        ]
      },
      "properties": {
        "city": "Paris",
        "ligne": "",
        "nom": "Convention",
        "operateur": "",
        "reseau": "",
        "name": "Convention"
      }
    },
    {
      "type": "Feature",
      "geometry": {
        "type": "Point",
        "coordinates": [
          2.3823046,
          48.8947282
        ]
      },
      "properties": {
        "city": "Paris",
        "ligne": "",
        "nom": "Corentin Cariou",
        "operateur": "",
        "reseau": "",
        "name": "Corentin Cariou"
      }
    },
    {
      "type": "Feature",
      "geometry": {
        "type": "Point",
        "coordinates": [
          2.2793688000000003,
          48.82705815
        ]
      },
      "properties": {
        "city": "Paris",
        "ligne": "",
        "nom": "Corentin Celton",
        "operateur": "",
        "reseau": "",
        "name": "Corentin Celton"
      }
    },
    {
      "type": "Feature",
      "geometry": {
        "type": "Point",
        "coordinates": [
          2.3504804666666668,
          48.82980236666666
        ]
      },
      "properties": {
        "city": "Paris",
        "ligne": "",
        "nom": "Corvisart",
        "operateur": "",
        "reseau": "",
        "name": "Corvisart"
      }
    },
    {
      "type": "Feature",
      "geometry": {
        "type": "Point",
        "coordinates": [
          2.4674625666666663,
          48.88227416666667
        ]
      },
      "properties": {
        "city": "Paris",
        "ligne": "",
        "nom": "Coteaux Beauclair",
        "operateur": "RATP",
        "reseau": "RATP",
        "name": "Coteaux Beauclair",
        "network": "RATP"
      }
    },
    {
      "type": "Feature",
      "geometry": {
        "type": "Point",
        "coordinates": [
          2.3859658333333336,
          48.833543600000006
        ]
      },
      "properties": {
        "city": "Paris",
        "ligne": "",
        "nom": "Cour Saint-Émilion",
        "operateur": "",
        "reseau": "",
        "name": "Cour Saint-Émilion"
      }
    },
    {
      "type": "Feature",
      "geometry": {
        "type": "Point",
        "coordinates": [
          2.3044398333333334,
          48.87940510000001
        ]
      },
      "properties": {
        "city": "Paris",
        "ligne": "",
        "nom": "Courcelles",
        "operateur": "",
        "reseau": "",
        "name": "Courcelles"
      }
    },
    {
      "type": "Feature",
      "geometry": {
        "type": "Point",
        "coordinates": [
          2.3804543333333332,
          48.869052
        ]
      },
      "properties": {
        "city": "Paris",
        "ligne": "",
        "nom": "Couronnes",
        "operateur": "",
        "reseau": "",
        "name": "Couronnes"
      }
    },
    {
      "type": "Feature",
      "geometry": {
        "type": "Point",
        "coordinates": [
          2.4505696,
          48.7899004
        ]
      },
      "properties": {
        "city": "Paris",
        "ligne": "",
        "nom": "Créteil Université",
        "operateur": "RATP",
        "reseau": "",
        "name": "Créteil Université"
      }
    },
    {
      "type": "Feature",
      "geometry": {
        "type": "Point",
        "coordinates": [
          2.4493852,
          48.7965908
        ]
      },
      "properties": {
        "city": "Paris",
        "ligne": "",
        "nom": "Créteil-L'Échat",
        "operateur": "",
        "reseau": "",
        "name": "Créteil-L'Échat"
      }
    },
    {
      "type": "Feature",
      "geometry": {
        "type": "Point",
        "coordinates": [
          2.44941765,
          48.7966758
        ]
      },
      "properties": {
        "city": "Paris",
        "ligne": "",
        "nom": "Créteil-L'Échat (Hopital Henri Mondor)",
        "operateur": "",
        "reseau": "",
        "name": "Créteil-L'Échat (Hopital Henri Mondor)"
      }
    },
    {
      "type": "Feature",
      "geometry": {
        "type": "Point",
        "coordinates": [
          2.4593601,
          48.7800094
        ]
      },
      "properties": {
        "city": "Paris",
        "ligne": "",
        "nom": "Créteil-Préfecture",
        "operateur": "",
        "reseau": "",
        "name": "Créteil-Préfecture"
      }
    },
    {
      "type": "Feature",
      "geometry": {
        "type": "Point",
        "coordinates": [
          2.4505159499999998,
          48.7899608
        ]
      },
      "properties": {
        "city": "Paris",
        "ligne": "",
        "nom": "Créteil-Université",
        "operateur": "",
        "reseau": "",
        "name": "Créteil-Université"
      }
    },
    {
      "type": "Feature",
      "geometry": {
        "type": "Point",
        "coordinates": [
          2.3773681,
          48.8908513
        ]
      },
      "properties": {
        "city": "Paris",
        "ligne": "",
        "nom": "Crimée",
        "operateur": "",
        "reseau": "",
        "name": "Crimée"
      }
    },
    {
      "type": "Feature",
      "geometry": {
        "type": "Point",
        "coordinates": [
          2.43575,
          48.8579778
        ]
      },
      "properties": {
        "city": "Paris",
        "ligne": "",
        "nom": "Croix de Chavaux",
        "operateur": "",
        "reseau": "",
        "name": "Croix de Chavaux"
      }
    },
    {
      "type": "Feature",
      "geometry": {
        "type": "Point",
        "coordinates": [
          2.3942224,
          48.8818204
        ]
      },
      "properties": {
        "city": "Paris",
        "ligne": "",
        "nom": "Danube",
        "operateur": "",
        "reseau": "",
        "name": "Danube"
      }
    },
    {
      "type": "Feature",
      "geometry": {
        "type": "Point",
        "coordinates": [
          2.39624665,
          48.839610924999995
        ]
      },
      "properties": {
        "city": "Paris",
        "ligne": "",
        "nom": "Daumesnil",
        "operateur": "",
        "reseau": "",
        "name": "Daumesnil"
      }
    },
    {
      "type": "Feature",
      "geometry": {
        "type": "Point",
        "coordinates": [
          2.3325605200000004,
          48.834317739999996
        ]
      },
      "properties": {
        "city": "Paris",
        "ligne": "",
        "nom": "Denfert-Rochereau",
        "operateur": "RATP",
        "reseau": "",
        "name": "Denfert-Rochereau"
      }
    },
    {
      "type": "Feature",
      "geometry": {
        "type": "Point",
        "coordinates": [
          2.389706933333333,
          48.83903133333333
        ]
      },
      "properties": {
        "city": "Paris",
        "ligne": "",
        "nom": "Dugommier",
        "operateur": "",
        "reseau": "",
        "name": "Dugommier"
      }
    },
    {
      "type": "Feature",
      "geometry": {
        "type": "Point",
        "coordinates": [
          2.2936417,
          48.85041696666667
        ]
      },
      "properties": {
        "city": "Paris",
        "ligne": "",
        "nom": "Dupleix",
        "operateur": "",
        "reseau": "",
        "name": "Dupleix"
      }
    },
    {
      "type": "Feature",
      "geometry": {
        "type": "Point",
        "coordinates": [
          2.3162133000000003,
          48.847178
        ]
      },
      "properties": {
        "city": "Paris",
        "ligne": "",
        "nom": "Duroc",
        "operateur": "",
        "reseau": "",
        "name": "Duroc"
      }
    },
    {
      "type": "Feature",
      "geometry": {
        "type": "Point",
        "coordinates": [
          2.3060728,
          48.8546647
        ]
      },
      "properties": {
        "city": "Paris",
        "ligne": "",
        "nom": "École Militaire",
        "operateur": "",
        "reseau": "",
        "name": "École Militaire"
      }
    },
    {
      "type": "Feature",
      "geometry": {
        "type": "Point",
        "coordinates": [
          2.4217316,
          48.8150196
        ]
      },
      "properties": {
        "city": "Paris",
        "ligne": "",
        "nom": "École Vétérinaire de Maisons-Alfort",
        "operateur": "RATP",
        "reseau": "",
        "name": "École Vétérinaire de Maisons-Alfort"
      }
    },
    {
      "type": "Feature",
      "geometry": {
        "type": "Point",
        "coordinates": [
          2.3250761,
          48.8411098
        ]
      },
      "properties": {
        "city": "Paris",
        "ligne": "",
        "nom": "Edgar Quinet",
        "operateur": "RATP",
        "reseau": "Métro de Paris",
        "name": "Edgar Quinet",
        "network": "Métro de Paris"
      }
    },
    {
      "type": "Feature",
      "geometry": {
        "type": "Point",
        "coordinates": [
          2.26866475,
          48.8473265
        ]
      },
      "properties": {
        "city": "Paris",
        "ligne": "",
        "nom": "Église d'Auteuil",
        "operateur": "RATP",
        "reseau": "",
        "name": "Église d'Auteuil"
      }
    },
    {
      "type": "Feature",
      "geometry": {
        "type": "Point",
        "coordinates": [
          2.4133107,
          48.89325115
        ]
      },
      "properties": {
        "city": "Paris",
        "ligne": "",
        "nom": "Église de Pantin",
        "operateur": "",
        "reseau": "",
        "name": "Église de Pantin"
      }
    },
    {
      "type": "Feature",
      "geometry": {
        "type": "Point",
        "coordinates": [
          2.2501116999999997,
          48.88804116666666
        ]
      },
      "properties": {
        "city": "Paris",
        "ligne": "",
        "nom": "Esplanade de La Défense",
        "operateur": "",
        "reseau": "",
        "name": "Esplanade de La Défense"
      }
    },
    {
      "type": "Feature",
      "geometry": {
        "type": "Point",
        "coordinates": [
          2.349425033333333,
          48.86395006666667
        ]
      },
      "properties": {
        "city": "Paris",
        "ligne": "",
        "nom": "Étienne Marcel",
        "operateur": "RATP",
        "reseau": "",
        "name": "Étienne Marcel"
      }
    },
    {
      "type": "Feature",
      "geometry": {
        "type": "Point",
        "coordinates": [
          2.3222733,
          48.8787691
        ]
      },
      "properties": {
        "city": "Paris",
        "ligne": "",
        "nom": "Europe",
        "operateur": "RATP",
        "reseau": "Métro de Paris",
        "name": "Europe",
        "network": "Métro de Paris"
      }
    },
    {
      "type": "Feature",
      "geometry": {
        "type": "Point",
        "coordinates": [
          2.2600472,
          48.8430044
        ]
      },
      "properties": {
        "city": "Paris",
        "ligne": "",
        "nom": "Exelmans",
        "operateur": "",
        "reseau": "",
        "name": "Exelmans"
      }
    },
    {
      "type": "Feature",
      "geometry": {
        "type": "Point",
        "coordinates": [
          2.3842222,
          48.8501609
        ]
      },
      "properties": {
        "city": "Paris",
        "ligne": "",
        "nom": "Faidherbe — Chaligny",
        "operateur": "",
        "reseau": "",
        "name": "Faidherbe — Chaligny"
      }
    },
    {
      "type": "Feature",
      "geometry": {
        "type": "Point",
        "coordinates": [
          2.3181225,
          48.84453440000001
        ]
      },
      "properties": {
        "city": "Paris",
        "ligne": "",
        "nom": "Falguière",
        "operateur": "RATP",
        "reseau": "",
        "name": "Falguière"
      }
    },
    {
      "type": "Feature",
      "geometry": {
        "type": "Point",
        "coordinates": [
          2.2917792,
          48.8426775
        ]
      },
      "properties": {
        "city": "Paris",
        "ligne": "",
        "nom": "Félix Faure",
        "operateur": "",
        "reseau": "",
        "name": "Félix Faure"
      }
    },
    {
      "type": "Feature",
      "geometry": {
        "type": "Point",
        "coordinates": [
          2.3666323,
          48.8633194
        ]
      },
      "properties": {
        "city": "Paris",
        "ligne": "",
        "nom": "Filles du Calvaire",
        "operateur": "",
        "reseau": "",
        "name": "Filles du Calvaire"
      }
    },
    {
      "type": "Feature",
      "geometry": {
        "type": "Point",
        "coordinates": [
          2.4038072,
          48.9142573
        ]
      },
      "properties": {
        "city": "Paris",
        "ligne": "",
        "nom": "Fort d'Aubervilliers",
        "operateur": "",
        "reseau": "",
        "name": "Fort d'Aubervilliers"
      }
    },
    {
      "type": "Feature",
      "geometry": {
        "type": "Point",
        "coordinates": [
          2.3084921,
          48.869150225
        ]
      },
      "properties": {
        "city": "Paris",
        "ligne": "",
        "nom": "Franklin D. Roosevelt",
        "operateur": "",
        "reseau": "",
        "name": "Franklin D. Roosevelt"
      }
    },
    {
      "type": "Feature",
      "geometry": {
        "type": "Point",
        "coordinates": [
          2.3659283,
          48.90650735
        ]
      },
      "properties": {
        "city": "Paris",
        "ligne": "",
        "nom": "Front Populaire",
        "operateur": "",
        "reseau": "",
        "name": "Front Populaire"
      }
    },
    {
      "type": "Feature",
      "geometry": {
        "type": "Point",
        "coordinates": [
          2.2945675666666667,
          48.91645996666667
        ]
      },
      "properties": {
        "city": "Paris",
        "ligne": "",
        "nom": "Gabriel Péri",
        "operateur": "RATP",
        "reseau": "Métro de Paris;RATP",
        "name": "Gabriel Péri",
        "network": "Métro de Paris;RATP"
      }
    },
    {
      "type": "Feature",
      "geometry": {
        "type": "Point",
        "coordinates": [
          2.3225123999999995,
          48.8386385
        ]
      },
      "properties": {
        "city": "Paris",
        "ligne": "",
        "nom": "Gaîté",
        "operateur": "",
        "reseau": "",
        "name": "Gaîté"
      }
    },
    {
      "type": "Feature",
      "geometry": {
        "type": "Point",
        "coordinates": [
          2.4154769999999997,
          48.86494640000001
        ]
      },
      "properties": {
        "city": "Paris",
        "ligne": "",
        "nom": "Gallieni",
        "operateur": "",
        "reseau": "",
        "name": "Gallieni"
      }
    },
    {
      "type": "Feature",
      "geometry": {
        "type": "Point",
        "coordinates": [
          2.36499104,
          48.84240118
        ]
      },
      "properties": {
        "city": "Paris",
        "ligne": "",
        "nom": "Gare d'Austerlitz",
        "operateur": "",
        "reseau": "",
        "name": "Gare d'Austerlitz"
      }
    },
    {
      "type": "Feature",
      "geometry": {
        "type": "Point",
        "coordinates": [
          2.3579127,
          48.8762027
        ]
      },
      "properties": {
        "city": "Paris",
        "ligne": "",
        "nom": "Gare de l'Est",
        "operateur": "RATP",
        "reseau": "Métro de Paris",
        "name": "Gare de l'Est",
        "network": "Métro de Paris"
      }
    },
    {
      "type": "Feature",
      "geometry": {
        "type": "Point",
        "coordinates": [
          2.3736111600000003,
          48.84474230000001
        ]
      },
      "properties": {
        "city": "Paris",
        "ligne": "",
        "nom": "Gare de Lyon",
        "operateur": "",
        "reseau": "",
        "name": "Gare de Lyon"
      }
    },
    {
      "type": "Feature",
      "geometry": {
        "type": "Point",
        "coordinates": [
          2.356687075,
          48.879992124999994
        ]
      },
      "properties": {
        "city": "Paris",
        "ligne": "",
        "nom": "Gare du Nord",
        "operateur": "RATP",
        "reseau": "Métro de Paris;RATP",
        "name": "Gare du Nord",
        "network": "Métro de Paris;RATP"
      }
    },
    {
      "type": "Feature",
      "geometry": {
        "type": "Point",
        "coordinates": [
          2.3572124,
          48.8795666
        ]
      },
      "properties": {
        "city": "Paris",
        "ligne": "",
        "nom": "Gare du Nord (Métro)",
        "operateur": "RATP",
        "reseau": "Métro de Paris",
        "name": "Gare du Nord (Métro)",
        "network": "Métro de Paris"
      }
    },
    {
      "type": "Feature",
      "geometry": {
        "type": "Point",
        "coordinates": [
          2.3004214,
          48.8720755
        ]
      },
      "properties": {
        "city": "Paris",
        "ligne": "",
        "nom": "George V",
        "operateur": "",
        "reseau": "",
        "name": "George V"
      }
    },
    {
      "type": "Feature",
      "geometry": {
        "type": "Point",
        "coordinates": [
          2.3435186,
          48.831135800000006
        ]
      },
      "properties": {
        "city": "Paris",
        "ligne": "",
        "nom": "Glacière",
        "operateur": "",
        "reseau": "",
        "name": "Glacière"
      }
    },
    {
      "type": "Feature",
      "geometry": {
        "type": "Point",
        "coordinates": [
          2.3711485333333333,
          48.870017133333334
        ]
      },
      "properties": {
        "city": "Paris",
        "ligne": "",
        "nom": "Goncourt",
        "operateur": "",
        "reseau": "",
        "name": "Goncourt"
      }
    },
    {
      "type": "Feature",
      "geometry": {
        "type": "Point",
        "coordinates": [
          2.3435416,
          48.871421999999995
        ]
      },
      "properties": {
        "city": "Paris",
        "ligne": "",
        "nom": "Grands Boulevards",
        "operateur": "",
        "reseau": "",
        "name": "Grands Boulevards"
      }
    },
    {
      "type": "Feature",
      "geometry": {
        "type": "Point",
        "coordinates": [
          2.3273368666666667,
          48.89273013333334
        ]
      },
      "properties": {
        "city": "Paris",
        "ligne": "",
        "nom": "Guy Môquet",
        "operateur": "",
        "reseau": "",
        "name": "Guy Môquet"
      }
    },
    {
      "type": "Feature",
      "geometry": {
        "type": "Point",
        "coordinates": [
          2.3279222333333336,
          48.87353566666667
        ]
      },
      "properties": {
        "city": "Paris",
        "ligne": "",
        "nom": "Havre - Caumartin",
        "operateur": "RATP",
        "reseau": "Métro de Paris",
        "name": "Havre - Caumartin",
        "network": "Métro de Paris"
      }
    },
    {
      "type": "Feature",
      "geometry": {
        "type": "Point",
        "coordinates": [
          2.4025248,
          48.891282450000006
        ]
      },
      "properties": {
        "city": "Paris",
        "ligne": "",
        "nom": "Hoche",
        "operateur": "",
        "reseau": "",
        "name": "Hoche"
      }
    },
    {
      "type": "Feature",
      "geometry": {
        "type": "Point",
        "coordinates": [
          2.3498474666666667,
          48.809936533333335
        ]
      },
      "properties": {
        "city": "Paris",
        "ligne": "",
        "nom": "Hôpital Bicêtre",
        "operateur": "",
        "reseau": "RATP",
        "name": "Hôpital Bicêtre",
        "network": "RATP"
      }
    },
    {
      "type": "Feature",
      "geometry": {
        "type": "Point",
        "coordinates": [
          2.3518136800000002,
          48.8576049
        ]
      },
      "properties": {
        "city": "Paris",
        "ligne": "",
        "nom": "Hôtel de Ville",
        "operateur": "",
        "reseau": "",
        "name": "Hôtel de Ville"
      }
    },
    {
      "type": "Feature",
      "geometry": {
        "type": "Point",
        "coordinates": [
          2.2937335,
          48.8646131
        ]
      },
      "properties": {
        "city": "Paris",
        "ligne": "",
        "nom": "Iéna",
        "operateur": "",
        "reseau": "",
        "name": "Iéna"
      }
    },
    {
      "type": "Feature",
      "geometry": {
        "type": "Point",
        "coordinates": [
          2.3144425749999997,
          48.860115825
        ]
      },
      "properties": {
        "city": "Paris",
        "ligne": "",
        "nom": "Invalides",
        "operateur": "",
        "reseau": "",
        "name": "Invalides"
      }
    },
    {
      "type": "Feature",
      "geometry": {
        "type": "Point",
        "coordinates": [
          2.3607546,
          48.8711191
        ]
      },
      "properties": {
        "city": "Paris",
        "ligne": "",
        "nom": "Jacques Bonsergent",
        "operateur": "",
        "reseau": "",
        "name": "Jacques Bonsergent"
      }
    },
    {
      "type": "Feature",
      "geometry": {
        "type": "Point",
        "coordinates": [
          2.2681802,
          48.8525598
        ]
      },
      "properties": {
        "city": "Paris",
        "ligne": "",
        "nom": "Jasmin",
        "operateur": "",
        "reseau": "",
        "name": "Jasmin"
      }
    },
    {
      "type": "Feature",
      "geometry": {
        "type": "Point",
        "coordinates": [
          2.3708491799999996,
          48.882312060000004
        ]
      },
      "properties": {
        "city": "Paris",
        "ligne": "",
        "nom": "Jaurès",
        "operateur": "",
        "reseau": "",
        "name": "Jaurès"
      }
    },
    {
      "type": "Feature",
      "geometry": {
        "type": "Point",
        "coordinates": [
          2.278289,
          48.84615745
        ]
      },
      "properties": {
        "city": "Paris",
        "ligne": "",
        "nom": "Javel - André Citroën",
        "operateur": "RATP",
        "reseau": "Métro de Paris",
        "name": "Javel - André Citroën",
        "network": "Métro de Paris"
      }
    },
    {
      "type": "Feature",
      "geometry": {
        "type": "Point",
        "coordinates": [
          2.3892852666666666,
          48.87509383333333
        ]
      },
      "properties": {
        "city": "Paris",
        "ligne": "",
        "nom": "Jourdain",
        "operateur": "RATP",
        "reseau": "",
        "name": "Jourdain"
      }
    },
    {
      "type": "Feature",
      "geometry": {
        "type": "Point",
        "coordinates": [
          2.3446465,
          48.892498849999996
        ]
      },
      "properties": {
        "city": "Paris",
        "ligne": "",
        "nom": "Jules Joffrin",
        "operateur": "",
        "reseau": "",
        "name": "Jules Joffrin"
      }
    },
    {
      "type": "Feature",
      "geometry": {
        "type": "Point",
        "coordinates": [
          2.3556241,
          48.84602039999999
        ]
      },
      "properties": {
        "city": "Paris",
        "ligne": "",
        "nom": "Jussieu",
        "operateur": "",
        "reseau": "",
        "name": "Jussieu"
      }
    },
    {
      "type": "Feature",
      "geometry": {
        "type": "Point",
        "coordinates": [
          2.2933079666666667,
          48.87139946666667
        ]
      },
      "properties": {
        "city": "Paris",
        "ligne": "",
        "nom": "Kléber",
        "operateur": "",
        "reseau": "",
        "name": "Kléber"
      }
    },
    {
      "type": "Feature",
      "geometry": {
        "type": "Point",
        "coordinates": [
          2.360355966666667,
          48.88440933333334
        ]
      },
      "properties": {
        "city": "Paris",
        "ligne": "",
        "nom": "La Chapelle",
        "operateur": "",
        "reseau": "",
        "name": "La Chapelle"
      }
    },
    {
      "type": "Feature",
      "geometry": {
        "type": "Point",
        "coordinates": [
          2.410766,
          48.9207595
        ]
      },
      "properties": {
        "city": "Paris",
        "ligne": "",
        "nom": "La Courneuve - 8 mai 1945",
        "operateur": "",
        "reseau": "",
        "name": "La Courneuve - 8 mai 1945"
      }
    },
    {
      "type": "Feature",
      "geometry": {
        "type": "Point",
        "coordinates": [
          2.2380307333333334,
          48.89189016666666
        ]
      },
      "properties": {
        "city": "Paris",
        "ligne": "",
        "nom": "La Défense - Grande Arche",
        "operateur": "RATP",
        "reseau": "Métro de Paris;RATP",
        "name": "La Défense - Grande Arche",
        "network": "Métro de Paris;RATP"
      }
    },
    {
      "type": "Feature",
      "geometry": {
        "type": "Point",
        "coordinates": [
          2.465293033333333,
          48.87791813333333
        ]
      },
      "properties": {
        "city": "Paris",
        "ligne": "",
        "nom": "La Dhuys",
        "operateur": "",
        "reseau": "",
        "name": "La Dhuys"
      }
    },
    {
      "type": "Feature",
      "geometry": {
        "type": "Point",
        "coordinates": [
          2.325807825,
          48.886991975
        ]
      },
      "properties": {
        "city": "Paris",
        "ligne": "",
        "nom": "La Fourche",
        "operateur": "RATP",
        "reseau": "Métro de Paris;RATP",
        "name": "La Fourche",
        "network": "Métro de Paris;RATP"
      }
    },
    {
      "type": "Feature",
      "geometry": {
        "type": "Point",
        "coordinates": [
          2.29892826,
          48.84932534
        ]
      },
      "properties": {
        "city": "Paris",
        "ligne": "",
        "nom": "La Motte-Picquet - Grenelle",
        "operateur": "",
        "reseau": "",
        "name": "La Motte-Picquet - Grenelle"
      }
    },
    {
      "type": "Feature",
      "geometry": {
        "type": "Point",
        "coordinates": [
          2.274062,
          48.8579754
        ]
      },
      "properties": {
        "city": "Paris",
        "ligne": "",
        "nom": "La Muette",
        "operateur": "RATP",
        "reseau": "Métro de Paris",
        "name": "La Muette",
        "network": "Métro de Paris"
      }
    },
    {
      "type": "Feature",
      "geometry": {
        "type": "Point",
        "coordinates": [
          2.3103234,
          48.8575602
        ]
      },
      "properties": {
        "city": "Paris",
        "ligne": "",
        "nom": "La Tour Maubourg",
        "operateur": "",
        "reseau": "",
        "name": "La Tour Maubourg"
      }
    },
    {
      "type": "Feature",
      "geometry": {
        "type": "Point",
        "coordinates": [
          2.33879655,
          48.88975495
        ]
      },
      "properties": {
        "city": "Paris",
        "ligne": "",
        "nom": "Lamarck - Caulaincourt",
        "operateur": "",
        "reseau": "",
        "name": "Lamarck - Caulaincourt"
      }
    },
    {
      "type": "Feature",
      "geometry": {
        "type": "Point",
        "coordinates": [
          2.37944905,
          48.885164
        ]
      },
      "properties": {
        "city": "Paris",
        "ligne": "",
        "nom": "Laumière",
        "operateur": "",
        "reseau": "",
        "name": "Laumière"
      }
    },
    {
      "type": "Feature",
      "geometry": {
        "type": "Point",
        "coordinates": [
          2.3622359,
          48.810328
        ]
      },
      "properties": {
        "city": "Paris",
        "ligne": "",
        "nom": "Le Kremlin-Bicêtre",
        "operateur": "RATP",
        "reseau": "",
        "name": "Le Kremlin-Bicêtre"
      }
    },
    {
      "type": "Feature",
      "geometry": {
        "type": "Point",
        "coordinates": [
          2.3402243333333335,
          48.87489663333334
        ]
      },
      "properties": {
        "city": "Paris",
        "ligne": "",
        "nom": "Le Peletier",
        "operateur": "",
        "reseau": "",
        "name": "Le Peletier"
      }
    },
    {
      "type": "Feature",
      "geometry": {
        "type": "Point",
        "coordinates": [
          2.3760274,
          48.8512945
        ]
      },
      "properties": {
        "city": "Paris",
        "ligne": "",
        "nom": "Ledru-Rollin",
        "operateur": "",
        "reseau": "",
        "name": "Ledru-Rollin"
      }
    },
    {
      "type": "Feature",
      "geometry": {
        "type": "Point",
        "coordinates": [
          2.2862019,
          48.9231172
        ]
      },
      "properties": {
        "city": "Paris",
        "ligne": "",
        "nom": "Les Agnettes",
        "operateur": "",
        "reseau": "",
        "name": "Les Agnettes"
      }
    },
    {
      "type": "Feature",
      "geometry": {
        "type": "Point",
        "coordinates": [
          2.3526735,
          48.8356304
        ]
      },
      "properties": {
        "city": "Paris",
        "ligne": "",
        "nom": "Les Gobelins",
        "operateur": "",
        "reseau": "",
        "name": "Les Gobelins"
      }
    },
    {
      "type": "Feature",
      "geometry": {
        "type": "Point",
        "coordinates": [
          2.346051233333333,
          48.86243963333334
        ]
      },
      "properties": {
        "city": "Paris",
        "ligne": "",
        "nom": "Les Halles",
        "operateur": "RATP",
        "reseau": "",
        "name": "Les Halles"
      }
    },
    {
      "type": "Feature",
      "geometry": {
        "type": "Point",
        "coordinates": [
          2.272225833333333,
          48.88093803333334
        ]
      },
      "properties": {
        "city": "Paris",
        "ligne": "",
        "nom": "Les Sablons",
        "operateur": "",
        "reseau": "",
        "name": "Les Sablons"
      }
    },
    {
      "type": "Feature",
      "geometry": {
        "type": "Point",
        "coordinates": [
          2.406201,
          48.8264064
        ]
      },
      "properties": {
        "city": "Paris",
        "ligne": "",
        "nom": "Liberté",
        "operateur": "",
        "reseau": "",
        "name": "Liberté"
      }
    },
    {
      "type": "Feature",
      "geometry": {
        "type": "Point",
        "coordinates": [
          2.327046333333333,
          48.879603833333334
        ]
      },
      "properties": {
        "city": "Paris",
        "ligne": "",
        "nom": "Liège",
        "operateur": "",
        "reseau": "",
        "name": "Liège"
      }
    },
    {
      "type": "Feature",
      "geometry": {
        "type": "Point",
        "coordinates": [
          2.36477542,
          48.8811236
        ]
      },
      "properties": {
        "city": "Paris",
        "ligne": "",
        "nom": "Louis Blanc",
        "operateur": "",
        "reseau": "",
        "name": "Louis Blanc"
      }
    },
    {
      "type": "Feature",
      "geometry": {
        "type": "Point",
        "coordinates": [
          2.2883978333333332,
          48.888356166666675
        ]
      },
      "properties": {
        "city": "Paris",
        "ligne": "",
        "nom": "Louise Michel",
        "operateur": "",
        "reseau": "",
        "name": "Louise Michel"
      }
    },
    {
      "type": "Feature",
      "geometry": {
        "type": "Point",
        "coordinates": [
          2.2821481,
          48.8387364
        ]
      },
      "properties": {
        "city": "Paris",
        "ligne": "",
        "nom": "Lourmel",
        "operateur": "",
        "reseau": "",
        "name": "Lourmel"
      }
    },
    {
      "type": "Feature",
      "geometry": {
        "type": "Point",
        "coordinates": [
          2.3411301000000004,
          48.86080883333333
        ]
      },
      "properties": {
        "city": "Paris",
        "ligne": "",
        "nom": "Louvre - Rivoli",
        "operateur": "",
        "reseau": "",
        "name": "Louvre - Rivoli"
      }
    },
    {
      "type": "Feature",
      "geometry": {
        "type": "Point",
        "coordinates": [
          2.33496185,
          48.8528941
        ]
      },
      "properties": {
        "city": "Paris",
        "ligne": "",
        "nom": "Mabillon",
        "operateur": "",
        "reseau": "",
        "name": "Mabillon"
      }
    },
    {
      "type": "Feature",
      "geometry": {
        "type": "Point",
        "coordinates": [
          2.3261432500000003,
          48.870177925
        ]
      },
      "properties": {
        "city": "Paris",
        "ligne": "",
        "nom": "Madeleine",
        "operateur": "",
        "reseau": "",
        "name": "Madeleine"
      }
    },
    {
      "type": "Feature",
      "geometry": {
        "type": "Point",
        "coordinates": [
          2.3809116,
          48.9142765
        ]
      },
      "properties": {
        "city": "Paris",
        "ligne": "",
        "nom": "Mairie d'Aubervilliers",
        "operateur": "",
        "reseau": "",
        "name": "Mairie d'Aubervilliers"
      }
    },
    {
      "type": "Feature",
      "geometry": {
        "type": "Point",
        "coordinates": [
          2.2731699,
          48.8241552
        ]
      },
      "properties": {
        "city": "Paris",
        "ligne": "",
        "nom": "Mairie d'Issy",
        "operateur": "",
        "reseau": "",
        "name": "Mairie d'Issy"
      }
    },
    {
      "type": "Feature",
      "geometry": {
        "type": "Point",
        "coordinates": [
          2.3842768999999997,
          48.8107599
        ]
      },
      "properties": {
        "city": "Paris",
        "ligne": "",
        "nom": "Mairie d'Ivry",
        "operateur": "RATP",
        "reseau": "Ligne 7",
        "name": "Mairie d'Ivry",
        "network": "Ligne 7"
      }
    },
    {
      "type": "Feature",
      "geometry": {
        "type": "Point",
        "coordinates": [
          2.3059494666666667,
          48.9032695
        ]
      },
      "properties": {
        "city": "Paris",
        "ligne": "",
        "nom": "Mairie de Clichy",
        "operateur": "RATP",
        "reseau": "Métro de Paris;RATP",
        "name": "Mairie de Clichy",
        "network": "Métro de Paris;RATP"
      }
    },
    {
      "type": "Feature",
      "geometry": {
        "type": "Point",
        "coordinates": [
          2.441569,
          48.8625988
        ]
      },
      "properties": {
        "city": "Paris",
        "ligne": "",
        "nom": "Mairie de Montreuil",
        "operateur": "",
        "reseau": "",
        "name": "Mairie de Montreuil"
      }
    },
    {
      "type": "Feature",
      "geometry": {
        "type": "Point",
        "coordinates": [
          2.3192557,
          48.81797876666667
        ]
      },
      "properties": {
        "city": "Paris",
        "ligne": "",
        "nom": "Mairie de Montrouge",
        "operateur": "RATP",
        "reseau": "",
        "name": "Mairie de Montrouge"
      }
    },
    {
      "type": "Feature",
      "geometry": {
        "type": "Point",
        "coordinates": [
          2.334471033333333,
          48.91275496666666
        ]
      },
      "properties": {
        "city": "Paris",
        "ligne": "",
        "nom": "Mairie de Saint-Ouen",
        "operateur": "RATP",
        "reseau": "RATP",
        "name": "Mairie de Saint-Ouen",
        "network": "RATP"
      }
    },
    {
      "type": "Feature",
      "geometry": {
        "type": "Point",
        "coordinates": [
          2.4160943333333336,
          48.87967053333333
        ]
      },
      "properties": {
        "city": "Paris",
        "ligne": "",
        "nom": "Mairie des Lilas",
        "operateur": "",
        "reseau": "",
        "name": "Mairie des Lilas"
      }
    },
    {
      "type": "Feature",
      "geometry": {
        "type": "Point",
        "coordinates": [
          2.3589126250000003,
          48.821518675
        ]
      },
      "properties": {
        "city": "Paris",
        "ligne": "",
        "nom": "Maison Blanche",
        "operateur": "",
        "reseau": "",
        "name": "Maison Blanche"
      }
    },
    {
      "type": "Feature",
      "geometry": {
        "type": "Point",
        "coordinates": [
          2.4456085,
          48.8033311
        ]
      },
      "properties": {
        "city": "Paris",
        "ligne": "",
        "nom": "Maisons-Alfort — Les Juilliottes",
        "operateur": "",
        "reseau": "",
        "name": "Maisons-Alfort — Les Juilliottes"
      }
    },
    {
      "type": "Feature",
      "geometry": {
        "type": "Point",
        "coordinates": [
          2.4347211,
          48.8090371
        ]
      },
      "properties": {
        "city": "Paris",
        "ligne": "",
        "nom": "Maisons-Alfort — Stade",
        "operateur": "",
        "reseau": "",
        "name": "Maisons-Alfort — Stade"
      }
    },
    {
      "type": "Feature",
      "geometry": {
        "type": "Point",
        "coordinates": [
          2.2985049,
          48.8225001
        ]
      },
      "properties": {
        "city": "Paris",
        "ligne": "",
        "nom": "Malakoff - Plateau de Vanves",
        "operateur": "",
        "reseau": "",
        "name": "Malakoff - Plateau de Vanves"
      }
    },
    {
      "type": "Feature",
      "geometry": {
        "type": "Point",
        "coordinates": [
          2.2973418,
          48.8151929
        ]
      },
      "properties": {
        "city": "Paris",
        "ligne": "",
        "nom": "Malakoff - Rue Étienne Dolet",
        "operateur": "",
        "reseau": "",
        "name": "Malakoff - Rue Étienne Dolet"
      }
    },
    {
      "type": "Feature",
      "geometry": {
        "type": "Point",
        "coordinates": [
          2.3089822333333334,
          48.88291686666667
        ]
      },
      "properties": {
        "city": "Paris",
        "ligne": "",
        "nom": "Malesherbes",
        "operateur": "",
        "reseau": "",
        "name": "Malesherbes"
      }
    },
    {
      "type": "Feature",
      "geometry": {
        "type": "Point",
        "coordinates": [
          2.4061225,
          48.8527167
        ]
      },
      "properties": {
        "city": "Paris",
        "ligne": "",
        "nom": "Maraîchers",
        "operateur": "",
        "reseau": "",
        "name": "Maraîchers"
      }
    },
    {
      "type": "Feature",
      "geometry": {
        "type": "Point",
        "coordinates": [
          2.3500752333333335,
          48.89130466666666
        ]
      },
      "properties": {
        "city": "Paris",
        "ligne": "",
        "nom": "Marcadet - Poissonniers",
        "operateur": "RATP",
        "reseau": "",
        "name": "Marcadet - Poissonniers"
      }
    },
    {
      "type": "Feature",
      "geometry": {
        "type": "Point",
        "coordinates": [
          2.2435931,
          48.8336468
        ]
      },
      "properties": {
        "city": "Paris",
        "ligne": "",
        "nom": "Marcel Sembat",
        "operateur": "",
        "reseau": "",
        "name": "Marcel Sembat"
      }
    },
    {
      "type": "Feature",
      "geometry": {
        "type": "Point",
        "coordinates": [
          2.3599967,
          48.8905061
        ]
      },
      "properties": {
        "city": "Paris",
        "ligne": "",
        "nom": "Marx Dormoy",
        "operateur": "",
        "reseau": "",
        "name": "Marx Dormoy"
      }
    },
    {
      "type": "Feature",
      "geometry": {
        "type": "Point",
        "coordinates": [
          2.34840035,
          48.85008585
        ]
      },
      "properties": {
        "city": "Paris",
        "ligne": "",
        "nom": "Maubert - Mutualité",
        "operateur": "",
        "reseau": "",
        "name": "Maubert - Mutualité"
      }
    },
    {
      "type": "Feature",
      "geometry": {
        "type": "Point",
        "coordinates": [
          2.383345866666667,
          48.866703066666666
        ]
      },
      "properties": {
        "city": "Paris",
        "ligne": "",
        "nom": "Ménilmontant",
        "operateur": "",
        "reseau": "",
        "name": "Ménilmontant"
      }
    },
    {
      "type": "Feature",
      "geometry": {
        "type": "Point",
        "coordinates": [
          2.4024586,
          48.8370694
        ]
      },
      "properties": {
        "city": "Paris",
        "ligne": "",
        "nom": "Michel Bizot",
        "operateur": "",
        "reseau": "",
        "name": "Michel Bizot"
      }
    },
    {
      "type": "Feature",
      "geometry": {
        "type": "Point",
        "coordinates": [
          2.2641175666666666,
          48.84803993333333
        ]
      },
      "properties": {
        "city": "Paris",
        "ligne": "",
        "nom": "Michel-Ange - Auteuil",
        "operateur": "",
        "reseau": "",
        "name": "Michel-Ange - Auteuil"
      }
    },
    {
      "type": "Feature",
      "geometry": {
        "type": "Point",
        "coordinates": [
          2.2612250333333335,
          48.84499613333333
        ]
      },
      "properties": {
        "city": "Paris",
        "ligne": "",
        "nom": "Michel-Ange - Molitor",
        "operateur": "",
        "reseau": "",
        "name": "Michel-Ange - Molitor"
      }
    },
    {
      "type": "Feature",
      "geometry": {
        "type": "Point",
        "coordinates": [
          2.27170655,
          48.8468077
        ]
      },
      "properties": {
        "city": "Paris",
        "ligne": "",
        "nom": "Mirabeau",
        "operateur": "",
        "reseau": "",
        "name": "Mirabeau"
      }
    },
    {
      "type": "Feature",
      "geometry": {
        "type": "Point",
        "coordinates": [
          2.314688625,
          48.8736624
        ]
      },
      "properties": {
        "city": "Paris",
        "ligne": "",
        "nom": "Miromesnil",
        "operateur": "",
        "reseau": "",
        "name": "Miromesnil"
      }
    },
    {
      "type": "Feature",
      "geometry": {
        "type": "Point",
        "coordinates": [
          2.3086793999999995,
          48.880304233333334
        ]
      },
      "properties": {
        "city": "Paris",
        "ligne": "",
        "nom": "Monceau",
        "operateur": "",
        "reseau": "",
        "name": "Monceau"
      }
    },
    {
      "type": "Feature",
      "geometry": {
        "type": "Point",
        "coordinates": [
          2.3901962,
          48.844304
        ]
      },
      "properties": {
        "city": "Paris",
        "ligne": "",
        "nom": "Montgallet",
        "operateur": "",
        "reseau": "",
        "name": "Montgallet"
      }
    },
    {
      "type": "Feature",
      "geometry": {
        "type": "Point",
        "coordinates": [
          2.32240583,
          48.84303738000001
        ]
      },
      "properties": {
        "city": "Paris",
        "ligne": "",
        "nom": "Montparnasse-Bienvenüe",
        "operateur": "RATP",
        "reseau": "Métro de Paris",
        "name": "Montparnasse-Bienvenüe",
        "network": "Métro de Paris"
      }
    },
    {
      "type": "Feature",
      "geometry": {
        "type": "Point",
        "coordinates": [
          2.4546182,
          48.87829936666666
        ]
      },
      "properties": {
        "city": "Paris",
        "ligne": "",
        "nom": "Montreuil - Hôpital",
        "operateur": "",
        "reseau": "",
        "name": "Montreuil - Hôpital"
      }
    },
    {
      "type": "Feature",
      "geometry": {
        "type": "Point",
        "coordinates": [
          2.3298756666666667,
          48.83128036666667
        ]
      },
      "properties": {
        "city": "Paris",
        "ligne": "",
        "nom": "Mouton-Duvernet",
        "operateur": "RATP",
        "reseau": "",
        "name": "Mouton-Duvernet"
      }
    },
    {
      "type": "Feature",
      "geometry": {
        "type": "Point",
        "coordinates": [
          2.3958243,
          48.84794615714285
        ]
      },
      "properties": {
        "city": "Paris",
        "ligne": "",
        "nom": "Nation",
        "operateur": "",
        "reseau": "",
        "name": "Nation"
      }
    },
    {
      "type": "Feature",
      "geometry": {
        "type": "Point",
        "coordinates": [
          2.3628168,
          48.83319783333334
        ]
      },
      "properties": {
        "city": "Paris",
        "ligne": "",
        "nom": "Nationale",
        "operateur": "",
        "reseau": "",
        "name": "Nationale"
      }
    },
    {
      "type": "Feature",
      "geometry": {
        "type": "Point",
        "coordinates": [
          2.3374227000000003,
          48.8760405
        ]
      },
      "properties": {
        "city": "Paris",
        "ligne": "",
        "nom": "Notre-Dame de Lorette",
        "operateur": "",
        "reseau": "",
        "name": "Notre-Dame de Lorette"
      }
    },
    {
      "type": "Feature",
      "geometry": {
        "type": "Point",
        "coordinates": [
          2.3288065000000002,
          48.84468493333333
        ]
      },
      "properties": {
        "city": "Paris",
        "ligne": "",
        "nom": "Notre-Dame des Champs",
        "operateur": "",
        "reseau": "",
        "name": "Notre-Dame des Champs"
      }
    },
    {
      "type": "Feature",
      "geometry": {
        "type": "Point",
        "coordinates": [
          2.36944675,
          48.864080625
        ]
      },
      "properties": {
        "city": "Paris",
        "ligne": "",
        "nom": "Oberkampf",
        "operateur": "",
        "reseau": "",
        "name": "Oberkampf"
      }
    },
    {
      "type": "Feature",
      "geometry": {
        "type": "Point",
        "coordinates": [
          2.339374625,
          48.85231255000001
        ]
      },
      "properties": {
        "city": "Paris",
        "ligne": "",
        "nom": "Odéon",
        "operateur": "RATP",
        "reseau": "",
        "name": "Odéon"
      }
    },
    {
      "type": "Feature",
      "geometry": {
        "type": "Point",
        "coordinates": [
          2.366418133333333,
          48.827031266666665
        ]
      },
      "properties": {
        "city": "Paris",
        "ligne": "",
        "nom": "Olympiades",
        "operateur": "",
        "reseau": "RATP",
        "name": "Olympiades",
        "network": "RATP"
      }
    },
    {
      "type": "Feature",
      "geometry": {
        "type": "Point",
        "coordinates": [
          2.332251925,
          48.870421625
        ]
      },
      "properties": {
        "city": "Paris",
        "ligne": "",
        "nom": "Opéra",
        "operateur": "",
        "reseau": "",
        "name": "Opéra"
      }
    },
    {
      "type": "Feature",
      "geometry": {
        "type": "Point",
        "coordinates": [
          2.38665915,
          48.8870689
        ]
      },
      "properties": {
        "city": "Paris",
        "ligne": "",
        "nom": "Ourcq",
        "operateur": "",
        "reseau": "",
        "name": "Ourcq"
      }
    },
    {
      "type": "Feature",
      "geometry": {
        "type": "Point",
        "coordinates": [
          2.336249075,
          48.862574699999996
        ]
      },
      "properties": {
        "city": "Paris",
        "ligne": "",
        "nom": "Palais Royal - Musée du Louvre",
        "operateur": "",
        "reseau": "",
        "name": "Palais Royal - Musée du Louvre"
      }
    },
    {
      "type": "Feature",
      "geometry": {
        "type": "Point",
        "coordinates": [
          2.37390735,
          48.86536785
        ]
      },
      "properties": {
        "city": "Paris",
        "ligne": "",
        "nom": "Parmentier",
        "operateur": "",
        "reseau": "",
        "name": "Parmentier"
      }
    },
    {
      "type": "Feature",
      "geometry": {
        "type": "Point",
        "coordinates": [
          2.2857911666666664,
          48.8574882
        ]
      },
      "properties": {
        "city": "Paris",
        "ligne": "",
        "nom": "Passy",
        "operateur": "",
        "reseau": "",
        "name": "Passy"
      }
    },
    {
      "type": "Feature",
      "geometry": {
        "type": "Point",
        "coordinates": [
          2.312850625,
          48.84269785
        ]
      },
      "properties": {
        "city": "Paris",
        "ligne": "",
        "nom": "Pasteur",
        "operateur": "",
        "reseau": "",
        "name": "Pasteur"
      }
    },
    {
      "type": "Feature",
      "geometry": {
        "type": "Point",
        "coordinates": [
          2.4013152,
          48.8680997
        ]
      },
      "properties": {
        "city": "Paris",
        "ligne": "",
        "nom": "Pelleport",
        "operateur": "",
        "reseau": "",
        "name": "Pelleport"
      }
    },
    {
      "type": "Feature",
      "geometry": {
        "type": "Point",
        "coordinates": [
          2.387309175,
          48.862657275
        ]
      },
      "properties": {
        "city": "Paris",
        "ligne": "",
        "nom": "Père Lachaise",
        "operateur": "",
        "reseau": "",
        "name": "Père Lachaise"
      }
    },
    {
      "type": "Feature",
      "geometry": {
        "type": "Point",
        "coordinates": [
          2.298393066666667,
          48.8847785
        ]
      },
      "properties": {
        "city": "Paris",
        "ligne": "",
        "nom": "Pereire",
        "operateur": "",
        "reseau": "",
        "name": "Pereire"
      }
    },
    {
      "type": "Feature",
      "geometry": {
        "type": "Point",
        "coordinates": [
          2.318190533333333,
          48.83399026666666
        ]
      },
      "properties": {
        "city": "Paris",
        "ligne": "",
        "nom": "Pernety",
        "operateur": "",
        "reseau": "",
        "name": "Pernety"
      }
    },
    {
      "type": "Feature",
      "geometry": {
        "type": "Point",
        "coordinates": [
          2.3901607,
          48.85824433333334
        ]
      },
      "properties": {
        "city": "Paris",
        "ligne": "",
        "nom": "Philippe Auguste",
        "operateur": "",
        "reseau": "",
        "name": "Philippe Auguste"
      }
    },
    {
      "type": "Feature",
      "geometry": {
        "type": "Point",
        "coordinates": [
          2.4005230333333336,
          48.84517566666667
        ]
      },
      "properties": {
        "city": "Paris",
        "ligne": "",
        "nom": "Picpus",
        "operateur": "",
        "reseau": "",
        "name": "Picpus"
      }
    },
    {
      "type": "Feature",
      "geometry": {
        "type": "Point",
        "coordinates": [
          2.3773455,
          48.8159011
        ]
      },
      "properties": {
        "city": "Paris",
        "ligne": "",
        "nom": "Pierre et Marie Curie",
        "operateur": "",
        "reseau": "",
        "name": "Pierre et Marie Curie"
      }
    },
    {
      "type": "Feature",
      "geometry": {
        "type": "Point",
        "coordinates": [
          2.33829565,
          48.882200775
        ]
      },
      "properties": {
        "city": "Paris",
        "ligne": "",
        "nom": "Pigalle",
        "operateur": "RATP",
        "reseau": "",
        "name": "Pigalle"
      }
    },
    {
      "type": "Feature",
      "geometry": {
        "type": "Point",
        "coordinates": [
          2.3560152000000003,
          48.83114245714286
        ]
      },
      "properties": {
        "city": "Paris",
        "ligne": "",
        "nom": "Place d'Italie",
        "operateur": "",
        "reseau": "",
        "name": "Place d'Italie"
      }
    },
    {
      "type": "Feature",
      "geometry": {
        "type": "Point",
        "coordinates": [
          2.32777752,
          48.88367712
        ]
      },
      "properties": {
        "city": "Paris",
        "ligne": "",
        "nom": "Place de Clichy",
        "operateur": "",
        "reseau": "",
        "name": "Place de Clichy"
      }
    },
    {
      "type": "Feature",
      "geometry": {
        "type": "Point",
        "coordinates": [
          2.39315046,
          48.876847
        ]
      },
      "properties": {
        "city": "Paris",
        "ligne": "",
        "nom": "Place des Fêtes",
        "operateur": "RATP",
        "reseau": "RATP",
        "name": "Place des Fêtes",
        "network": "RATP"
      }
    },
    {
      "type": "Feature",
      "geometry": {
        "type": "Point",
        "coordinates": [
          2.3522772,
          48.8429053
        ]
      },
      "properties": {
        "city": "Paris",
        "ligne": "",
        "nom": "Place Monge",
        "operateur": "",
        "reseau": "",
        "name": "Place Monge"
      }
    },
    {
      "type": "Feature",
      "geometry": {
        "type": "Point",
        "coordinates": [
          2.314041833333333,
          48.831764799999995
        ]
      },
      "properties": {
        "city": "Paris",
        "ligne": "",
        "nom": "Plaisance",
        "operateur": "",
        "reseau": "",
        "name": "Plaisance"
      }
    },
    {
      "type": "Feature",
      "geometry": {
        "type": "Point",
        "coordinates": [
          2.4643048333333333,
          48.768804933333335
        ]
      },
      "properties": {
        "city": "Paris",
        "ligne": "",
        "nom": "Pointe du Lac",
        "operateur": "RATP",
        "reseau": "Métro de Paris",
        "name": "Pointe du Lac",
        "network": "Métro de Paris"
      }
    },
    {
      "type": "Feature",
      "geometry": {
        "type": "Point",
        "coordinates": [
          2.348747166666667,
          48.877122566666664
        ]
      },
      "properties": {
        "city": "Paris",
        "ligne": "",
        "nom": "Poissonnière",
        "operateur": "RATP",
        "reseau": "Métro de Paris;RATP",
        "name": "Poissonnière",
        "network": "Métro de Paris;RATP"
      }
    },
    {
      "type": "Feature",
      "geometry": {
        "type": "Point",
        "coordinates": [
          2.3152973666666665,
          48.8895118
        ]
      },
      "properties": {
        "city": "Paris",
        "ligne": "",
        "nom": "Pont Cardinet",
        "operateur": "RATP",
        "reseau": "RATP",
        "name": "Pont Cardinet",
        "network": "RATP"
      }
    },
    {
      "type": "Feature",
      "geometry": {
        "type": "Point",
        "coordinates": [
          2.2804127,
          48.89714643333334
        ]
      },
      "properties": {
        "city": "Paris",
        "ligne": "",
        "nom": "Pont de Levallois - Bécon",
        "operateur": "",
        "reseau": "",
        "name": "Pont de Levallois - Bécon"
      }
    },
    {
      "type": "Feature",
      "geometry": {
        "type": "Point",
        "coordinates": [
          2.260513,
          48.884624450000004
        ]
      },
      "properties": {
        "city": "Paris",
        "ligne": "",
        "nom": "Pont de Neuilly",
        "operateur": "RATP",
        "reseau": "",
        "name": "Pont de Neuilly"
      }
    },
    {
      "type": "Feature",
      "geometry": {
        "type": "Point",
        "coordinates": [
          2.2308585,
          48.82966525
        ]
      },
      "properties": {
        "city": "Paris",
        "ligne": "",
        "nom": "Pont de Sèvres",
        "operateur": "",
        "reseau": "",
        "name": "Pont de Sèvres"
      }
    },
    {
      "type": "Feature",
      "geometry": {
        "type": "Point",
        "coordinates": [
          2.3565905,
          48.8537872
        ]
      },
      "properties": {
        "city": "Paris",
        "ligne": "",
        "nom": "Pont Marie",
        "operateur": "",
        "reseau": "",
        "name": "Pont Marie"
      }
    },
    {
      "type": "Feature",
      "geometry": {
        "type": "Point",
        "coordinates": [
          2.3421728666666666,
          48.8585817
        ]
      },
      "properties": {
        "city": "Paris",
        "ligne": "",
        "nom": "Pont Neuf",
        "operateur": "",
        "reseau": "",
        "name": "Pont Neuf"
      }
    },
    {
      "type": "Feature",
      "geometry": {
        "type": "Point",
        "coordinates": [
          2.2587619500000002,
          48.8480775
        ]
      },
      "properties": {
        "city": "Paris",
        "ligne": "",
        "nom": "Porte d'Auteuil",
        "operateur": "",
        "reseau": "",
        "name": "Porte d'Auteuil"
      }
    },
    {
      "type": "Feature",
      "geometry": {
        "type": "Point",
        "coordinates": [
          2.3594692999999998,
          48.8190703
        ]
      },
      "properties": {
        "city": "Paris",
        "ligne": "",
        "nom": "Porte d'Italie",
        "operateur": "",
        "reseau": "",
        "name": "Porte d'Italie"
      }
    },
    {
      "type": "Feature",
      "geometry": {
        "type": "Point",
        "coordinates": [
          2.3696521500000003,
          48.82146845
        ]
      },
      "properties": {
        "city": "Paris",
        "ligne": "",
        "nom": "Porte d'Ivry",
        "operateur": "",
        "reseau": "",
        "name": "Porte d'Ivry"
      }
    },
    {
      "type": "Feature",
      "geometry": {
        "type": "Point",
        "coordinates": [
          2.3256070999999996,
          48.823635599999996
        ]
      },
      "properties": {
        "city": "Paris",
        "ligne": "",
        "nom": "Porte d'Orléans",
        "operateur": "RATP",
        "reseau": "",
        "name": "Porte d'Orléans"
      }
    },
    {
      "type": "Feature",
      "geometry": {
        "type": "Point",
        "coordinates": [
          2.2775698,
          48.87155736666667
        ]
      },
      "properties": {
        "city": "Paris",
        "ligne": "",
        "nom": "Porte Dauphine",
        "operateur": "",
        "reseau": "",
        "name": "Porte Dauphine"
      }
    },
    {
      "type": "Feature",
      "geometry": {
        "type": "Point",
        "coordinates": [
          2.40717545,
          48.8645997
        ]
      },
      "properties": {
        "city": "Paris",
        "ligne": "",
        "nom": "Porte de Bagnolet",
        "operateur": "",
        "reseau": "",
        "name": "Porte de Bagnolet"
      }
    },
    {
      "type": "Feature",
      "geometry": {
        "type": "Point",
        "coordinates": [
          2.2936220499999997,
          48.885928
        ]
      },
      "properties": {
        "city": "Paris",
        "ligne": "",
        "nom": "Porte de Champerret",
        "operateur": "",
        "reseau": "",
        "name": "Porte de Champerret"
      }
    },
    {
      "type": "Feature",
      "geometry": {
        "type": "Point",
        "coordinates": [
          2.4011868,
          48.8330612
        ]
      },
      "properties": {
        "city": "Paris",
        "ligne": "",
        "nom": "Porte de Charenton",
        "operateur": "",
        "reseau": "",
        "name": "Porte de Charenton"
      }
    },
    {
      "type": "Feature",
      "geometry": {
        "type": "Point",
        "coordinates": [
          2.3647858,
          48.8201241
        ]
      },
      "properties": {
        "city": "Paris",
        "ligne": "",
        "nom": "Porte de Choisy",
        "operateur": "",
        "reseau": "",
        "name": "Porte de Choisy"
      }
    },
    {
      "type": "Feature",
      "geometry": {
        "type": "Point",
        "coordinates": [
          2.3133318333333333,
          48.894647283333335
        ]
      },
      "properties": {
        "city": "Paris",
        "ligne": "",
        "nom": "Porte de Clichy",
        "operateur": "RATP",
        "reseau": "Métro de Paris",
        "name": "Porte de Clichy",
        "network": "Métro de Paris"
      }
    },
    {
      "type": "Feature",
      "geometry": {
        "type": "Point",
        "coordinates": [
          2.3448521,
          48.8973976
        ]
      },
      "properties": {
        "city": "Paris",
        "ligne": "",
        "nom": "Porte de Clignancourt",
        "operateur": "RATP",
        "reseau": "",
        "name": "Porte de Clignancourt"
      }
    },
    {
      "type": "Feature",
      "geometry": {
        "type": "Point",
        "coordinates": [
          2.359259,
          48.897694
        ]
      },
      "properties": {
        "city": "Paris",
        "ligne": "",
        "nom": "Porte de la Chapelle",
        "operateur": "",
        "reseau": "",
        "name": "Porte de la Chapelle"
      }
    },
    {
      "type": "Feature",
      "geometry": {
        "type": "Point",
        "coordinates": [
          2.385591,
          48.8974039
        ]
      },
      "properties": {
        "city": "Paris",
        "ligne": "",
        "nom": "Porte de la Villette",
        "operateur": "",
        "reseau": "",
        "name": "Porte de la Villette"
      }
    },
    {
      "type": "Feature",
      "geometry": {
        "type": "Point",
        "coordinates": [
          2.4106538,
          48.853530000000006
        ]
      },
      "properties": {
        "city": "Paris",
        "ligne": "",
        "nom": "Porte de Montreuil",
        "operateur": "RATP Ile de France Mobilités",
        "reseau": "",
        "name": "Porte de Montreuil"
      }
    },
    {
      "type": "Feature",
      "geometry": {
        "type": "Point",
        "coordinates": [
          2.3926771,
          48.8886574
        ]
      },
      "properties": {
        "city": "Paris",
        "ligne": "",
        "nom": "Porte de Pantin",
        "operateur": "",
        "reseau": "",
        "name": "Porte de Pantin"
      }
    },
    {
      "type": "Feature",
      "geometry": {
        "type": "Point",
        "coordinates": [
          2.3926738,
          48.8886492
        ]
      },
      "properties": {
        "city": "Paris",
        "ligne": "",
        "nom": "Porte de Pantin (Parc de la Villette)",
        "operateur": "",
        "reseau": "",
        "name": "Porte de Pantin (Parc de la Villette)"
      }
    },
    {
      "type": "Feature",
      "geometry": {
        "type": "Point",
        "coordinates": [
          2.256558,
          48.8377937
        ]
      },
      "properties": {
        "city": "Paris",
        "ligne": "",
        "nom": "Porte de Saint-Cloud",
        "operateur": "",
        "reseau": "",
        "name": "Porte de Saint-Cloud"
      }
    },
    {
      "type": "Feature",
      "geometry": {
        "type": "Point",
        "coordinates": [
          2.328844333333333,
          48.897179200000004
        ]
      },
      "properties": {
        "city": "Paris",
        "ligne": "",
        "nom": "Porte de Saint-Ouen",
        "operateur": "",
        "reseau": "",
        "name": "Porte de Saint-Ouen"
      }
    },
    {
      "type": "Feature",
      "geometry": {
        "type": "Point",
        "coordinates": [
          2.3053712333333336,
          48.8276654
        ]
      },
      "properties": {
        "city": "Paris",
        "ligne": "",
        "nom": "Porte de Vanves",
        "operateur": "",
        "reseau": "",
        "name": "Porte de Vanves"
      }
    },
    {
      "type": "Feature",
      "geometry": {
        "type": "Point",
        "coordinates": [
          2.28797175,
          48.8324315
        ]
      },
      "properties": {
        "city": "Paris",
        "ligne": "",
        "nom": "Porte de Versailles",
        "operateur": "",
        "reseau": "",
        "name": "Porte de Versailles"
      }
    },
    {
      "type": "Feature",
      "geometry": {
        "type": "Point",
        "coordinates": [
          2.4080872999999996,
          48.847343333333335
        ]
      },
      "properties": {
        "city": "Paris",
        "ligne": "",
        "nom": "Porte de Vincennes",
        "operateur": "",
        "reseau": "",
        "name": "Porte de Vincennes"
      }
    },
    {
      "type": "Feature",
      "geometry": {
        "type": "Point",
        "coordinates": [
          2.4069458166666666,
          48.87697351666667
        ]
      },
      "properties": {
        "city": "Paris",
        "ligne": "",
        "nom": "Porte des Lilas",
        "operateur": "",
        "reseau": "",
        "name": "Porte des Lilas"
      }
    },
    {
      "type": "Feature",
      "geometry": {
        "type": "Point",
        "coordinates": [
          2.4061775,
          48.8352765
        ]
      },
      "properties": {
        "city": "Paris",
        "ligne": "",
        "nom": "Porte Dorée",
        "operateur": "",
        "reseau": "",
        "name": "Porte Dorée"
      }
    },
    {
      "type": "Feature",
      "geometry": {
        "type": "Point",
        "coordinates": [
          2.2821972,
          48.8778729
        ]
      },
      "properties": {
        "city": "Paris",
        "ligne": "",
        "nom": "Porte Maillot",
        "operateur": "RATP",
        "reseau": "Métro de Paris",
        "name": "Porte Maillot",
        "network": "Métro de Paris"
      }
    },
    {
      "type": "Feature",
      "geometry": {
        "type": "Point",
        "coordinates": [
          2.2563173,
          48.8430019
        ]
      },
      "properties": {
        "city": "Paris",
        "ligne": "",
        "nom": "Porte Molitor",
        "operateur": "RATP",
        "reseau": "Métro de Paris",
        "name": "Porte Molitor",
        "network": "Métro de Paris"
      }
    },
    {
      "type": "Feature",
      "geometry": {
        "type": "Point",
        "coordinates": [
          2.39886175,
          48.88026255
        ]
      },
      "properties": {
        "city": "Paris",
        "ligne": "",
        "nom": "Pré Saint-Gervais",
        "operateur": "RATP",
        "reseau": "RATP",
        "name": "Pré Saint-Gervais",
        "network": "RATP"
      }
    },
    {
      "type": "Feature",
      "geometry": {
        "type": "Point",
        "coordinates": [
          2.3344929399999996,
          48.86572036
        ]
      },
      "properties": {
        "city": "Paris",
        "ligne": "",
        "nom": "Pyramides",
        "operateur": "",
        "reseau": "",
        "name": "Pyramides"
      }
    },
    {
      "type": "Feature",
      "geometry": {
        "type": "Point",
        "coordinates": [
          2.3852685333333334,
          48.873881366666666
        ]
      },
      "properties": {
        "city": "Paris",
        "ligne": "",
        "nom": "Pyrénées",
        "operateur": "",
        "reseau": "",
        "name": "Pyrénées"
      }
    },
    {
      "type": "Feature",
      "geometry": {
        "type": "Point",
        "coordinates": [
          2.3728308333333334,
          48.8370295
        ]
      },
      "properties": {
        "city": "Paris",
        "ligne": "",
        "nom": "Quai de la Gare",
        "operateur": "",
        "reseau": "",
        "name": "Quai de la Gare"
      }
    },
    {
      "type": "Feature",
      "geometry": {
        "type": "Point",
        "coordinates": [
          2.365902366666667,
          48.84648133333334
        ]
      },
      "properties": {
        "city": "Paris",
        "ligne": "",
        "nom": "Quai de la Rapée",
        "operateur": "",
        "reseau": "",
        "name": "Quai de la Rapée"
      }
    },
    {
      "type": "Feature",
      "geometry": {
        "type": "Point",
        "coordinates": [
          2.33588455,
          48.86959415
        ]
      },
      "properties": {
        "city": "Paris",
        "ligne": "",
        "nom": "Quatre Septembre",
        "operateur": "",
        "reseau": "",
        "name": "Quatre Septembre"
      }
    },
    {
      "type": "Feature",
      "geometry": {
        "type": "Point",
        "coordinates": [
          2.353823333333333,
          48.861797966666664
        ]
      },
      "properties": {
        "city": "Paris",
        "ligne": "",
        "nom": "Rambuteau",
        "operateur": "",
        "reseau": "",
        "name": "Rambuteau"
      }
    },
    {
      "type": "Feature",
      "geometry": {
        "type": "Point",
        "coordinates": [
          2.2702166,
          48.8555764
        ]
      },
      "properties": {
        "city": "Paris",
        "ligne": "",
        "nom": "Ranelagh",
        "operateur": "",
        "reseau": "",
        "name": "Ranelagh"
      }
    },
    {
      "type": "Feature",
      "geometry": {
        "type": "Point",
        "coordinates": [
          2.33074,
          48.8389191
        ]
      },
      "properties": {
        "city": "Paris",
        "ligne": "",
        "nom": "Raspail",
        "operateur": "RATP",
        "reseau": "",
        "name": "Raspail"
      }
    },
    {
      "type": "Feature",
      "geometry": {
        "type": "Point",
        "coordinates": [
          2.35137385,
          48.8664902
        ]
      },
      "properties": {
        "city": "Paris",
        "ligne": "",
        "nom": "Réaumur Sébastopol",
        "operateur": "RATP",
        "reseau": "STIF",
        "name": "Réaumur Sébastopol",
        "network": "STIF"
      }
    },
    {
      "type": "Feature",
      "geometry": {
        "type": "Point",
        "coordinates": [
          2.3527827,
          48.86655506666667
        ]
      },
      "properties": {
        "city": "Paris",
        "ligne": "",
        "nom": "Réaumur - Sébastopol",
        "operateur": "",
        "reseau": "",
        "name": "Réaumur - Sébastopol"
      }
    },
    {
      "type": "Feature",
      "geometry": {
        "type": "Point",
        "coordinates": [
          2.3277664666666666,
          48.848207133333325
        ]
      },
      "properties": {
        "city": "Paris",
        "ligne": "",
        "nom": "Rennes",
        "operateur": "",
        "reseau": "",
        "name": "Rennes"
      }
    },
    {
      "type": "Feature",
      "geometry": {
        "type": "Point",
        "coordinates": [
          2.38499935,
          48.84714555
        ]
      },
      "properties": {
        "city": "Paris",
        "ligne": "",
        "nom": "Reuilly - Diderot",
        "operateur": "",
        "reseau": "",
        "name": "Reuilly - Diderot"
      }
    },
    {
      "type": "Feature",
      "geometry": {
        "type": "Point",
        "coordinates": [
          2.372049666666667,
          48.860217966666674
        ]
      },
      "properties": {
        "city": "Paris",
        "ligne": "",
        "nom": "Richard Lenoir",
        "operateur": "",
        "reseau": "",
        "name": "Richard Lenoir"
      }
    },
    {
      "type": "Feature",
      "geometry": {
        "type": "Point",
        "coordinates": [
          2.33878358,
          48.8719601
        ]
      },
      "properties": {
        "city": "Paris",
        "ligne": "",
        "nom": "Richelieu - Drouot",
        "operateur": "RATP",
        "reseau": "RATP",
        "name": "Richelieu - Drouot",
        "network": "RATP"
      }
    },
    {
      "type": "Feature",
      "geometry": {
        "type": "Point",
        "coordinates": [
          2.3742226,
          48.8884812
        ]
      },
      "properties": {
        "city": "Paris",
        "ligne": "",
        "nom": "Riquet",
        "operateur": "",
        "reseau": "",
        "name": "Riquet"
      }
    },
    {
      "type": "Feature",
      "geometry": {
        "type": "Point",
        "coordinates": [
          2.4237108,
          48.8558145
        ]
      },
      "properties": {
        "city": "Paris",
        "ligne": "",
        "nom": "Robespierre",
        "operateur": "",
        "reseau": "",
        "name": "Robespierre"
      }
    },
    {
      "type": "Feature",
      "geometry": {
        "type": "Point",
        "coordinates": [
          2.4405583666666666,
          48.883171033333326
        ]
      },
      "properties": {
        "city": "Paris",
        "ligne": "",
        "nom": "Romainville - Carnot",
        "operateur": "",
        "reseau": "",
        "name": "Romainville - Carnot"
      }
    },
    {
      "type": "Feature",
      "geometry": {
        "type": "Point",
        "coordinates": [
          2.321439966666667,
          48.88227526666666
        ]
      },
      "properties": {
        "city": "Paris",
        "ligne": "",
        "nom": "Rome",
        "operateur": "",
        "reseau": "",
        "name": "Rome"
      }
    },
    {
      "type": "Feature",
      "geometry": {
        "type": "Point",
        "coordinates": [
          2.4803413,
          48.882954399999996
        ]
      },
      "properties": {
        "city": "Paris",
        "ligne": "",
        "nom": "Rosny - Bois-Perrier",
        "operateur": "",
        "reseau": "",
        "name": "Rosny - Bois-Perrier"
      }
    },
    {
      "type": "Feature",
      "geometry": {
        "type": "Point",
        "coordinates": [
          2.278149,
          48.8640672
        ]
      },
      "properties": {
        "city": "Paris",
        "ligne": "",
        "nom": "Rue de la Pompe",
        "operateur": "",
        "reseau": "",
        "name": "Rue de la Pompe"
      }
    },
    {
      "type": "Feature",
      "geometry": {
        "type": "Point",
        "coordinates": [
          2.3887914,
          48.8525808
        ]
      },
      "properties": {
        "city": "Paris",
        "ligne": "",
        "nom": "Rue des Boulets",
        "operateur": "",
        "reseau": "",
        "name": "Rue des Boulets"
      }
    },
    {
      "type": "Feature",
      "geometry": {
        "type": "Point",
        "coordinates": [
          2.3257743000000004,
          48.855183366666665
        ]
      },
      "properties": {
        "city": "Paris",
        "ligne": "",
        "nom": "Rue du Bac",
        "operateur": "RATP",
        "reseau": "RATP",
        "name": "Rue du Bac",
        "network": "RATP"
      }
    },
    {
      "type": "Feature",
      "geometry": {
        "type": "Point",
        "coordinates": [
          2.37948145,
          48.8643344
        ]
      },
      "properties": {
        "city": "Paris",
        "ligne": "",
        "nom": "Rue Saint-Maur",
        "operateur": "",
        "reseau": "",
        "name": "Rue Saint-Maur"
      }
    },
    {
      "type": "Feature",
      "geometry": {
        "type": "Point",
        "coordinates": [
          2.3747610000000003,
          48.8610475
        ]
      },
      "properties": {
        "city": "Paris",
        "ligne": "",
        "nom": "Saint-Ambroise",
        "operateur": "",
        "reseau": "",
        "name": "Saint-Ambroise"
      }
    },
    {
      "type": "Feature",
      "geometry": {
        "type": "Point",
        "coordinates": [
          2.3217921,
          48.874471
        ]
      },
      "properties": {
        "city": "Paris",
        "ligne": "",
        "nom": "Saint-Augustin",
        "operateur": "",
        "reseau": "",
        "name": "Saint-Augustin"
      }
    },
    {
      "type": "Feature",
      "geometry": {
        "type": "Point",
        "coordinates": [
          2.3465523,
          48.917626
        ]
      },
      "properties": {
        "city": "Paris",
        "ligne": "",
        "nom": "Saint-Denis - Pleyel",
        "operateur": "Keolis",
        "reseau": "RATP",
        "name": "Saint-Denis - Pleyel",
        "network": "RATP"
      }
    },
    {
      "type": "Feature",
      "geometry": {
        "type": "Point",
        "coordinates": [
          2.356215,
          48.92990623333333
        ]
      },
      "properties": {
        "city": "Paris",
        "ligne": "",
        "nom": "Saint-Denis - Porte de Paris",
        "operateur": "RATP",
        "reseau": "Métro de Paris;RATP",
        "name": "Saint-Denis - Porte de Paris",
        "network": "Métro de Paris;RATP"
      }
    },
    {
      "type": "Feature",
      "geometry": {
        "type": "Point",
        "coordinates": [
          2.365214,
          48.9459651
        ]
      },
      "properties": {
        "city": "Paris",
        "ligne": "",
        "nom": "Saint-Denis-Université",
        "operateur": "RATP",
        "reseau": "Métro de Paris;RATP",
        "name": "Saint-Denis-Université",
        "network": "Métro de Paris;RATP"
      }
    },
    {
      "type": "Feature",
      "geometry": {
        "type": "Point",
        "coordinates": [
          2.4043104,
          48.8715218
        ]
      },
      "properties": {
        "city": "Paris",
        "ligne": "",
        "nom": "Saint-Fargeau",
        "operateur": "",
        "reseau": "",
        "name": "Saint-Fargeau"
      }
    },
    {
      "type": "Feature",
      "geometry": {
        "type": "Point",
        "coordinates": [
          2.314419966666667,
          48.851447400000005
        ]
      },
      "properties": {
        "city": "Paris",
        "ligne": "",
        "nom": "Saint-François-Xavier",
        "operateur": "",
        "reseau": "",
        "name": "Saint-François-Xavier"
      }
    },
    {
      "type": "Feature",
      "geometry": {
        "type": "Point",
        "coordinates": [
          2.337449433333333,
          48.8784382
        ]
      },
      "properties": {
        "city": "Paris",
        "ligne": "",
        "nom": "Saint-Georges",
        "operateur": "",
        "reseau": "",
        "name": "Saint-Georges"
      }
    },
    {
      "type": "Feature",
      "geometry": {
        "type": "Point",
        "coordinates": [
          2.3344731,
          48.85363173333334
        ]
      },
      "properties": {
        "city": "Paris",
        "ligne": "",
        "nom": "Saint-Germain-des-Prés",
        "operateur": "",
        "reseau": "",
        "name": "Saint-Germain-des-Prés"
      }
    },
    {
      "type": "Feature",
      "geometry": {
        "type": "Point",
        "coordinates": [
          2.3370083666666663,
          48.83292793333334
        ]
      },
      "properties": {
        "city": "Paris",
        "ligne": "",
        "nom": "Saint-Jacques",
        "operateur": "",
        "reseau": "",
        "name": "Saint-Jacques"
      }
    },
    {
      "type": "Feature",
      "geometry": {
        "type": "Point",
        "coordinates": [
          2.3252426375,
          48.8754364375
        ]
      },
      "properties": {
        "city": "Paris",
        "ligne": "",
        "nom": "Saint-Lazare",
        "operateur": "RATP",
        "reseau": "Métro de Paris;RATP",
        "name": "Saint-Lazare",
        "network": "Métro de Paris;RATP"
      }
    },
    {
      "type": "Feature",
      "geometry": {
        "type": "Point",
        "coordinates": [
          2.4184431333333336,
          48.8464416
        ]
      },
      "properties": {
        "city": "Paris",
        "ligne": "",
        "nom": "Saint-Mandé",
        "operateur": "",
        "reseau": "",
        "name": "Saint-Mandé"
      }
    },
    {
      "type": "Feature",
      "geometry": {
        "type": "Point",
        "coordinates": [
          2.3608338666666664,
          48.8382809
        ]
      },
      "properties": {
        "city": "Paris",
        "ligne": "",
        "nom": "Saint-Marcel",
        "operateur": "",
        "reseau": "",
        "name": "Saint-Marcel"
      }
    },
    {
      "type": "Feature",
      "geometry": {
        "type": "Point",
        "coordinates": [
          2.3435086666666667,
          48.853287200000004
        ]
      },
      "properties": {
        "city": "Paris",
        "ligne": "",
        "nom": "Saint-Michel",
        "operateur": "RATP",
        "reseau": "Métro de Paris",
        "name": "Saint-Michel",
        "network": "Métro de Paris"
      }
    },
    {
      "type": "Feature",
      "geometry": {
        "type": "Point",
        "coordinates": [
          2.3222148,
          48.90476263333334
        ]
      },
      "properties": {
        "city": "Paris",
        "ligne": "",
        "nom": "Saint-Ouen",
        "operateur": "RATP",
        "reseau": "",
        "name": "Saint-Ouen"
      }
    },
    {
      "type": "Feature",
      "geometry": {
        "type": "Point",
        "coordinates": [
          2.360408766666666,
          48.855380000000004
        ]
      },
      "properties": {
        "city": "Paris",
        "ligne": "",
        "nom": "Saint-Paul",
        "operateur": "",
        "reseau": "",
        "name": "Saint-Paul"
      }
    },
    {
      "type": "Feature",
      "geometry": {
        "type": "Point",
        "coordinates": [
          2.3100505,
          48.8722352
        ]
      },
      "properties": {
        "city": "Paris",
        "ligne": "",
        "nom": "Saint-Philippe du Roule",
        "operateur": "",
        "reseau": "",
        "name": "Saint-Philippe du Roule"
      }
    },
    {
      "type": "Feature",
      "geometry": {
        "type": "Point",
        "coordinates": [
          2.3270200666666665,
          48.847099899999996
        ]
      },
      "properties": {
        "city": "Paris",
        "ligne": "",
        "nom": "Saint-Placide",
        "operateur": "RATP",
        "reseau": "Métro de Paris",
        "name": "Saint-Placide",
        "network": "Métro de Paris"
      }
    },
    {
      "type": "Feature",
      "geometry": {
        "type": "Point",
        "coordinates": [
          2.367234,
          48.8611816
        ]
      },
      "properties": {
        "city": "Paris",
        "ligne": "",
        "nom": "Saint-Sébastien - Froissart",
        "operateur": "RATP",
        "reseau": "",
        "name": "Saint-Sébastien - Froissart"
      }
    },
    {
      "type": "Feature",
      "geometry": {
        "type": "Point",
        "coordinates": [
          2.330701233333333,
          48.85110536666667
        ]
      },
      "properties": {
        "city": "Paris",
        "ligne": "",
        "nom": "Saint-Sulpice",
        "operateur": "RATP",
        "reseau": "Métro de Paris",
        "name": "Saint-Sulpice",
        "network": "Métro de Paris"
      }
    },
    {
      "type": "Feature",
      "geometry": {
        "type": "Point",
        "coordinates": [
          2.3074633999999996,
          48.84698255
        ]
      },
      "properties": {
        "city": "Paris",
        "ligne": "",
        "nom": "Ségur",
        "operateur": "",
        "reseau": "",
        "name": "Ségur"
      }
    },
    {
      "type": "Feature",
      "geometry": {
        "type": "Point",
        "coordinates": [
          2.3462999,
          48.8675939
        ]
      },
      "properties": {
        "city": "Paris",
        "ligne": "",
        "nom": "Sentier",
        "operateur": "",
        "reseau": "",
        "name": "Sentier"
      }
    },
    {
      "type": "Feature",
      "geometry": {
        "type": "Point",
        "coordinates": [
          2.4274377,
          48.88135986666666
        ]
      },
      "properties": {
        "city": "Paris",
        "ligne": "",
        "nom": "Serge Gainsbourg",
        "operateur": "",
        "reseau": "",
        "name": "Serge Gainsbourg"
      }
    },
    {
      "type": "Feature",
      "geometry": {
        "type": "Point",
        "coordinates": [
          2.3269914000000003,
          48.851527374999996
        ]
      },
      "properties": {
        "city": "Paris",
        "ligne": "",
        "nom": "Sèvres-Babylone",
        "operateur": "",
        "reseau": "",
        "name": "Sèvres-Babylone"
      }
    },
    {
      "type": "Feature",
      "geometry": {
        "type": "Point",
        "coordinates": [
          2.3095394999999996,
          48.845627966666676
        ]
      },
      "properties": {
        "city": "Paris",
        "ligne": "",
        "nom": "Sèvres-Lecourbe",
        "operateur": "",
        "reseau": "",
        "name": "Sèvres-Lecourbe"
      }
    },
    {
      "type": "Feature",
      "geometry": {
        "type": "Point",
        "coordinates": [
          2.3478412,
          48.8938481
        ]
      },
      "properties": {
        "city": "Paris",
        "ligne": "",
        "nom": "Simplon",
        "operateur": "RATP",
        "reseau": "",
        "name": "Simplon"
      }
    },
    {
      "type": "Feature",
      "geometry": {
        "type": "Point",
        "coordinates": [
          2.32299005,
          48.85865605
        ]
      },
      "properties": {
        "city": "Paris",
        "ligne": "",
        "nom": "Solférino",
        "operateur": "RATP",
        "reseau": "Métro de Paris",
        "name": "Solférino",
        "network": "Métro de Paris"
      }
    },
    {
      "type": "Feature",
      "geometry": {
        "type": "Point",
        "coordinates": [
          2.36723998,
          48.884463860000004
        ]
      },
      "properties": {
        "city": "Paris",
        "ligne": "",
        "nom": "Stalingrad",
        "operateur": "",
        "reseau": "",
        "name": "Stalingrad"
      }
    },
    {
      "type": "Feature",
      "geometry": {
        "type": "Point",
        "coordinates": [
          2.3540882000000005,
          48.8693704
        ]
      },
      "properties": {
        "city": "Paris",
        "ligne": "",
        "nom": "Strasbourg - Saint-Denis",
        "operateur": "RATP",
        "reseau": "",
        "name": "Strasbourg - Saint-Denis"
      }
    },
    {
      "type": "Feature",
      "geometry": {
        "type": "Point",
        "coordinates": [
          2.3618174,
          48.8513954
        ]
      },
      "properties": {
        "city": "Paris",
        "ligne": "",
        "nom": "Sully - Morland",
        "operateur": "",
        "reseau": "",
        "name": "Sully - Morland"
      }
    },
    {
      "type": "Feature",
      "geometry": {
        "type": "Point",
        "coordinates": [
          2.3990125333333334,
          48.875503333333334
        ]
      },
      "properties": {
        "city": "Paris",
        "ligne": "",
        "nom": "Télégraphe",
        "operateur": "",
        "reseau": "",
        "name": "Télégraphe"
      }
    },
    {
      "type": "Feature",
      "geometry": {
        "type": "Point",
        "coordinates": [
          2.360818866666667,
          48.866522100000005
        ]
      },
      "properties": {
        "city": "Paris",
        "ligne": "",
        "nom": "Temple",
        "operateur": "",
        "reseau": "",
        "name": "Temple"
      }
    },
    {
      "type": "Feature",
      "geometry": {
        "type": "Point",
        "coordinates": [
          2.2991783666666668,
          48.87830533333334
        ]
      },
      "properties": {
        "city": "Paris",
        "ligne": "",
        "nom": "Ternes",
        "operateur": "",
        "reseau": "",
        "name": "Ternes"
      }
    },
    {
      "type": "Feature",
      "geometry": {
        "type": "Point",
        "coordinates": [
          2.3573505,
          48.8260904
        ]
      },
      "properties": {
        "city": "Paris",
        "ligne": "",
        "nom": "Tolbiac",
        "operateur": "",
        "reseau": "",
        "name": "Tolbiac"
      }
    },
    {
      "type": "Feature",
      "geometry": {
        "type": "Point",
        "coordinates": [
          2.33263835,
          48.876334
        ]
      },
      "properties": {
        "city": "Paris",
        "ligne": "",
        "nom": "Trinité d'Estienne d'Orves",
        "operateur": "",
        "reseau": "",
        "name": "Trinité d'Estienne d'Orves"
      }
    },
    {
      "type": "Feature",
      "geometry": {
        "type": "Point",
        "coordinates": [
          2.2871867000000004,
          48.863342175
        ]
      },
      "properties": {
        "city": "Paris",
        "ligne": "",
        "nom": "Trocadéro",
        "operateur": "",
        "reseau": "",
        "name": "Trocadéro"
      }
    },
    {
      "type": "Feature",
      "geometry": {
        "type": "Point",
        "coordinates": [
          2.3296540333333335,
          48.864514066666665
        ]
      },
      "properties": {
        "city": "Paris",
        "ligne": "",
        "nom": "Tuileries",
        "operateur": "",
        "reseau": "",
        "name": "Tuileries"
      }
    },
    {
      "type": "Feature",
      "geometry": {
        "type": "Point",
        "coordinates": [
          2.32186635,
          48.8491365
        ]
      },
      "properties": {
        "city": "Paris",
        "ligne": "",
        "nom": "Vaneau",
        "operateur": "",
        "reseau": "",
        "name": "Vaneau"
      }
    },
    {
      "type": "Feature",
      "geometry": {
        "type": "Point",
        "coordinates": [
          2.3149655,
          48.85622543333333
        ]
      },
      "properties": {
        "city": "Paris",
        "ligne": "",
        "nom": "Varenne",
        "operateur": "",
        "reseau": "",
        "name": "Varenne"
      }
    },
    {
      "type": "Feature",
      "geometry": {
        "type": "Point",
        "coordinates": [
          2.3012859,
          48.839582750000005
        ]
      },
      "properties": {
        "city": "Paris",
        "ligne": "",
        "nom": "Vaugirard",
        "operateur": "",
        "reseau": "",
        "name": "Vaugirard"
      }
    },
    {
      "type": "Feature",
      "geometry": {
        "type": "Point",
        "coordinates": [
          2.3289585333333336,
          48.84224929999999
        ]
      },
      "properties": {
        "city": "Paris",
        "ligne": "",
        "nom": "Vavin",
        "operateur": "RATP",
        "reseau": "",
        "name": "Vavin"
      }
    },
    {
      "type": "Feature",
      "geometry": {
        "type": "Point",
        "coordinates": [
          2.2863372666666666,
          48.87005906666667
        ]
      },
      "properties": {
        "city": "Paris",
        "ligne": "",
        "nom": "Victor Hugo",
        "operateur": "",
        "reseau": "",
        "name": "Victor Hugo"
      }
    },
    {
      "type": "Feature",
      "geometry": {
        "type": "Point",
        "coordinates": [
          2.3493710200000004,
          48.793048279999994
        ]
      },
      "properties": {
        "city": "Paris",
        "ligne": "",
        "nom": "Villejuif - Gustave Roussy",
        "operateur": "",
        "reseau": "RATP",
        "name": "Villejuif - Gustave Roussy",
        "network": "RATP"
      }
    },
    {
      "type": "Feature",
      "geometry": {
        "type": "Point",
        "coordinates": [
          2.3637903,
          48.8051317
        ]
      },
      "properties": {
        "city": "Paris",
        "ligne": "",
        "nom": "Villejuif - Léo Lagrange",
        "operateur": "",
        "reseau": "",
        "name": "Villejuif - Léo Lagrange"
      }
    },
    {
      "type": "Feature",
      "geometry": {
        "type": "Point",
        "coordinates": [
          2.3673857,
          48.7869402
        ]
      },
      "properties": {
        "city": "Paris",
        "ligne": "",
        "nom": "Villejuif - Louis Aragon",
        "operateur": "",
        "reseau": "",
        "name": "Villejuif - Louis Aragon"
      }
    },
    {
      "type": "Feature",
      "geometry": {
        "type": "Point",
        "coordinates": [
          2.3683565,
          48.7961557
        ]
      },
      "properties": {
        "city": "Paris",
        "ligne": "",
        "nom": "Villejuif - Paul Vaillant-Couturier",
        "operateur": "",
        "reseau": "",
        "name": "Villejuif - Paul Vaillant-Couturier"
      }
    },
    {
      "type": "Feature",
      "geometry": {
        "type": "Point",
        "coordinates": [
          2.31505674,
          48.88109340000001
        ]
      },
      "properties": {
        "city": "Paris",
        "ligne": "",
        "nom": "Villiers",
        "operateur": "",
        "reseau": "",
        "name": "Villiers"
      }
    },
    {
      "type": "Feature",
      "geometry": {
        "type": "Point",
        "coordinates": [
          2.3080066500000003,
          48.841526400000006
        ]
      },
      "properties": {
        "city": "Paris",
        "ligne": "",
        "nom": "Volontaires",
        "operateur": "",
        "reseau": "",
        "name": "Volontaires"
      }
    },
    {
      "type": "Feature",
      "geometry": {
        "type": "Point",
        "coordinates": [
          2.3798131,
          48.85816785
        ]
      },
      "properties": {
        "city": "Paris",
        "ligne": "",
        "nom": "Voltaire",
        "operateur": "",
        "reseau": "",
        "name": "Voltaire"
      }
    },
    {
      "type": "Feature",
      "geometry": {
        "type": "Point",
        "coordinates": [
          2.303856033333333,
          48.8839834
        ]
      },
      "properties": {
        "city": "Paris",
        "ligne": "",
        "nom": "Wagram",
        "operateur": "",
        "reseau": "",
        "name": "Wagram"
      }
    },
    {
      "type": "Feature",
      "geometry": {
        "type": "Point",
        "coordinates": [
          -1.62811115,
          48.127132950000004
        ]
      },
      "properties": {
        "city": "Rennes",
        "ligne": "",
        "nom": "Atalante",
        "operateur": "",
        "reseau": "",
        "name": "Atalante"
      }
    },
    {
      "type": "Feature",
      "geometry": {
        "type": "Point",
        "coordinates": [
          -1.6391379000000001,
          48.122121750000005
        ]
      },
      "properties": {
        "city": "Rennes",
        "ligne": "",
        "nom": "Beaulieu - Université",
        "operateur": "",
        "reseau": "",
        "name": "Beaulieu - Université"
      }
    },
    {
      "type": "Feature",
      "geometry": {
        "type": "Point",
        "coordinates": [
          -1.6200556,
          48.131493750000004
        ]
      },
      "properties": {
        "city": "Rennes",
        "ligne": "",
        "nom": "Cesson - Viasilva",
        "operateur": "",
        "reseau": "",
        "name": "Cesson - Viasilva"
      }
    },
    {
      "type": "Feature",
      "geometry": {
        "type": "Point",
        "coordinates": [
          -1.6768631666666665,
          48.10546806666667
        ]
      },
      "properties": {
        "city": "Rennes",
        "ligne": "",
        "nom": "Charles de Gaulle",
        "operateur": "",
        "reseau": "",
        "name": "Charles de Gaulle"
      }
    },
    {
      "type": "Feature",
      "geometry": {
        "type": "Point",
        "coordinates": [
          -1.6744225,
          48.0935004
        ]
      },
      "properties": {
        "city": "Rennes",
        "ligne": "",
        "nom": "Clemenceau",
        "operateur": "",
        "reseau": "",
        "name": "Clemenceau"
      }
    },
    {
      "type": "Feature",
      "geometry": {
        "type": "Point",
        "coordinates": [
          -1.7064138666666666,
          48.10093883333334
        ]
      },
      "properties": {
        "city": "Rennes",
        "ligne": "",
        "nom": "Cleunay",
        "operateur": "",
        "reseau": "",
        "name": "Cleunay"
      }
    },
    {
      "type": "Feature",
      "geometry": {
        "type": "Point",
        "coordinates": [
          -1.6820680666666668,
          48.1059206
        ]
      },
      "properties": {
        "city": "Rennes",
        "ligne": "",
        "nom": "Colombier",
        "operateur": "",
        "reseau": "",
        "name": "Colombier"
      }
    },
    {
      "type": "Feature",
      "geometry": {
        "type": "Point",
        "coordinates": [
          -1.6721705400000002,
          48.1040275
        ]
      },
      "properties": {
        "city": "Rennes",
        "ligne": "",
        "nom": "Gares",
        "operateur": "",
        "reseau": "",
        "name": "Gares"
      }
    },
    {
      "type": "Feature",
      "geometry": {
        "type": "Point",
        "coordinates": [
          -1.6644266333333333,
          48.125182233333334
        ]
      },
      "properties": {
        "city": "Rennes",
        "ligne": "",
        "nom": "Gros-Chêne",
        "operateur": "",
        "reseau": "",
        "name": "Gros-Chêne"
      }
    },
    {
      "type": "Feature",
      "geometry": {
        "type": "Point",
        "coordinates": [
          -1.67481535,
          48.0876756
        ]
      },
      "properties": {
        "city": "Rennes",
        "ligne": "",
        "nom": "Henri Fréville",
        "operateur": "",
        "reseau": "",
        "name": "Henri Fréville"
      }
    },
    {
      "type": "Feature",
      "geometry": {
        "type": "Point",
        "coordinates": [
          -1.6679074,
          48.0865604
        ]
      },
      "properties": {
        "city": "Rennes",
        "ligne": "",
        "nom": "Italie",
        "operateur": "",
        "reseau": "",
        "name": "Italie"
      }
    },
    {
      "type": "Feature",
      "geometry": {
        "type": "Point",
        "coordinates": [
          -1.7112526,
          48.1213059
        ]
      },
      "properties": {
        "city": "Rennes",
        "ligne": "",
        "nom": "J.F. Kennedy",
        "operateur": "",
        "reseau": "",
        "name": "J.F. Kennedy"
      }
    },
    {
      "type": "Feature",
      "geometry": {
        "type": "Point",
        "coordinates": [
          -1.6754505666666664,
          48.09754866666666
        ]
      },
      "properties": {
        "city": "Rennes",
        "ligne": "",
        "nom": "Jacques Cartier",
        "operateur": "",
        "reseau": "",
        "name": "Jacques Cartier"
      }
    },
    {
      "type": "Feature",
      "geometry": {
        "type": "Point",
        "coordinates": [
          -1.6514179000000002,
          48.12405686666667
        ]
      },
      "properties": {
        "city": "Rennes",
        "ligne": "",
        "nom": "Joliot-Curie - Chateaubriand",
        "operateur": "",
        "reseau": "",
        "name": "Joliot-Curie - Chateaubriand"
      }
    },
    {
      "type": "Feature",
      "geometry": {
        "type": "Point",
        "coordinates": [
          -1.6709298666666665,
          48.11867126666667
        ]
      },
      "properties": {
        "city": "Rennes",
        "ligne": "",
        "nom": "Jules Ferry",
        "operateur": "",
        "reseau": "",
        "name": "Jules Ferry"
      }
    },
    {
      "type": "Feature",
      "geometry": {
        "type": "Point",
        "coordinates": [
          -1.6983362333333332,
          48.09647503333333
        ]
      },
      "properties": {
        "city": "Rennes",
        "ligne": "",
        "nom": "La Courrouze",
        "operateur": "",
        "reseau": "",
        "name": "La Courrouze"
      }
    },
    {
      "type": "Feature",
      "geometry": {
        "type": "Point",
        "coordinates": [
          -1.6445743,
          48.08749255
        ]
      },
      "properties": {
        "city": "Rennes",
        "ligne": "",
        "nom": "La Poterie",
        "operateur": "",
        "reseau": "",
        "name": "La Poterie"
      }
    },
    {
      "type": "Feature",
      "geometry": {
        "type": "Point",
        "coordinates": [
          -1.6542818,
          48.0877289
        ]
      },
      "properties": {
        "city": "Rennes",
        "ligne": "",
        "nom": "Le Blosne",
        "operateur": "",
        "reseau": "",
        "name": "Le Blosne"
      }
    },
    {
      "type": "Feature",
      "geometry": {
        "type": "Point",
        "coordinates": [
          -1.6571565,
          48.12942303333333
        ]
      },
      "properties": {
        "city": "Rennes",
        "ligne": "",
        "nom": "Les Gayeulles",
        "operateur": "",
        "reseau": "",
        "name": "Les Gayeulles"
      }
    },
    {
      "type": "Feature",
      "geometry": {
        "type": "Point",
        "coordinates": [
          -1.6928089666666668,
          48.10507266666667
        ]
      },
      "properties": {
        "city": "Rennes",
        "ligne": "",
        "nom": "Mabilais",
        "operateur": "",
        "reseau": "",
        "name": "Mabilais"
      }
    },
    {
      "type": "Feature",
      "geometry": {
        "type": "Point",
        "coordinates": [
          -1.6761297666666666,
          48.110542699999996
        ]
      },
      "properties": {
        "city": "Rennes",
        "ligne": "",
        "nom": "Saint-Germain",
        "operateur": "",
        "reseau": "",
        "name": "Saint-Germain"
      }
    },
    {
      "type": "Feature",
      "geometry": {
        "type": "Point",
        "coordinates": [
          -1.7036697333333333,
          48.0919996
        ]
      },
      "properties": {
        "city": "Rennes",
        "ligne": "",
        "nom": "Saint-Jacques - Gaîté",
        "operateur": "",
        "reseau": "",
        "name": "Saint-Jacques - Gaîté"
      }
    },
    {
      "type": "Feature",
      "geometry": {
        "type": "Point",
        "coordinates": [
          -1.6802172000000002,
          48.114615140000005
        ]
      },
      "properties": {
        "city": "Rennes",
        "ligne": "",
        "nom": "Sainte-Anne",
        "operateur": "",
        "reseau": "",
        "name": "Sainte-Anne"
      }
    },
    {
      "type": "Feature",
      "geometry": {
        "type": "Point",
        "coordinates": [
          -1.6603607,
          48.0864373
        ]
      },
      "properties": {
        "city": "Rennes",
        "ligne": "",
        "nom": "Triangle",
        "operateur": "",
        "reseau": "",
        "name": "Triangle"
      }
    },
    {
      "type": "Feature",
      "geometry": {
        "type": "Point",
        "coordinates": [
          -1.7039234,
          48.1212409
        ]
      },
      "properties": {
        "city": "Rennes",
        "ligne": "",
        "nom": "Villejean-Université",
        "operateur": "",
        "reseau": "",
        "name": "Villejean-Université"
      }
    },
    {
      "type": "Feature",
      "geometry": {
        "type": "Point",
        "coordinates": [
          1.4185546666666664,
          43.593454900000005
        ]
      },
      "properties": {
        "city": "Toulouse",
        "ligne": "",
        "nom": "Arènes",
        "operateur": "",
        "reseau": "",
        "name": "Arènes"
      }
    },
    {
      "type": "Feature",
      "geometry": {
        "type": "Point",
        "coordinates": [
          1.4767128333333333,
          43.62431206666667
        ]
      },
      "properties": {
        "city": "Toulouse",
        "ligne": "",
        "nom": "Argoulets",
        "operateur": "",
        "reseau": "",
        "name": "Argoulets"
      }
    },
    {
      "type": "Feature",
      "geometry": {
        "type": "Point",
        "coordinates": [
          1.4122653666666667,
          43.580006733333335
        ]
      },
      "properties": {
        "city": "Toulouse",
        "ligne": "",
        "nom": "Bagatelle",
        "operateur": "",
        "reseau": "",
        "name": "Bagatelle"
      }
    },
    {
      "type": "Feature",
      "geometry": {
        "type": "Point",
        "coordinates": [
          1.4827817666666665,
          43.62905073333334
        ]
      },
      "properties": {
        "city": "Toulouse",
        "ligne": "",
        "nom": "Balma-Gramont",
        "operateur": "",
        "reseau": "",
        "name": "Balma-Gramont"
      }
    },
    {
      "type": "Feature",
      "geometry": {
        "type": "Point",
        "coordinates": [
          1.4340582,
          43.62636603333334
        ]
      },
      "properties": {
        "city": "Toulouse",
        "ligne": "",
        "nom": "Barrière de Paris",
        "operateur": "Tisséo Voyageurs",
        "reseau": "Tisséo",
        "name": "Barrière de Paris",
        "network": "Tisséo"
      }
    },
    {
      "type": "Feature",
      "geometry": {
        "type": "Point",
        "coordinates": [
          1.3922748999999996,
          43.56996216666666
        ]
      },
      "properties": {
        "city": "Toulouse",
        "ligne": "",
        "nom": "Basso Cambo",
        "operateur": "",
        "reseau": "",
        "name": "Basso Cambo"
      }
    },
    {
      "type": "Feature",
      "geometry": {
        "type": "Point",
        "coordinates": [
          1.3981630999999999,
          43.56607339999999
        ]
      },
      "properties": {
        "city": "Toulouse",
        "ligne": "",
        "nom": "Bellefontaine",
        "operateur": "",
        "reseau": "",
        "name": "Bellefontaine"
      }
    },
    {
      "type": "Feature",
      "geometry": {
        "type": "Point",
        "coordinates": [
          1.452518633333333,
          43.6403903
        ]
      },
      "properties": {
        "city": "Toulouse",
        "ligne": "",
        "nom": "Borderouge",
        "operateur": "Tisséo Voyageurs",
        "reseau": "",
        "name": "Borderouge"
      }
    },
    {
      "type": "Feature",
      "geometry": {
        "type": "Point",
        "coordinates": [
          1.4345425333333335,
          43.61547836666667
        ]
      },
      "properties": {
        "city": "Toulouse",
        "ligne": "",
        "nom": "Canal du Midi",
        "operateur": "Tisséo Voyageurs",
        "reseau": "Tisséo",
        "name": "Canal du Midi",
        "network": "Tisséo"
      }
    },
    {
      "type": "Feature",
      "geometry": {
        "type": "Point",
        "coordinates": [
          1.4452683666666666,
          43.60435416666667
        ]
      },
      "properties": {
        "city": "Toulouse",
        "ligne": "",
        "nom": "Capitole",
        "operateur": "",
        "reseau": "",
        "name": "Capitole"
      }
    },
    {
      "type": "Feature",
      "geometry": {
        "type": "Point",
        "coordinates": [
          1.4453991000000002,
          43.59750270000001
        ]
      },
      "properties": {
        "city": "Toulouse",
        "ligne": "",
        "nom": "Carmes",
        "operateur": "Tisséo",
        "reseau": "Tisséo",
        "name": "Carmes",
        "network": "Tisséo"
      }
    },
    {
      "type": "Feature",
      "geometry": {
        "type": "Point",
        "coordinates": [
          1.43526605,
          43.61050025
        ]
      },
      "properties": {
        "city": "Toulouse",
        "ligne": "",
        "nom": "Compans-Caffarelli",
        "operateur": "Tisséo Voyageurs",
        "reseau": "Tisséo",
        "name": "Compans-Caffarelli",
        "network": "Tisséo"
      }
    },
    {
      "type": "Feature",
      "geometry": {
        "type": "Point",
        "coordinates": [
          1.4420509666666668,
          43.5797384
        ]
      },
      "properties": {
        "city": "Toulouse",
        "ligne": "",
        "nom": "Empalot",
        "operateur": "Tisséo Voyageurs",
        "reseau": "",
        "name": "Empalot"
      }
    },
    {
      "type": "Feature",
      "geometry": {
        "type": "Point",
        "coordinates": [
          1.4438972666666665,
          43.6000717
        ]
      },
      "properties": {
        "city": "Toulouse",
        "ligne": "",
        "nom": "Esquirol",
        "operateur": "",
        "reseau": "",
        "name": "Esquirol"
      }
    },
    {
      "type": "Feature",
      "geometry": {
        "type": "Point",
        "coordinates": [
          1.4645061000000001,
          43.56809833333333
        ]
      },
      "properties": {
        "city": "Toulouse",
        "ligne": "",
        "nom": "Faculté de Pharmacie",
        "operateur": "Tisséo Voyageurs",
        "reseau": "Tisséo",
        "name": "Faculté de Pharmacie",
        "network": "Tisséo"
      }
    },
    {
      "type": "Feature",
      "geometry": {
        "type": "Point",
        "coordinates": [
          1.4184000333333333,
          43.58750273333334
        ]
      },
      "properties": {
        "city": "Toulouse",
        "ligne": "",
        "nom": "Fontaine Lestang",
        "operateur": "",
        "reseau": "",
        "name": "Fontaine Lestang"
      }
    },
    {
      "type": "Feature",
      "geometry": {
        "type": "Point",
        "coordinates": [
          1.4521068499999998,
          43.600414400000005
        ]
      },
      "properties": {
        "city": "Toulouse",
        "ligne": "",
        "nom": "François Verdier",
        "operateur": "Tisséo Voyageurs",
        "reseau": "",
        "name": "François Verdier"
      }
    },
    {
      "type": "Feature",
      "geometry": {
        "type": "Point",
        "coordinates": [
          1.4451395333333334,
          43.60910683333333
        ]
      },
      "properties": {
        "city": "Toulouse",
        "ligne": "",
        "nom": "Jeanne d'Arc",
        "operateur": "Tisséo Voyageurs",
        "reseau": "",
        "name": "Jeanne d'Arc"
      }
    },
    {
      "type": "Feature",
      "geometry": {
        "type": "Point",
        "coordinates": [
          1.4633839333333334,
          43.61529806666666
        ]
      },
      "properties": {
        "city": "Toulouse",
        "ligne": "",
        "nom": "Jolimont",
        "operateur": "",
        "reseau": "",
        "name": "Jolimont"
      }
    },
    {
      "type": "Feature",
      "geometry": {
        "type": "Point",
        "coordinates": [
          1.4360185666666665,
          43.6340956
        ]
      },
      "properties": {
        "city": "Toulouse",
        "ligne": "",
        "nom": "La Vache",
        "operateur": "Tisséo Voyageurs",
        "reseau": "Tisséo",
        "name": "La Vache",
        "network": "Tisséo"
      }
    },
    {
      "type": "Feature",
      "geometry": {
        "type": "Point",
        "coordinates": [
          1.4552041000000002,
          43.61086636666666
        ]
      },
      "properties": {
        "city": "Toulouse",
        "ligne": "",
        "nom": "Marengo-SNCF",
        "operateur": "Tisséo Voyageurs",
        "reseau": "",
        "name": "Marengo-SNCF"
      }
    },
    {
      "type": "Feature",
      "geometry": {
        "type": "Point",
        "coordinates": [
          1.4151452000000002,
          43.5835107
        ]
      },
      "properties": {
        "city": "Toulouse",
        "ligne": "",
        "nom": "Mermoz",
        "operateur": "",
        "reseau": "",
        "name": "Mermoz"
      }
    },
    {
      "type": "Feature",
      "geometry": {
        "type": "Point",
        "coordinates": [
          1.4358116333333335,
          43.6205021
        ]
      },
      "properties": {
        "city": "Toulouse",
        "ligne": "",
        "nom": "Minimes - Claude Nougaro",
        "operateur": "Tisséo Voyageurs",
        "reseau": "Tisséo",
        "name": "Minimes - Claude Nougaro",
        "network": "Tisséo"
      }
    },
    {
      "type": "Feature",
      "geometry": {
        "type": "Point",
        "coordinates": [
          1.4020162000000003,
          43.5747084
        ]
      },
      "properties": {
        "city": "Toulouse",
        "ligne": "",
        "nom": "Mirail-Université",
        "operateur": "",
        "reseau": "",
        "name": "Mirail-Université"
      }
    },
    {
      "type": "Feature",
      "geometry": {
        "type": "Point",
        "coordinates": [
          1.4446091666666667,
          43.592477300000006
        ]
      },
      "properties": {
        "city": "Toulouse",
        "ligne": "",
        "nom": "Palais de Justice",
        "operateur": "Tisséo",
        "reseau": "",
        "name": "Palais de Justice"
      }
    },
    {
      "type": "Feature",
      "geometry": {
        "type": "Point",
        "coordinates": [
          1.4230177333333334,
          43.596391399999995
        ]
      },
      "properties": {
        "city": "Toulouse",
        "ligne": "",
        "nom": "Patte d'Oie",
        "operateur": "",
        "reseau": "",
        "name": "Patte d'Oie"
      }
    },
    {
      "type": "Feature",
      "geometry": {
        "type": "Point",
        "coordinates": [
          1.4764122999999998,
          43.555772033333334
        ]
      },
      "properties": {
        "city": "Toulouse",
        "ligne": "",
        "nom": "Ramonville",
        "operateur": "Tisséo Voyageurs",
        "reseau": "",
        "name": "Ramonville"
      }
    },
    {
      "type": "Feature",
      "geometry": {
        "type": "Point",
        "coordinates": [
          1.4618874666666668,
          43.57471843333334
        ]
      },
      "properties": {
        "city": "Toulouse",
        "ligne": "",
        "nom": "Rangueil",
        "operateur": "Tisséo Voyageurs",
        "reseau": "Tisséo",
        "name": "Rangueil",
        "network": "Tisséo"
      }
    },
    {
      "type": "Feature",
      "geometry": {
        "type": "Point",
        "coordinates": [
          1.4017971333333332,
          43.570863300000006
        ]
      },
      "properties": {
        "city": "Toulouse",
        "ligne": "",
        "nom": "Reynerie",
        "operateur": "",
        "reseau": "",
        "name": "Reynerie"
      }
    },
    {
      "type": "Feature",
      "geometry": {
        "type": "Point",
        "coordinates": [
          1.4696627333333332,
          43.619990699999995
        ]
      },
      "properties": {
        "city": "Toulouse",
        "ligne": "",
        "nom": "Roseraie",
        "operateur": "",
        "reseau": "",
        "name": "Roseraie"
      }
    },
    {
      "type": "Feature",
      "geometry": {
        "type": "Point",
        "coordinates": [
          1.4501150666666665,
          43.580451966666665
        ]
      },
      "properties": {
        "city": "Toulouse",
        "ligne": "",
        "nom": "Saint-Agne SNCF",
        "operateur": "Tisséo Voyageurs",
        "reseau": "Tisséo",
        "name": "Saint-Agne SNCF",
        "network": "Tisséo"
      }
    },
    {
      "type": "Feature",
      "geometry": {
        "type": "Point",
        "coordinates": [
          1.4314492,
          43.5979341
        ]
      },
      "properties": {
        "city": "Toulouse",
        "ligne": "",
        "nom": "Saint-Cyprien – République",
        "operateur": "Tisséo Voyageurs",
        "reseau": "",
        "name": "Saint-Cyprien – République"
      }
    },
    {
      "type": "Feature",
      "geometry": {
        "type": "Point",
        "coordinates": [
          1.4470787999999999,
          43.5863281
        ]
      },
      "properties": {
        "city": "Toulouse",
        "ligne": "",
        "nom": "Saint-Michel - Marcel Langer",
        "operateur": "Tisséo Voyageurs",
        "reseau": "",
        "name": "Saint-Michel - Marcel Langer"
      }
    },
    {
      "type": "Feature",
      "geometry": {
        "type": "Point",
        "coordinates": [
          1.459062333333333,
          43.57971253333333
        ]
      },
      "properties": {
        "city": "Toulouse",
        "ligne": "",
        "nom": "Saouzelong",
        "operateur": "Tisséo Voyageurs",
        "reseau": "Tisséo",
        "name": "Saouzelong",
        "network": "Tisséo"
      }
    },
    {
      "type": "Feature",
      "geometry": {
        "type": "Point",
        "coordinates": [
          1.4449030666666667,
          43.6379956
        ]
      },
      "properties": {
        "city": "Toulouse",
        "ligne": "",
        "nom": "Trois Cocus",
        "operateur": "Tisséo Voyageurs",
        "reseau": "",
        "name": "Trois Cocus"
      }
    },
    {
      "type": "Feature",
      "geometry": {
        "type": "Point",
        "coordinates": [
          1.4632878,
          43.56085353333333
        ]
      },
      "properties": {
        "city": "Toulouse",
        "ligne": "",
        "nom": "Université Paul Sabatier",
        "operateur": "Tisséo Voyageurs",
        "reseau": "",
        "name": "Université Paul Sabatier"
      }
    }
  ]
}