{
  "type": "FeatureCollection",
  "features": [
    {
      "type": "Feature",
      "geometry": {
        "type": "Point",
        "coordinates": [
          1.9453954696655,
          50.940161423534
        ]
      },
      "properties": {
        "Nom": "Polley Secured Lorry Park - Polley Secured Lorry Park",
        "Pays": "France",
        "Adresse": "356 Avenue de la Liberte",
        "Route": "A16",
        "garde 24/24": "1",
        "marchandise dangereuse acceptees": "1",
        "prises electiques ": null,
        "barrieres": "1",
        "eclairage": "1",
        "station essence": null,
        "Hotel": null,
        "assistance medical": null,
        "Restaurant": "1",
        "toilette": "1",
        "atelier de reparation": "1",
        "lavage auto": "1",
        "camera": "1"
      }
    },
    {
      "type": "Feature",
      "geometry": {
        "type": "Point",
        "coordinates": [
          3.469032,
          50.339899
        ]
      },
      "properties": {
        "Nom": "Truck Etape Valenciennes \"La sentinelle\"",
        "Pays": "France",
        "Adresse": null,
        "Route": "A2 / E19",
        "garde 24/24": null,
        "marchandise dangereuse acceptees": "1",
        "prises electiques ": null,
        "barrieres": null,
        "eclairage": null,
        "station essence": "1",
        "Hotel": null,
        "assistance medical": null,
        "Restaurant": null,
        "toilette": "1",
        "atelier de reparation": null,
        "lavage auto": "1",
        "camera": null
      }
    },
    {
      "type": "Feature",
      "geometry": {
        "type": "Point",
        "coordinates": [
          4.7630560398102,
          44.480409259595
        ]
      },
      "properties": {
        "Nom": "Montelimar Sud  - Vinci Autoroutes",
        "Pays": "France",
        "Adresse": "Les Bruyeres",
        "Route": "A7 / E15 & N7",
        "garde 24/24": null,
        "marchandise dangereuse acceptees": "1",
        "prises electiques ": null,
        "barrieres": "1",
        "eclairage": "1",
        "station essence": "1",
        "Hotel": "1",
        "assistance medical": null,
        "Restaurant": "1",
        "toilette": "1",
        "atelier de reparation": null,
        "lavage auto": null,
        "camera": "1"
      }
    },
    {
      "type": "Feature",
      "geometry": {
        "type": "Point",
        "coordinates": [
          4.8264491436096,
          45.591364009003
        ]
      },
      "properties": {
        "Nom": "Parking securise PL de Communay Nord  - VINCI Autoroutes",
        "Pays": "France",
        "Adresse": "Chemin du Tram",
        "Route": "A46 / E70 / E15",
        "garde 24/24": null,
        "marchandise dangereuse acceptees": null,
        "prises electiques ": null,
        "barrieres": "1",
        "eclairage": "1",
        "station essence": "1",
        "Hotel": null,
        "assistance medical": null,
        "Restaurant": "1",
        "toilette": "1",
        "atelier de reparation": null,
        "lavage auto": null,
        "camera": "1"
      }
    },
    {
      "type": "Feature",
      "geometry": {
        "type": "Point",
        "coordinates": [
          4.8263883590698,
          45.589281465483
        ]
      },
      "properties": {
        "Nom": "Parking Securise PL de Communay Sud - VINCI Autoroutes",
        "Pays": "France",
        "Adresse": "Rocade Est",
        "Route": "A46 / E70 / E15",
        "garde 24/24": null,
        "marchandise dangereuse acceptees": "1",
        "prises electiques ": null,
        "barrieres": "1",
        "eclairage": "1",
        "station essence": "1",
        "Hotel": null,
        "assistance medical": null,
        "Restaurant": "1",
        "toilette": "1",
        "atelier de reparation": null,
        "lavage auto": null,
        "camera": "1"
      }
    },
    {
      "type": "Feature",
      "geometry": {
        "type": "Point",
        "coordinates": [
          2.5526139545289,
          49.074249655039
        ]
      },
      "properties": {
        "Nom": "Vemars",
        "Pays": "France",
        "Adresse": "Autoroute du Nord",
        "Route": "A1",
        "garde 24/24": null,
        "marchandise dangereuse acceptees": null,
        "prises electiques ": null,
        "barrieres": "1",
        "eclairage": "1",
        "station essence": "1",
        "Hotel": null,
        "assistance medical": null,
        "Restaurant": "1",
        "toilette": "1",
        "atelier de reparation": "1",
        "lavage auto": null,
        "camera": "1"
      }
    },
    {
      "type": "Feature",
      "geometry": {
        "type": "Point",
        "coordinates": [
          -1.4198327064514,
          43.585240421308
        ]
      },
      "properties": {
        "Nom": "Labenne Est - Vinci Autoroutes",
        "Pays": "France",
        "Adresse": "Autoroute de la Côte Basque",
        "Route": "A63 / E5 / E70",
        "garde 24/24": null,
        "marchandise dangereuse acceptees": null,
        "prises electiques ": null,
        "barrieres": "1",
        "eclairage": "1",
        "station essence": "1",
        "Hotel": null,
        "assistance medical": null,
        "Restaurant": "1",
        "toilette": "1",
        "atelier de reparation": null,
        "lavage auto": null,
        "camera": "1"
      }
    },
    {
      "type": "Feature",
      "geometry": {
        "type": "Point",
        "coordinates": [
          4.1200232505798,
          43.70411113242
        ]
      },
      "properties": {
        "Nom": "Lunel Exit. - Vinci Autoroutes",
        "Pays": "France",
        "Adresse": "La Languedocienne",
        "Route": "A9 / E80 / E15",
        "garde 24/24": null,
        "marchandise dangereuse acceptees": null,
        "prises electiques ": null,
        "barrieres": "1",
        "eclairage": "1",
        "station essence": "1",
        "Hotel": null,
        "assistance medical": null,
        "Restaurant": null,
        "toilette": null,
        "atelier de reparation": null,
        "lavage auto": null,
        "camera": "1"
      }
    },
    {
      "type": "Feature",
      "geometry": {
        "type": "Point",
        "coordinates": [
          3.2134943010972,
          43.295589125272
        ]
      },
      "properties": {
        "Nom": "Truck Etape Beziers - VINCI Autoroutes",
        "Pays": "France",
        "Adresse": "Rue de Vienne",
        "Route": "A9 / E15 / E80",
        "garde 24/24": "1",
        "marchandise dangereuse acceptees": "1",
        "prises electiques ": "1",
        "barrieres": "1",
        "eclairage": "1",
        "station essence": "1",
        "Hotel": null,
        "assistance medical": null,
        "Restaurant": "1",
        "toilette": "1",
        "atelier de reparation": "1",
        "lavage auto": "1",
        "camera": "1"
      }
    },
    {
      "type": "Feature",
      "geometry": {
        "type": "Point",
        "coordinates": [
          3.1464702459228,
          50.787058119124
        ]
      },
      "properties": {
        "Nom": "Truckstop Halluin. - Truckstop Halluin",
        "Pays": "France",
        "Adresse": "Av Machelen",
        "Route": null,
        "garde 24/24": "1",
        "marchandise dangereuse acceptees": null,
        "prises electiques ": "1",
        "barrieres": "1",
        "eclairage": "1",
        "station essence": null,
        "Hotel": "1",
        "assistance medical": "1",
        "Restaurant": "1",
        "toilette": "1",
        "atelier de reparation": "1",
        "lavage auto": "1",
        "camera": "1"
      }
    },
    {
      "type": "Feature",
      "geometry": {
        "type": "Point",
        "coordinates": [
          -0.14251112937927,
          45.460904794106
        ]
      },
      "properties": {
        "Nom": "Le Relais de Barbezieux  - sas EVEN",
        "Pays": "France",
        "Adresse": "za de plaisance",
        "Route": "RN10",
        "garde 24/24": "1",
        "marchandise dangereuse acceptees": "1",
        "prises electiques ": null,
        "barrieres": "1",
        "eclairage": "1",
        "station essence": "1",
        "Hotel": "1",
        "assistance medical": "1",
        "Restaurant": "1",
        "toilette": "1",
        "atelier de reparation": "1",
        "lavage auto": "1",
        "camera": "1"
      }
    },
    {
      "type": "Feature",
      "geometry": {
        "type": "Point",
        "coordinates": [
          3.1839323043823,
          43.984385176113
        ]
      },
      "properties": {
        "Nom": "Aire de Millau-Larzac",
        "Pays": "France",
        "Adresse": null,
        "Route": "D809",
        "garde 24/24": null,
        "marchandise dangereuse acceptees": null,
        "prises electiques ": null,
        "barrieres": null,
        "eclairage": null,
        "station essence": null,
        "Hotel": null,
        "assistance medical": null,
        "Restaurant": "1",
        "toilette": "1",
        "atelier de reparation": null,
        "lavage auto": null,
        "camera": null
      }
    },
    {
      "type": "Feature",
      "geometry": {
        "type": "Point",
        "coordinates": [
          1.3073194026947,
          43.915361771213
        ]
      },
      "properties": {
        "Nom": "PARK+ Parking Securise PL - Park+",
        "Pays": "France",
        "Adresse": "1 impasse du Barou",
        "Route": null,
        "garde 24/24": "1",
        "marchandise dangereuse acceptees": null,
        "prises electiques ": "1",
        "barrieres": "1",
        "eclairage": "1",
        "station essence": null,
        "Hotel": null,
        "assistance medical": null,
        "Restaurant": null,
        "toilette": "1",
        "atelier de reparation": null,
        "lavage auto": null,
        "camera": "1"
      }
    },
    {
      "type": "Feature",
      "geometry": {
        "type": "Point",
        "coordinates": [
          2.7626752853394,
          50.651664525729
        ]
      },
      "properties": {
        "Nom": "S Parking Sailly - Sitra group",
        "Pays": "France",
        "Adresse": "Rue de la Lys 51",
        "Route": null,
        "garde 24/24": null,
        "marchandise dangereuse acceptees": null,
        "prises electiques ": null,
        "barrieres": "1",
        "eclairage": null,
        "station essence": null,
        "Hotel": null,
        "assistance medical": null,
        "Restaurant": null,
        "toilette": "1",
        "atelier de reparation": null,
        "lavage auto": "1",
        "camera": null
      }
    },
    {
      "type": "Feature",
      "geometry": {
        "type": "Point",
        "coordinates": [
          -1.0013008117676,
          44.087708328548
        ]
      },
      "properties": {
        "Nom": "Aire d'Onesse-Laharie Ouest.",
        "Pays": "France",
        "Adresse": null,
        "Route": "A63 - E5",
        "garde 24/24": null,
        "marchandise dangereuse acceptees": null,
        "prises electiques ": null,
        "barrieres": null,
        "eclairage": "1",
        "station essence": null,
        "Hotel": null,
        "assistance medical": null,
        "Restaurant": null,
        "toilette": null,
        "atelier de reparation": null,
        "lavage auto": null,
        "camera": null
      }
    },
    {
      "type": "Feature",
      "geometry": {
        "type": "Point",
        "coordinates": [
          7.6959657669067,
          48.720810604417
        ]
      },
      "properties": {
        "Nom": "Aire de Brumath Est.",
        "Pays": "France",
        "Adresse": null,
        "Route": "A4",
        "garde 24/24": null,
        "marchandise dangereuse acceptees": null,
        "prises electiques ": null,
        "barrieres": null,
        "eclairage": null,
        "station essence": "1",
        "Hotel": null,
        "assistance medical": null,
        "Restaurant": "1",
        "toilette": "1",
        "atelier de reparation": null,
        "lavage auto": null,
        "camera": null
      }
    },
    {
      "type": "Feature",
      "geometry": {
        "type": "Point",
        "coordinates": [
          6.0885500907898,
          48.85608932723
        ]
      },
      "properties": {
        "Nom": "Aire de L'Obrion",
        "Pays": "France",
        "Adresse": null,
        "Route": "A31",
        "garde 24/24": null,
        "marchandise dangereuse acceptees": null,
        "prises electiques ": null,
        "barrieres": null,
        "eclairage": null,
        "station essence": "1",
        "Hotel": null,
        "assistance medical": null,
        "Restaurant": "1",
        "toilette": "1",
        "atelier de reparation": null,
        "lavage auto": null,
        "camera": null
      }
    },
    {
      "type": "Feature",
      "geometry": {
        "type": "Point",
        "coordinates": [
          -1.0901999473572,
          43.936233273997
        ]
      },
      "properties": {
        "Nom": "Aire de l'Ocean - Est",
        "Pays": "France",
        "Adresse": "Route des Estuaires",
        "Route": "A63 / E70",
        "garde 24/24": null,
        "marchandise dangereuse acceptees": null,
        "prises electiques ": null,
        "barrieres": null,
        "eclairage": "1",
        "station essence": "1",
        "Hotel": null,
        "assistance medical": null,
        "Restaurant": "1",
        "toilette": "1",
        "atelier de reparation": null,
        "lavage auto": null,
        "camera": null
      }
    },
    {
      "type": "Feature",
      "geometry": {
        "type": "Point",
        "coordinates": [
          4.8160672187805,
          45.405320102989
        ]
      },
      "properties": {
        "Nom": "Aire de Roussillon",
        "Pays": "France",
        "Adresse": null,
        "Route": "A7 - E15",
        "garde 24/24": null,
        "marchandise dangereuse acceptees": "1",
        "prises electiques ": null,
        "barrieres": "1",
        "eclairage": "1",
        "station essence": "1",
        "Hotel": null,
        "assistance medical": null,
        "Restaurant": "1",
        "toilette": "1",
        "atelier de reparation": null,
        "lavage auto": null,
        "camera": null
      }
    },
    {
      "type": "Feature",
      "geometry": {
        "type": "Point",
        "coordinates": [
          7.4048924446106,
          48.23204136974
        ]
      },
      "properties": {
        "Nom": "Aire de Service du Haut Koenigsbourg.",
        "Pays": "France",
        "Adresse": null,
        "Route": "E25",
        "garde 24/24": null,
        "marchandise dangereuse acceptees": null,
        "prises electiques ": null,
        "barrieres": null,
        "eclairage": "1",
        "station essence": "1",
        "Hotel": null,
        "assistance medical": null,
        "Restaurant": "1",
        "toilette": "1",
        "atelier de reparation": null,
        "lavage auto": null,
        "camera": "1"
      }
    },
    {
      "type": "Feature",
      "geometry": {
        "type": "Point",
        "coordinates": [
          -0.43657779693604,
          44.646276870907
        ]
      },
      "properties": {
        "Nom": "Aire des Terres de Graves Sud.",
        "Pays": "France",
        "Adresse": null,
        "Route": "A62 - E72",
        "garde 24/24": null,
        "marchandise dangereuse acceptees": null,
        "prises electiques ": null,
        "barrieres": null,
        "eclairage": null,
        "station essence": "1",
        "Hotel": null,
        "assistance medical": null,
        "Restaurant": null,
        "toilette": null,
        "atelier de reparation": null,
        "lavage auto": null,
        "camera": null
      }
    },
    {
      "type": "Feature",
      "geometry": {
        "type": "Point",
        "coordinates": [
          7.8293037414551,
          48.694303135599
        ]
      },
      "properties": {
        "Nom": "Aire du Landgraben",
        "Pays": "France",
        "Adresse": "A35",
        "Route": "A35 North",
        "garde 24/24": null,
        "marchandise dangereuse acceptees": "1",
        "prises electiques ": null,
        "barrieres": "1",
        "eclairage": "1",
        "station essence": null,
        "Hotel": null,
        "assistance medical": null,
        "Restaurant": null,
        "toilette": null,
        "atelier de reparation": null,
        "lavage auto": null,
        "camera": null
      }
    },
    {
      "type": "Feature",
      "geometry": {
        "type": "Point",
        "coordinates": [
          0.18808722496033,
          45.836708195352
        ]
      },
      "properties": {
        "Nom": "Area of ​​Maine-de-Boixe OUEST",
        "Pays": "France",
        "Adresse": null,
        "Route": "N10.",
        "garde 24/24": null,
        "marchandise dangereuse acceptees": null,
        "prises electiques ": null,
        "barrieres": null,
        "eclairage": null,
        "station essence": null,
        "Hotel": null,
        "assistance medical": null,
        "Restaurant": null,
        "toilette": "1",
        "atelier de reparation": null,
        "lavage auto": null,
        "camera": null
      }
    },
    {
      "type": "Feature",
      "geometry": {
        "type": "Point",
        "coordinates": [
          1.4403033256531,
          45.161448558811
        ]
      },
      "properties": {
        "Nom": "Area Pays de Brive",
        "Pays": "France",
        "Adresse": null,
        "Route": "A89",
        "garde 24/24": null,
        "marchandise dangereuse acceptees": null,
        "prises electiques ": "1",
        "barrieres": null,
        "eclairage": null,
        "station essence": "1",
        "Hotel": null,
        "assistance medical": null,
        "Restaurant": "1",
        "toilette": "1",
        "atelier de reparation": null,
        "lavage auto": null,
        "camera": null
      }
    },
    {
      "type": "Feature",
      "geometry": {
        "type": "Point",
        "coordinates": [
          3.0177962779999,
          49.239639192016
        ]
      },
      "properties": {
        "Nom": "Friterie \"Mon Cornet d'Frites\" - Aire de repos de Vauciennes",
        "Pays": "France",
        "Adresse": "Rue Georges Guynemer",
        "Route": "N2",
        "garde 24/24": null,
        "marchandise dangereuse acceptees": null,
        "prises electiques ": null,
        "barrieres": null,
        "eclairage": null,
        "station essence": null,
        "Hotel": null,
        "assistance medical": null,
        "Restaurant": "1",
        "toilette": "1",
        "atelier de reparation": null,
        "lavage auto": null,
        "camera": null
      }
    },
    {
      "type": "Feature",
      "geometry": {
        "type": "Point",
        "coordinates": [
          6.4636823728448,
          45.217402828968
        ]
      },
      "properties": {
        "Nom": "Societe Française du Tunnel du Frejus.",
        "Pays": "France",
        "Adresse": null,
        "Route": "A43 - E70",
        "garde 24/24": null,
        "marchandise dangereuse acceptees": null,
        "prises electiques ": null,
        "barrieres": null,
        "eclairage": "1",
        "station essence": "1",
        "Hotel": null,
        "assistance medical": null,
        "Restaurant": null,
        "toilette": "1",
        "atelier de reparation": null,
        "lavage auto": null,
        "camera": null
      }
    },
    {
      "type": "Feature",
      "geometry": {
        "type": "Point",
        "coordinates": [
          2.4733017,
          48.0835467
        ]
      },
      "properties": {
        "Nom": "Agip",
        "Pays": "France",
        "Adresse": null,
        "Route": "E60",
        "garde 24/24": null,
        "marchandise dangereuse acceptees": null,
        "prises electiques ": null,
        "barrieres": "1",
        "eclairage": null,
        "station essence": "1",
        "Hotel": null,
        "assistance medical": null,
        "Restaurant": "1",
        "toilette": "1",
        "atelier de reparation": null,
        "lavage auto": null,
        "camera": null
      }
    },
    {
      "type": "Feature",
      "geometry": {
        "type": "Point",
        "coordinates": [
          2.744060754776,
          50.405374870778
        ]
      },
      "properties": {
        "Nom": "Aire d'Angres",
        "Pays": "France",
        "Adresse": null,
        "Route": "A26 / E15",
        "garde 24/24": null,
        "marchandise dangereuse acceptees": null,
        "prises electiques ": null,
        "barrieres": null,
        "eclairage": null,
        "station essence": "1",
        "Hotel": null,
        "assistance medical": null,
        "Restaurant": "1",
        "toilette": "1",
        "atelier de reparation": null,
        "lavage auto": null,
        "camera": null
      }
    },
    {
      "type": "Feature",
      "geometry": {
        "type": "Point",
        "coordinates": [
          2.8388392376038,
          49.888051905979
        ]
      },
      "properties": {
        "Nom": "Aire d'Assevillers",
        "Pays": "France",
        "Adresse": "Autoroute du Nord",
        "Route": "E19 / E15 / A1",
        "garde 24/24": "1",
        "marchandise dangereuse acceptees": null,
        "prises electiques ": null,
        "barrieres": null,
        "eclairage": "1",
        "station essence": "1",
        "Hotel": "1",
        "assistance medical": null,
        "Restaurant": "1",
        "toilette": "1",
        "atelier de reparation": null,
        "lavage auto": null,
        "camera": null
      }
    },
    {
      "type": "Feature",
      "geometry": {
        "type": "Point",
        "coordinates": [
          1.857725,
          47.979319
        ]
      },
      "properties": {
        "Nom": "Aire D'orleans Saran  - Total",
        "Pays": "France",
        "Adresse": "Aire D'orleans Saran",
        "Route": "A10",
        "garde 24/24": null,
        "marchandise dangereuse acceptees": null,
        "prises electiques ": null,
        "barrieres": null,
        "eclairage": "1",
        "station essence": "1",
        "Hotel": null,
        "assistance medical": null,
        "Restaurant": "1",
        "toilette": "1",
        "atelier de reparation": null,
        "lavage auto": null,
        "camera": "1"
      }
    },
    {
      "type": "Feature",
      "geometry": {
        "type": "Point",
        "coordinates": [
          3.3342003822327,
          49.785489764193
        ]
      },
      "properties": {
        "Nom": "Aire d'Urvillers",
        "Pays": "France",
        "Adresse": "4B Rue Neuve",
        "Route": "A26",
        "garde 24/24": null,
        "marchandise dangereuse acceptees": null,
        "prises electiques ": null,
        "barrieres": null,
        "eclairage": null,
        "station essence": "1",
        "Hotel": null,
        "assistance medical": null,
        "Restaurant": "1",
        "toilette": "1",
        "atelier de reparation": null,
        "lavage auto": null,
        "camera": null
      }
    },
    {
      "type": "Feature",
      "geometry": {
        "type": "Point",
        "coordinates": [
          1.2926370491791,
          45.908522916729
        ]
      },
      "properties": {
        "Nom": "Aire de Beaune les Mines",
        "Pays": "France",
        "Adresse": "Valparaiso",
        "Route": "A20 / E9",
        "garde 24/24": null,
        "marchandise dangereuse acceptees": null,
        "prises electiques ": null,
        "barrieres": null,
        "eclairage": "1",
        "station essence": null,
        "Hotel": null,
        "assistance medical": null,
        "Restaurant": null,
        "toilette": "1",
        "atelier de reparation": null,
        "lavage auto": null,
        "camera": null
      }
    },
    {
      "type": "Feature",
      "geometry": {
        "type": "Point",
        "coordinates": [
          0.22431313991547,
          43.18401426858
        ]
      },
      "properties": {
        "Nom": "Aire de Bordes Est",
        "Pays": "France",
        "Adresse": null,
        "Route": "A64",
        "garde 24/24": null,
        "marchandise dangereuse acceptees": null,
        "prises electiques ": null,
        "barrieres": null,
        "eclairage": null,
        "station essence": null,
        "Hotel": null,
        "assistance medical": null,
        "Restaurant": null,
        "toilette": "1",
        "atelier de reparation": null,
        "lavage auto": null,
        "camera": null
      }
    },
    {
      "type": "Feature",
      "geometry": {
        "type": "Point",
        "coordinates": [
          5.2962470054626,
          46.203002805037
        ]
      },
      "properties": {
        "Nom": "Aire de Bourg-Jasseron",
        "Pays": "France",
        "Adresse": "A40",
        "Route": "A40",
        "garde 24/24": null,
        "marchandise dangereuse acceptees": null,
        "prises electiques ": null,
        "barrieres": null,
        "eclairage": null,
        "station essence": "1",
        "Hotel": null,
        "assistance medical": null,
        "Restaurant": "1",
        "toilette": "1",
        "atelier de reparation": null,
        "lavage auto": null,
        "camera": null
      }
    },
    {
      "type": "Feature",
      "geometry": {
        "type": "Point",
        "coordinates": [
          7.6910305023193,
          48.724038124336
        ]
      },
      "properties": {
        "Nom": "Aire de Brumath Ouest",
        "Pays": "France",
        "Adresse": null,
        "Route": "A4 / E25",
        "garde 24/24": null,
        "marchandise dangereuse acceptees": null,
        "prises electiques ": null,
        "barrieres": null,
        "eclairage": null,
        "station essence": "1",
        "Hotel": null,
        "assistance medical": null,
        "Restaurant": null,
        "toilette": null,
        "atelier de reparation": null,
        "lavage auto": null,
        "camera": null
      }
    },
    {
      "type": "Feature",
      "geometry": {
        "type": "Point",
        "coordinates": [
          -2.4390989542007,
          48.418613402272
        ]
      },
      "properties": {
        "Nom": "Aire de Carmoran",
        "Pays": "France",
        "Adresse": null,
        "Route": "N12",
        "garde 24/24": null,
        "marchandise dangereuse acceptees": null,
        "prises electiques ": null,
        "barrieres": null,
        "eclairage": null,
        "station essence": null,
        "Hotel": null,
        "assistance medical": null,
        "Restaurant": null,
        "toilette": "1",
        "atelier de reparation": null,
        "lavage auto": null,
        "camera": null
      }
    },
    {
      "type": "Feature",
      "geometry": {
        "type": "Point",
        "coordinates": [
          1.844481,
          47.090128
        ]
      },
      "properties": {
        "Nom": "Aire de Champs d'Amour BP Service Station - BP",
        "Pays": "France",
        "Adresse": null,
        "Route": "A20",
        "garde 24/24": null,
        "marchandise dangereuse acceptees": null,
        "prises electiques ": null,
        "barrieres": null,
        "eclairage": "1",
        "station essence": "1",
        "Hotel": null,
        "assistance medical": null,
        "Restaurant": "1",
        "toilette": "1",
        "atelier de reparation": null,
        "lavage auto": null,
        "camera": "1"
      }
    },
    {
      "type": "Feature",
      "geometry": {
        "type": "Point",
        "coordinates": [
          5.386189520359,
          48.698049295435
        ]
      },
      "properties": {
        "Nom": "Aire de Chanteraine",
        "Pays": "France",
        "Adresse": null,
        "Route": "N4",
        "garde 24/24": null,
        "marchandise dangereuse acceptees": null,
        "prises electiques ": null,
        "barrieres": null,
        "eclairage": null,
        "station essence": null,
        "Hotel": null,
        "assistance medical": null,
        "Restaurant": null,
        "toilette": null,
        "atelier de reparation": null,
        "lavage auto": null,
        "camera": null
      }
    },
    {
      "type": "Feature",
      "geometry": {
        "type": "Point",
        "coordinates": [
          2.6983451843262,
          49.343138855263
        ]
      },
      "properties": {
        "Nom": "Aire de Chevrieres",
        "Pays": "France",
        "Adresse": "Autoroute du Nord",
        "Route": "A1.",
        "garde 24/24": null,
        "marchandise dangereuse acceptees": null,
        "prises electiques ": null,
        "barrieres": null,
        "eclairage": "1",
        "station essence": null,
        "Hotel": null,
        "assistance medical": null,
        "Restaurant": null,
        "toilette": "1",
        "atelier de reparation": null,
        "lavage auto": null,
        "camera": null
      }
    },
    {
      "type": "Feature",
      "geometry": {
        "type": "Point",
        "coordinates": [
          5.5810225009918,
          47.147035516801
        ]
      },
      "properties": {
        "Nom": "Aire de Dole Audelange.",
        "Pays": "France",
        "Adresse": null,
        "Route": "A36 - E60",
        "garde 24/24": null,
        "marchandise dangereuse acceptees": null,
        "prises electiques ": null,
        "barrieres": null,
        "eclairage": "1",
        "station essence": "1",
        "Hotel": null,
        "assistance medical": null,
        "Restaurant": "1",
        "toilette": "1",
        "atelier de reparation": null,
        "lavage auto": null,
        "camera": null
      }
    },
    {
      "type": "Feature",
      "geometry": {
        "type": "Point",
        "coordinates": [
          2.2048509120941,
          49.608700755721
        ]
      },
      "properties": {
        "Nom": "Aire de Hardivillers",
        "Pays": "France",
        "Adresse": "L'Europeenne",
        "Route": "A16, D510.",
        "garde 24/24": null,
        "marchandise dangereuse acceptees": null,
        "prises electiques ": null,
        "barrieres": null,
        "eclairage": null,
        "station essence": "1",
        "Hotel": null,
        "assistance medical": null,
        "Restaurant": "1",
        "toilette": null,
        "atelier de reparation": null,
        "lavage auto": null,
        "camera": null
      }
    },
    {
      "type": "Feature",
      "geometry": {
        "type": "Point",
        "coordinates": [
          2.8039813041687,
          46.354214637315
        ]
      },
      "properties": {
        "Nom": "Aire de l'Allier",
        "Pays": "France",
        "Adresse": null,
        "Route": "A71",
        "garde 24/24": null,
        "marchandise dangereuse acceptees": null,
        "prises electiques ": null,
        "barrieres": null,
        "eclairage": "1",
        "station essence": "1",
        "Hotel": null,
        "assistance medical": null,
        "Restaurant": "1",
        "toilette": null,
        "atelier de reparation": null,
        "lavage auto": null,
        "camera": null
      }
    },
    {
      "type": "Feature",
      "geometry": {
        "type": "Point",
        "coordinates": [
          2.8063201904297,
          46.355754860046
        ]
      },
      "properties": {
        "Nom": "Aire de l'Allier",
        "Pays": "France",
        "Adresse": "L'Arverne",
        "Route": "A71.",
        "garde 24/24": null,
        "marchandise dangereuse acceptees": null,
        "prises electiques ": null,
        "barrieres": null,
        "eclairage": "1",
        "station essence": "1",
        "Hotel": null,
        "assistance medical": null,
        "Restaurant": "1",
        "toilette": null,
        "atelier de reparation": null,
        "lavage auto": null,
        "camera": null
      }
    },
    {
      "type": "Feature",
      "geometry": {
        "type": "Point",
        "coordinates": [
          5.2111179868163,
          45.613631245072
        ]
      },
      "properties": {
        "Nom": "Aire de L'Isle-d'Abeau Nord",
        "Pays": "France",
        "Adresse": null,
        "Route": "A43 / E711 / E70.",
        "garde 24/24": null,
        "marchandise dangereuse acceptees": null,
        "prises electiques ": "1",
        "barrieres": "1",
        "eclairage": "1",
        "station essence": "1",
        "Hotel": null,
        "assistance medical": null,
        "Restaurant": "1",
        "toilette": "1",
        "atelier de reparation": null,
        "lavage auto": null,
        "camera": "1"
      }
    },
    {
      "type": "Feature",
      "geometry": {
        "type": "Point",
        "coordinates": [
          5.209980730194,
          45.612457490033
        ]
      },
      "properties": {
        "Nom": "Aire de L'Isle-d'Abeau Sud",
        "Pays": "France",
        "Adresse": null,
        "Route": "A43 / E711 / E70",
        "garde 24/24": null,
        "marchandise dangereuse acceptees": null,
        "prises electiques ": "1",
        "barrieres": "1",
        "eclairage": "1",
        "station essence": "1",
        "Hotel": null,
        "assistance medical": null,
        "Restaurant": "1",
        "toilette": "1",
        "atelier de reparation": null,
        "lavage auto": null,
        "camera": "1"
      }
    },
    {
      "type": "Feature",
      "geometry": {
        "type": "Point",
        "coordinates": [
          -1.0912084579468,
          43.93874416078
        ]
      },
      "properties": {
        "Nom": "Aire de l'Ocean - Ouest",
        "Pays": "France",
        "Adresse": "Route des Estuaires",
        "Route": "A63 / E5 / E70",
        "garde 24/24": null,
        "marchandise dangereuse acceptees": null,
        "prises electiques ": null,
        "barrieres": null,
        "eclairage": null,
        "station essence": "1",
        "Hotel": null,
        "assistance medical": null,
        "Restaurant": "1",
        "toilette": "1",
        "atelier de reparation": null,
        "lavage auto": "1",
        "camera": null
      }
    },
    {
      "type": "Feature",
      "geometry": {
        "type": "Point",
        "coordinates": [
          6.4462280273438,
          47.405015587287
        ]
      },
      "properties": {
        "Nom": "Aire de la Combe de Fougere - A36 - APRR",
        "Pays": "France",
        "Adresse": "A36 - Sens Beaune - Mulhouse",
        "Route": "A36 - E60",
        "garde 24/24": "1",
        "marchandise dangereuse acceptees": null,
        "prises electiques ": null,
        "barrieres": "1",
        "eclairage": "1",
        "station essence": null,
        "Hotel": null,
        "assistance medical": null,
        "Restaurant": null,
        "toilette": "1",
        "atelier de reparation": null,
        "lavage auto": null,
        "camera": "1"
      }
    },
    {
      "type": "Feature",
      "geometry": {
        "type": "Point",
        "coordinates": [
          1.7056971788406,
          49.761242365432
        ]
      },
      "properties": {
        "Nom": "Aire de la Marę du Bois",
        "Pays": "France",
        "Adresse": null,
        "Route": "A29",
        "garde 24/24": null,
        "marchandise dangereuse acceptees": "1",
        "prises electiques ": null,
        "barrieres": null,
        "eclairage": "1",
        "station essence": null,
        "Hotel": null,
        "assistance medical": null,
        "Restaurant": null,
        "toilette": "1",
        "atelier de reparation": null,
        "lavage auto": null,
        "camera": null
      }
    },
    {
      "type": "Feature",
      "geometry": {
        "type": "Point",
        "coordinates": [
          3.467278,
          50.339908
        ]
      },
      "properties": {
        "Nom": "Aire de La Seninelle Texaco Service Station - Texaco",
        "Pays": "France",
        "Adresse": null,
        "Route": "A2/E19",
        "garde 24/24": null,
        "marchandise dangereuse acceptees": null,
        "prises electiques ": null,
        "barrieres": null,
        "eclairage": "1",
        "station essence": null,
        "Hotel": null,
        "assistance medical": null,
        "Restaurant": "1",
        "toilette": "1",
        "atelier de reparation": null,
        "lavage auto": null,
        "camera": "1"
      }
    },
    {
      "type": "Feature",
      "geometry": {
        "type": "Point",
        "coordinates": [
          5.0961542129517,
          43.684089388628
        ]
      },
      "properties": {
        "Nom": "Aire de Lama",
        "Pays": "France",
        "Adresse": null,
        "Route": "A7 / E714",
        "garde 24/24": null,
        "marchandise dangereuse acceptees": null,
        "prises electiques ": null,
        "barrieres": null,
        "eclairage": null,
        "station essence": null,
        "Hotel": null,
        "assistance medical": null,
        "Restaurant": null,
        "toilette": "1",
        "atelier de reparation": null,
        "lavage auto": null,
        "camera": null
      }
    },
    {
      "type": "Feature",
      "geometry": {
        "type": "Point",
        "coordinates": [
          2.1492433547974,
          48.635049866336
        ]
      },
      "properties": {
        "Nom": "Aire de Limours-Briis-Sous-Forges Service",
        "Pays": "France",
        "Adresse": null,
        "Route": "A10",
        "garde 24/24": null,
        "marchandise dangereuse acceptees": null,
        "prises electiques ": null,
        "barrieres": null,
        "eclairage": "1",
        "station essence": "1",
        "Hotel": null,
        "assistance medical": null,
        "Restaurant": "1",
        "toilette": null,
        "atelier de reparation": null,
        "lavage auto": null,
        "camera": "1"
      }
    },
    {
      "type": "Feature",
      "geometry": {
        "type": "Point",
        "coordinates": [
          2.4418830871582,
          48.595790443963
        ]
      },
      "properties": {
        "Nom": "Aire de Lisses",
        "Pays": "France",
        "Adresse": null,
        "Route": "A6 - E15",
        "garde 24/24": null,
        "marchandise dangereuse acceptees": null,
        "prises electiques ": null,
        "barrieres": null,
        "eclairage": null,
        "station essence": "1",
        "Hotel": null,
        "assistance medical": null,
        "Restaurant": "1",
        "toilette": "1",
        "atelier de reparation": "1",
        "lavage auto": null,
        "camera": null
      }
    },
    {
      "type": "Feature",
      "geometry": {
        "type": "Point",
        "coordinates": [
          2.4441576004028,
          48.593650336122
        ]
      },
      "properties": {
        "Nom": "Aire de Lisses",
        "Pays": "France",
        "Adresse": null,
        "Route": "A6 - E15",
        "garde 24/24": null,
        "marchandise dangereuse acceptees": null,
        "prises electiques ": null,
        "barrieres": null,
        "eclairage": null,
        "station essence": "1",
        "Hotel": null,
        "assistance medical": null,
        "Restaurant": "1",
        "toilette": "1",
        "atelier de reparation": null,
        "lavage auto": null,
        "camera": null
      }
    },
    {
      "type": "Feature",
      "geometry": {
        "type": "Point",
        "coordinates": [
          3.0803392274959,
          44.329798809537
        ]
      },
      "properties": {
        "Nom": "Aire de l’Aveyron.",
        "Pays": "France",
        "Adresse": "Les Vayssieres",
        "Route": "A75 - N88",
        "garde 24/24": "1",
        "marchandise dangereuse acceptees": null,
        "prises electiques ": null,
        "barrieres": null,
        "eclairage": null,
        "station essence": "1",
        "Hotel": "1",
        "assistance medical": null,
        "Restaurant": null,
        "toilette": null,
        "atelier de reparation": "1",
        "lavage auto": "1",
        "camera": null
      }
    },
    {
      "type": "Feature",
      "geometry": {
        "type": "Point",
        "coordinates": [
          3.3484466191924,
          48.245834402803
        ]
      },
      "properties": {
        "Nom": "Aire de Montaphilans",
        "Pays": "France",
        "Adresse": null,
        "Route": "A5 / E54.",
        "garde 24/24": null,
        "marchandise dangereuse acceptees": null,
        "prises electiques ": null,
        "barrieres": null,
        "eclairage": null,
        "station essence": null,
        "Hotel": null,
        "assistance medical": null,
        "Restaurant": null,
        "toilette": "1",
        "atelier de reparation": null,
        "lavage auto": null,
        "camera": null
      }
    },
    {
      "type": "Feature",
      "geometry": {
        "type": "Point",
        "coordinates": [
          1.9548583030701,
          48.940529130261
        ]
      },
      "properties": {
        "Nom": "Aire de Moranvilliers Nord",
        "Pays": "France",
        "Adresse": null,
        "Route": "E5-A13",
        "garde 24/24": null,
        "marchandise dangereuse acceptees": "1",
        "prises electiques ": "1",
        "barrieres": null,
        "eclairage": "1",
        "station essence": "1",
        "Hotel": null,
        "assistance medical": "1",
        "Restaurant": "1",
        "toilette": "1",
        "atelier de reparation": null,
        "lavage auto": null,
        "camera": null
      }
    },
    {
      "type": "Feature",
      "geometry": {
        "type": "Point",
        "coordinates": [
          1.9506096839905,
          48.942629136935
        ]
      },
      "properties": {
        "Nom": "Aire de Moranvilliers Sud",
        "Pays": "France",
        "Adresse": null,
        "Route": "E5-A13",
        "garde 24/24": null,
        "marchandise dangereuse acceptees": "1",
        "prises electiques ": "1",
        "barrieres": null,
        "eclairage": "1",
        "station essence": "1",
        "Hotel": null,
        "assistance medical": "1",
        "Restaurant": "1",
        "toilette": "1",
        "atelier de reparation": null,
        "lavage auto": null,
        "camera": null
      }
    },
    {
      "type": "Feature",
      "geometry": {
        "type": "Point",
        "coordinates": [
          5.9295090000001,
          45.674347
        ]
      },
      "properties": {
        "Nom": "Aire de Mouxy.",
        "Pays": "France",
        "Adresse": null,
        "Route": "A41.",
        "garde 24/24": null,
        "marchandise dangereuse acceptees": null,
        "prises electiques ": null,
        "barrieres": null,
        "eclairage": null,
        "station essence": "1",
        "Hotel": null,
        "assistance medical": null,
        "Restaurant": "1",
        "toilette": "1",
        "atelier de reparation": null,
        "lavage auto": null,
        "camera": null
      }
    },
    {
      "type": "Feature",
      "geometry": {
        "type": "Point",
        "coordinates": [
          5.3802662051706,
          46.088099566176
        ]
      },
      "properties": {
        "Nom": "Aire de Neuville sur Ain",
        "Pays": "France",
        "Adresse": "Autoroute des Titans",
        "Route": "A40 / E62",
        "garde 24/24": null,
        "marchandise dangereuse acceptees": null,
        "prises electiques ": null,
        "barrieres": null,
        "eclairage": null,
        "station essence": null,
        "Hotel": null,
        "assistance medical": null,
        "Restaurant": null,
        "toilette": null,
        "atelier de reparation": null,
        "lavage auto": null,
        "camera": null
      }
    },
    {
      "type": "Feature",
      "geometry": {
        "type": "Point",
        "coordinates": [
          3.045931,
          50.529303
        ]
      },
      "properties": {
        "Nom": "Aire de Phalempin Est",
        "Pays": "France",
        "Adresse": null,
        "Route": "A1 / E17",
        "garde 24/24": null,
        "marchandise dangereuse acceptees": null,
        "prises electiques ": null,
        "barrieres": null,
        "eclairage": null,
        "station essence": "1",
        "Hotel": null,
        "assistance medical": null,
        "Restaurant": "1",
        "toilette": "1",
        "atelier de reparation": null,
        "lavage auto": null,
        "camera": null
      }
    },
    {
      "type": "Feature",
      "geometry": {
        "type": "Point",
        "coordinates": [
          1.2647696425657,
          43.741642774714
        ]
      },
      "properties": {
        "Nom": "Aire de repos",
        "Pays": "France",
        "Adresse": "Route de Montaigut",
        "Route": "D17",
        "garde 24/24": null,
        "marchandise dangereuse acceptees": null,
        "prises electiques ": null,
        "barrieres": null,
        "eclairage": null,
        "station essence": null,
        "Hotel": null,
        "assistance medical": null,
        "Restaurant": null,
        "toilette": null,
        "atelier de reparation": null,
        "lavage auto": null,
        "camera": null
      }
    },
    {
      "type": "Feature",
      "geometry": {
        "type": "Point",
        "coordinates": [
          3.184433010498,
          43.984092190758
        ]
      },
      "properties": {
        "Nom": "Aire de repos - Hospitalet du Larzac.",
        "Pays": "France",
        "Adresse": "Les Compasses",
        "Route": "D809",
        "garde 24/24": "1",
        "marchandise dangereuse acceptees": null,
        "prises electiques ": null,
        "barrieres": null,
        "eclairage": "1",
        "station essence": null,
        "Hotel": null,
        "assistance medical": null,
        "Restaurant": "1",
        "toilette": "1",
        "atelier de reparation": null,
        "lavage auto": null,
        "camera": "1"
      }
    },
    {
      "type": "Feature",
      "geometry": {
        "type": "Point",
        "coordinates": [
          2.9284268506582,
          48.42660997564
        ]
      },
      "properties": {
        "Nom": "Aire de repos A5",
        "Pays": "France",
        "Adresse": null,
        "Route": "E54 / A5",
        "garde 24/24": null,
        "marchandise dangereuse acceptees": null,
        "prises electiques ": null,
        "barrieres": null,
        "eclairage": null,
        "station essence": "1",
        "Hotel": null,
        "assistance medical": null,
        "Restaurant": "1",
        "toilette": "1",
        "atelier de reparation": null,
        "lavage auto": "1",
        "camera": null
      }
    },
    {
      "type": "Feature",
      "geometry": {
        "type": "Point",
        "coordinates": [
          7.3087084293365,
          48.770228401701
        ]
      },
      "properties": {
        "Nom": "Aire de Repos de Danne",
        "Pays": "France",
        "Adresse": "Autoroute de l'Est",
        "Route": "A4 / E25",
        "garde 24/24": null,
        "marchandise dangereuse acceptees": null,
        "prises electiques ": null,
        "barrieres": null,
        "eclairage": null,
        "station essence": "1",
        "Hotel": null,
        "assistance medical": null,
        "Restaurant": null,
        "toilette": "1",
        "atelier de reparation": null,
        "lavage auto": null,
        "camera": null
      }
    },
    {
      "type": "Feature",
      "geometry": {
        "type": "Point",
        "coordinates": [
          4.7955138455078,
          46.234546061933
        ]
      },
      "properties": {
        "Nom": "Aire de Repos des Sablons",
        "Pays": "France",
        "Adresse": "Autoroute du Soleil",
        "Route": "E15",
        "garde 24/24": "1",
        "marchandise dangereuse acceptees": null,
        "prises electiques ": null,
        "barrieres": "1",
        "eclairage": null,
        "station essence": "1",
        "Hotel": null,
        "assistance medical": null,
        "Restaurant": null,
        "toilette": null,
        "atelier de reparation": null,
        "lavage auto": null,
        "camera": "1"
      }
    },
    {
      "type": "Feature",
      "geometry": {
        "type": "Point",
        "coordinates": [
          4.7948272,
          46.2347332
        ]
      },
      "properties": {
        "Nom": "Aire de Repos des Sablons.",
        "Pays": "France",
        "Adresse": "Autoroute du Soleil",
        "Route": "E15",
        "garde 24/24": "1",
        "marchandise dangereuse acceptees": null,
        "prises electiques ": null,
        "barrieres": "1",
        "eclairage": null,
        "station essence": "1",
        "Hotel": null,
        "assistance medical": null,
        "Restaurant": null,
        "toilette": null,
        "atelier de reparation": null,
        "lavage auto": null,
        "camera": "1"
      }
    },
    {
      "type": "Feature",
      "geometry": {
        "type": "Point",
        "coordinates": [
          5.6312093099259,
          45.57780993081
        ]
      },
      "properties": {
        "Nom": "Aire de Romagnieu",
        "Pays": "France",
        "Adresse": null,
        "Route": "Aire de Romagnieu",
        "garde 24/24": null,
        "marchandise dangereuse acceptees": null,
        "prises electiques ": null,
        "barrieres": null,
        "eclairage": null,
        "station essence": "1",
        "Hotel": null,
        "assistance medical": null,
        "Restaurant": "1",
        "toilette": "1",
        "atelier de reparation": null,
        "lavage auto": null,
        "camera": null
      }
    },
    {
      "type": "Feature",
      "geometry": {
        "type": "Point",
        "coordinates": [
          -0.61158388853073,
          45.512794153959
        ]
      },
      "properties": {
        "Nom": "Aire de Saint Palais Est",
        "Pays": "France",
        "Adresse": null,
        "Route": null,
        "garde 24/24": null,
        "marchandise dangereuse acceptees": null,
        "prises electiques ": null,
        "barrieres": null,
        "eclairage": null,
        "station essence": null,
        "Hotel": null,
        "assistance medical": null,
        "Restaurant": null,
        "toilette": null,
        "atelier de reparation": null,
        "lavage auto": null,
        "camera": null
      }
    },
    {
      "type": "Feature",
      "geometry": {
        "type": "Point",
        "coordinates": [
          -1.310977935791,
          43.676842368071
        ]
      },
      "properties": {
        "Nom": "Aire de Saubion - Est.",
        "Pays": "France",
        "Adresse": null,
        "Route": "E5",
        "garde 24/24": null,
        "marchandise dangereuse acceptees": null,
        "prises electiques ": null,
        "barrieres": null,
        "eclairage": "1",
        "station essence": null,
        "Hotel": null,
        "assistance medical": null,
        "Restaurant": null,
        "toilette": "1",
        "atelier de reparation": null,
        "lavage auto": null,
        "camera": null
      }
    },
    {
      "type": "Feature",
      "geometry": {
        "type": "Point",
        "coordinates": [
          -1.3041543960571,
          43.680287527683
        ]
      },
      "properties": {
        "Nom": "Aire de Saubion - Ouest",
        "Pays": "France",
        "Adresse": null,
        "Route": "E5",
        "garde 24/24": null,
        "marchandise dangereuse acceptees": null,
        "prises electiques ": null,
        "barrieres": null,
        "eclairage": "1",
        "station essence": null,
        "Hotel": null,
        "assistance medical": null,
        "Restaurant": null,
        "toilette": "1",
        "atelier de reparation": null,
        "lavage auto": null,
        "camera": null
      }
    },
    {
      "type": "Feature",
      "geometry": {
        "type": "Point",
        "coordinates": [
          3.0899047851562,
          50.12333651808
        ]
      },
      "properties": {
        "Nom": "Aire de Service d'Havrincourt Avia  - Avia",
        "Pays": "France",
        "Adresse": null,
        "Route": "A2/E19.",
        "garde 24/24": null,
        "marchandise dangereuse acceptees": null,
        "prises electiques ": null,
        "barrieres": null,
        "eclairage": "1",
        "station essence": null,
        "Hotel": null,
        "assistance medical": null,
        "Restaurant": "1",
        "toilette": "1",
        "atelier de reparation": null,
        "lavage auto": null,
        "camera": "1"
      }
    },
    {
      "type": "Feature",
      "geometry": {
        "type": "Point",
        "coordinates": [
          1.419762969017,
          46.313108725802
        ]
      },
      "properties": {
        "Nom": "Aire de Service de Boismande Est",
        "Pays": "France",
        "Adresse": "L'Occitane",
        "Route": "A20 / E9",
        "garde 24/24": null,
        "marchandise dangereuse acceptees": null,
        "prises electiques ": null,
        "barrieres": "1",
        "eclairage": "1",
        "station essence": "1",
        "Hotel": null,
        "assistance medical": null,
        "Restaurant": "1",
        "toilette": "1",
        "atelier de reparation": null,
        "lavage auto": "1",
        "camera": "1"
      }
    },
    {
      "type": "Feature",
      "geometry": {
        "type": "Point",
        "coordinates": [
          1.4177916257645,
          46.313231961723
        ]
      },
      "properties": {
        "Nom": "Aire de Service de Boismande Ouest",
        "Pays": "France",
        "Adresse": "L'Occitane",
        "Route": "A20 / E9",
        "garde 24/24": null,
        "marchandise dangereuse acceptees": null,
        "prises electiques ": null,
        "barrieres": "1",
        "eclairage": "1",
        "station essence": "1",
        "Hotel": null,
        "assistance medical": null,
        "Restaurant": "1",
        "toilette": "1",
        "atelier de reparation": null,
        "lavage auto": "1",
        "camera": "1"
      }
    },
    {
      "type": "Feature",
      "geometry": {
        "type": "Point",
        "coordinates": [
          5.6453848545227,
          43.472039527756
        ]
      },
      "properties": {
        "Nom": "Aire de Service de L' Arc",
        "Pays": "France",
        "Adresse": "Chemin du Defend",
        "Route": "A8",
        "garde 24/24": null,
        "marchandise dangereuse acceptees": "1",
        "prises electiques ": null,
        "barrieres": null,
        "eclairage": "1",
        "station essence": "1",
        "Hotel": null,
        "assistance medical": null,
        "Restaurant": "1",
        "toilette": "1",
        "atelier de reparation": null,
        "lavage auto": null,
        "camera": null
      }
    },
    {
      "type": "Feature",
      "geometry": {
        "type": "Point",
        "coordinates": [
          2.0601296424866,
          47.907755719827
        ]
      },
      "properties": {
        "Nom": "Aire de Service des Breteaux",
        "Pays": "France",
        "Adresse": null,
        "Route": "D2060",
        "garde 24/24": null,
        "marchandise dangereuse acceptees": null,
        "prises electiques ": null,
        "barrieres": null,
        "eclairage": null,
        "station essence": "1",
        "Hotel": null,
        "assistance medical": null,
        "Restaurant": "1",
        "toilette": "1",
        "atelier de reparation": null,
        "lavage auto": null,
        "camera": null
      }
    },
    {
      "type": "Feature",
      "geometry": {
        "type": "Point",
        "coordinates": [
          0.36618590354919,
          46.700818880201
        ]
      },
      "properties": {
        "Nom": "Aire de Service Poitiers",
        "Pays": "France",
        "Adresse": null,
        "Route": "A10",
        "garde 24/24": null,
        "marchandise dangereuse acceptees": "1",
        "prises electiques ": null,
        "barrieres": "1",
        "eclairage": null,
        "station essence": "1",
        "Hotel": null,
        "assistance medical": null,
        "Restaurant": "1",
        "toilette": "1",
        "atelier de reparation": null,
        "lavage auto": null,
        "camera": null
      }
    },
    {
      "type": "Feature",
      "geometry": {
        "type": "Point",
        "coordinates": [
          2.873439,
          50.173058
        ]
      },
      "properties": {
        "Nom": "Aire de St Leger Avia Service Station  - Avia",
        "Pays": "France",
        "Adresse": null,
        "Route": "A1 - E15",
        "garde 24/24": null,
        "marchandise dangereuse acceptees": null,
        "prises electiques ": null,
        "barrieres": null,
        "eclairage": null,
        "station essence": "1",
        "Hotel": null,
        "assistance medical": null,
        "Restaurant": null,
        "toilette": null,
        "atelier de reparation": null,
        "lavage auto": null,
        "camera": null
      }
    },
    {
      "type": "Feature",
      "geometry": {
        "type": "Point",
        "coordinates": [
          1.0864487600342,
          49.921021279332
        ]
      },
      "properties": {
        "Nom": "Aire de stationnement.",
        "Pays": "France",
        "Adresse": "Cours de Dakar",
        "Route": null,
        "garde 24/24": null,
        "marchandise dangereuse acceptees": null,
        "prises electiques ": null,
        "barrieres": null,
        "eclairage": "1",
        "station essence": null,
        "Hotel": null,
        "assistance medical": null,
        "Restaurant": null,
        "toilette": null,
        "atelier de reparation": null,
        "lavage auto": null,
        "camera": null
      }
    },
    {
      "type": "Feature",
      "geometry": {
        "type": "Point",
        "coordinates": [
          2.5508451461792,
          49.105820349277
        ]
      },
      "properties": {
        "Nom": "Aire de Survilliers-Ouest.",
        "Pays": "France",
        "Adresse": null,
        "Route": "A1",
        "garde 24/24": null,
        "marchandise dangereuse acceptees": null,
        "prises electiques ": null,
        "barrieres": null,
        "eclairage": "1",
        "station essence": null,
        "Hotel": null,
        "assistance medical": null,
        "Restaurant": null,
        "toilette": "1",
        "atelier de reparation": null,
        "lavage auto": null,
        "camera": null
      }
    },
    {
      "type": "Feature",
      "geometry": {
        "type": "Point",
        "coordinates": [
          4.7042539597192,
          44.003247297009
        ]
      },
      "properties": {
        "Nom": "Aire de Tavel Nord.",
        "Pays": "France",
        "Adresse": null,
        "Route": "A9 - E15",
        "garde 24/24": null,
        "marchandise dangereuse acceptees": "1",
        "prises electiques ": null,
        "barrieres": null,
        "eclairage": "1",
        "station essence": "1",
        "Hotel": null,
        "assistance medical": null,
        "Restaurant": "1",
        "toilette": "1",
        "atelier de reparation": null,
        "lavage auto": null,
        "camera": null
      }
    },
    {
      "type": "Feature",
      "geometry": {
        "type": "Point",
        "coordinates": [
          2.4228501319885,
          51.025796077741
        ]
      },
      "properties": {
        "Nom": "Aire de Teteghem-Sud",
        "Pays": "France",
        "Adresse": "Route des Estuaires",
        "Route": "A16 / E40",
        "garde 24/24": null,
        "marchandise dangereuse acceptees": null,
        "prises electiques ": null,
        "barrieres": null,
        "eclairage": null,
        "station essence": null,
        "Hotel": null,
        "assistance medical": null,
        "Restaurant": null,
        "toilette": "1",
        "atelier de reparation": null,
        "lavage auto": null,
        "camera": null
      }
    },
    {
      "type": "Feature",
      "geometry": {
        "type": "Point",
        "coordinates": [
          5.9632587432861,
          46.097549007569
        ]
      },
      "properties": {
        "Nom": "Aire de Valleiry Nord",
        "Pays": "France",
        "Adresse": "Autoroute Blanche",
        "Route": "A40",
        "garde 24/24": null,
        "marchandise dangereuse acceptees": null,
        "prises electiques ": null,
        "barrieres": null,
        "eclairage": "1",
        "station essence": "1",
        "Hotel": null,
        "assistance medical": null,
        "Restaurant": "1",
        "toilette": "1",
        "atelier de reparation": null,
        "lavage auto": null,
        "camera": null
      }
    },
    {
      "type": "Feature",
      "geometry": {
        "type": "Point",
        "coordinates": [
          5.9631514549255,
          46.09634375891
        ]
      },
      "properties": {
        "Nom": "Aire de Valleiry Sud.",
        "Pays": "France",
        "Adresse": "Autoroute Blanche",
        "Route": "A40",
        "garde 24/24": null,
        "marchandise dangereuse acceptees": null,
        "prises electiques ": null,
        "barrieres": null,
        "eclairage": "1",
        "station essence": "1",
        "Hotel": null,
        "assistance medical": null,
        "Restaurant": "1",
        "toilette": "1",
        "atelier de reparation": null,
        "lavage auto": null,
        "camera": null
      }
    },
    {
      "type": "Feature",
      "geometry": {
        "type": "Point",
        "coordinates": [
          5.3206765651703,
          43.551083086487
        ]
      },
      "properties": {
        "Nom": "Aire De Ventabren Nord",
        "Pays": "France",
        "Adresse": "La Provençale",
        "Route": "A8",
        "garde 24/24": null,
        "marchandise dangereuse acceptees": null,
        "prises electiques ": null,
        "barrieres": null,
        "eclairage": null,
        "station essence": null,
        "Hotel": null,
        "assistance medical": null,
        "Restaurant": null,
        "toilette": null,
        "atelier de reparation": null,
        "lavage auto": null,
        "camera": null
      }
    },
    {
      "type": "Feature",
      "geometry": {
        "type": "Point",
        "coordinates": [
          2.8649829999999,
          50.262492
        ]
      },
      "properties": {
        "Nom": "Aire de Wancourt  - Esso",
        "Pays": "France",
        "Adresse": "Aire De Wancourt",
        "Route": "A1/E19.",
        "garde 24/24": null,
        "marchandise dangereuse acceptees": null,
        "prises electiques ": null,
        "barrieres": null,
        "eclairage": null,
        "station essence": null,
        "Hotel": null,
        "assistance medical": null,
        "Restaurant": null,
        "toilette": null,
        "atelier de reparation": null,
        "lavage auto": null,
        "camera": null
      }
    },
    {
      "type": "Feature",
      "geometry": {
        "type": "Point",
        "coordinates": [
          1.735009556331,
          50.861262726344
        ]
      },
      "properties": {
        "Nom": "Aire des Deux Caps",
        "Pays": "France",
        "Adresse": "Route des Estuaires",
        "Route": "A16",
        "garde 24/24": null,
        "marchandise dangereuse acceptees": null,
        "prises electiques ": null,
        "barrieres": null,
        "eclairage": null,
        "station essence": "1",
        "Hotel": null,
        "assistance medical": null,
        "Restaurant": "1",
        "toilette": "1",
        "atelier de reparation": null,
        "lavage auto": null,
        "camera": null
      }
    },
    {
      "type": "Feature",
      "geometry": {
        "type": "Point",
        "coordinates": [
          4.2998170852661,
          49.007221033405
        ]
      },
      "properties": {
        "Nom": "Aire des Grands Traquiers - Sanef",
        "Pays": "France",
        "Adresse": "A26",
        "Route": "A26",
        "garde 24/24": null,
        "marchandise dangereuse acceptees": "1",
        "prises electiques ": "1",
        "barrieres": null,
        "eclairage": null,
        "station essence": null,
        "Hotel": null,
        "assistance medical": null,
        "Restaurant": null,
        "toilette": "1",
        "atelier de reparation": null,
        "lavage auto": null,
        "camera": null
      }
    },
    {
      "type": "Feature",
      "geometry": {
        "type": "Point",
        "coordinates": [
          1.5295463696663,
          44.231404487508
        ]
      },
      "properties": {
        "Nom": "Aire du Bois de Durre",
        "Pays": "France",
        "Adresse": null,
        "Route": "A20 - E9",
        "garde 24/24": null,
        "marchandise dangereuse acceptees": "1",
        "prises electiques ": "1",
        "barrieres": null,
        "eclairage": "1",
        "station essence": "1",
        "Hotel": null,
        "assistance medical": null,
        "Restaurant": "1",
        "toilette": "1",
        "atelier de reparation": null,
        "lavage auto": null,
        "camera": null
      }
    },
    {
      "type": "Feature",
      "geometry": {
        "type": "Point",
        "coordinates": [
          6.4452624320984,
          47.405694523807
        ]
      },
      "properties": {
        "Nom": "Aire du Boulet - Parking VL",
        "Pays": "France",
        "Adresse": "A36 - Sens Mulhouse - Beaune",
        "Route": "A36 - E60",
        "garde 24/24": null,
        "marchandise dangereuse acceptees": null,
        "prises electiques ": null,
        "barrieres": null,
        "eclairage": null,
        "station essence": null,
        "Hotel": null,
        "assistance medical": null,
        "Restaurant": null,
        "toilette": null,
        "atelier de reparation": null,
        "lavage auto": null,
        "camera": null
      }
    },
    {
      "type": "Feature",
      "geometry": {
        "type": "Point",
        "coordinates": [
          -1.6796207427979,
          48.056068106357
        ]
      },
      "properties": {
        "Nom": "Aire du Hill",
        "Pays": "France",
        "Adresse": null,
        "Route": "E3",
        "garde 24/24": null,
        "marchandise dangereuse acceptees": null,
        "prises electiques ": null,
        "barrieres": null,
        "eclairage": null,
        "station essence": null,
        "Hotel": null,
        "assistance medical": null,
        "Restaurant": null,
        "toilette": "1",
        "atelier de reparation": null,
        "lavage auto": null,
        "camera": "1"
      }
    },
    {
      "type": "Feature",
      "geometry": {
        "type": "Point",
        "coordinates": [
          5.19484721,
          43.58981912
        ]
      },
      "properties": {
        "Nom": "Aire Lancon de provence.",
        "Pays": "France",
        "Adresse": null,
        "Route": "E714 Autoroute du Soleil",
        "garde 24/24": null,
        "marchandise dangereuse acceptees": null,
        "prises electiques ": null,
        "barrieres": null,
        "eclairage": "1",
        "station essence": "1",
        "Hotel": null,
        "assistance medical": null,
        "Restaurant": "1",
        "toilette": "1",
        "atelier de reparation": null,
        "lavage auto": null,
        "camera": null
      }
    },
    {
      "type": "Feature",
      "geometry": {
        "type": "Point",
        "coordinates": [
          5.5027556419373,
          46.986869002079
        ]
      },
      "properties": {
        "Nom": "Aire L1s Pasteur / Aire de La V1vre",
        "Pays": "France",
        "Adresse": null,
        "Route": "A39",
        "garde 24/24": null,
        "marchandise dangereuse acceptees": null,
        "prises electiques ": null,
        "barrieres": null,
        "eclairage": null,
        "station essence": "1",
        "Hotel": null,
        "assistance medical": null,
        "Restaurant": "1",
        "toilette": "1",
        "atelier de reparation": null,
        "lavage auto": null,
        "camera": null
      }
    },
    {
      "type": "Feature",
      "geometry": {
        "type": "Point",
        "coordinates": [
          5.2114462852478,
          45.074430512792
        ]
      },
      "properties": {
        "Nom": "Aire Porte de la Drôme",
        "Pays": "France",
        "Adresse": "Gervans",
        "Route": "A49/E713",
        "garde 24/24": null,
        "marchandise dangereuse acceptees": null,
        "prises electiques ": null,
        "barrieres": null,
        "eclairage": null,
        "station essence": "1",
        "Hotel": null,
        "assistance medical": null,
        "Restaurant": "1",
        "toilette": "1",
        "atelier de reparation": null,
        "lavage auto": null,
        "camera": null
      }
    },
    {
      "type": "Feature",
      "geometry": {
        "type": "Point",
        "coordinates": [
          4.244327545166,
          49.120820881843
        ]
      },
      "properties": {
        "Nom": "Aire Reims Champagne Sud",
        "Pays": "France",
        "Adresse": null,
        "Route": "A4 - E17",
        "garde 24/24": null,
        "marchandise dangereuse acceptees": null,
        "prises electiques ": null,
        "barrieres": null,
        "eclairage": "1",
        "station essence": "1",
        "Hotel": null,
        "assistance medical": null,
        "Restaurant": "1",
        "toilette": "1",
        "atelier de reparation": null,
        "lavage auto": null,
        "camera": null
      }
    },
    {
      "type": "Feature",
      "geometry": {
        "type": "Point",
        "coordinates": [
          -0.61396837234497,
          45.513098641516
        ]
      },
      "properties": {
        "Nom": "Aire Saint Palais Ouest",
        "Pays": "France",
        "Adresse": null,
        "Route": null,
        "garde 24/24": null,
        "marchandise dangereuse acceptees": null,
        "prises electiques ": null,
        "barrieres": null,
        "eclairage": null,
        "station essence": null,
        "Hotel": null,
        "assistance medical": null,
        "Restaurant": null,
        "toilette": null,
        "atelier de reparation": null,
        "lavage auto": null,
        "camera": null
      }
    },
    {
      "type": "Feature",
      "geometry": {
        "type": "Point",
        "coordinates": [
          4.9604363,
          48.0563741
        ]
      },
      "properties": {
        "Nom": "Aires de Chateauvillers",
        "Pays": "France",
        "Adresse": null,
        "Route": "E17",
        "garde 24/24": null,
        "marchandise dangereuse acceptees": null,
        "prises electiques ": null,
        "barrieres": null,
        "eclairage": null,
        "station essence": "1",
        "Hotel": null,
        "assistance medical": null,
        "Restaurant": "1",
        "toilette": "1",
        "atelier de reparation": null,
        "lavage auto": null,
        "camera": null
      }
    },
    {
      "type": "Feature",
      "geometry": {
        "type": "Point",
        "coordinates": [
          -1.3536036014557,
          48.657148667206
        ]
      },
      "properties": {
        "Nom": "AS24 Le Grand Chien",
        "Pays": "France",
        "Adresse": null,
        "Route": null,
        "garde 24/24": null,
        "marchandise dangereuse acceptees": null,
        "prises electiques ": null,
        "barrieres": null,
        "eclairage": null,
        "station essence": null,
        "Hotel": null,
        "assistance medical": null,
        "Restaurant": "1",
        "toilette": "1",
        "atelier de reparation": null,
        "lavage auto": null,
        "camera": null
      }
    },
    {
      "type": "Feature",
      "geometry": {
        "type": "Point",
        "coordinates": [
          0.090638256652824,
          43.218271054072
        ]
      },
      "properties": {
        "Nom": "Autoport des Pyrenees",
        "Pays": "France",
        "Adresse": "Boulevard du President Kennedy",
        "Route": "N21",
        "garde 24/24": null,
        "marchandise dangereuse acceptees": null,
        "prises electiques ": null,
        "barrieres": null,
        "eclairage": "1",
        "station essence": null,
        "Hotel": null,
        "assistance medical": null,
        "Restaurant": null,
        "toilette": null,
        "atelier de reparation": null,
        "lavage auto": null,
        "camera": "1"
      }
    },
    {
      "type": "Feature",
      "geometry": {
        "type": "Point",
        "coordinates": [
          4.0377839984702,
          47.504460839113
        ]
      },
      "properties": {
        "Nom": "Avia",
        "Pays": "France",
        "Adresse": "65 Sous la Chaponne",
        "Route": "A6",
        "garde 24/24": "1",
        "marchandise dangereuse acceptees": "1",
        "prises electiques ": "1",
        "barrieres": "1",
        "eclairage": "1",
        "station essence": "1",
        "Hotel": "1",
        "assistance medical": "1",
        "Restaurant": "1",
        "toilette": "1",
        "atelier de reparation": "1",
        "lavage auto": "1",
        "camera": "1"
      }
    },
    {
      "type": "Feature",
      "geometry": {
        "type": "Point",
        "coordinates": [
          2.0487785339355,
          47.349087670552
        ]
      },
      "properties": {
        "Nom": "AVIA Air De Salbris OUEST",
        "Pays": "France",
        "Adresse": null,
        "Route": "E9",
        "garde 24/24": null,
        "marchandise dangereuse acceptees": null,
        "prises electiques ": "1",
        "barrieres": null,
        "eclairage": "1",
        "station essence": "1",
        "Hotel": null,
        "assistance medical": null,
        "Restaurant": "1",
        "toilette": "1",
        "atelier de reparation": null,
        "lavage auto": null,
        "camera": "1"
      }
    },
    {
      "type": "Feature",
      "geometry": {
        "type": "Point",
        "coordinates": [
          4.8433778919402,
          46.36535359427
        ]
      },
      "properties": {
        "Nom": "BP Mâcon",
        "Pays": "France",
        "Adresse": "55 Rue de la Terre du Jupon",
        "Route": "A6 N72.",
        "garde 24/24": null,
        "marchandise dangereuse acceptees": null,
        "prises electiques ": null,
        "barrieres": null,
        "eclairage": "1",
        "station essence": "1",
        "Hotel": "1",
        "assistance medical": null,
        "Restaurant": "1",
        "toilette": "1",
        "atelier de reparation": null,
        "lavage auto": null,
        "camera": null
      }
    },
    {
      "type": "Feature",
      "geometry": {
        "type": "Point",
        "coordinates": [
          3.2486904,
          44.871588
        ]
      },
      "properties": {
        "Nom": "BP.",
        "Pays": "France",
        "Adresse": "La Meridienne",
        "Route": "A75",
        "garde 24/24": null,
        "marchandise dangereuse acceptees": null,
        "prises electiques ": null,
        "barrieres": null,
        "eclairage": null,
        "station essence": "1",
        "Hotel": null,
        "assistance medical": "1",
        "Restaurant": "1",
        "toilette": "1",
        "atelier de reparation": null,
        "lavage auto": null,
        "camera": null
      }
    },
    {
      "type": "Feature",
      "geometry": {
        "type": "Point",
        "coordinates": [
          6.1850940774368,
          43.272439809152
        ]
      },
      "properties": {
        "Nom": "Carnoules: aire de stationnement",
        "Pays": "France",
        "Adresse": null,
        "Route": "A57",
        "garde 24/24": null,
        "marchandise dangereuse acceptees": null,
        "prises electiques ": null,
        "barrieres": null,
        "eclairage": "1",
        "station essence": null,
        "Hotel": null,
        "assistance medical": null,
        "Restaurant": null,
        "toilette": null,
        "atelier de reparation": null,
        "lavage auto": null,
        "camera": null
      }
    },
    {
      "type": "Feature",
      "geometry": {
        "type": "Point",
        "coordinates": [
          6.1740374565125,
          49.142400766241
        ]
      },
      "properties": {
        "Nom": "Centre de transport routier",
        "Pays": "France",
        "Adresse": "Avenue des 2 Fontaines",
        "Route": "Avenue des 2 Fontaines",
        "garde 24/24": null,
        "marchandise dangereuse acceptees": null,
        "prises electiques ": null,
        "barrieres": null,
        "eclairage": "1",
        "station essence": "1",
        "Hotel": null,
        "assistance medical": null,
        "Restaurant": null,
        "toilette": null,
        "atelier de reparation": null,
        "lavage auto": "1",
        "camera": null
      }
    },
    {
      "type": "Feature",
      "geometry": {
        "type": "Point",
        "coordinates": [
          -1.1332825187867,
          43.872522422154
        ]
      },
      "properties": {
        "Nom": "Centre du Service Routier",
        "Pays": "France",
        "Adresse": "Rue du Centre Routier",
        "Route": null,
        "garde 24/24": null,
        "marchandise dangereuse acceptees": null,
        "prises electiques ": null,
        "barrieres": null,
        "eclairage": "1",
        "station essence": "1",
        "Hotel": null,
        "assistance medical": null,
        "Restaurant": "1",
        "toilette": "1",
        "atelier de reparation": null,
        "lavage auto": null,
        "camera": null
      }
    },
    {
      "type": "Feature",
      "geometry": {
        "type": "Point",
        "coordinates": [
          -2.1602939055878,
          47.318933970502
        ]
      },
      "properties": {
        "Nom": "Centre international de Frêt",
        "Pays": "France",
        "Adresse": "Boulevard de Cadrean",
        "Route": "Boulevard de Cadrean",
        "garde 24/24": null,
        "marchandise dangereuse acceptees": null,
        "prises electiques ": null,
        "barrieres": null,
        "eclairage": "1",
        "station essence": null,
        "Hotel": null,
        "assistance medical": null,
        "Restaurant": null,
        "toilette": null,
        "atelier de reparation": null,
        "lavage auto": null,
        "camera": null
      }
    },
    {
      "type": "Feature",
      "geometry": {
        "type": "Point",
        "coordinates": [
          3.0254521975464,
          50.624658234358
        ]
      },
      "properties": {
        "Nom": "Centre Intertransport de Roncq",
        "Pays": "France",
        "Adresse": "12eme Rue",
        "Route": "12eme Rue.",
        "garde 24/24": null,
        "marchandise dangereuse acceptees": null,
        "prises electiques ": null,
        "barrieres": null,
        "eclairage": "1",
        "station essence": null,
        "Hotel": null,
        "assistance medical": null,
        "Restaurant": null,
        "toilette": null,
        "atelier de reparation": null,
        "lavage auto": null,
        "camera": null
      }
    },
    {
      "type": "Feature",
      "geometry": {
        "type": "Point",
        "coordinates": [
          3.1084656715393,
          50.582201126991
        ]
      },
      "properties": {
        "Nom": "Centre regional de transport (CRT) 1, 2, 3 et 4",
        "Pays": "France",
        "Adresse": "1, Rue du Pic au Vent",
        "Route": null,
        "garde 24/24": "1",
        "marchandise dangereuse acceptees": null,
        "prises electiques ": null,
        "barrieres": null,
        "eclairage": "1",
        "station essence": null,
        "Hotel": null,
        "assistance medical": null,
        "Restaurant": null,
        "toilette": null,
        "atelier de reparation": null,
        "lavage auto": null,
        "camera": null
      }
    },
    {
      "type": "Feature",
      "geometry": {
        "type": "Point",
        "coordinates": [
          -1.6438209195435,
          48.110235458929
        ]
      },
      "properties": {
        "Nom": "Centre routier",
        "Pays": "France",
        "Adresse": "Chemin de Baud",
        "Route": null,
        "garde 24/24": null,
        "marchandise dangereuse acceptees": null,
        "prises electiques ": null,
        "barrieres": null,
        "eclairage": "1",
        "station essence": null,
        "Hotel": null,
        "assistance medical": null,
        "Restaurant": null,
        "toilette": null,
        "atelier de reparation": null,
        "lavage auto": null,
        "camera": null
      }
    },
    {
      "type": "Feature",
      "geometry": {
        "type": "Point",
        "coordinates": [
          -0.31056761741638,
          49.156122940951
        ]
      },
      "properties": {
        "Nom": "Centre routier",
        "Pays": "France",
        "Adresse": "Rue des Freres Lumiere 3",
        "Route": "N814/ Exit 15",
        "garde 24/24": null,
        "marchandise dangereuse acceptees": null,
        "prises electiques ": null,
        "barrieres": null,
        "eclairage": "1",
        "station essence": "1",
        "Hotel": "1",
        "assistance medical": null,
        "Restaurant": "1",
        "toilette": "1",
        "atelier de reparation": null,
        "lavage auto": null,
        "camera": "1"
      }
    },
    {
      "type": "Feature",
      "geometry": {
        "type": "Point",
        "coordinates": [
          1.0309982299805,
          49.410415084563
        ]
      },
      "properties": {
        "Nom": "Centre routier",
        "Pays": "France",
        "Adresse": "Rue Sadi Carnot 94",
        "Route": null,
        "garde 24/24": null,
        "marchandise dangereuse acceptees": null,
        "prises electiques ": null,
        "barrieres": null,
        "eclairage": "1",
        "station essence": "1",
        "Hotel": null,
        "assistance medical": null,
        "Restaurant": "1",
        "toilette": "1",
        "atelier de reparation": null,
        "lavage auto": null,
        "camera": null
      }
    },
    {
      "type": "Feature",
      "geometry": {
        "type": "Point",
        "coordinates": [
          0.34608274078369,
          46.618527557098
        ]
      },
      "properties": {
        "Nom": "Centre routier",
        "Pays": "France",
        "Adresse": "Place de Dion Bouton",
        "Route": "Place de Dion Bouton.",
        "garde 24/24": null,
        "marchandise dangereuse acceptees": null,
        "prises electiques ": null,
        "barrieres": null,
        "eclairage": "1",
        "station essence": "1",
        "Hotel": null,
        "assistance medical": null,
        "Restaurant": "1",
        "toilette": "1",
        "atelier de reparation": null,
        "lavage auto": "1",
        "camera": null
      }
    },
    {
      "type": "Feature",
      "geometry": {
        "type": "Point",
        "coordinates": [
          3.1350171733582,
          50.754609400166
        ]
      },
      "properties": {
        "Nom": "Centre routier",
        "Pays": "France",
        "Adresse": "Avenue de l'Europe",
        "Route": "A22/E17 - Exit 17a and 17b",
        "garde 24/24": null,
        "marchandise dangereuse acceptees": null,
        "prises electiques ": null,
        "barrieres": null,
        "eclairage": "1",
        "station essence": null,
        "Hotel": null,
        "assistance medical": null,
        "Restaurant": "1",
        "toilette": null,
        "atelier de reparation": null,
        "lavage auto": null,
        "camera": null
      }
    },
    {
      "type": "Feature",
      "geometry": {
        "type": "Point",
        "coordinates": [
          1.4261392138947,
          43.643257568715
        ]
      },
      "properties": {
        "Nom": "Centre routier",
        "Pays": "France",
        "Adresse": "Chemin de Fondeyre",
        "Route": "A620",
        "garde 24/24": null,
        "marchandise dangereuse acceptees": null,
        "prises electiques ": null,
        "barrieres": "1",
        "eclairage": "1",
        "station essence": "1",
        "Hotel": null,
        "assistance medical": null,
        "Restaurant": "1",
        "toilette": "1",
        "atelier de reparation": null,
        "lavage auto": null,
        "camera": "1"
      }
    },
    {
      "type": "Feature",
      "geometry": {
        "type": "Point",
        "coordinates": [
          4.7447584986085,
          45.992727226114
        ]
      },
      "properties": {
        "Nom": "Centre routier",
        "Pays": "France",
        "Adresse": "194-400 Rue Joseph Leon Jacquemaire",
        "Route": "194-400 Rue Joseph Leon Jacquema",
        "garde 24/24": null,
        "marchandise dangereuse acceptees": null,
        "prises electiques ": null,
        "barrieres": null,
        "eclairage": "1",
        "station essence": null,
        "Hotel": null,
        "assistance medical": null,
        "Restaurant": null,
        "toilette": null,
        "atelier de reparation": null,
        "lavage auto": null,
        "camera": null
      }
    },
    {
      "type": "Feature",
      "geometry": {
        "type": "Point",
        "coordinates": [
          3.7211894989014,
          43.420697125264
        ]
      },
      "properties": {
        "Nom": "Centre routier",
        "Pays": "France",
        "Adresse": "1066-1290 Avenue des Eaux Blanches",
        "Route": "1066-1290 Avenue des Eaux Blanch",
        "garde 24/24": null,
        "marchandise dangereuse acceptees": null,
        "prises electiques ": null,
        "barrieres": null,
        "eclairage": "1",
        "station essence": null,
        "Hotel": null,
        "assistance medical": null,
        "Restaurant": null,
        "toilette": null,
        "atelier de reparation": null,
        "lavage auto": null,
        "camera": null
      }
    },
    {
      "type": "Feature",
      "geometry": {
        "type": "Point",
        "coordinates": [
          3.2680306493362,
          48.197518633602
        ]
      },
      "properties": {
        "Nom": "Centre routier - bureau des douanes",
        "Pays": "France",
        "Adresse": "pres de la gare SNCF, centre ville",
        "Route": null,
        "garde 24/24": null,
        "marchandise dangereuse acceptees": null,
        "prises electiques ": null,
        "barrieres": null,
        "eclairage": "1",
        "station essence": null,
        "Hotel": null,
        "assistance medical": null,
        "Restaurant": null,
        "toilette": "1",
        "atelier de reparation": null,
        "lavage auto": null,
        "camera": null
      }
    },
    {
      "type": "Feature",
      "geometry": {
        "type": "Point",
        "coordinates": [
          1.9143162414574,
          47.946293088792
        ]
      },
      "properties": {
        "Nom": "Centre routier d'Ormes-Saran.",
        "Pays": "France",
        "Adresse": "Impasse de la Foulonnerie",
        "Route": "Impasse de la Foulonnerie",
        "garde 24/24": null,
        "marchandise dangereuse acceptees": null,
        "prises electiques ": null,
        "barrieres": null,
        "eclairage": "1",
        "station essence": null,
        "Hotel": null,
        "assistance medical": null,
        "Restaurant": null,
        "toilette": null,
        "atelier de reparation": null,
        "lavage auto": null,
        "camera": null
      }
    },
    {
      "type": "Feature",
      "geometry": {
        "type": "Point",
        "coordinates": [
          4.935227456421,
          45.731391696735
        ]
      },
      "properties": {
        "Nom": "Centre routier de Bron",
        "Pays": "France",
        "Adresse": null,
        "Route": "D112 / Bd des Droits de l'Homme",
        "garde 24/24": null,
        "marchandise dangereuse acceptees": null,
        "prises electiques ": null,
        "barrieres": null,
        "eclairage": null,
        "station essence": null,
        "Hotel": null,
        "assistance medical": null,
        "Restaurant": "1",
        "toilette": null,
        "atelier de reparation": null,
        "lavage auto": null,
        "camera": null
      }
    },
    {
      "type": "Feature",
      "geometry": {
        "type": "Point",
        "coordinates": [
          3.1187331676483,
          45.781711065393
        ]
      },
      "properties": {
        "Nom": "Centre routier de Clermont-Ferrand",
        "Pays": "France",
        "Adresse": "3 rue Jules Verne",
        "Route": "3 rue Jules Verne",
        "garde 24/24": null,
        "marchandise dangereuse acceptees": null,
        "prises electiques ": null,
        "barrieres": null,
        "eclairage": "1",
        "station essence": null,
        "Hotel": null,
        "assistance medical": null,
        "Restaurant": null,
        "toilette": null,
        "atelier de reparation": null,
        "lavage auto": null,
        "camera": null
      }
    },
    {
      "type": "Feature",
      "geometry": {
        "type": "Point",
        "coordinates": [
          6.5827921402282,
          46.060367687242
        ]
      },
      "properties": {
        "Nom": "Centre routier de Cluses SNCF (only for coaches)",
        "Pays": "France",
        "Adresse": "Place des Combattants en Afrique du Nord",
        "Route": null,
        "garde 24/24": null,
        "marchandise dangereuse acceptees": null,
        "prises electiques ": null,
        "barrieres": null,
        "eclairage": "1",
        "station essence": null,
        "Hotel": null,
        "assistance medical": null,
        "Restaurant": null,
        "toilette": null,
        "atelier de reparation": null,
        "lavage auto": null,
        "camera": null
      }
    },
    {
      "type": "Feature",
      "geometry": {
        "type": "Point",
        "coordinates": [
          5.0455141067505,
          47.285968669699
        ]
      },
      "properties": {
        "Nom": "Centre routier de Dijon",
        "Pays": "France",
        "Adresse": "Rue Pierre Lauterbach",
        "Route": null,
        "garde 24/24": null,
        "marchandise dangereuse acceptees": null,
        "prises electiques ": null,
        "barrieres": null,
        "eclairage": "1",
        "station essence": "1",
        "Hotel": null,
        "assistance medical": null,
        "Restaurant": null,
        "toilette": null,
        "atelier de reparation": null,
        "lavage auto": null,
        "camera": null
      }
    },
    {
      "type": "Feature",
      "geometry": {
        "type": "Point",
        "coordinates": [
          2.3115491867065,
          50.998402904608
        ]
      },
      "properties": {
        "Nom": "Centre routier de Grande Synthe",
        "Pays": "France",
        "Adresse": "Rue L1s Blanqui",
        "Route": "Rue L1s Blanqui",
        "garde 24/24": null,
        "marchandise dangereuse acceptees": null,
        "prises electiques ": null,
        "barrieres": null,
        "eclairage": "1",
        "station essence": null,
        "Hotel": null,
        "assistance medical": null,
        "Restaurant": null,
        "toilette": null,
        "atelier de reparation": null,
        "lavage auto": null,
        "camera": null
      }
    },
    {
      "type": "Feature",
      "geometry": {
        "type": "Point",
        "coordinates": [
          5.2684919832977,
          43.419135950738
        ]
      },
      "properties": {
        "Nom": "Centre routier de l'Anjoly",
        "Pays": "France",
        "Adresse": "Voie d'Italie 5-9",
        "Route": null,
        "garde 24/24": "1",
        "marchandise dangereuse acceptees": null,
        "prises electiques ": null,
        "barrieres": null,
        "eclairage": "1",
        "station essence": null,
        "Hotel": null,
        "assistance medical": null,
        "Restaurant": null,
        "toilette": null,
        "atelier de reparation": null,
        "lavage auto": null,
        "camera": "1"
      }
    },
    {
      "type": "Feature",
      "geometry": {
        "type": "Point",
        "coordinates": [
          4.0661752223969,
          49.230978035714
        ]
      },
      "properties": {
        "Nom": "Centre routier regional.",
        "Pays": "France",
        "Adresse": "Rue Gabriel Voisin",
        "Route": "Rue Gabriel Voisin",
        "garde 24/24": null,
        "marchandise dangereuse acceptees": null,
        "prises electiques ": null,
        "barrieres": null,
        "eclairage": "1",
        "station essence": null,
        "Hotel": null,
        "assistance medical": null,
        "Restaurant": null,
        "toilette": null,
        "atelier de reparation": null,
        "lavage auto": null,
        "camera": null
      }
    },
    {
      "type": "Feature",
      "geometry": {
        "type": "Point",
        "coordinates": [
          3.4678816795349,
          50.343789788464
        ]
      },
      "properties": {
        "Nom": "centre routier Sentinelle",
        "Pays": "France",
        "Adresse": null,
        "Route": "E19 / A2.",
        "garde 24/24": "1",
        "marchandise dangereuse acceptees": "1",
        "prises electiques ": "1",
        "barrieres": "1",
        "eclairage": "1",
        "station essence": null,
        "Hotel": null,
        "assistance medical": "1",
        "Restaurant": "1",
        "toilette": "1",
        "atelier de reparation": null,
        "lavage auto": null,
        "camera": "1"
      }
    },
    {
      "type": "Feature",
      "geometry": {
        "type": "Point",
        "coordinates": [
          2.8405362274481,
          42.682115508138
        ]
      },
      "properties": {
        "Nom": "Centre routier St. Charles",
        "Pays": "France",
        "Adresse": "Saint-Charles",
        "Route": "Saint-Charles",
        "garde 24/24": null,
        "marchandise dangereuse acceptees": null,
        "prises electiques ": null,
        "barrieres": "1",
        "eclairage": "1",
        "station essence": "1",
        "Hotel": null,
        "assistance medical": "1",
        "Restaurant": null,
        "toilette": null,
        "atelier de reparation": "1",
        "lavage auto": null,
        "camera": null
      }
    },
    {
      "type": "Feature",
      "geometry": {
        "type": "Point",
        "coordinates": [
          0.20928226724163,
          49.486583344904
        ]
      },
      "properties": {
        "Nom": "Centre routier.",
        "Pays": "France",
        "Adresse": "Route Industrielle",
        "Route": "Route Industrielle",
        "garde 24/24": null,
        "marchandise dangereuse acceptees": null,
        "prises electiques ": null,
        "barrieres": null,
        "eclairage": "1",
        "station essence": null,
        "Hotel": null,
        "assistance medical": null,
        "Restaurant": null,
        "toilette": null,
        "atelier de reparation": null,
        "lavage auto": null,
        "camera": null
      }
    },
    {
      "type": "Feature",
      "geometry": {
        "type": "Point",
        "coordinates": [
          1.6663399529175,
          50.508868421777
        ]
      },
      "properties": {
        "Nom": "Centre sous douane",
        "Pays": "France",
        "Adresse": "Route d'Hilbert 95",
        "Route": "D939",
        "garde 24/24": "1",
        "marchandise dangereuse acceptees": null,
        "prises electiques ": null,
        "barrieres": "1",
        "eclairage": "1",
        "station essence": null,
        "Hotel": null,
        "assistance medical": null,
        "Restaurant": null,
        "toilette": null,
        "atelier de reparation": null,
        "lavage auto": null,
        "camera": null
      }
    },
    {
      "type": "Feature",
      "geometry": {
        "type": "Point",
        "coordinates": [
          -1.4274179935455,
          48.10015716824
        ]
      },
      "properties": {
        "Nom": "Châteaubourg.",
        "Pays": "France",
        "Adresse": "D93",
        "Route": "N157/E50 - Exit Chateaubourg",
        "garde 24/24": null,
        "marchandise dangereuse acceptees": null,
        "prises electiques ": null,
        "barrieres": null,
        "eclairage": null,
        "station essence": null,
        "Hotel": null,
        "assistance medical": null,
        "Restaurant": "1",
        "toilette": "1",
        "atelier de reparation": null,
        "lavage auto": null,
        "camera": null
      }
    },
    {
      "type": "Feature",
      "geometry": {
        "type": "Point",
        "coordinates": [
          0.038411699999983,
          45.5670217
        ]
      },
      "properties": {
        "Nom": "Claix",
        "Pays": "France",
        "Adresse": null,
        "Route": "D7",
        "garde 24/24": null,
        "marchandise dangereuse acceptees": null,
        "prises electiques ": null,
        "barrieres": null,
        "eclairage": null,
        "station essence": null,
        "Hotel": null,
        "assistance medical": null,
        "Restaurant": null,
        "toilette": null,
        "atelier de reparation": null,
        "lavage auto": null,
        "camera": null
      }
    },
    {
      "type": "Feature",
      "geometry": {
        "type": "Point",
        "coordinates": [
          4.9027056712703,
          45.685189445546
        ]
      },
      "properties": {
        "Nom": "Corbas",
        "Pays": "France",
        "Adresse": "5, Impasse du 24 Août 1944",
        "Route": null,
        "garde 24/24": "1",
        "marchandise dangereuse acceptees": null,
        "prises electiques ": null,
        "barrieres": "1",
        "eclairage": "1",
        "station essence": "1",
        "Hotel": "1",
        "assistance medical": null,
        "Restaurant": "1",
        "toilette": null,
        "atelier de reparation": null,
        "lavage auto": null,
        "camera": null
      }
    },
    {
      "type": "Feature",
      "geometry": {
        "type": "Point",
        "coordinates": [
          3.6679050472233,
          50.438002215934
        ]
      },
      "properties": {
        "Nom": "CRS parking",
        "Pays": "France",
        "Adresse": "A2",
        "Route": "A2",
        "garde 24/24": null,
        "marchandise dangereuse acceptees": "1",
        "prises electiques ": null,
        "barrieres": null,
        "eclairage": "1",
        "station essence": "1",
        "Hotel": null,
        "assistance medical": null,
        "Restaurant": "1",
        "toilette": "1",
        "atelier de reparation": "1",
        "lavage auto": null,
        "camera": null
      }
    },
    {
      "type": "Feature",
      "geometry": {
        "type": "Point",
        "coordinates": [
          2.6390395403656,
          50.812749970528
        ]
      },
      "properties": {
        "Nom": "Customs Callicanes",
        "Pays": "France",
        "Adresse": "Callicannesweg",
        "Route": "D948.",
        "garde 24/24": null,
        "marchandise dangereuse acceptees": null,
        "prises electiques ": null,
        "barrieres": null,
        "eclairage": null,
        "station essence": null,
        "Hotel": null,
        "assistance medical": null,
        "Restaurant": null,
        "toilette": null,
        "atelier de reparation": null,
        "lavage auto": null,
        "camera": null
      }
    },
    {
      "type": "Feature",
      "geometry": {
        "type": "Point",
        "coordinates": [
          2.3668604168106,
          48.897617538369
        ]
      },
      "properties": {
        "Nom": "Entrepôts des Marechaux",
        "Pays": "France",
        "Adresse": "1-13 Boulevard Ney",
        "Route": "1-13 Boulevard Ney",
        "garde 24/24": "1",
        "marchandise dangereuse acceptees": null,
        "prises electiques ": null,
        "barrieres": null,
        "eclairage": null,
        "station essence": null,
        "Hotel": null,
        "assistance medical": null,
        "Restaurant": null,
        "toilette": "1",
        "atelier de reparation": null,
        "lavage auto": null,
        "camera": "1"
      }
    },
    {
      "type": "Feature",
      "geometry": {
        "type": "Point",
        "coordinates": [
          -1.2130236625671,
          46.160482888322
        ]
      },
      "properties": {
        "Nom": "Espace entre blvd. E. Delmas et Chaussee",
        "Pays": "France",
        "Adresse": "142 Boulevard Emile Delmas",
        "Route": null,
        "garde 24/24": null,
        "marchandise dangereuse acceptees": null,
        "prises electiques ": null,
        "barrieres": null,
        "eclairage": "1",
        "station essence": null,
        "Hotel": null,
        "assistance medical": null,
        "Restaurant": null,
        "toilette": null,
        "atelier de reparation": null,
        "lavage auto": null,
        "camera": null
      }
    },
    {
      "type": "Feature",
      "geometry": {
        "type": "Point",
        "coordinates": [
          4.9122726917267,
          43.922688108675
        ]
      },
      "properties": {
        "Nom": "Esso",
        "Pays": "France",
        "Adresse": null,
        "Route": "A7",
        "garde 24/24": null,
        "marchandise dangereuse acceptees": null,
        "prises electiques ": "1",
        "barrieres": null,
        "eclairage": "1",
        "station essence": "1",
        "Hotel": null,
        "assistance medical": null,
        "Restaurant": "1",
        "toilette": "1",
        "atelier de reparation": null,
        "lavage auto": null,
        "camera": "1"
      }
    },
    {
      "type": "Feature",
      "geometry": {
        "type": "Point",
        "coordinates": [
          0.21154046058655,
          46.377113568841
        ]
      },
      "properties": {
        "Nom": "Esso - Esso",
        "Pays": "France",
        "Adresse": null,
        "Route": "N10",
        "garde 24/24": null,
        "marchandise dangereuse acceptees": null,
        "prises electiques ": null,
        "barrieres": null,
        "eclairage": null,
        "station essence": "1",
        "Hotel": null,
        "assistance medical": null,
        "Restaurant": null,
        "toilette": null,
        "atelier de reparation": null,
        "lavage auto": null,
        "camera": null
      }
    },
    {
      "type": "Feature",
      "geometry": {
        "type": "Point",
        "coordinates": [
          5.009444,
          47.222778
        ]
      },
      "properties": {
        "Nom": "Esso GEVREY CHAMBERTIN - AUT A 31",
        "Pays": "France",
        "Adresse": "Autoroute de Lorraine-Bourgogne",
        "Route": "A31 / E21 / E17",
        "garde 24/24": null,
        "marchandise dangereuse acceptees": null,
        "prises electiques ": null,
        "barrieres": null,
        "eclairage": "1",
        "station essence": "1",
        "Hotel": null,
        "assistance medical": null,
        "Restaurant": "1",
        "toilette": "1",
        "atelier de reparation": null,
        "lavage auto": null,
        "camera": null
      }
    },
    {
      "type": "Feature",
      "geometry": {
        "type": "Point",
        "coordinates": [
          1.3525820899999,
          43.60997955
        ]
      },
      "properties": {
        "Nom": "Essonne express",
        "Pays": "France",
        "Adresse": "2, Avenue Edouard Serres",
        "Route": null,
        "garde 24/24": null,
        "marchandise dangereuse acceptees": null,
        "prises electiques ": null,
        "barrieres": null,
        "eclairage": null,
        "station essence": "1",
        "Hotel": null,
        "assistance medical": null,
        "Restaurant": "1",
        "toilette": "1",
        "atelier de reparation": null,
        "lavage auto": null,
        "camera": null
      }
    },
    {
      "type": "Feature",
      "geometry": {
        "type": "Point",
        "coordinates": [
          2.9896590074097,
          43.162263930563
        ]
      },
      "properties": {
        "Nom": "Euro Trucks Services",
        "Pays": "France",
        "Adresse": "Avenue des etangs",
        "Route": "Avenue des etangs",
        "garde 24/24": null,
        "marchandise dangereuse acceptees": null,
        "prises electiques ": null,
        "barrieres": null,
        "eclairage": null,
        "station essence": "1",
        "Hotel": null,
        "assistance medical": null,
        "Restaurant": "1",
        "toilette": "1",
        "atelier de reparation": null,
        "lavage auto": "1",
        "camera": null
      }
    },
    {
      "type": "Feature",
      "geometry": {
        "type": "Point",
        "coordinates": [
          -1.7760729789734,
          43.346247310084
        ]
      },
      "properties": {
        "Nom": "Ex Auto port",
        "Pays": "France",
        "Adresse": "8 Rue de l'Autoport",
        "Route": null,
        "garde 24/24": null,
        "marchandise dangereuse acceptees": null,
        "prises electiques ": null,
        "barrieres": null,
        "eclairage": "1",
        "station essence": null,
        "Hotel": null,
        "assistance medical": null,
        "Restaurant": null,
        "toilette": null,
        "atelier de reparation": null,
        "lavage auto": null,
        "camera": null
      }
    },
    {
      "type": "Feature",
      "geometry": {
        "type": "Point",
        "coordinates": [
          -1.2439264587219,
          49.303353844175
        ]
      },
      "properties": {
        "Nom": "Gare",
        "Pays": "France",
        "Adresse": "2-10 Rue du Grand Valnoble",
        "Route": "Rue du Grand Valnoble",
        "garde 24/24": null,
        "marchandise dangereuse acceptees": null,
        "prises electiques ": null,
        "barrieres": "1",
        "eclairage": null,
        "station essence": null,
        "Hotel": null,
        "assistance medical": null,
        "Restaurant": null,
        "toilette": null,
        "atelier de reparation": null,
        "lavage auto": null,
        "camera": null
      }
    },
    {
      "type": "Feature",
      "geometry": {
        "type": "Point",
        "coordinates": [
          1.5890049934387,
          50.72267588472
        ]
      },
      "properties": {
        "Nom": "Gare de Maree",
        "Pays": "France",
        "Adresse": null,
        "Route": "N1",
        "garde 24/24": null,
        "marchandise dangereuse acceptees": null,
        "prises electiques ": null,
        "barrieres": null,
        "eclairage": null,
        "station essence": null,
        "Hotel": null,
        "assistance medical": null,
        "Restaurant": null,
        "toilette": null,
        "atelier de reparation": null,
        "lavage auto": null,
        "camera": null
      }
    },
    {
      "type": "Feature",
      "geometry": {
        "type": "Point",
        "coordinates": [
          1.6006350517273,
          50.71055711669
        ]
      },
      "properties": {
        "Nom": "Garromanche",
        "Pays": "France",
        "Adresse": "1 Rue Roger Salengro",
        "Route": "1 Rue Roger Salengro",
        "garde 24/24": null,
        "marchandise dangereuse acceptees": null,
        "prises electiques ": null,
        "barrieres": null,
        "eclairage": "1",
        "station essence": null,
        "Hotel": null,
        "assistance medical": null,
        "Restaurant": null,
        "toilette": null,
        "atelier de reparation": null,
        "lavage auto": null,
        "camera": null
      }
    },
    {
      "type": "Feature",
      "geometry": {
        "type": "Point",
        "coordinates": [
          6.7291688919067,
          47.443298290147
        ]
      },
      "properties": {
        "Nom": "Germershaim",
        "Pays": "France",
        "Adresse": null,
        "Route": null,
        "garde 24/24": "1",
        "marchandise dangereuse acceptees": null,
        "prises electiques ": null,
        "barrieres": null,
        "eclairage": "1",
        "station essence": "1",
        "Hotel": "1",
        "assistance medical": null,
        "Restaurant": "1",
        "toilette": "1",
        "atelier de reparation": "1",
        "lavage auto": "1",
        "camera": "1"
      }
    },
    {
      "type": "Feature",
      "geometry": {
        "type": "Point",
        "coordinates": [
          -0.95470547676086,
          48.983909331884
        ]
      },
      "properties": {
        "Nom": "Guilberville",
        "Pays": "France",
        "Adresse": "D974",
        "Route": "A84/E3 - Exit 40",
        "garde 24/24": null,
        "marchandise dangereuse acceptees": null,
        "prises electiques ": null,
        "barrieres": null,
        "eclairage": null,
        "station essence": "1",
        "Hotel": "1",
        "assistance medical": null,
        "Restaurant": "1",
        "toilette": "1",
        "atelier de reparation": null,
        "lavage auto": null,
        "camera": null
      }
    },
    {
      "type": "Feature",
      "geometry": {
        "type": "Point",
        "coordinates": [
          -0.94372987747192,
          48.967944775339
        ]
      },
      "properties": {
        "Nom": "Guilberville - Le poteau",
        "Pays": "France",
        "Adresse": "D975 Le Poteau 6",
        "Route": "A84/E3 - Exit 40",
        "garde 24/24": null,
        "marchandise dangereuse acceptees": null,
        "prises electiques ": null,
        "barrieres": null,
        "eclairage": null,
        "station essence": null,
        "Hotel": null,
        "assistance medical": null,
        "Restaurant": "1",
        "toilette": "1",
        "atelier de reparation": null,
        "lavage auto": null,
        "camera": null
      }
    },
    {
      "type": "Feature",
      "geometry": {
        "type": "Point",
        "coordinates": [
          1.8099224567413,
          50.172567291625
        ]
      },
      "properties": {
        "Nom": "Hautvillers-Ouville",
        "Pays": "France",
        "Adresse": "Route Nationale D1001",
        "Route": "D1001",
        "garde 24/24": null,
        "marchandise dangereuse acceptees": null,
        "prises electiques ": null,
        "barrieres": null,
        "eclairage": null,
        "station essence": null,
        "Hotel": null,
        "assistance medical": null,
        "Restaurant": "1",
        "toilette": null,
        "atelier de reparation": null,
        "lavage auto": null,
        "camera": null
      }
    },
    {
      "type": "Feature",
      "geometry": {
        "type": "Point",
        "coordinates": [
          1.4866411685944,
          46.442766077301
        ]
      },
      "properties": {
        "Nom": "Hotel restaurant le relais des cinq routes",
        "Pays": "France",
        "Adresse": "Les Cinq Routes",
        "Route": "D5 / D36",
        "garde 24/24": null,
        "marchandise dangereuse acceptees": null,
        "prises electiques ": null,
        "barrieres": null,
        "eclairage": "1",
        "station essence": null,
        "Hotel": "1",
        "assistance medical": null,
        "Restaurant": "1",
        "toilette": "1",
        "atelier de reparation": null,
        "lavage auto": null,
        "camera": null
      }
    },
    {
      "type": "Feature",
      "geometry": {
        "type": "Point",
        "coordinates": [
          4.3400137144401,
          43.812596847509
        ]
      },
      "properties": {
        "Nom": "Kilometre Delta II, Centre routier",
        "Pays": "France",
        "Adresse": "Rue Rudolf Diesel",
        "Route": "Rue Rudolf Diesel",
        "garde 24/24": "1",
        "marchandise dangereuse acceptees": null,
        "prises electiques ": null,
        "barrieres": null,
        "eclairage": "1",
        "station essence": null,
        "Hotel": null,
        "assistance medical": null,
        "Restaurant": "1",
        "toilette": null,
        "atelier de reparation": null,
        "lavage auto": null,
        "camera": null
      }
    },
    {
      "type": "Feature",
      "geometry": {
        "type": "Point",
        "coordinates": [
          2.050864,
          47.347925
        ]
      },
      "properties": {
        "Nom": "La Loge - AVIA Service Station - Avia",
        "Pays": "France",
        "Adresse": "La Loge",
        "Route": "A71",
        "garde 24/24": null,
        "marchandise dangereuse acceptees": null,
        "prises electiques ": null,
        "barrieres": null,
        "eclairage": "1",
        "station essence": "1",
        "Hotel": null,
        "assistance medical": null,
        "Restaurant": "1",
        "toilette": "1",
        "atelier de reparation": null,
        "lavage auto": null,
        "camera": "1"
      }
    },
    {
      "type": "Feature",
      "geometry": {
        "type": "Point",
        "coordinates": [
          2.4582989833586,
          44.914240401823
        ]
      },
      "properties": {
        "Nom": "La Sabliere",
        "Pays": "France",
        "Adresse": "Avenue Georges Pompidou",
        "Route": "N122",
        "garde 24/24": null,
        "marchandise dangereuse acceptees": null,
        "prises electiques ": null,
        "barrieres": null,
        "eclairage": "1",
        "station essence": null,
        "Hotel": null,
        "assistance medical": null,
        "Restaurant": null,
        "toilette": null,
        "atelier de reparation": null,
        "lavage auto": null,
        "camera": null
      }
    },
    {
      "type": "Feature",
      "geometry": {
        "type": "Point",
        "coordinates": [
          1.0338950157166,
          49.404153114831
        ]
      },
      "properties": {
        "Nom": "Le Grand-Quevilly",
        "Pays": "France",
        "Adresse": "Av. General Leclerc 101-103",
        "Route": "N338 - Exit on D3",
        "garde 24/24": null,
        "marchandise dangereuse acceptees": null,
        "prises electiques ": null,
        "barrieres": null,
        "eclairage": null,
        "station essence": null,
        "Hotel": null,
        "assistance medical": null,
        "Restaurant": "1",
        "toilette": null,
        "atelier de reparation": null,
        "lavage auto": null,
        "camera": null
      }
    },
    {
      "type": "Feature",
      "geometry": {
        "type": "Point",
        "coordinates": [
          3.44034075737,
          49.449957704225
        ]
      },
      "properties": {
        "Nom": "le moulin de Laffaux",
        "Pays": "France",
        "Adresse": "Rue du Moulin",
        "Route": "N2",
        "garde 24/24": null,
        "marchandise dangereuse acceptees": "1",
        "prises electiques ": null,
        "barrieres": null,
        "eclairage": null,
        "station essence": null,
        "Hotel": null,
        "assistance medical": null,
        "Restaurant": "1",
        "toilette": "1",
        "atelier de reparation": null,
        "lavage auto": null,
        "camera": null
      }
    },
    {
      "type": "Feature",
      "geometry": {
        "type": "Point",
        "coordinates": [
          -1.6971409320831,
          48.069687152585
        ]
      },
      "properties": {
        "Nom": "Le Vallon",
        "Pays": "France",
        "Adresse": "Le Vallon",
        "Route": "N136/E3 - Exit 7 on D837",
        "garde 24/24": null,
        "marchandise dangereuse acceptees": null,
        "prises electiques ": null,
        "barrieres": null,
        "eclairage": null,
        "station essence": null,
        "Hotel": null,
        "assistance medical": null,
        "Restaurant": "1",
        "toilette": "1",
        "atelier de reparation": null,
        "lavage auto": null,
        "camera": null
      }
    },
    {
      "type": "Feature",
      "geometry": {
        "type": "Point",
        "coordinates": [
          2.4967955657455,
          49.287047904192
        ]
      },
      "properties": {
        "Nom": "Leabi",
        "Pays": "France",
        "Adresse": "8 Rue du Liberator",
        "Route": null,
        "garde 24/24": null,
        "marchandise dangereuse acceptees": null,
        "prises electiques ": null,
        "barrieres": null,
        "eclairage": "1",
        "station essence": "1",
        "Hotel": null,
        "assistance medical": null,
        "Restaurant": "1",
        "toilette": "1",
        "atelier de reparation": null,
        "lavage auto": "1",
        "camera": "1"
      }
    },
    {
      "type": "Feature",
      "geometry": {
        "type": "Point",
        "coordinates": [
          -1.1361543782349,
          48.0767842865
        ]
      },
      "properties": {
        "Nom": "Les branchettes",
        "Pays": "France",
        "Adresse": "La Branchette",
        "Route": "Les Branchettes",
        "garde 24/24": null,
        "marchandise dangereuse acceptees": "1",
        "prises electiques ": null,
        "barrieres": null,
        "eclairage": "1",
        "station essence": "1",
        "Hotel": null,
        "assistance medical": null,
        "Restaurant": "1",
        "toilette": "1",
        "atelier de reparation": null,
        "lavage auto": null,
        "camera": "1"
      }
    },
    {
      "type": "Feature",
      "geometry": {
        "type": "Point",
        "coordinates": [
          1.3642358779907,
          49.694655500407
        ]
      },
      "properties": {
        "Nom": "Les Hayons",
        "Pays": "France",
        "Adresse": "D915 - Les Hayons",
        "Route": "A28/E402 - Exit 10",
        "garde 24/24": null,
        "marchandise dangereuse acceptees": null,
        "prises electiques ": null,
        "barrieres": null,
        "eclairage": null,
        "station essence": null,
        "Hotel": null,
        "assistance medical": null,
        "Restaurant": "1",
        "toilette": null,
        "atelier de reparation": null,
        "lavage auto": null,
        "camera": null
      }
    },
    {
      "type": "Feature",
      "geometry": {
        "type": "Point",
        "coordinates": [
          -0.87553271003412,
          47.073968174214
        ]
      },
      "properties": {
        "Nom": "Les prairies",
        "Pays": "France",
        "Adresse": "Boulevard du Pont de Pierre 3",
        "Route": null,
        "garde 24/24": null,
        "marchandise dangereuse acceptees": null,
        "prises electiques ": null,
        "barrieres": null,
        "eclairage": "1",
        "station essence": null,
        "Hotel": null,
        "assistance medical": null,
        "Restaurant": "1",
        "toilette": "1",
        "atelier de reparation": null,
        "lavage auto": null,
        "camera": null
      }
    },
    {
      "type": "Feature",
      "geometry": {
        "type": "Point",
        "coordinates": [
          0.53704443653646,
          49.497984019193
        ]
      },
      "properties": {
        "Nom": "Lillebonne truck parking",
        "Pays": "France",
        "Adresse": "114 Route de Port Jerôme",
        "Route": "D173 / D81",
        "garde 24/24": null,
        "marchandise dangereuse acceptees": "1",
        "prises electiques ": null,
        "barrieres": "1",
        "eclairage": "1",
        "station essence": null,
        "Hotel": null,
        "assistance medical": null,
        "Restaurant": "1",
        "toilette": null,
        "atelier de reparation": null,
        "lavage auto": null,
        "camera": null
      }
    },
    {
      "type": "Feature",
      "geometry": {
        "type": "Point",
        "coordinates": [
          4.8464941978455,
          46.754063949273
        ]
      },
      "properties": {
        "Nom": "LUX - RTE N 6",
        "Pays": "France",
        "Adresse": "Route de Lyon",
        "Route": "N6",
        "garde 24/24": null,
        "marchandise dangereuse acceptees": null,
        "prises electiques ": null,
        "barrieres": null,
        "eclairage": "1",
        "station essence": "1",
        "Hotel": null,
        "assistance medical": null,
        "Restaurant": "1",
        "toilette": null,
        "atelier de reparation": null,
        "lavage auto": null,
        "camera": null
      }
    },
    {
      "type": "Feature",
      "geometry": {
        "type": "Point",
        "coordinates": [
          1.9279932975769,
          50.940393085455
        ]
      },
      "properties": {
        "Nom": "Marck",
        "Pays": "France",
        "Adresse": null,
        "Route": null,
        "garde 24/24": "1",
        "marchandise dangereuse acceptees": null,
        "prises electiques ": null,
        "barrieres": "1",
        "eclairage": "1",
        "station essence": null,
        "Hotel": null,
        "assistance medical": null,
        "Restaurant": null,
        "toilette": "1",
        "atelier de reparation": null,
        "lavage auto": "1",
        "camera": "1"
      }
    },
    {
      "type": "Feature",
      "geometry": {
        "type": "Point",
        "coordinates": [
          -4.291325211525,
          48.48921221336
        ]
      },
      "properties": {
        "Nom": "Mescoden",
        "Pays": "France",
        "Adresse": "Rue Clement Ader 1-3",
        "Route": "N12/E50 - Exit Saint-Eloi",
        "garde 24/24": null,
        "marchandise dangereuse acceptees": null,
        "prises electiques ": null,
        "barrieres": null,
        "eclairage": null,
        "station essence": null,
        "Hotel": null,
        "assistance medical": null,
        "Restaurant": "1",
        "toilette": "1",
        "atelier de reparation": null,
        "lavage auto": null,
        "camera": null
      }
    },
    {
      "type": "Feature",
      "geometry": {
        "type": "Point",
        "coordinates": [
          0.20003634821046,
          46.358990714605
        ]
      },
      "properties": {
        "Nom": "Minieres de Payre.",
        "Pays": "France",
        "Adresse": null,
        "Route": "D97 off N10",
        "garde 24/24": null,
        "marchandise dangereuse acceptees": null,
        "prises electiques ": null,
        "barrieres": null,
        "eclairage": "1",
        "station essence": "1",
        "Hotel": null,
        "assistance medical": null,
        "Restaurant": "1",
        "toilette": "1",
        "atelier de reparation": null,
        "lavage auto": null,
        "camera": null
      }
    },
    {
      "type": "Feature",
      "geometry": {
        "type": "Point",
        "coordinates": [
          2.1947550773621,
          51.000050389642
        ]
      },
      "properties": {
        "Nom": "MooCoo TruckStop - MooCoo",
        "Pays": "France",
        "Adresse": "Rte des Ameriques",
        "Route": "A16",
        "garde 24/24": "1",
        "marchandise dangereuse acceptees": "1",
        "prises electiques ": null,
        "barrieres": "1",
        "eclairage": "1",
        "station essence": null,
        "Hotel": null,
        "assistance medical": "1",
        "Restaurant": null,
        "toilette": "1",
        "atelier de reparation": null,
        "lavage auto": null,
        "camera": "1"
      }
    },
    {
      "type": "Feature",
      "geometry": {
        "type": "Point",
        "coordinates": [
          4.8620810939179,
          46.797836616248
        ]
      },
      "properties": {
        "Nom": "Name not available",
        "Pays": "France",
        "Adresse": "Avenue John Fitzgerald Kennedy",
        "Route": "D5.",
        "garde 24/24": null,
        "marchandise dangereuse acceptees": null,
        "prises electiques ": null,
        "barrieres": null,
        "eclairage": null,
        "station essence": null,
        "Hotel": null,
        "assistance medical": null,
        "Restaurant": null,
        "toilette": null,
        "atelier de reparation": null,
        "lavage auto": null,
        "camera": null
      }
    },
    {
      "type": "Feature",
      "geometry": {
        "type": "Point",
        "coordinates": [
          -1.5002749,
          48.2238605
        ]
      },
      "properties": {
        "Nom": "No name",
        "Pays": "France",
        "Adresse": "D92",
        "Route": "D92",
        "garde 24/24": null,
        "marchandise dangereuse acceptees": null,
        "prises electiques ": null,
        "barrieres": null,
        "eclairage": null,
        "station essence": "1",
        "Hotel": null,
        "assistance medical": null,
        "Restaurant": "1",
        "toilette": null,
        "atelier de reparation": null,
        "lavage auto": null,
        "camera": null
      }
    },
    {
      "type": "Feature",
      "geometry": {
        "type": "Point",
        "coordinates": [
          5.7241544999999,
          45.0912131
        ]
      },
      "properties": {
        "Nom": "No name",
        "Pays": "France",
        "Adresse": "441 Route Napoleon",
        "Route": "N85",
        "garde 24/24": null,
        "marchandise dangereuse acceptees": null,
        "prises electiques ": null,
        "barrieres": null,
        "eclairage": null,
        "station essence": null,
        "Hotel": null,
        "assistance medical": null,
        "Restaurant": null,
        "toilette": null,
        "atelier de reparation": null,
        "lavage auto": null,
        "camera": null
      }
    },
    {
      "type": "Feature",
      "geometry": {
        "type": "Point",
        "coordinates": [
          -1.5774102,
          48.1160532
        ]
      },
      "properties": {
        "Nom": "No name",
        "Pays": "France",
        "Adresse": "62 Rue de la Rigourdiere",
        "Route": "N136",
        "garde 24/24": null,
        "marchandise dangereuse acceptees": null,
        "prises electiques ": null,
        "barrieres": null,
        "eclairage": null,
        "station essence": "1",
        "Hotel": null,
        "assistance medical": null,
        "Restaurant": "1",
        "toilette": null,
        "atelier de reparation": null,
        "lavage auto": null,
        "camera": null
      }
    },
    {
      "type": "Feature",
      "geometry": {
        "type": "Point",
        "coordinates": [
          3.8388955593109,
          49.999317449589
        ]
      },
      "properties": {
        "Nom": "No name.",
        "Pays": "France",
        "Adresse": null,
        "Route": null,
        "garde 24/24": null,
        "marchandise dangereuse acceptees": null,
        "prises electiques ": null,
        "barrieres": null,
        "eclairage": null,
        "station essence": null,
        "Hotel": "1",
        "assistance medical": null,
        "Restaurant": "1",
        "toilette": null,
        "atelier de reparation": null,
        "lavage auto": null,
        "camera": null
      }
    },
    {
      "type": "Feature",
      "geometry": {
        "type": "Point",
        "coordinates": [
          5.2618771948607,
          46.170217860985
        ]
      },
      "properties": {
        "Nom": "Noirefontaine",
        "Pays": "France",
        "Adresse": null,
        "Route": "D1075",
        "garde 24/24": null,
        "marchandise dangereuse acceptees": null,
        "prises electiques ": null,
        "barrieres": null,
        "eclairage": "1",
        "station essence": null,
        "Hotel": null,
        "assistance medical": null,
        "Restaurant": null,
        "toilette": null,
        "atelier de reparation": null,
        "lavage auto": null,
        "camera": null
      }
    },
    {
      "type": "Feature",
      "geometry": {
        "type": "Point",
        "coordinates": [
          2.2867548465729,
          49.944806262419
        ]
      },
      "properties": {
        "Nom": "ame",
        "Pays": "France",
        "Adresse": null,
        "Route": null,
        "garde 24/24": null,
        "marchandise dangereuse acceptees": null,
        "prises electiques ": null,
        "barrieres": null,
        "eclairage": "1",
        "station essence": null,
        "Hotel": null,
        "assistance medical": null,
        "Restaurant": null,
        "toilette": null,
        "atelier de reparation": null,
        "lavage auto": null,
        "camera": null
      }
    },
    {
      "type": "Feature",
      "geometry": {
        "type": "Point",
        "coordinates": [
          2.3692128248535,
          48.729087556758
        ]
      },
      "properties": {
        "Nom": "Orly sud",
        "Pays": "France",
        "Adresse": "473 Avenue Sud",
        "Route": null,
        "garde 24/24": null,
        "marchandise dangereuse acceptees": null,
        "prises electiques ": null,
        "barrieres": null,
        "eclairage": "1",
        "station essence": "1",
        "Hotel": null,
        "assistance medical": null,
        "Restaurant": null,
        "toilette": null,
        "atelier de reparation": null,
        "lavage auto": null,
        "camera": "1"
      }
    },
    {
      "type": "Feature",
      "geometry": {
        "type": "Point",
        "coordinates": [
          3.1694233535982,
          48.1622452666
        ]
      },
      "properties": {
        "Nom": "Parcare camioane",
        "Pays": "France",
        "Adresse": null,
        "Route": "D369",
        "garde 24/24": null,
        "marchandise dangereuse acceptees": null,
        "prises electiques ": null,
        "barrieres": null,
        "eclairage": null,
        "station essence": null,
        "Hotel": null,
        "assistance medical": null,
        "Restaurant": null,
        "toilette": null,
        "atelier de reparation": null,
        "lavage auto": null,
        "camera": null
      }
    },
    {
      "type": "Feature",
      "geometry": {
        "type": "Point",
        "coordinates": [
          5.2292918000001,
          47.7975699
        ]
      },
      "properties": {
        "Nom": "Park +",
        "Pays": "France",
        "Adresse": null,
        "Route": null,
        "garde 24/24": "1",
        "marchandise dangereuse acceptees": null,
        "prises electiques ": null,
        "barrieres": null,
        "eclairage": "1",
        "station essence": null,
        "Hotel": "1",
        "assistance medical": null,
        "Restaurant": "1",
        "toilette": null,
        "atelier de reparation": null,
        "lavage auto": null,
        "camera": "1"
      }
    },
    {
      "type": "Feature",
      "geometry": {
        "type": "Point",
        "coordinates": [
          5.2235269546509,
          47.812765448494
        ]
      },
      "properties": {
        "Nom": "Park+  - Park +",
        "Pays": "France",
        "Adresse": null,
        "Route": "A 31 / E17 / E21",
        "garde 24/24": null,
        "marchandise dangereuse acceptees": null,
        "prises electiques ": null,
        "barrieres": "1",
        "eclairage": null,
        "station essence": null,
        "Hotel": null,
        "assistance medical": null,
        "Restaurant": "1",
        "toilette": "1",
        "atelier de reparation": null,
        "lavage auto": null,
        "camera": "1"
      }
    },
    {
      "type": "Feature",
      "geometry": {
        "type": "Point",
        "coordinates": [
          2.6296806335449,
          48.615434610749
        ]
      },
      "properties": {
        "Nom": "Park+ de Paris sud Est - Park+",
        "Pays": "France",
        "Adresse": null,
        "Route": "A5B",
        "garde 24/24": "1",
        "marchandise dangereuse acceptees": "1",
        "prises electiques ": null,
        "barrieres": "1",
        "eclairage": "1",
        "station essence": null,
        "Hotel": null,
        "assistance medical": null,
        "Restaurant": "1",
        "toilette": "1",
        "atelier de reparation": null,
        "lavage auto": null,
        "camera": "1"
      }
    },
    {
      "type": "Feature",
      "geometry": {
        "type": "Point",
        "coordinates": [
          7.5096395324952,
          47.776873993615
        ]
      },
      "properties": {
        "Nom": "Park. de la plateforme douaniere & autorout",
        "Pays": "France",
        "Adresse": "La Comtoise",
        "Route": "A36 / E60 / E54.",
        "garde 24/24": null,
        "marchandise dangereuse acceptees": null,
        "prises electiques ": null,
        "barrieres": null,
        "eclairage": "1",
        "station essence": null,
        "Hotel": null,
        "assistance medical": null,
        "Restaurant": null,
        "toilette": null,
        "atelier de reparation": null,
        "lavage auto": null,
        "camera": null
      }
    },
    {
      "type": "Feature",
      "geometry": {
        "type": "Point",
        "coordinates": [
          7.5650203227997,
          47.576764558131
        ]
      },
      "properties": {
        "Nom": "Park. de la plateforme douaniere & autorout",
        "Pays": "France",
        "Adresse": null,
        "Route": null,
        "garde 24/24": null,
        "marchandise dangereuse acceptees": null,
        "prises electiques ": null,
        "barrieres": null,
        "eclairage": "1",
        "station essence": null,
        "Hotel": null,
        "assistance medical": null,
        "Restaurant": null,
        "toilette": null,
        "atelier de reparation": null,
        "lavage auto": null,
        "camera": null
      }
    },
    {
      "type": "Feature",
      "geometry": {
        "type": "Point",
        "coordinates": [
          1.2246008766907,
          49.195210366669
        ]
      },
      "properties": {
        "Nom": "Parkcase",
        "Pays": "France",
        "Adresse": "Route de Louvier 2",
        "Route": "D6155",
        "garde 24/24": null,
        "marchandise dangereuse acceptees": null,
        "prises electiques ": null,
        "barrieres": "1",
        "eclairage": "1",
        "station essence": null,
        "Hotel": null,
        "assistance medical": null,
        "Restaurant": "1",
        "toilette": "1",
        "atelier de reparation": null,
        "lavage auto": null,
        "camera": "1"
      }
    },
    {
      "type": "Feature",
      "geometry": {
        "type": "Point",
        "coordinates": [
          2.697958946228,
          49.063715992092
        ]
      },
      "properties": {
        "Nom": "Parking",
        "Pays": "France",
        "Adresse": "Rue Clement Ader",
        "Route": null,
        "garde 24/24": null,
        "marchandise dangereuse acceptees": null,
        "prises electiques ": null,
        "barrieres": null,
        "eclairage": "1",
        "station essence": "1",
        "Hotel": null,
        "assistance medical": null,
        "Restaurant": "1",
        "toilette": null,
        "atelier de reparation": null,
        "lavage auto": "1",
        "camera": null
      }
    },
    {
      "type": "Feature",
      "geometry": {
        "type": "Point",
        "coordinates": [
          6.6634976863861,
          45.921445648117
        ]
      },
      "properties": {
        "Nom": "Parking",
        "Pays": "France",
        "Adresse": "Autoroute Blanche",
        "Route": "A40 / E25.",
        "garde 24/24": null,
        "marchandise dangereuse acceptees": null,
        "prises electiques ": null,
        "barrieres": "1",
        "eclairage": "1",
        "station essence": null,
        "Hotel": null,
        "assistance medical": null,
        "Restaurant": null,
        "toilette": null,
        "atelier de reparation": null,
        "lavage auto": null,
        "camera": null
      }
    },
    {
      "type": "Feature",
      "geometry": {
        "type": "Point",
        "coordinates": [
          -1.2132328748703,
          46.160461053752
        ]
      },
      "properties": {
        "Nom": "Parking",
        "Pays": "France",
        "Adresse": "154 Boulevard Emile Delmas",
        "Route": "154 Boulevard Emile Delmas",
        "garde 24/24": null,
        "marchandise dangereuse acceptees": null,
        "prises electiques ": null,
        "barrieres": null,
        "eclairage": "1",
        "station essence": null,
        "Hotel": null,
        "assistance medical": null,
        "Restaurant": null,
        "toilette": null,
        "atelier de reparation": null,
        "lavage auto": null,
        "camera": null
      }
    },
    {
      "type": "Feature",
      "geometry": {
        "type": "Point",
        "coordinates": [
          2.8440821266203,
          49.003553224134
        ]
      },
      "properties": {
        "Nom": "Parking",
        "Pays": "France",
        "Adresse": null,
        "Route": "N330",
        "garde 24/24": null,
        "marchandise dangereuse acceptees": null,
        "prises electiques ": null,
        "barrieres": null,
        "eclairage": null,
        "station essence": "1",
        "Hotel": null,
        "assistance medical": null,
        "Restaurant": "1",
        "toilette": "1",
        "atelier de reparation": null,
        "lavage auto": null,
        "camera": null
      }
    },
    {
      "type": "Feature",
      "geometry": {
        "type": "Point",
        "coordinates": [
          3.929682970047,
          43.583995283984
        ]
      },
      "properties": {
        "Nom": "Parking",
        "Pays": "France",
        "Adresse": null,
        "Route": null,
        "garde 24/24": null,
        "marchandise dangereuse acceptees": null,
        "prises electiques ": null,
        "barrieres": null,
        "eclairage": null,
        "station essence": null,
        "Hotel": null,
        "assistance medical": null,
        "Restaurant": null,
        "toilette": null,
        "atelier de reparation": null,
        "lavage auto": null,
        "camera": null
      }
    },
    {
      "type": "Feature",
      "geometry": {
        "type": "Point",
        "coordinates": [
          4.7629883350066,
          44.470531286387
        ]
      },
      "properties": {
        "Nom": "Parking",
        "Pays": "France",
        "Adresse": "Montchamp",
        "Route": "Montchamp",
        "garde 24/24": "1",
        "marchandise dangereuse acceptees": null,
        "prises electiques ": null,
        "barrieres": null,
        "eclairage": "1",
        "station essence": null,
        "Hotel": null,
        "assistance medical": null,
        "Restaurant": "1",
        "toilette": "1",
        "atelier de reparation": null,
        "lavage auto": null,
        "camera": "1"
      }
    },
    {
      "type": "Feature",
      "geometry": {
        "type": "Point",
        "coordinates": [
          0.23699998855591,
          46.407874672565
        ]
      },
      "properties": {
        "Nom": "Parking",
        "Pays": "France",
        "Adresse": null,
        "Route": "N10 & D27",
        "garde 24/24": null,
        "marchandise dangereuse acceptees": null,
        "prises electiques ": null,
        "barrieres": null,
        "eclairage": "1",
        "station essence": null,
        "Hotel": null,
        "assistance medical": null,
        "Restaurant": null,
        "toilette": null,
        "atelier de reparation": null,
        "lavage auto": null,
        "camera": null
      }
    },
    {
      "type": "Feature",
      "geometry": {
        "type": "Point",
        "coordinates": [
          6.5989442696269,
          46.046087754771
        ]
      },
      "properties": {
        "Nom": "Parking",
        "Pays": "France",
        "Adresse": null,
        "Route": "A40",
        "garde 24/24": null,
        "marchandise dangereuse acceptees": null,
        "prises electiques ": null,
        "barrieres": null,
        "eclairage": null,
        "station essence": null,
        "Hotel": null,
        "assistance medical": null,
        "Restaurant": null,
        "toilette": null,
        "atelier de reparation": null,
        "lavage auto": null,
        "camera": null
      }
    },
    {
      "type": "Feature",
      "geometry": {
        "type": "Point",
        "coordinates": [
          0.60407752698359,
          44.164981129552
        ]
      },
      "properties": {
        "Nom": "Parking",
        "Pays": "France",
        "Adresse": "Route de Condom",
        "Route": "D931",
        "garde 24/24": null,
        "marchandise dangereuse acceptees": null,
        "prises electiques ": null,
        "barrieres": null,
        "eclairage": null,
        "station essence": "1",
        "Hotel": null,
        "assistance medical": null,
        "Restaurant": null,
        "toilette": null,
        "atelier de reparation": null,
        "lavage auto": null,
        "camera": null
      }
    },
    {
      "type": "Feature",
      "geometry": {
        "type": "Point",
        "coordinates": [
          -2.0240566855667,
          48.642054746847
        ]
      },
      "properties": {
        "Nom": "Parking - Zone sous douane.",
        "Pays": "France",
        "Adresse": "Terre-Plein du Naye",
        "Route": null,
        "garde 24/24": null,
        "marchandise dangereuse acceptees": null,
        "prises electiques ": null,
        "barrieres": null,
        "eclairage": "1",
        "station essence": null,
        "Hotel": null,
        "assistance medical": null,
        "Restaurant": null,
        "toilette": null,
        "atelier de reparation": null,
        "lavage auto": null,
        "camera": null
      }
    },
    {
      "type": "Feature",
      "geometry": {
        "type": "Point",
        "coordinates": [
          2.8212010860443,
          42.521521904625
        ]
      },
      "properties": {
        "Nom": "Parking de l'autoport",
        "Pays": "France",
        "Adresse": "Autoport",
        "Route": null,
        "garde 24/24": "1",
        "marchandise dangereuse acceptees": null,
        "prises electiques ": "1",
        "barrieres": "1",
        "eclairage": "1",
        "station essence": "1",
        "Hotel": "1",
        "assistance medical": "1",
        "Restaurant": "1",
        "toilette": "1",
        "atelier de reparation": "1",
        "lavage auto": "1",
        "camera": "1"
      }
    },
    {
      "type": "Feature",
      "geometry": {
        "type": "Point",
        "coordinates": [
          4.3234634399414,
          49.03724900257
        ]
      },
      "properties": {
        "Nom": "Parking de la ZAM de La Veuve",
        "Pays": "France",
        "Adresse": "Rue de l'Aubepine",
        "Route": "D21.",
        "garde 24/24": null,
        "marchandise dangereuse acceptees": null,
        "prises electiques ": null,
        "barrieres": null,
        "eclairage": "1",
        "station essence": "1",
        "Hotel": null,
        "assistance medical": null,
        "Restaurant": "1",
        "toilette": null,
        "atelier de reparation": null,
        "lavage auto": null,
        "camera": null
      }
    },
    {
      "type": "Feature",
      "geometry": {
        "type": "Point",
        "coordinates": [
          7.381043534021,
          48.107043513094
        ]
      },
      "properties": {
        "Nom": "Parking de la ZI Nord",
        "Pays": "France",
        "Adresse": "Rue du Ladhof",
        "Route": "Rue du Ladhof.",
        "garde 24/24": null,
        "marchandise dangereuse acceptees": null,
        "prises electiques ": null,
        "barrieres": null,
        "eclairage": "1",
        "station essence": null,
        "Hotel": null,
        "assistance medical": null,
        "Restaurant": null,
        "toilette": null,
        "atelier de reparation": null,
        "lavage auto": null,
        "camera": null
      }
    },
    {
      "type": "Feature",
      "geometry": {
        "type": "Point",
        "coordinates": [
          4.8198974132538,
          46.283406438636
        ]
      },
      "properties": {
        "Nom": "Parking des douanes",
        "Pays": "France",
        "Adresse": "Quai Jouffroy d'Abbans",
        "Route": null,
        "garde 24/24": null,
        "marchandise dangereuse acceptees": null,
        "prises electiques ": null,
        "barrieres": null,
        "eclairage": "1",
        "station essence": null,
        "Hotel": null,
        "assistance medical": null,
        "Restaurant": null,
        "toilette": null,
        "atelier de reparation": null,
        "lavage auto": null,
        "camera": null
      }
    },
    {
      "type": "Feature",
      "geometry": {
        "type": "Point",
        "coordinates": [
          5.6450843811035,
          46.260853968888
        ]
      },
      "properties": {
        "Nom": "Parking du centre culturel",
        "Pays": "France",
        "Adresse": "Rue Capitaine Montreal",
        "Route": null,
        "garde 24/24": null,
        "marchandise dangereuse acceptees": null,
        "prises electiques ": null,
        "barrieres": null,
        "eclairage": "1",
        "station essence": null,
        "Hotel": null,
        "assistance medical": null,
        "Restaurant": null,
        "toilette": null,
        "atelier de reparation": null,
        "lavage auto": null,
        "camera": null
      }
    },
    {
      "type": "Feature",
      "geometry": {
        "type": "Point",
        "coordinates": [
          4.8651939000457,
          46.775772447068
        ]
      },
      "properties": {
        "Nom": "Parking du Centre routier",
        "Pays": "France",
        "Adresse": "Rue Rene Cassin 3-5",
        "Route": null,
        "garde 24/24": "1",
        "marchandise dangereuse acceptees": null,
        "prises electiques ": null,
        "barrieres": null,
        "eclairage": "1",
        "station essence": null,
        "Hotel": null,
        "assistance medical": null,
        "Restaurant": null,
        "toilette": null,
        "atelier de reparation": null,
        "lavage auto": null,
        "camera": "1"
      }
    },
    {
      "type": "Feature",
      "geometry": {
        "type": "Point",
        "coordinates": [
          7.0066690279862,
          47.506862810353
        ]
      },
      "properties": {
        "Nom": "Parking du Champ de foire",
        "Pays": "France",
        "Adresse": "Avenue du General de Gaulle",
        "Route": null,
        "garde 24/24": null,
        "marchandise dangereuse acceptees": null,
        "prises electiques ": null,
        "barrieres": null,
        "eclairage": "1",
        "station essence": null,
        "Hotel": null,
        "assistance medical": null,
        "Restaurant": null,
        "toilette": null,
        "atelier de reparation": null,
        "lavage auto": null,
        "camera": null
      }
    },
    {
      "type": "Feature",
      "geometry": {
        "type": "Point",
        "coordinates": [
          6.7921784052949,
          47.507171659306
        ]
      },
      "properties": {
        "Nom": "Parking du Champs de Foire",
        "Pays": "France",
        "Adresse": "Rue du Champ de Foire",
        "Route": "Rue du Champ de Foire",
        "garde 24/24": null,
        "marchandise dangereuse acceptees": null,
        "prises electiques ": null,
        "barrieres": null,
        "eclairage": "1",
        "station essence": null,
        "Hotel": null,
        "assistance medical": null,
        "Restaurant": null,
        "toilette": null,
        "atelier de reparation": null,
        "lavage auto": null,
        "camera": null
      }
    },
    {
      "type": "Feature",
      "geometry": {
        "type": "Point",
        "coordinates": [
          5.0464964946747,
          43.814931734273
        ]
      },
      "properties": {
        "Nom": "Parking du MIN",
        "Pays": "France",
        "Adresse": "Avenue Henri Dunant",
        "Route": null,
        "garde 24/24": null,
        "marchandise dangereuse acceptees": null,
        "prises electiques ": null,
        "barrieres": null,
        "eclairage": "1",
        "station essence": null,
        "Hotel": null,
        "assistance medical": null,
        "Restaurant": null,
        "toilette": null,
        "atelier de reparation": null,
        "lavage auto": null,
        "camera": null
      }
    },
    {
      "type": "Feature",
      "geometry": {
        "type": "Point",
        "coordinates": [
          6.2068462371826,
          48.67573109772
        ]
      },
      "properties": {
        "Nom": "Parking espace Stanislas-Meurthe",
        "Pays": "France",
        "Adresse": "Rue Marcel Brot",
        "Route": "Rue Marcel Brot",
        "garde 24/24": null,
        "marchandise dangereuse acceptees": null,
        "prises electiques ": null,
        "barrieres": null,
        "eclairage": "1",
        "station essence": null,
        "Hotel": null,
        "assistance medical": null,
        "Restaurant": null,
        "toilette": null,
        "atelier de reparation": null,
        "lavage auto": null,
        "camera": null
      }
    },
    {
      "type": "Feature",
      "geometry": {
        "type": "Point",
        "coordinates": [
          0.71614099999999,
          47.386441
        ]
      },
      "properties": {
        "Nom": "Parking gare Saint-Pierre-des-Corps",
        "Pays": "France",
        "Adresse": "79 rue des Ateliers",
        "Route": null,
        "garde 24/24": "1",
        "marchandise dangereuse acceptees": null,
        "prises electiques ": null,
        "barrieres": "1",
        "eclairage": "1",
        "station essence": null,
        "Hotel": null,
        "assistance medical": null,
        "Restaurant": null,
        "toilette": "1",
        "atelier de reparation": null,
        "lavage auto": null,
        "camera": "1"
      }
    },
    {
      "type": "Feature",
      "geometry": {
        "type": "Point",
        "coordinates": [
          2.848703,
          42.685144
        ]
      },
      "properties": {
        "Nom": "Parking Payant du Marche International St Charles",
        "Pays": "France",
        "Adresse": "Saint-Charles",
        "Route": "Saint-Charles",
        "garde 24/24": "1",
        "marchandise dangereuse acceptees": null,
        "prises electiques ": null,
        "barrieres": null,
        "eclairage": "1",
        "station essence": null,
        "Hotel": null,
        "assistance medical": null,
        "Restaurant": null,
        "toilette": null,
        "atelier de reparation": null,
        "lavage auto": null,
        "camera": null
      }
    },
    {
      "type": "Feature",
      "geometry": {
        "type": "Point",
        "coordinates": [
          5.5356502532959,
          46.677489232101
        ]
      },
      "properties": {
        "Nom": "Parking Place du Marechal Juin",
        "Pays": "France",
        "Adresse": "27 Chemin des Crocheres",
        "Route": null,
        "garde 24/24": null,
        "marchandise dangereuse acceptees": null,
        "prises electiques ": null,
        "barrieres": null,
        "eclairage": "1",
        "station essence": null,
        "Hotel": null,
        "assistance medical": null,
        "Restaurant": null,
        "toilette": null,
        "atelier de reparation": null,
        "lavage auto": null,
        "camera": null
      }
    },
    {
      "type": "Feature",
      "geometry": {
        "type": "Point",
        "coordinates": [
          2.691650390625,
          49.321094036976
        ]
      },
      "properties": {
        "Nom": "Parking poids lourd SANEF",
        "Pays": "France",
        "Adresse": null,
        "Route": "A1 / D200",
        "garde 24/24": null,
        "marchandise dangereuse acceptees": "1",
        "prises electiques ": null,
        "barrieres": "1",
        "eclairage": "1",
        "station essence": "1",
        "Hotel": null,
        "assistance medical": null,
        "Restaurant": null,
        "toilette": "1",
        "atelier de reparation": null,
        "lavage auto": null,
        "camera": "1"
      }
    },
    {
      "type": "Feature",
      "geometry": {
        "type": "Point",
        "coordinates": [
          1.8704638427275,
          50.973819104343
        ]
      },
      "properties": {
        "Nom": "Parking sur terminal Trans-Manche.",
        "Pays": "France",
        "Adresse": "Quai en Eau Profonde",
        "Route": "Quai en Eau Profonde",
        "garde 24/24": "1",
        "marchandise dangereuse acceptees": null,
        "prises electiques ": null,
        "barrieres": "1",
        "eclairage": "1",
        "station essence": null,
        "Hotel": null,
        "assistance medical": null,
        "Restaurant": null,
        "toilette": null,
        "atelier de reparation": null,
        "lavage auto": null,
        "camera": null
      }
    },
    {
      "type": "Feature",
      "geometry": {
        "type": "Point",
        "coordinates": [
          7.7853959798812,
          48.525760029647
        ]
      },
      "properties": {
        "Nom": "Parking TIR",
        "Pays": "France",
        "Adresse": "8 Rue de Bayonne",
        "Route": null,
        "garde 24/24": null,
        "marchandise dangereuse acceptees": null,
        "prises electiques ": null,
        "barrieres": null,
        "eclairage": "1",
        "station essence": "1",
        "Hotel": null,
        "assistance medical": null,
        "Restaurant": "1",
        "toilette": "1",
        "atelier de reparation": null,
        "lavage auto": null,
        "camera": null
      }
    },
    {
      "type": "Feature",
      "geometry": {
        "type": "Point",
        "coordinates": [
          -2.868504524231,
          48.061216761102
        ]
      },
      "properties": {
        "Nom": "Parking TIR",
        "Pays": "France",
        "Adresse": null,
        "Route": null,
        "garde 24/24": null,
        "marchandise dangereuse acceptees": null,
        "prises electiques ": null,
        "barrieres": null,
        "eclairage": "1",
        "station essence": null,
        "Hotel": null,
        "assistance medical": null,
        "Restaurant": null,
        "toilette": "1",
        "atelier de reparation": null,
        "lavage auto": null,
        "camera": null
      }
    },
    {
      "type": "Feature",
      "geometry": {
        "type": "Point",
        "coordinates": [
          4.8000597953796,
          46.27579852037
        ]
      },
      "properties": {
        "Nom": "Parking Varennes-les-Mâcon",
        "Pays": "France",
        "Adresse": null,
        "Route": "D906",
        "garde 24/24": null,
        "marchandise dangereuse acceptees": null,
        "prises electiques ": null,
        "barrieres": null,
        "eclairage": "1",
        "station essence": "1",
        "Hotel": null,
        "assistance medical": null,
        "Restaurant": "1",
        "toilette": null,
        "atelier de reparation": null,
        "lavage auto": null,
        "camera": null
      }
    },
    {
      "type": "Feature",
      "geometry": {
        "type": "Point",
        "coordinates": [
          -0.45702695846558,
          43.357660874326
        ]
      },
      "properties": {
        "Nom": "Parking.",
        "Pays": "France",
        "Adresse": "La Pyreneenne",
        "Route": "A64 / E80",
        "garde 24/24": null,
        "marchandise dangereuse acceptees": null,
        "prises electiques ": null,
        "barrieres": null,
        "eclairage": "1",
        "station essence": null,
        "Hotel": null,
        "assistance medical": null,
        "Restaurant": null,
        "toilette": null,
        "atelier de reparation": null,
        "lavage auto": null,
        "camera": null
      }
    },
    {
      "type": "Feature",
      "geometry": {
        "type": "Point",
        "coordinates": [
          2.8530214,
          42.683177
        ]
      },
      "properties": {
        "Nom": "perpignan parking lidl bolt.",
        "Pays": "France",
        "Adresse": "12, Rue de Seville",
        "Route": null,
        "garde 24/24": null,
        "marchandise dangereuse acceptees": null,
        "prises electiques ": null,
        "barrieres": null,
        "eclairage": null,
        "station essence": null,
        "Hotel": null,
        "assistance medical": null,
        "Restaurant": "1",
        "toilette": "1",
        "atelier de reparation": null,
        "lavage auto": null,
        "camera": null
      }
    },
    {
      "type": "Feature",
      "geometry": {
        "type": "Point",
        "coordinates": [
          -2.9717481136322,
          48.531448675815
        ]
      },
      "properties": {
        "Nom": "Plouagat",
        "Pays": "France",
        "Adresse": "D7",
        "Route": "N12/E50 - Exit Plouagat D7.",
        "garde 24/24": null,
        "marchandise dangereuse acceptees": null,
        "prises electiques ": null,
        "barrieres": null,
        "eclairage": null,
        "station essence": "1",
        "Hotel": "1",
        "assistance medical": null,
        "Restaurant": "1",
        "toilette": "1",
        "atelier de reparation": null,
        "lavage auto": null,
        "camera": null
      }
    },
    {
      "type": "Feature",
      "geometry": {
        "type": "Point",
        "coordinates": [
          -1.3816702365875,
          48.607634325061
        ]
      },
      "properties": {
        "Nom": "Precey",
        "Pays": "France",
        "Adresse": "Voie de la Liberte 30",
        "Route": "A84/E3 - Exit 34",
        "garde 24/24": null,
        "marchandise dangereuse acceptees": null,
        "prises electiques ": null,
        "barrieres": null,
        "eclairage": null,
        "station essence": null,
        "Hotel": null,
        "assistance medical": null,
        "Restaurant": "1",
        "toilette": "1",
        "atelier de reparation": null,
        "lavage auto": null,
        "camera": null
      }
    },
    {
      "type": "Feature",
      "geometry": {
        "type": "Point",
        "coordinates": [
          4.8795647242538,
          46.607192645888
        ]
      },
      "properties": {
        "Nom": "Private parking",
        "Pays": "France",
        "Adresse": "Autoroute du Soleil",
        "Route": "E21 / E15 / A6",
        "garde 24/24": null,
        "marchandise dangereuse acceptees": null,
        "prises electiques ": null,
        "barrieres": "1",
        "eclairage": null,
        "station essence": null,
        "Hotel": null,
        "assistance medical": null,
        "Restaurant": null,
        "toilette": null,
        "atelier de reparation": null,
        "lavage auto": null,
        "camera": null
      }
    },
    {
      "type": "Feature",
      "geometry": {
        "type": "Point",
        "coordinates": [
          5.1211704530563,
          46.368869010596
        ]
      },
      "properties": {
        "Nom": "Relais de Jayat",
        "Pays": "France",
        "Adresse": null,
        "Route": "D975",
        "garde 24/24": null,
        "marchandise dangereuse acceptees": null,
        "prises electiques ": null,
        "barrieres": null,
        "eclairage": null,
        "station essence": null,
        "Hotel": null,
        "assistance medical": null,
        "Restaurant": null,
        "toilette": null,
        "atelier de reparation": null,
        "lavage auto": null,
        "camera": null
      }
    },
    {
      "type": "Feature",
      "geometry": {
        "type": "Point",
        "coordinates": [
          2.719022,
          49.520497
        ]
      },
      "properties": {
        "Nom": "Relais de Ressons Shell Services - Shell",
        "Pays": "France",
        "Adresse": null,
        "Route": "A1/E19",
        "garde 24/24": null,
        "marchandise dangereuse acceptees": null,
        "prises electiques ": null,
        "barrieres": null,
        "eclairage": "1",
        "station essence": "1",
        "Hotel": null,
        "assistance medical": null,
        "Restaurant": "1",
        "toilette": "1",
        "atelier de reparation": null,
        "lavage auto": null,
        "camera": "1"
      }
    },
    {
      "type": "Feature",
      "geometry": {
        "type": "Point",
        "coordinates": [
          5.3435561018692,
          45.970185685349
        ]
      },
      "properties": {
        "Nom": "Relais routier prive du carrefour",
        "Pays": "France",
        "Adresse": "136-156 Avenue de la Liberation",
        "Route": "136-156 Avenue de la Liberation",
        "garde 24/24": null,
        "marchandise dangereuse acceptees": null,
        "prises electiques ": null,
        "barrieres": null,
        "eclairage": "1",
        "station essence": null,
        "Hotel": null,
        "assistance medical": null,
        "Restaurant": null,
        "toilette": null,
        "atelier de reparation": null,
        "lavage auto": null,
        "camera": null
      }
    },
    {
      "type": "Feature",
      "geometry": {
        "type": "Point",
        "coordinates": [
          5.651172484903,
          46.156441320212
        ]
      },
      "properties": {
        "Nom": "Rest Stop",
        "Pays": "France",
        "Adresse": "D1084",
        "Route": "A40",
        "garde 24/24": null,
        "marchandise dangereuse acceptees": null,
        "prises electiques ": null,
        "barrieres": null,
        "eclairage": null,
        "station essence": null,
        "Hotel": null,
        "assistance medical": null,
        "Restaurant": "1",
        "toilette": "1",
        "atelier de reparation": null,
        "lavage auto": null,
        "camera": null
      }
    },
    {
      "type": "Feature",
      "geometry": {
        "type": "Point",
        "coordinates": [
          2.7438139915466,
          50.403751491853
        ]
      },
      "properties": {
        "Nom": "Rest stop",
        "Pays": "France",
        "Adresse": null,
        "Route": "A26 / E15",
        "garde 24/24": null,
        "marchandise dangereuse acceptees": null,
        "prises electiques ": null,
        "barrieres": null,
        "eclairage": null,
        "station essence": "1",
        "Hotel": null,
        "assistance medical": null,
        "Restaurant": "1",
        "toilette": "1",
        "atelier de reparation": null,
        "lavage auto": null,
        "camera": null
      }
    },
    {
      "type": "Feature",
      "geometry": {
        "type": "Point",
        "coordinates": [
          -3.1109869480133,
          48.550106995178
        ]
      },
      "properties": {
        "Nom": "Saint-Agathon - Bellevue",
        "Pays": "France",
        "Adresse": "N12",
        "Route": "N12/E50 in East direction",
        "garde 24/24": null,
        "marchandise dangereuse acceptees": null,
        "prises electiques ": null,
        "barrieres": null,
        "eclairage": null,
        "station essence": "1",
        "Hotel": "1",
        "assistance medical": null,
        "Restaurant": "1",
        "toilette": "1",
        "atelier de reparation": null,
        "lavage auto": null,
        "camera": null
      }
    },
    {
      "type": "Feature",
      "geometry": {
        "type": "Point",
        "coordinates": [
          -0.3160285949707,
          46.349084199184
        ]
      },
      "properties": {
        "Nom": "SecuriTpark - Chambre de Commerce et d'Industrie Deux Sevres",
        "Pays": "France",
        "Adresse": "Place François Quesnay",
        "Route": "A83",
        "garde 24/24": null,
        "marchandise dangereuse acceptees": null,
        "prises electiques ": null,
        "barrieres": "1",
        "eclairage": "1",
        "station essence": "1",
        "Hotel": "1",
        "assistance medical": null,
        "Restaurant": "1",
        "toilette": "1",
        "atelier de reparation": "1",
        "lavage auto": null,
        "camera": "1"
      }
    },
    {
      "type": "Feature",
      "geometry": {
        "type": "Point",
        "coordinates": [
          2.2161759042813,
          50.979563604728
        ]
      },
      "properties": {
        "Nom": "Security park truckstop",
        "Pays": "France",
        "Adresse": "1192 Rue François Mitterrand",
        "Route": "N316",
        "garde 24/24": "1",
        "marchandise dangereuse acceptees": "1",
        "prises electiques ": null,
        "barrieres": "1",
        "eclairage": "1",
        "station essence": null,
        "Hotel": null,
        "assistance medical": null,
        "Restaurant": "1",
        "toilette": "1",
        "atelier de reparation": null,
        "lavage auto": "1",
        "camera": "1"
      }
    },
    {
      "type": "Feature",
      "geometry": {
        "type": "Point",
        "coordinates": [
          6.069349571411,
          45.876237982138
        ]
      },
      "properties": {
        "Nom": "Seynod.",
        "Pays": "France",
        "Adresse": null,
        "Route": "E-712 / A41",
        "garde 24/24": null,
        "marchandise dangereuse acceptees": null,
        "prises electiques ": null,
        "barrieres": null,
        "eclairage": null,
        "station essence": "1",
        "Hotel": null,
        "assistance medical": null,
        "Restaurant": "1",
        "toilette": "1",
        "atelier de reparation": null,
        "lavage auto": null,
        "camera": null
      }
    },
    {
      "type": "Feature",
      "geometry": {
        "type": "Point",
        "coordinates": [
          2.6340277288513,
          48.610877787572
        ]
      },
      "properties": {
        "Nom": "Shell",
        "Pays": "France",
        "Adresse": null,
        "Route": "A105 / A5b / E54",
        "garde 24/24": null,
        "marchandise dangereuse acceptees": null,
        "prises electiques ": null,
        "barrieres": null,
        "eclairage": null,
        "station essence": "1",
        "Hotel": null,
        "assistance medical": null,
        "Restaurant": "1",
        "toilette": "1",
        "atelier de reparation": null,
        "lavage auto": "1",
        "camera": null
      }
    },
    {
      "type": "Feature",
      "geometry": {
        "type": "Point",
        "coordinates": [
          2.9707335259186,
          42.950382356287
        ]
      },
      "properties": {
        "Nom": "Shell",
        "Pays": "France",
        "Adresse": "La Catalane",
        "Route": "E15 / A9",
        "garde 24/24": null,
        "marchandise dangereuse acceptees": null,
        "prises electiques ": null,
        "barrieres": null,
        "eclairage": null,
        "station essence": "1",
        "Hotel": null,
        "assistance medical": null,
        "Restaurant": "1",
        "toilette": "1",
        "atelier de reparation": null,
        "lavage auto": "1",
        "camera": null
      }
    },
    {
      "type": "Feature",
      "geometry": {
        "type": "Point",
        "coordinates": [
          5.989861697876,
          43.422947332548
        ]
      },
      "properties": {
        "Nom": "Shell",
        "Pays": "France",
        "Adresse": "La Provençale",
        "Route": "E80 / A8.",
        "garde 24/24": null,
        "marchandise dangereuse acceptees": null,
        "prises electiques ": null,
        "barrieres": null,
        "eclairage": null,
        "station essence": "1",
        "Hotel": "1",
        "assistance medical": null,
        "Restaurant": "1",
        "toilette": "1",
        "atelier de reparation": null,
        "lavage auto": "1",
        "camera": null
      }
    },
    {
      "type": "Feature",
      "geometry": {
        "type": "Point",
        "coordinates": [
          3.3455484931,
          43.359150470254
        ]
      },
      "properties": {
        "Nom": "Shell",
        "Pays": "France",
        "Adresse": "La Languedocienne",
        "Route": "A9 / E15",
        "garde 24/24": null,
        "marchandise dangereuse acceptees": null,
        "prises electiques ": null,
        "barrieres": null,
        "eclairage": null,
        "station essence": "1",
        "Hotel": null,
        "assistance medical": null,
        "Restaurant": "1",
        "toilette": "1",
        "atelier de reparation": null,
        "lavage auto": "1",
        "camera": null
      }
    },
    {
      "type": "Feature",
      "geometry": {
        "type": "Point",
        "coordinates": [
          5.6817711890396,
          46.16843430793
        ]
      },
      "properties": {
        "Nom": "Shell",
        "Pays": "France",
        "Adresse": null,
        "Route": "D1084",
        "garde 24/24": null,
        "marchandise dangereuse acceptees": null,
        "prises electiques ": null,
        "barrieres": null,
        "eclairage": null,
        "station essence": "1",
        "Hotel": null,
        "assistance medical": null,
        "Restaurant": "1",
        "toilette": "1",
        "atelier de reparation": null,
        "lavage auto": "1",
        "camera": "1"
      }
    },
    {
      "type": "Feature",
      "geometry": {
        "type": "Point",
        "coordinates": [
          3.6709993107422,
          47.789045700246
        ]
      },
      "properties": {
        "Nom": "Shell",
        "Pays": "France",
        "Adresse": "Autoroute du Soleil",
        "Route": "A6 / E60",
        "garde 24/24": null,
        "marchandise dangereuse acceptees": null,
        "prises electiques ": null,
        "barrieres": null,
        "eclairage": null,
        "station essence": "1",
        "Hotel": "1",
        "assistance medical": null,
        "Restaurant": "1",
        "toilette": "1",
        "atelier de reparation": null,
        "lavage auto": "1",
        "camera": null
      }
    },
    {
      "type": "Feature",
      "geometry": {
        "type": "Point",
        "coordinates": [
          4.2280126840515,
          48.729920284162
        ]
      },
      "properties": {
        "Nom": "Shell",
        "Pays": "France",
        "Adresse": null,
        "Route": "E17 / A26 & N4",
        "garde 24/24": null,
        "marchandise dangereuse acceptees": null,
        "prises electiques ": null,
        "barrieres": null,
        "eclairage": null,
        "station essence": "1",
        "Hotel": null,
        "assistance medical": null,
        "Restaurant": "1",
        "toilette": "1",
        "atelier de reparation": null,
        "lavage auto": "1",
        "camera": null
      }
    },
    {
      "type": "Feature",
      "geometry": {
        "type": "Point",
        "coordinates": [
          3.369905,
          46.537366
        ]
      },
      "properties": {
        "Nom": "Shell",
        "Pays": "France",
        "Adresse": "Rue Blaise Sallard",
        "Route": "N7 / D526",
        "garde 24/24": null,
        "marchandise dangereuse acceptees": null,
        "prises electiques ": null,
        "barrieres": null,
        "eclairage": null,
        "station essence": "1",
        "Hotel": null,
        "assistance medical": null,
        "Restaurant": "1",
        "toilette": "1",
        "atelier de reparation": null,
        "lavage auto": "1",
        "camera": null
      }
    },
    {
      "type": "Feature",
      "geometry": {
        "type": "Point",
        "coordinates": [
          2.7222414031494,
          49.524238406442
        ]
      },
      "properties": {
        "Nom": "Shell",
        "Pays": "France",
        "Adresse": "Autoroute du Nord",
        "Route": "A1 / E19",
        "garde 24/24": null,
        "marchandise dangereuse acceptees": null,
        "prises electiques ": null,
        "barrieres": null,
        "eclairage": null,
        "station essence": "1",
        "Hotel": null,
        "assistance medical": null,
        "Restaurant": "1",
        "toilette": "1",
        "atelier de reparation": null,
        "lavage auto": "1",
        "camera": null
      }
    },
    {
      "type": "Feature",
      "geometry": {
        "type": "Point",
        "coordinates": [
          4.8667443052185,
          46.419619583744
        ]
      },
      "properties": {
        "Nom": "Shell",
        "Pays": "France",
        "Adresse": "Autoroute du Soleil",
        "Route": "E21 / E15 / A6.",
        "garde 24/24": null,
        "marchandise dangereuse acceptees": null,
        "prises electiques ": null,
        "barrieres": null,
        "eclairage": null,
        "station essence": "1",
        "Hotel": "1",
        "assistance medical": null,
        "Restaurant": "1",
        "toilette": "1",
        "atelier de reparation": null,
        "lavage auto": "1",
        "camera": null
      }
    },
    {
      "type": "Feature",
      "geometry": {
        "type": "Point",
        "coordinates": [
          -0.55298936583858,
          44.886864346777
        ]
      },
      "properties": {
        "Nom": "Shell",
        "Pays": "France",
        "Adresse": "Avenue des 3 Cardinaux",
        "Route": null,
        "garde 24/24": null,
        "marchandise dangereuse acceptees": null,
        "prises electiques ": null,
        "barrieres": null,
        "eclairage": null,
        "station essence": "1",
        "Hotel": "1",
        "assistance medical": null,
        "Restaurant": "1",
        "toilette": "1",
        "atelier de reparation": null,
        "lavage auto": "1",
        "camera": null
      }
    },
    {
      "type": "Feature",
      "geometry": {
        "type": "Point",
        "coordinates": [
          2.1474623680115,
          48.636794020988
        ]
      },
      "properties": {
        "Nom": "Shell",
        "Pays": "France",
        "Adresse": "L'Aquitaine",
        "Route": "A10 / E5 / E50.",
        "garde 24/24": null,
        "marchandise dangereuse acceptees": null,
        "prises electiques ": null,
        "barrieres": null,
        "eclairage": null,
        "station essence": "1",
        "Hotel": null,
        "assistance medical": null,
        "Restaurant": "1",
        "toilette": "1",
        "atelier de reparation": null,
        "lavage auto": "1",
        "camera": null
      }
    },
    {
      "type": "Feature",
      "geometry": {
        "type": "Point",
        "coordinates": [
          1.2185801417725,
          49.211373073812
        ]
      },
      "properties": {
        "Nom": "Shell",
        "Pays": "France",
        "Adresse": "Autoroute de Normandie",
        "Route": "A13 / E5",
        "garde 24/24": null,
        "marchandise dangereuse acceptees": null,
        "prises electiques ": null,
        "barrieres": null,
        "eclairage": null,
        "station essence": "1",
        "Hotel": null,
        "assistance medical": null,
        "Restaurant": "1",
        "toilette": "1",
        "atelier de reparation": null,
        "lavage auto": "1",
        "camera": null
      }
    },
    {
      "type": "Feature",
      "geometry": {
        "type": "Point",
        "coordinates": [
          1.5943628550842,
          46.715855232979
        ]
      },
      "properties": {
        "Nom": "Shell",
        "Pays": "France",
        "Adresse": "Les Brandes de la Route",
        "Route": "A20 / E9",
        "garde 24/24": null,
        "marchandise dangereuse acceptees": null,
        "prises electiques ": null,
        "barrieres": null,
        "eclairage": null,
        "station essence": "1",
        "Hotel": null,
        "assistance medical": null,
        "Restaurant": "1",
        "toilette": "1",
        "atelier de reparation": null,
        "lavage auto": "1",
        "camera": null
      }
    },
    {
      "type": "Feature",
      "geometry": {
        "type": "Point",
        "coordinates": [
          5.8611907224914,
          48.268001610469
        ]
      },
      "properties": {
        "Nom": "Shell",
        "Pays": "France",
        "Adresse": "Autoroute de Lorraine-Bourgogne",
        "Route": "A31 / E21",
        "garde 24/24": null,
        "marchandise dangereuse acceptees": null,
        "prises electiques ": null,
        "barrieres": null,
        "eclairage": null,
        "station essence": "1",
        "Hotel": null,
        "assistance medical": null,
        "Restaurant": "1",
        "toilette": "1",
        "atelier de reparation": null,
        "lavage auto": "1",
        "camera": null
      }
    },
    {
      "type": "Feature",
      "geometry": {
        "type": "Point",
        "coordinates": [
          6.4094066619873,
          46.065057600159
        ]
      },
      "properties": {
        "Nom": "Shell",
        "Pays": "France",
        "Adresse": "Avenue de Pontchy",
        "Route": "A40 / E25",
        "garde 24/24": null,
        "marchandise dangereuse acceptees": null,
        "prises electiques ": null,
        "barrieres": null,
        "eclairage": null,
        "station essence": "1",
        "Hotel": null,
        "assistance medical": null,
        "Restaurant": "1",
        "toilette": "1",
        "atelier de reparation": null,
        "lavage auto": "1",
        "camera": null
      }
    },
    {
      "type": "Feature",
      "geometry": {
        "type": "Point",
        "coordinates": [
          1.6405560000001,
          47.818889
        ]
      },
      "properties": {
        "Nom": "Shell  MESSAS - AUT A 10",
        "Pays": "France",
        "Adresse": "L'Aquitaine",
        "Route": "A10 / E5",
        "garde 24/24": null,
        "marchandise dangereuse acceptees": null,
        "prises electiques ": null,
        "barrieres": null,
        "eclairage": null,
        "station essence": "1",
        "Hotel": null,
        "assistance medical": null,
        "Restaurant": null,
        "toilette": "1",
        "atelier de reparation": null,
        "lavage auto": null,
        "camera": null
      }
    },
    {
      "type": "Feature",
      "geometry": {
        "type": "Point",
        "coordinates": [
          1.854295,
          48.26919
        ]
      },
      "properties": {
        "Nom": "Shell A10 - Aire de Val Neuvy",
        "Pays": "France",
        "Adresse": "L'Aquitaine",
        "Route": "A10 / E5",
        "garde 24/24": null,
        "marchandise dangereuse acceptees": null,
        "prises electiques ": null,
        "barrieres": null,
        "eclairage": "1",
        "station essence": "1",
        "Hotel": null,
        "assistance medical": null,
        "Restaurant": "1",
        "toilette": "1",
        "atelier de reparation": null,
        "lavage auto": null,
        "camera": null
      }
    },
    {
      "type": "Feature",
      "geometry": {
        "type": "Point",
        "coordinates": [
          1.8555736541748,
          48.275281720335
        ]
      },
      "properties": {
        "Nom": "Shell A10 - Aire de Val Neuvy.",
        "Pays": "France",
        "Adresse": "L'Aquitaine",
        "Route": "A10 / E5",
        "garde 24/24": null,
        "marchandise dangereuse acceptees": null,
        "prises electiques ": null,
        "barrieres": null,
        "eclairage": "1",
        "station essence": "1",
        "Hotel": null,
        "assistance medical": null,
        "Restaurant": null,
        "toilette": null,
        "atelier de reparation": null,
        "lavage auto": null,
        "camera": null
      }
    },
    {
      "type": "Feature",
      "geometry": {
        "type": "Point",
        "coordinates": [
          3.9245653152466,
          49.450557545777
        ]
      },
      "properties": {
        "Nom": "Shell A26-Aire du Mont de Nizy.",
        "Pays": "France",
        "Adresse": "Le Mont de Nizy",
        "Route": "A26 / E17",
        "garde 24/24": null,
        "marchandise dangereuse acceptees": null,
        "prises electiques ": null,
        "barrieres": null,
        "eclairage": "1",
        "station essence": "1",
        "Hotel": null,
        "assistance medical": null,
        "Restaurant": null,
        "toilette": null,
        "atelier de reparation": null,
        "lavage auto": null,
        "camera": null
      }
    },
    {
      "type": "Feature",
      "geometry": {
        "type": "Point",
        "coordinates": [
          6.6593885421753,
          49.133402099454
        ]
      },
      "properties": {
        "Nom": "Shell A4- Aire de Longeville Saint Avold Nord",
        "Pays": "France",
        "Adresse": "Autoroute de l'Est",
        "Route": "A4 / E25 / E50",
        "garde 24/24": null,
        "marchandise dangereuse acceptees": null,
        "prises electiques ": null,
        "barrieres": null,
        "eclairage": "1",
        "station essence": "1",
        "Hotel": null,
        "assistance medical": null,
        "Restaurant": "1",
        "toilette": null,
        "atelier de reparation": null,
        "lavage auto": null,
        "camera": null
      }
    },
    {
      "type": "Feature",
      "geometry": {
        "type": "Point",
        "coordinates": [
          2.5416451692581,
          43.176695381883
        ]
      },
      "properties": {
        "Nom": "Shell A61 - Aire de Corbieres Sud",
        "Pays": "France",
        "Adresse": "Autoroute des Deux Mers",
        "Route": "A61 / E80",
        "garde 24/24": null,
        "marchandise dangereuse acceptees": null,
        "prises electiques ": null,
        "barrieres": null,
        "eclairage": null,
        "station essence": "1",
        "Hotel": null,
        "assistance medical": null,
        "Restaurant": "1",
        "toilette": "1",
        "atelier de reparation": null,
        "lavage auto": null,
        "camera": null
      }
    },
    {
      "type": "Feature",
      "geometry": {
        "type": "Point",
        "coordinates": [
          -0.70249999999999,
          44.746111
        ]
      },
      "properties": {
        "Nom": "Shell A63-Aire de Gleyses",
        "Pays": "France",
        "Adresse": "Route des Estuaires",
        "Route": "E70 / A63",
        "garde 24/24": null,
        "marchandise dangereuse acceptees": null,
        "prises electiques ": null,
        "barrieres": null,
        "eclairage": null,
        "station essence": "1",
        "Hotel": null,
        "assistance medical": null,
        "Restaurant": "1",
        "toilette": null,
        "atelier de reparation": null,
        "lavage auto": null,
        "camera": null
      }
    },
    {
      "type": "Feature",
      "geometry": {
        "type": "Point",
        "coordinates": [
          2.2431528568268,
          47.095264445729
        ]
      },
      "properties": {
        "Nom": "Shell A71-Aire de Bourges Marmagne.",
        "Pays": "France",
        "Adresse": "L'Arverne",
        "Route": "A71 / E11",
        "garde 24/24": null,
        "marchandise dangereuse acceptees": null,
        "prises electiques ": null,
        "barrieres": null,
        "eclairage": "1",
        "station essence": "1",
        "Hotel": null,
        "assistance medical": null,
        "Restaurant": "1",
        "toilette": null,
        "atelier de reparation": null,
        "lavage auto": null,
        "camera": null
      }
    },
    {
      "type": "Feature",
      "geometry": {
        "type": "Point",
        "coordinates": [
          -0.69393096560668,
          48.096609675724
        ]
      },
      "properties": {
        "Nom": "Shell A81 - La Sauvagerie - Aire de Laval-Bonchamps",
        "Pays": "France",
        "Adresse": "L'Armoricaine",
        "Route": "E50 / A81",
        "garde 24/24": null,
        "marchandise dangereuse acceptees": null,
        "prises electiques ": null,
        "barrieres": null,
        "eclairage": null,
        "station essence": "1",
        "Hotel": null,
        "assistance medical": null,
        "Restaurant": "1",
        "toilette": null,
        "atelier de reparation": null,
        "lavage auto": null,
        "camera": null
      }
    },
    {
      "type": "Feature",
      "geometry": {
        "type": "Point",
        "coordinates": [
          3.3425605238037,
          43.359958831904
        ]
      },
      "properties": {
        "Nom": "Shell A9-Aire de Beziers Montblanc Sud.",
        "Pays": "France",
        "Adresse": "La Languedocienne",
        "Route": "E80 / E15 / A9",
        "garde 24/24": null,
        "marchandise dangereuse acceptees": null,
        "prises electiques ": null,
        "barrieres": null,
        "eclairage": null,
        "station essence": "1",
        "Hotel": null,
        "assistance medical": null,
        "Restaurant": "1",
        "toilette": null,
        "atelier de reparation": null,
        "lavage auto": null,
        "camera": null
      }
    },
    {
      "type": "Feature",
      "geometry": {
        "type": "Point",
        "coordinates": [
          4.7797210502624,
          44.515113070987
        ]
      },
      "properties": {
        "Nom": "Shell ALLAN - PL - A 7 - MALATAVERNE",
        "Pays": "France",
        "Adresse": "Autoroute du Soleil",
        "Route": "A-7 / E-15.",
        "garde 24/24": null,
        "marchandise dangereuse acceptees": null,
        "prises electiques ": null,
        "barrieres": null,
        "eclairage": null,
        "station essence": "1",
        "Hotel": null,
        "assistance medical": null,
        "Restaurant": "1",
        "toilette": "1",
        "atelier de reparation": null,
        "lavage auto": null,
        "camera": null
      }
    },
    {
      "type": "Feature",
      "geometry": {
        "type": "Point",
        "coordinates": [
          1.7555560000001,
          50.167222
        ]
      },
      "properties": {
        "Nom": "Shell BAIE DE SOMME - A16 - SAILLY-FLIBEAUCOURT",
        "Pays": "France",
        "Adresse": "Route des Estuaires",
        "Route": "E402 / A16",
        "garde 24/24": null,
        "marchandise dangereuse acceptees": null,
        "prises electiques ": null,
        "barrieres": null,
        "eclairage": "1",
        "station essence": "1",
        "Hotel": null,
        "assistance medical": null,
        "Restaurant": "1",
        "toilette": null,
        "atelier de reparation": null,
        "lavage auto": null,
        "camera": null
      }
    },
    {
      "type": "Feature",
      "geometry": {
        "type": "Point",
        "coordinates": [
          -0.3331732749939,
          45.173127760901
        ]
      },
      "properties": {
        "Nom": "Shell BEDENAC - RTE N 10",
        "Pays": "France",
        "Adresse": null,
        "Route": "E606 / N10",
        "garde 24/24": null,
        "marchandise dangereuse acceptees": null,
        "prises electiques ": null,
        "barrieres": null,
        "eclairage": null,
        "station essence": "1",
        "Hotel": null,
        "assistance medical": null,
        "Restaurant": null,
        "toilette": null,
        "atelier de reparation": null,
        "lavage auto": null,
        "camera": null
      }
    },
    {
      "type": "Feature",
      "geometry": {
        "type": "Point",
        "coordinates": [
          1.388333,
          47.666111
        ]
      },
      "properties": {
        "Nom": "Shell BLOIS VILLERBON - AUT A 10",
        "Pays": "France",
        "Adresse": "L'Aquitaine",
        "Route": "A10 / E5.",
        "garde 24/24": null,
        "marchandise dangereuse acceptees": null,
        "prises electiques ": null,
        "barrieres": null,
        "eclairage": "1",
        "station essence": "1",
        "Hotel": null,
        "assistance medical": null,
        "Restaurant": "1",
        "toilette": null,
        "atelier de reparation": null,
        "lavage auto": null,
        "camera": null
      }
    },
    {
      "type": "Feature",
      "geometry": {
        "type": "Point",
        "coordinates": [
          6.4094898148194,
          46.06448122094
        ]
      },
      "properties": {
        "Nom": "Shell BONNEVILLE - AUT A 40 BLANCHE",
        "Pays": "France",
        "Adresse": "Allee de la Ferme 59",
        "Route": "A40 / E25",
        "garde 24/24": null,
        "marchandise dangereuse acceptees": null,
        "prises electiques ": null,
        "barrieres": null,
        "eclairage": "1",
        "station essence": "1",
        "Hotel": null,
        "assistance medical": null,
        "Restaurant": "1",
        "toilette": "1",
        "atelier de reparation": null,
        "lavage auto": null,
        "camera": null
      }
    },
    {
      "type": "Feature",
      "geometry": {
        "type": "Point",
        "coordinates": [
          1.3390016555786,
          49.678382771075
        ]
      },
      "properties": {
        "Nom": "Shell BOSC-MESNIL - A 28 - MAUCOMBLE",
        "Pays": "France",
        "Adresse": "Route des Estuaires",
        "Route": "A28 / A402",
        "garde 24/24": null,
        "marchandise dangereuse acceptees": null,
        "prises electiques ": null,
        "barrieres": null,
        "eclairage": "1",
        "station essence": "1",
        "Hotel": null,
        "assistance medical": null,
        "Restaurant": "1",
        "toilette": null,
        "atelier de reparation": null,
        "lavage auto": null,
        "camera": null
      }
    },
    {
      "type": "Feature",
      "geometry": {
        "type": "Point",
        "coordinates": [
          0.86472200000003,
          49.361111
        ]
      },
      "properties": {
        "Nom": "Shell BOSGOUET - AUT A 13",
        "Pays": "France",
        "Adresse": "Autoroute de Normandie",
        "Route": "A13 / E402",
        "garde 24/24": null,
        "marchandise dangereuse acceptees": null,
        "prises electiques ": null,
        "barrieres": null,
        "eclairage": "1",
        "station essence": "1",
        "Hotel": null,
        "assistance medical": null,
        "Restaurant": "1",
        "toilette": "1",
        "atelier de reparation": null,
        "lavage auto": null,
        "camera": null
      }
    },
    {
      "type": "Feature",
      "geometry": {
        "type": "Point",
        "coordinates": [
          1.245,
          43.335
        ]
      },
      "properties": {
        "Nom": "Shell CAPENS - A64 - AIRE DE GARONNE",
        "Pays": "France",
        "Adresse": "La Pyreneenne",
        "Route": "A64 / E80",
        "garde 24/24": null,
        "marchandise dangereuse acceptees": null,
        "prises electiques ": null,
        "barrieres": null,
        "eclairage": "1",
        "station essence": "1",
        "Hotel": null,
        "assistance medical": null,
        "Restaurant": "1",
        "toilette": null,
        "atelier de reparation": null,
        "lavage auto": null,
        "camera": null
      }
    },
    {
      "type": "Feature",
      "geometry": {
        "type": "Point",
        "coordinates": [
          1.2458329999999,
          43.336944
        ]
      },
      "properties": {
        "Nom": "Shell CAPENS - VOLVESTRE - AUT A 64",
        "Pays": "France",
        "Adresse": "La Pyreneenne",
        "Route": "A 64 / E80",
        "garde 24/24": null,
        "marchandise dangereuse acceptees": null,
        "prises electiques ": null,
        "barrieres": null,
        "eclairage": "1",
        "station essence": "1",
        "Hotel": null,
        "assistance medical": null,
        "Restaurant": "1",
        "toilette": null,
        "atelier de reparation": null,
        "lavage auto": null,
        "camera": null
      }
    },
    {
      "type": "Feature",
      "geometry": {
        "type": "Point",
        "coordinates": [
          4.3062757817536,
          46.440990106889
        ]
      },
      "properties": {
        "Nom": "Shell CHAROLLES - RTE N 79",
        "Pays": "France",
        "Adresse": "Route de Mâcon",
        "Route": "D17",
        "garde 24/24": null,
        "marchandise dangereuse acceptees": null,
        "prises electiques ": null,
        "barrieres": null,
        "eclairage": "1",
        "station essence": "1",
        "Hotel": null,
        "assistance medical": null,
        "Restaurant": "1",
        "toilette": null,
        "atelier de reparation": null,
        "lavage auto": null,
        "camera": null
      }
    },
    {
      "type": "Feature",
      "geometry": {
        "type": "Point",
        "coordinates": [
          -1.2839734554291,
          46.874032590319
        ]
      },
      "properties": {
        "Nom": "Shell CHAVAGNES - A 83 AIRE CHAVAGNES",
        "Pays": "France",
        "Adresse": "Route des Estuaires",
        "Route": "A83 / E3.",
        "garde 24/24": null,
        "marchandise dangereuse acceptees": null,
        "prises electiques ": null,
        "barrieres": null,
        "eclairage": "1",
        "station essence": "1",
        "Hotel": null,
        "assistance medical": null,
        "Restaurant": "1",
        "toilette": null,
        "atelier de reparation": null,
        "lavage auto": null,
        "camera": null
      }
    },
    {
      "type": "Feature",
      "geometry": {
        "type": "Point",
        "coordinates": [
          2.4763333797455,
          49.248163324658
        ]
      },
      "properties": {
        "Nom": "Shell CREIL",
        "Pays": "France",
        "Adresse": "Route de Chantilly",
        "Route": "Route de Chantilly",
        "garde 24/24": null,
        "marchandise dangereuse acceptees": null,
        "prises electiques ": null,
        "barrieres": null,
        "eclairage": null,
        "station essence": "1",
        "Hotel": null,
        "assistance medical": null,
        "Restaurant": "1",
        "toilette": null,
        "atelier de reparation": null,
        "lavage auto": null,
        "camera": null
      }
    },
    {
      "type": "Feature",
      "geometry": {
        "type": "Point",
        "coordinates": [
          0.46944400000007,
          47.650556
        ]
      },
      "properties": {
        "Nom": "Shell Dissay sous Courcillon",
        "Pays": "France",
        "Adresse": null,
        "Route": "A28 / E502",
        "garde 24/24": null,
        "marchandise dangereuse acceptees": null,
        "prises electiques ": null,
        "barrieres": null,
        "eclairage": "1",
        "station essence": "1",
        "Hotel": null,
        "assistance medical": null,
        "Restaurant": "1",
        "toilette": "1",
        "atelier de reparation": null,
        "lavage auto": null,
        "camera": null
      }
    },
    {
      "type": "Feature",
      "geometry": {
        "type": "Point",
        "coordinates": [
          -1.1036949312133,
          48.908653309919
        ]
      },
      "properties": {
        "Nom": "Shell GOUVETS",
        "Pays": "France",
        "Adresse": null,
        "Route": "D975",
        "garde 24/24": null,
        "marchandise dangereuse acceptees": null,
        "prises electiques ": null,
        "barrieres": null,
        "eclairage": null,
        "station essence": "1",
        "Hotel": null,
        "assistance medical": null,
        "Restaurant": "1",
        "toilette": null,
        "atelier de reparation": null,
        "lavage auto": null,
        "camera": null
      }
    },
    {
      "type": "Feature",
      "geometry": {
        "type": "Point",
        "coordinates": [
          -0.59521599999994,
          44.785811
        ]
      },
      "properties": {
        "Nom": "Shell GRADIGNAN",
        "Pays": "France",
        "Adresse": null,
        "Route": "A630 / E70",
        "garde 24/24": null,
        "marchandise dangereuse acceptees": null,
        "prises electiques ": null,
        "barrieres": null,
        "eclairage": "1",
        "station essence": "1",
        "Hotel": null,
        "assistance medical": null,
        "Restaurant": "1",
        "toilette": null,
        "atelier de reparation": null,
        "lavage auto": null,
        "camera": null
      }
    },
    {
      "type": "Feature",
      "geometry": {
        "type": "Point",
        "coordinates": [
          3.9236109999999,
          49.244722
        ]
      },
      "properties": {
        "Nom": "Shell GUEUX - AUT A 4 - AIRE DE GUEUX",
        "Pays": "France",
        "Adresse": "Le Champ Mea",
        "Route": "A4 / E50",
        "garde 24/24": null,
        "marchandise dangereuse acceptees": null,
        "prises electiques ": null,
        "barrieres": null,
        "eclairage": "1",
        "station essence": "1",
        "Hotel": null,
        "assistance medical": null,
        "Restaurant": "1",
        "toilette": null,
        "atelier de reparation": null,
        "lavage auto": null,
        "camera": null
      }
    },
    {
      "type": "Feature",
      "geometry": {
        "type": "Point",
        "coordinates": [
          4.901944,
          48.641944
        ]
      },
      "properties": {
        "Nom": "Shell HALLIGNICOURT-RN 4",
        "Pays": "France",
        "Adresse": "Greves Entre les Deux Chem",
        "Route": "N4 / Route de Vitry",
        "garde 24/24": null,
        "marchandise dangereuse acceptees": null,
        "prises electiques ": null,
        "barrieres": null,
        "eclairage": "1",
        "station essence": "1",
        "Hotel": null,
        "assistance medical": null,
        "Restaurant": null,
        "toilette": "1",
        "atelier de reparation": null,
        "lavage auto": null,
        "camera": "1"
      }
    },
    {
      "type": "Feature",
      "geometry": {
        "type": "Point",
        "coordinates": [
          4.9025,
          48.6425
        ]
      },
      "properties": {
        "Nom": "Shell HALLIGNICOURT-ST DIZIER-RN4",
        "Pays": "France",
        "Adresse": null,
        "Route": "N4 / Route De Vitry",
        "garde 24/24": null,
        "marchandise dangereuse acceptees": null,
        "prises electiques ": null,
        "barrieres": null,
        "eclairage": "1",
        "station essence": "1",
        "Hotel": null,
        "assistance medical": null,
        "Restaurant": "1",
        "toilette": null,
        "atelier de reparation": null,
        "lavage auto": null,
        "camera": null
      }
    },
    {
      "type": "Feature",
      "geometry": {
        "type": "Point",
        "coordinates": [
          2.1476447582245,
          48.63680820086
        ]
      },
      "properties": {
        "Nom": "Shell JANVRY - AUT A 10",
        "Pays": "France",
        "Adresse": "L'Aquitaine",
        "Route": "A10 / E5",
        "garde 24/24": null,
        "marchandise dangereuse acceptees": null,
        "prises electiques ": null,
        "barrieres": null,
        "eclairage": "1",
        "station essence": "1",
        "Hotel": null,
        "assistance medical": null,
        "Restaurant": "1",
        "toilette": null,
        "atelier de reparation": null,
        "lavage auto": null,
        "camera": null
      }
    },
    {
      "type": "Feature",
      "geometry": {
        "type": "Point",
        "coordinates": [
          1.937778,
          45.359722
        ]
      },
      "properties": {
        "Nom": "Shell LA CORREZE",
        "Pays": "France",
        "Adresse": "La Transeuropeenne",
        "Route": "A89 / E70",
        "garde 24/24": null,
        "marchandise dangereuse acceptees": null,
        "prises electiques ": null,
        "barrieres": null,
        "eclairage": "1",
        "station essence": "1",
        "Hotel": null,
        "assistance medical": null,
        "Restaurant": "1",
        "toilette": null,
        "atelier de reparation": null,
        "lavage auto": null,
        "camera": null
      }
    },
    {
      "type": "Feature",
      "geometry": {
        "type": "Point",
        "coordinates": [
          0.62361099999998,
          48.126944
        ]
      },
      "properties": {
        "Nom": "Shell LA FERTE BERNARD - A11-VILLAINES",
        "Pays": "France",
        "Adresse": "L'Oceane",
        "Route": "E50 / A11.",
        "garde 24/24": null,
        "marchandise dangereuse acceptees": null,
        "prises electiques ": null,
        "barrieres": null,
        "eclairage": "1",
        "station essence": "1",
        "Hotel": null,
        "assistance medical": null,
        "Restaurant": "1",
        "toilette": null,
        "atelier de reparation": null,
        "lavage auto": null,
        "camera": null
      }
    },
    {
      "type": "Feature",
      "geometry": {
        "type": "Point",
        "coordinates": [
          1.5674712784348,
          44.658873286167
        ]
      },
      "properties": {
        "Nom": "Shell LE QUERCY",
        "Pays": "France",
        "Adresse": "A20",
        "Route": "A20/E9",
        "garde 24/24": "1",
        "marchandise dangereuse acceptees": null,
        "prises electiques ": null,
        "barrieres": null,
        "eclairage": "1",
        "station essence": "1",
        "Hotel": null,
        "assistance medical": null,
        "Restaurant": "1",
        "toilette": "1",
        "atelier de reparation": null,
        "lavage auto": null,
        "camera": null
      }
    },
    {
      "type": "Feature",
      "geometry": {
        "type": "Point",
        "coordinates": [
          3.8120520114899,
          45.855089529179
        ]
      },
      "properties": {
        "Nom": "Shell LES SALLES - AUT A 89",
        "Pays": "France",
        "Adresse": "La Transeuropeenne",
        "Route": "A89 / A70",
        "garde 24/24": null,
        "marchandise dangereuse acceptees": null,
        "prises electiques ": null,
        "barrieres": null,
        "eclairage": "1",
        "station essence": "1",
        "Hotel": null,
        "assistance medical": null,
        "Restaurant": "1",
        "toilette": null,
        "atelier de reparation": null,
        "lavage auto": null,
        "camera": null
      }
    },
    {
      "type": "Feature",
      "geometry": {
        "type": "Point",
        "coordinates": [
          7.674444,
          48.487778
        ]
      },
      "properties": {
        "Nom": "Shell LIPSHEIM",
        "Pays": "France",
        "Adresse": "3 Rue de Lyon",
        "Route": "3 Rue de Lyon",
        "garde 24/24": null,
        "marchandise dangereuse acceptees": null,
        "prises electiques ": null,
        "barrieres": null,
        "eclairage": null,
        "station essence": "1",
        "Hotel": null,
        "assistance medical": null,
        "Restaurant": null,
        "toilette": null,
        "atelier de reparation": null,
        "lavage auto": null,
        "camera": null
      }
    },
    {
      "type": "Feature",
      "geometry": {
        "type": "Point",
        "coordinates": [
          -0.1345020532608,
          47.418915703089
        ]
      },
      "properties": {
        "Nom": "Shell LONGUE JUMELLES - A 85 - COUAILLE",
        "Pays": "France",
        "Adresse": "La Grande Ouche",
        "Route": "A85 / E60",
        "garde 24/24": null,
        "marchandise dangereuse acceptees": null,
        "prises electiques ": null,
        "barrieres": null,
        "eclairage": "1",
        "station essence": "1",
        "Hotel": null,
        "assistance medical": null,
        "Restaurant": "1",
        "toilette": "1",
        "atelier de reparation": null,
        "lavage auto": null,
        "camera": null
      }
    },
    {
      "type": "Feature",
      "geometry": {
        "type": "Point",
        "coordinates": [
          -0.13207733631134,
          47.419017335762
        ]
      },
      "properties": {
        "Nom": "Shell LONGUE JUMELLES - A85 - COSSONI",
        "Pays": "France",
        "Adresse": null,
        "Route": "A85 / E60",
        "garde 24/24": null,
        "marchandise dangereuse acceptees": null,
        "prises electiques ": null,
        "barrieres": null,
        "eclairage": "1",
        "station essence": "1",
        "Hotel": null,
        "assistance medical": null,
        "Restaurant": "1",
        "toilette": null,
        "atelier de reparation": null,
        "lavage auto": null,
        "camera": null
      }
    },
    {
      "type": "Feature",
      "geometry": {
        "type": "Point",
        "coordinates": [
          4.1565173864365,
          45.679511382197
        ]
      },
      "properties": {
        "Nom": "Shell MAGNEUX HTE RIVE - AUT A 72",
        "Pays": "France",
        "Adresse": null,
        "Route": "A72 / E70",
        "garde 24/24": null,
        "marchandise dangereuse acceptees": null,
        "prises electiques ": null,
        "barrieres": null,
        "eclairage": null,
        "station essence": "1",
        "Hotel": null,
        "assistance medical": null,
        "Restaurant": "1",
        "toilette": null,
        "atelier de reparation": null,
        "lavage auto": null,
        "camera": null
      }
    },
    {
      "type": "Feature",
      "geometry": {
        "type": "Point",
        "coordinates": [
          7.0358741283417,
          43.591822459994
        ]
      },
      "properties": {
        "Nom": "Shell MOUGINS - AUT A 8",
        "Pays": "France",
        "Adresse": "La Provençale",
        "Route": "E80 / A8",
        "garde 24/24": null,
        "marchandise dangereuse acceptees": null,
        "prises electiques ": null,
        "barrieres": null,
        "eclairage": "1",
        "station essence": "1",
        "Hotel": null,
        "assistance medical": null,
        "Restaurant": "1",
        "toilette": "1",
        "atelier de reparation": null,
        "lavage auto": null,
        "camera": null
      }
    },
    {
      "type": "Feature",
      "geometry": {
        "type": "Point",
        "coordinates": [
          7.7174770832062,
          48.538694612134
        ]
      },
      "properties": {
        "Nom": "Shell OSTWALD - AUT A 35",
        "Pays": "France",
        "Adresse": null,
        "Route": "A35 / E25",
        "garde 24/24": null,
        "marchandise dangereuse acceptees": null,
        "prises electiques ": null,
        "barrieres": null,
        "eclairage": "1",
        "station essence": "1",
        "Hotel": null,
        "assistance medical": null,
        "Restaurant": "1",
        "toilette": null,
        "atelier de reparation": null,
        "lavage auto": null,
        "camera": null
      }
    },
    {
      "type": "Feature",
      "geometry": {
        "type": "Point",
        "coordinates": [
          -0.16666699999996,
          47.807778
        ]
      },
      "properties": {
        "Nom": "Shell PARCE AUT A11",
        "Pays": "France",
        "Adresse": "L'Oceane",
        "Route": "A11 / E501",
        "garde 24/24": null,
        "marchandise dangereuse acceptees": null,
        "prises electiques ": null,
        "barrieres": null,
        "eclairage": "1",
        "station essence": "1",
        "Hotel": null,
        "assistance medical": null,
        "Restaurant": "1",
        "toilette": null,
        "atelier de reparation": null,
        "lavage auto": null,
        "camera": null
      }
    },
    {
      "type": "Feature",
      "geometry": {
        "type": "Point",
        "coordinates": [
          -0.167778,
          47.803333
        ]
      },
      "properties": {
        "Nom": "Shell PARCE S SARTHE-A11-PARCE EST",
        "Pays": "France",
        "Adresse": "L'Oceane",
        "Route": "A11 / E501.",
        "garde 24/24": null,
        "marchandise dangereuse acceptees": null,
        "prises electiques ": null,
        "barrieres": null,
        "eclairage": "1",
        "station essence": "1",
        "Hotel": null,
        "assistance medical": null,
        "Restaurant": "1",
        "toilette": null,
        "atelier de reparation": null,
        "lavage auto": null,
        "camera": null
      }
    },
    {
      "type": "Feature",
      "geometry": {
        "type": "Point",
        "coordinates": [
          -0.60359358787537,
          45.612761598685
        ]
      },
      "properties": {
        "Nom": "Shell PONS - AUT A 10.",
        "Pays": "France",
        "Adresse": "Route des Estuaires",
        "Route": "E5 / A10",
        "garde 24/24": null,
        "marchandise dangereuse acceptees": null,
        "prises electiques ": null,
        "barrieres": null,
        "eclairage": "1",
        "station essence": "1",
        "Hotel": null,
        "assistance medical": null,
        "Restaurant": "1",
        "toilette": "1",
        "atelier de reparation": null,
        "lavage auto": null,
        "camera": null
      }
    },
    {
      "type": "Feature",
      "geometry": {
        "type": "Point",
        "coordinates": [
          4.864722,
          44.866944
        ]
      },
      "properties": {
        "Nom": "Shell PORTES LES VALENCE-AUT A 7.",
        "Pays": "France",
        "Adresse": "Autoroute du Soleil",
        "Route": "A7 / E15",
        "garde 24/24": null,
        "marchandise dangereuse acceptees": null,
        "prises electiques ": null,
        "barrieres": null,
        "eclairage": "1",
        "station essence": "1",
        "Hotel": null,
        "assistance medical": null,
        "Restaurant": null,
        "toilette": null,
        "atelier de reparation": null,
        "lavage auto": null,
        "camera": null
      }
    },
    {
      "type": "Feature",
      "geometry": {
        "type": "Point",
        "coordinates": [
          3.1991189233095,
          47.974349343799
        ]
      },
      "properties": {
        "Nom": "Shell PRECY SUR VRIN - AUT A 6.",
        "Pays": "France",
        "Adresse": "Autoroute du Soleil",
        "Route": "A6 / E15.",
        "garde 24/24": null,
        "marchandise dangereuse acceptees": null,
        "prises electiques ": null,
        "barrieres": null,
        "eclairage": "1",
        "station essence": "1",
        "Hotel": null,
        "assistance medical": null,
        "Restaurant": "1",
        "toilette": null,
        "atelier de reparation": null,
        "lavage auto": null,
        "camera": null
      }
    },
    {
      "type": "Feature",
      "geometry": {
        "type": "Point",
        "coordinates": [
          7.755408,
          48.655943
        ]
      },
      "properties": {
        "Nom": "Shell REICHSTETT - RD 37",
        "Pays": "France",
        "Adresse": null,
        "Route": "D37",
        "garde 24/24": null,
        "marchandise dangereuse acceptees": null,
        "prises electiques ": null,
        "barrieres": null,
        "eclairage": "1",
        "station essence": "1",
        "Hotel": null,
        "assistance medical": null,
        "Restaurant": null,
        "toilette": null,
        "atelier de reparation": null,
        "lavage auto": null,
        "camera": null
      }
    },
    {
      "type": "Feature",
      "geometry": {
        "type": "Point",
        "coordinates": [
          2.3772203922272,
          50.572683110174
        ]
      },
      "properties": {
        "Nom": "Shell RELY - AUT A 26 AIRE DE RELY",
        "Pays": "France",
        "Adresse": "Autoroute des Anglais",
        "Route": "A26 / E15",
        "garde 24/24": null,
        "marchandise dangereuse acceptees": null,
        "prises electiques ": null,
        "barrieres": null,
        "eclairage": null,
        "station essence": "1",
        "Hotel": null,
        "assistance medical": null,
        "Restaurant": "1",
        "toilette": null,
        "atelier de reparation": null,
        "lavage auto": null,
        "camera": null
      }
    },
    {
      "type": "Feature",
      "geometry": {
        "type": "Point",
        "coordinates": [
          5.2133885766762,
          43.496553737426
        ]
      },
      "properties": {
        "Nom": "Shell ROGNAC - LA TETE NOIRE",
        "Pays": "France",
        "Adresse": "Montee des Pins",
        "Route": "D21E",
        "garde 24/24": null,
        "marchandise dangereuse acceptees": null,
        "prises electiques ": null,
        "barrieres": null,
        "eclairage": null,
        "station essence": "1",
        "Hotel": null,
        "assistance medical": null,
        "Restaurant": null,
        "toilette": null,
        "atelier de reparation": null,
        "lavage auto": null,
        "camera": null
      }
    },
    {
      "type": "Feature",
      "geometry": {
        "type": "Point",
        "coordinates": [
          1.6334715251312,
          48.992901125676
        ]
      },
      "properties": {
        "Nom": "Shell ROSNY SUR SEINE - AUT A 13",
        "Pays": "France",
        "Adresse": "Autoroute de Normandie",
        "Route": "A13 / E5",
        "garde 24/24": null,
        "marchandise dangereuse acceptees": null,
        "prises electiques ": null,
        "barrieres": null,
        "eclairage": "1",
        "station essence": "1",
        "Hotel": null,
        "assistance medical": null,
        "Restaurant": null,
        "toilette": null,
        "atelier de reparation": null,
        "lavage auto": null,
        "camera": null
      }
    },
    {
      "type": "Feature",
      "geometry": {
        "type": "Point",
        "coordinates": [
          0.20083299999999,
          46.001111
        ]
      },
      "properties": {
        "Nom": "Shell RUFFEC EST - RTE N 10",
        "Pays": "France",
        "Adresse": null,
        "Route": "N10",
        "garde 24/24": null,
        "marchandise dangereuse acceptees": null,
        "prises electiques ": null,
        "barrieres": null,
        "eclairage": null,
        "station essence": "1",
        "Hotel": null,
        "assistance medical": null,
        "Restaurant": null,
        "toilette": null,
        "atelier de reparation": null,
        "lavage auto": null,
        "camera": null
      }
    },
    {
      "type": "Feature",
      "geometry": {
        "type": "Point",
        "coordinates": [
          4.8654198646545,
          46.421292535143
        ]
      },
      "properties": {
        "Nom": "Shell SAINT ALBAIN - AUT A 6",
        "Pays": "France",
        "Adresse": "Autoroute du Soleil",
        "Route": "A6 / E15 / E21",
        "garde 24/24": null,
        "marchandise dangereuse acceptees": null,
        "prises electiques ": null,
        "barrieres": null,
        "eclairage": "1",
        "station essence": "1",
        "Hotel": null,
        "assistance medical": null,
        "Restaurant": "1",
        "toilette": null,
        "atelier de reparation": null,
        "lavage auto": null,
        "camera": null
      }
    },
    {
      "type": "Feature",
      "geometry": {
        "type": "Point",
        "coordinates": [
          -1.8695211410522,
          48.166371652237
        ]
      },
      "properties": {
        "Nom": "Shell SAINT GILLES - Aire d’Armor et d’Argoat",
        "Pays": "France",
        "Adresse": null,
        "Route": "E50 / N12",
        "garde 24/24": null,
        "marchandise dangereuse acceptees": null,
        "prises electiques ": null,
        "barrieres": null,
        "eclairage": "1",
        "station essence": "1",
        "Hotel": null,
        "assistance medical": null,
        "Restaurant": "1",
        "toilette": "1",
        "atelier de reparation": null,
        "lavage auto": null,
        "camera": "1"
      }
    },
    {
      "type": "Feature",
      "geometry": {
        "type": "Point",
        "coordinates": [
          2.380278,
          50.5725
        ]
      },
      "properties": {
        "Nom": "Shell SAINT HILAIRE AUT A26.",
        "Pays": "France",
        "Adresse": "Autoroute des Anglais",
        "Route": "A26 / E15",
        "garde 24/24": null,
        "marchandise dangereuse acceptees": null,
        "prises electiques ": null,
        "barrieres": null,
        "eclairage": "1",
        "station essence": "1",
        "Hotel": null,
        "assistance medical": null,
        "Restaurant": "1",
        "toilette": null,
        "atelier de reparation": null,
        "lavage auto": null,
        "camera": null
      }
    },
    {
      "type": "Feature",
      "geometry": {
        "type": "Point",
        "coordinates": [
          4.9741995334625,
          45.698416666717
        ]
      },
      "properties": {
        "Nom": "Shell SAINT PRIEST - AUT A 43",
        "Pays": "France",
        "Adresse": "Chemin de Mauguette",
        "Route": "A43 / E711 / E70",
        "garde 24/24": null,
        "marchandise dangereuse acceptees": null,
        "prises electiques ": null,
        "barrieres": null,
        "eclairage": "1",
        "station essence": "1",
        "Hotel": null,
        "assistance medical": null,
        "Restaurant": "1",
        "toilette": null,
        "atelier de reparation": null,
        "lavage auto": null,
        "camera": null
      }
    },
    {
      "type": "Feature",
      "geometry": {
        "type": "Point",
        "coordinates": [
          7.3785638809204,
          47.776013872091
        ]
      },
      "properties": {
        "Nom": "Shell SAUSHEIM - AV GAL DE GAULLE",
        "Pays": "France",
        "Adresse": "Rue Jean Monnet 4",
        "Route": "D238 / Avenue du General de Gaul",
        "garde 24/24": "1",
        "marchandise dangereuse acceptees": null,
        "prises electiques ": null,
        "barrieres": "1",
        "eclairage": "1",
        "station essence": "1",
        "Hotel": "1",
        "assistance medical": null,
        "Restaurant": null,
        "toilette": null,
        "atelier de reparation": null,
        "lavage auto": null,
        "camera": "1"
      }
    },
    {
      "type": "Feature",
      "geometry": {
        "type": "Point",
        "coordinates": [
          3.3450472354889,
          43.359244405046
        ]
      },
      "properties": {
        "Nom": "Shell SERVIAN - A9 AIRE DE MONTBLANC",
        "Pays": "France",
        "Adresse": "La Languedocienne",
        "Route": "A9",
        "garde 24/24": null,
        "marchandise dangereuse acceptees": null,
        "prises electiques ": null,
        "barrieres": null,
        "eclairage": null,
        "station essence": "1",
        "Hotel": null,
        "assistance medical": null,
        "Restaurant": "1",
        "toilette": null,
        "atelier de reparation": null,
        "lavage auto": null,
        "camera": null
      }
    },
    {
      "type": "Feature",
      "geometry": {
        "type": "Point",
        "coordinates": [
          1.3859885931015,
          46.204335663389
        ]
      },
      "properties": {
        "Nom": "Shell ST MAURICE LA SOUTERRAINE",
        "Pays": "France",
        "Adresse": null,
        "Route": "N145 / E62",
        "garde 24/24": null,
        "marchandise dangereuse acceptees": null,
        "prises electiques ": null,
        "barrieres": null,
        "eclairage": null,
        "station essence": "1",
        "Hotel": null,
        "assistance medical": null,
        "Restaurant": null,
        "toilette": null,
        "atelier de reparation": null,
        "lavage auto": null,
        "camera": null
      }
    },
    {
      "type": "Feature",
      "geometry": {
        "type": "Point",
        "coordinates": [
          -0.43362200260162,
          44.645929562739
        ]
      },
      "properties": {
        "Nom": "Shell ST MICHEL DE RIEUFRET - AUT A 62",
        "Pays": "France",
        "Adresse": "Chemin de Banquet",
        "Route": "A62 / E72",
        "garde 24/24": null,
        "marchandise dangereuse acceptees": null,
        "prises electiques ": null,
        "barrieres": null,
        "eclairage": "1",
        "station essence": "1",
        "Hotel": null,
        "assistance medical": null,
        "Restaurant": null,
        "toilette": null,
        "atelier de reparation": null,
        "lavage auto": null,
        "camera": null
      }
    },
    {
      "type": "Feature",
      "geometry": {
        "type": "Point",
        "coordinates": [
          5.8607983589172,
          45.243583272349
        ]
      },
      "properties": {
        "Nom": "Shell ST NAZAIRE LES EYMES - AUT A 41",
        "Pays": "France",
        "Adresse": null,
        "Route": "E712 / A41",
        "garde 24/24": null,
        "marchandise dangereuse acceptees": null,
        "prises electiques ": null,
        "barrieres": null,
        "eclairage": null,
        "station essence": "1",
        "Hotel": null,
        "assistance medical": null,
        "Restaurant": "1",
        "toilette": null,
        "atelier de reparation": null,
        "lavage auto": null,
        "camera": null
      }
    },
    {
      "type": "Feature",
      "geometry": {
        "type": "Point",
        "coordinates": [
          -0.34331202507019,
          48.027095535229
        ]
      },
      "properties": {
        "Nom": "Shell THORIGNE EN CHARNIE - AUT A 81",
        "Pays": "France",
        "Adresse": "L'Armoricaine",
        "Route": "A81 / E50",
        "garde 24/24": null,
        "marchandise dangereuse acceptees": "1",
        "prises electiques ": null,
        "barrieres": "1",
        "eclairage": "1",
        "station essence": "1",
        "Hotel": null,
        "assistance medical": null,
        "Restaurant": "1",
        "toilette": "1",
        "atelier de reparation": null,
        "lavage auto": "1",
        "camera": "1"
      }
    },
    {
      "type": "Feature",
      "geometry": {
        "type": "Point",
        "coordinates": [
          3.3617681264877,
          46.506386433226
        ]
      },
      "properties": {
        "Nom": "Shell TOULON S/ALLIER - RN 7",
        "Pays": "France",
        "Adresse": "03400",
        "Route": "D707",
        "garde 24/24": null,
        "marchandise dangereuse acceptees": null,
        "prises electiques ": null,
        "barrieres": null,
        "eclairage": "1",
        "station essence": "1",
        "Hotel": null,
        "assistance medical": null,
        "Restaurant": null,
        "toilette": null,
        "atelier de reparation": null,
        "lavage auto": null,
        "camera": null
      }
    },
    {
      "type": "Feature",
      "geometry": {
        "type": "Point",
        "coordinates": [
          -1.6547043915405,
          47.337574421029
        ]
      },
      "properties": {
        "Nom": "Shell TREILLIERES - AUT A 821 - RTE NAT 1",
        "Pays": "France",
        "Adresse": "Route des Estuaires",
        "Route": "N137 / E3",
        "garde 24/24": null,
        "marchandise dangereuse acceptees": null,
        "prises electiques ": null,
        "barrieres": null,
        "eclairage": "1",
        "station essence": "1",
        "Hotel": null,
        "assistance medical": null,
        "Restaurant": "1",
        "toilette": null,
        "atelier de reparation": null,
        "lavage auto": null,
        "camera": null
      }
    },
    {
      "type": "Feature",
      "geometry": {
        "type": "Point",
        "coordinates": [
          3.086667,
          48.684167
        ]
      },
      "properties": {
        "Nom": "Shell VAUDOY EN BRIE-RTE NATIONALE 4",
        "Pays": "France",
        "Adresse": null,
        "Route": "N4",
        "garde 24/24": null,
        "marchandise dangereuse acceptees": null,
        "prises electiques ": null,
        "barrieres": null,
        "eclairage": "1",
        "station essence": "1",
        "Hotel": null,
        "assistance medical": null,
        "Restaurant": "1",
        "toilette": null,
        "atelier de reparation": null,
        "lavage auto": null,
        "camera": null
      }
    },
    {
      "type": "Feature",
      "geometry": {
        "type": "Point",
        "coordinates": [
          1.6041111946106,
          46.723322069312
        ]
      },
      "properties": {
        "Nom": "Shell VELLES - AUT A 20",
        "Pays": "France",
        "Adresse": "L'Occitane",
        "Route": "A20 / E9",
        "garde 24/24": null,
        "marchandise dangereuse acceptees": null,
        "prises electiques ": null,
        "barrieres": null,
        "eclairage": "1",
        "station essence": "1",
        "Hotel": null,
        "assistance medical": null,
        "Restaurant": "1",
        "toilette": "1",
        "atelier de reparation": null,
        "lavage auto": null,
        "camera": null
      }
    },
    {
      "type": "Feature",
      "geometry": {
        "type": "Point",
        "coordinates": [
          1.2177443504333,
          49.212095559983
        ]
      },
      "properties": {
        "Nom": "Shell VIRONVAY - AUT A 13",
        "Pays": "France",
        "Adresse": "Autoroute de Normandie",
        "Route": "A13 / E5",
        "garde 24/24": null,
        "marchandise dangereuse acceptees": null,
        "prises electiques ": null,
        "barrieres": null,
        "eclairage": "1",
        "station essence": "1",
        "Hotel": null,
        "assistance medical": null,
        "Restaurant": "1",
        "toilette": null,
        "atelier de reparation": null,
        "lavage auto": null,
        "camera": null
      }
    },
    {
      "type": "Feature",
      "geometry": {
        "type": "Point",
        "coordinates": [
          3.9194691181183,
          49.24271421314
        ]
      },
      "properties": {
        "Nom": "Shell VRIGNY - AUT A 4 - AIRE DE VRIGNY",
        "Pays": "France",
        "Adresse": "Autoroute de l'Est",
        "Route": "A4 / E50.",
        "garde 24/24": null,
        "marchandise dangereuse acceptees": null,
        "prises electiques ": null,
        "barrieres": null,
        "eclairage": "1",
        "station essence": "1",
        "Hotel": null,
        "assistance medical": null,
        "Restaurant": "1",
        "toilette": null,
        "atelier de reparation": null,
        "lavage auto": null,
        "camera": null
      }
    },
    {
      "type": "Feature",
      "geometry": {
        "type": "Point",
        "coordinates": [
          4.0813672542572,
          49.232907099291
        ]
      },
      "properties": {
        "Nom": "Shell, route de Chalons",
        "Pays": "France",
        "Adresse": "Route de Châlons",
        "Route": "D944",
        "garde 24/24": null,
        "marchandise dangereuse acceptees": null,
        "prises electiques ": null,
        "barrieres": null,
        "eclairage": null,
        "station essence": "1",
        "Hotel": null,
        "assistance medical": null,
        "Restaurant": "1",
        "toilette": "1",
        "atelier de reparation": null,
        "lavage auto": "1",
        "camera": null
      }
    },
    {
      "type": "Feature",
      "geometry": {
        "type": "Point",
        "coordinates": [
          6.6244574737884,
          45.196511327749
        ]
      },
      "properties": {
        "Nom": "Shell.",
        "Pays": "France",
        "Adresse": null,
        "Route": "D1006",
        "garde 24/24": null,
        "marchandise dangereuse acceptees": null,
        "prises electiques ": null,
        "barrieres": null,
        "eclairage": null,
        "station essence": "1",
        "Hotel": null,
        "assistance medical": null,
        "Restaurant": "1",
        "toilette": "1",
        "atelier de reparation": null,
        "lavage auto": "1",
        "camera": null
      }
    },
    {
      "type": "Feature",
      "geometry": {
        "type": "Point",
        "coordinates": [
          4.7850394248962,
          44.516517809325
        ]
      },
      "properties": {
        "Nom": "Shell.",
        "Pays": "France",
        "Adresse": "Champagnol",
        "Route": "A7 / E15",
        "garde 24/24": null,
        "marchandise dangereuse acceptees": null,
        "prises electiques ": null,
        "barrieres": null,
        "eclairage": null,
        "station essence": "1",
        "Hotel": "1",
        "assistance medical": null,
        "Restaurant": "1",
        "toilette": "1",
        "atelier de reparation": null,
        "lavage auto": "1",
        "camera": null
      }
    },
    {
      "type": "Feature",
      "geometry": {
        "type": "Point",
        "coordinates": [
          3.1983087155456,
          47.974283942082
        ]
      },
      "properties": {
        "Nom": "Shell.",
        "Pays": "France",
        "Adresse": "Autoroute du Soleil",
        "Route": "A6 / E60 / E15",
        "garde 24/24": null,
        "marchandise dangereuse acceptees": null,
        "prises electiques ": null,
        "barrieres": null,
        "eclairage": null,
        "station essence": "1",
        "Hotel": null,
        "assistance medical": null,
        "Restaurant": "1",
        "toilette": "1",
        "atelier de reparation": null,
        "lavage auto": "1",
        "camera": null
      }
    },
    {
      "type": "Feature",
      "geometry": {
        "type": "Point",
        "coordinates": [
          4.7666473804093,
          46.13399404063
        ]
      },
      "properties": {
        "Nom": "Shell.",
        "Pays": "France",
        "Adresse": "Autoroute du Soleil",
        "Route": "A6 / E15",
        "garde 24/24": "1",
        "marchandise dangereuse acceptees": null,
        "prises electiques ": null,
        "barrieres": null,
        "eclairage": "1",
        "station essence": "1",
        "Hotel": null,
        "assistance medical": null,
        "Restaurant": "1",
        "toilette": "1",
        "atelier de reparation": null,
        "lavage auto": "1",
        "camera": "1"
      }
    },
    {
      "type": "Feature",
      "geometry": {
        "type": "Point",
        "coordinates": [
          3.2742971148804,
          45.338295106663
        ]
      },
      "properties": {
        "Nom": "Shell.",
        "Pays": "France",
        "Adresse": "La Meridienne",
        "Route": "E11 / A75",
        "garde 24/24": null,
        "marchandise dangereuse acceptees": null,
        "prises electiques ": null,
        "barrieres": null,
        "eclairage": null,
        "station essence": "1",
        "Hotel": "1",
        "assistance medical": null,
        "Restaurant": "1",
        "toilette": "1",
        "atelier de reparation": null,
        "lavage auto": "1",
        "camera": null
      }
    },
    {
      "type": "Feature",
      "geometry": {
        "type": "Point",
        "coordinates": [
          1.6329525373718,
          48.992786483915
        ]
      },
      "properties": {
        "Nom": "Shell.",
        "Pays": "France",
        "Adresse": "Autoroute de Normandie",
        "Route": "A13 / E5",
        "garde 24/24": null,
        "marchandise dangereuse acceptees": null,
        "prises electiques ": null,
        "barrieres": null,
        "eclairage": null,
        "station essence": "1",
        "Hotel": null,
        "assistance medical": null,
        "Restaurant": "1",
        "toilette": "1",
        "atelier de reparation": null,
        "lavage auto": "1",
        "camera": null
      }
    },
    {
      "type": "Feature",
      "geometry": {
        "type": "Point",
        "coordinates": [
          6.6602039337158,
          49.132882625757
        ]
      },
      "properties": {
        "Nom": "Shelle Longeville les Saint Avold",
        "Pays": "France",
        "Adresse": "Autoroute de l'Est",
        "Route": "E25 / A4 / E50",
        "garde 24/24": null,
        "marchandise dangereuse acceptees": null,
        "prises electiques ": null,
        "barrieres": null,
        "eclairage": null,
        "station essence": "1",
        "Hotel": null,
        "assistance medical": null,
        "Restaurant": "1",
        "toilette": "1",
        "atelier de reparation": null,
        "lavage auto": "1",
        "camera": null
      }
    },
    {
      "type": "Feature",
      "geometry": {
        "type": "Point",
        "coordinates": [
          3.4795528817036,
          46.022481333566
        ]
      },
      "properties": {
        "Nom": "Small road with parking",
        "Pays": "France",
        "Adresse": null,
        "Route": "D906",
        "garde 24/24": null,
        "marchandise dangereuse acceptees": null,
        "prises electiques ": null,
        "barrieres": null,
        "eclairage": null,
        "station essence": null,
        "Hotel": null,
        "assistance medical": null,
        "Restaurant": null,
        "toilette": null,
        "atelier de reparation": null,
        "lavage auto": null,
        "camera": null
      }
    },
    {
      "type": "Feature",
      "geometry": {
        "type": "Point",
        "coordinates": [
          0.86161236163503,
          47.90715743732
        ]
      },
      "properties": {
        "Nom": "St calais",
        "Pays": "France",
        "Adresse": null,
        "Route": null,
        "garde 24/24": null,
        "marchandise dangereuse acceptees": null,
        "prises electiques ": null,
        "barrieres": null,
        "eclairage": null,
        "station essence": null,
        "Hotel": null,
        "assistance medical": null,
        "Restaurant": null,
        "toilette": null,
        "atelier de reparation": null,
        "lavage auto": null,
        "camera": null
      }
    },
    {
      "type": "Feature",
      "geometry": {
        "type": "Point",
        "coordinates": [
          1.926153,
          47.664739
        ]
      },
      "properties": {
        "Nom": "Station BP Chaumont-sur-Tharonne - BP",
        "Pays": "France",
        "Adresse": "Aire de Chaumont-sur-Tharonne",
        "Route": "A71",
        "garde 24/24": null,
        "marchandise dangereuse acceptees": null,
        "prises electiques ": null,
        "barrieres": null,
        "eclairage": "1",
        "station essence": "1",
        "Hotel": null,
        "assistance medical": null,
        "Restaurant": "1",
        "toilette": "1",
        "atelier de reparation": null,
        "lavage auto": null,
        "camera": "1"
      }
    },
    {
      "type": "Feature",
      "geometry": {
        "type": "Point",
        "coordinates": [
          1.9078405014953,
          50.954978889996
        ]
      },
      "properties": {
        "Nom": "station total rue Marcel Dassault",
        "Pays": "France",
        "Adresse": "273, Rue Costes et Bellonte",
        "Route": null,
        "garde 24/24": null,
        "marchandise dangereuse acceptees": null,
        "prises electiques ": null,
        "barrieres": "1",
        "eclairage": null,
        "station essence": "1",
        "Hotel": null,
        "assistance medical": null,
        "Restaurant": null,
        "toilette": "1",
        "atelier de reparation": null,
        "lavage auto": null,
        "camera": null
      }
    },
    {
      "type": "Feature",
      "geometry": {
        "type": "Point",
        "coordinates": [
          0.53295224905014,
          47.545600643548
        ]
      },
      "properties": {
        "Nom": "Station U",
        "Pays": "France",
        "Adresse": null,
        "Route": "D766",
        "garde 24/24": "1",
        "marchandise dangereuse acceptees": null,
        "prises electiques ": "1",
        "barrieres": null,
        "eclairage": "1",
        "station essence": null,
        "Hotel": null,
        "assistance medical": null,
        "Restaurant": null,
        "toilette": "1",
        "atelier de reparation": null,
        "lavage auto": "1",
        "camera": "1"
      }
    },
    {
      "type": "Feature",
      "geometry": {
        "type": "Point",
        "coordinates": [
          7.5547045469284,
          48.068885007315
        ]
      },
      "properties": {
        "Nom": "Terminal",
        "Pays": "France",
        "Adresse": "11 Route Industrielle",
        "Route": null,
        "garde 24/24": null,
        "marchandise dangereuse acceptees": null,
        "prises electiques ": null,
        "barrieres": null,
        "eclairage": "1",
        "station essence": null,
        "Hotel": null,
        "assistance medical": null,
        "Restaurant": null,
        "toilette": "1",
        "atelier de reparation": null,
        "lavage auto": null,
        "camera": null
      }
    },
    {
      "type": "Feature",
      "geometry": {
        "type": "Point",
        "coordinates": [
          2.995919569218,
          50.443329061044
        ]
      },
      "properties": {
        "Nom": "TIP Delta Park A1/E17",
        "Pays": "France",
        "Adresse": "Rue du Delta",
        "Route": "A1",
        "garde 24/24": "1",
        "marchandise dangereuse acceptees": "1",
        "prises electiques ": null,
        "barrieres": "1",
        "eclairage": "1",
        "station essence": null,
        "Hotel": null,
        "assistance medical": null,
        "Restaurant": null,
        "toilette": "1",
        "atelier de reparation": "1",
        "lavage auto": null,
        "camera": "1"
      }
    },
    {
      "type": "Feature",
      "geometry": {
        "type": "Point",
        "coordinates": [
          2.3781125056261,
          48.752676575913
        ]
      },
      "properties": {
        "Nom": "Tootal",
        "Pays": "France",
        "Adresse": "Alouettes",
        "Route": "A86.",
        "garde 24/24": null,
        "marchandise dangereuse acceptees": null,
        "prises electiques ": null,
        "barrieres": null,
        "eclairage": "1",
        "station essence": "1",
        "Hotel": null,
        "assistance medical": null,
        "Restaurant": null,
        "toilette": "1",
        "atelier de reparation": null,
        "lavage auto": null,
        "camera": null
      }
    },
    {
      "type": "Feature",
      "geometry": {
        "type": "Point",
        "coordinates": [
          -0.43165039999997,
          44.9792269
        ]
      },
      "properties": {
        "Nom": "Total",
        "Pays": "France",
        "Adresse": "960 Chemin de Lestalot",
        "Route": "A10",
        "garde 24/24": null,
        "marchandise dangereuse acceptees": null,
        "prises electiques ": null,
        "barrieres": null,
        "eclairage": null,
        "station essence": "1",
        "Hotel": null,
        "assistance medical": null,
        "Restaurant": "1",
        "toilette": "1",
        "atelier de reparation": null,
        "lavage auto": null,
        "camera": null
      }
    },
    {
      "type": "Feature",
      "geometry": {
        "type": "Point",
        "coordinates": [
          4.5046946739938,
          49.593265437855
        ]
      },
      "properties": {
        "Nom": "Total",
        "Pays": "France",
        "Adresse": null,
        "Route": "A34/D951",
        "garde 24/24": null,
        "marchandise dangereuse acceptees": null,
        "prises electiques ": null,
        "barrieres": null,
        "eclairage": null,
        "station essence": "1",
        "Hotel": null,
        "assistance medical": null,
        "Restaurant": "1",
        "toilette": "1",
        "atelier de reparation": null,
        "lavage auto": null,
        "camera": null
      }
    },
    {
      "type": "Feature",
      "geometry": {
        "type": "Point",
        "coordinates": [
          2.9769515991211,
          50.458474584279
        ]
      },
      "properties": {
        "Nom": "Total - Le Marais de l'Abiette",
        "Pays": "France",
        "Adresse": "le marais de l'abiette",
        "Route": "A1/E17 - Exit 17.1",
        "garde 24/24": null,
        "marchandise dangereuse acceptees": null,
        "prises electiques ": null,
        "barrieres": null,
        "eclairage": "1",
        "station essence": "1",
        "Hotel": null,
        "assistance medical": null,
        "Restaurant": "1",
        "toilette": "1",
        "atelier de reparation": null,
        "lavage auto": null,
        "camera": "1"
      }
    },
    {
      "type": "Feature",
      "geometry": {
        "type": "Point",
        "coordinates": [
          4.8681004856278,
          48.647392571584
        ]
      },
      "properties": {
        "Nom": "Total Hallignicourt",
        "Pays": "France",
        "Adresse": null,
        "Route": "N4",
        "garde 24/24": null,
        "marchandise dangereuse acceptees": null,
        "prises electiques ": null,
        "barrieres": null,
        "eclairage": null,
        "station essence": "1",
        "Hotel": null,
        "assistance medical": null,
        "Restaurant": "1",
        "toilette": "1",
        "atelier de reparation": null,
        "lavage auto": null,
        "camera": null
      }
    },
    {
      "type": "Feature",
      "geometry": {
        "type": "Point",
        "coordinates": [
          4.9554390758374,
          45.709333073456
        ]
      },
      "properties": {
        "Nom": "TRAVIS - Dallas Location - TRAVIS - Dallas Location",
        "Pays": "France",
        "Adresse": "196 Chemin du Lortaret",
        "Route": null,
        "garde 24/24": "1",
        "marchandise dangereuse acceptees": null,
        "prises electiques ": null,
        "barrieres": "1",
        "eclairage": "1",
        "station essence": null,
        "Hotel": null,
        "assistance medical": null,
        "Restaurant": null,
        "toilette": "1",
        "atelier de reparation": null,
        "lavage auto": null,
        "camera": "1"
      }
    },
    {
      "type": "Feature",
      "geometry": {
        "type": "Point",
        "coordinates": [
          5.1688742637634,
          46.263524262148
        ]
      },
      "properties": {
        "Nom": "TRAVIS - SIFTAS - Parking Poids Lourd Securise - TRAVIS Road Services - SIFTAS",
        "Pays": "France",
        "Adresse": "Rue des Entrepreneurs",
        "Route": null,
        "garde 24/24": null,
        "marchandise dangereuse acceptees": null,
        "prises electiques ": null,
        "barrieres": "1",
        "eclairage": "1",
        "station essence": null,
        "Hotel": null,
        "assistance medical": null,
        "Restaurant": null,
        "toilette": "1",
        "atelier de reparation": null,
        "lavage auto": null,
        "camera": "1"
      }
    },
    {
      "type": "Feature",
      "geometry": {
        "type": "Point",
        "coordinates": [
          1.4823578315894,
          45.160288171098
        ]
      },
      "properties": {
        "Nom": "Travis Road Services - Lavage Center Brives - Travis Road Services - Lavage Center Brives",
        "Pays": "France",
        "Adresse": "3 Rue Jules Bouchet",
        "Route": null,
        "garde 24/24": null,
        "marchandise dangereuse acceptees": null,
        "prises electiques ": null,
        "barrieres": "1",
        "eclairage": "1",
        "station essence": null,
        "Hotel": null,
        "assistance medical": null,
        "Restaurant": null,
        "toilette": "1",
        "atelier de reparation": null,
        "lavage auto": "1",
        "camera": "1"
      }
    },
    {
      "type": "Feature",
      "geometry": {
        "type": "Point",
        "coordinates": [
          0.33022016239432,
          48.014287370352
        ]
      },
      "properties": {
        "Nom": "TRAVIS Road Services - Transports Evenisse - TRAVIS Road Services - Transports Evenisse",
        "Pays": "France",
        "Adresse": "ZA La Forêt",
        "Route": "Lieu-dit Les Fougeres, ZA la Forêt",
        "garde 24/24": null,
        "marchandise dangereuse acceptees": null,
        "prises electiques ": null,
        "barrieres": "1",
        "eclairage": "1",
        "station essence": null,
        "Hotel": null,
        "assistance medical": null,
        "Restaurant": null,
        "toilette": "1",
        "atelier de reparation": null,
        "lavage auto": null,
        "camera": "1"
      }
    },
    {
      "type": "Feature",
      "geometry": {
        "type": "Point",
        "coordinates": [
          -0.68906197526973,
          44.752877414663
        ]
      },
      "properties": {
        "Nom": "TRAVIS Road Services - Transports Lacassagne - TRAVIS Road Services - Transports Lacassagne",
        "Pays": "France",
        "Adresse": "15 Chem. de Marticot",
        "Route": "15 Chem. de Marticot.",
        "garde 24/24": null,
        "marchandise dangereuse acceptees": null,
        "prises electiques ": null,
        "barrieres": "1",
        "eclairage": "1",
        "station essence": null,
        "Hotel": null,
        "assistance medical": null,
        "Restaurant": null,
        "toilette": "1",
        "atelier de reparation": null,
        "lavage auto": null,
        "camera": "1"
      }
    },
    {
      "type": "Feature",
      "geometry": {
        "type": "Point",
        "coordinates": [
          1.8827617810898,
          47.992904748768
        ]
      },
      "properties": {
        "Nom": "Travis Road Services - Transports Tendron - Travis Road Services - Transports Tendron",
        "Pays": "France",
        "Adresse": "1 route nationale 20",
        "Route": "1 Route nationale 20",
        "garde 24/24": null,
        "marchandise dangereuse acceptees": null,
        "prises electiques ": null,
        "barrieres": "1",
        "eclairage": "1",
        "station essence": null,
        "Hotel": null,
        "assistance medical": null,
        "Restaurant": null,
        "toilette": "1",
        "atelier de reparation": null,
        "lavage auto": null,
        "camera": "1"
      }
    },
    {
      "type": "Feature",
      "geometry": {
        "type": "Point",
        "coordinates": [
          -2.8561127185822,
          48.533378757406
        ]
      },
      "properties": {
        "Nom": "Tremuson - L'envol",
        "Pays": "France",
        "Adresse": "D706",
        "Route": "D706",
        "garde 24/24": null,
        "marchandise dangereuse acceptees": null,
        "prises electiques ": null,
        "barrieres": null,
        "eclairage": null,
        "station essence": null,
        "Hotel": null,
        "assistance medical": null,
        "Restaurant": "1",
        "toilette": "1",
        "atelier de reparation": null,
        "lavage auto": null,
        "camera": null
      }
    },
    {
      "type": "Feature",
      "geometry": {
        "type": "Point",
        "coordinates": [
          6.8595027923584,
          45.900514187543
        ]
      },
      "properties": {
        "Nom": "Tunnel du Mont-Blanc",
        "Pays": "France",
        "Adresse": "Tunnel du Mont-Blanc",
        "Route": "T1",
        "garde 24/24": null,
        "marchandise dangereuse acceptees": null,
        "prises electiques ": null,
        "barrieres": null,
        "eclairage": null,
        "station essence": null,
        "Hotel": null,
        "assistance medical": null,
        "Restaurant": "1",
        "toilette": "1",
        "atelier de reparation": null,
        "lavage auto": null,
        "camera": null
      }
    },
    {
      "type": "Feature",
      "geometry": {
        "type": "Point",
        "coordinates": [
          -1.013763499764,
          47.41924884431
        ]
      },
      "properties": {
        "Nom": "Varades-la-bedoire",
        "Pays": "France",
        "Adresse": null,
        "Route": "A11, L'Oceane",
        "garde 24/24": null,
        "marchandise dangereuse acceptees": "1",
        "prises electiques ": null,
        "barrieres": null,
        "eclairage": "1",
        "station essence": "1",
        "Hotel": null,
        "assistance medical": null,
        "Restaurant": "1",
        "toilette": "1",
        "atelier de reparation": null,
        "lavage auto": null,
        "camera": null
      }
    },
    {
      "type": "Feature",
      "geometry": {
        "type": "Point",
        "coordinates": [
          5.2039191538756,
          46.215628989966
        ]
      },
      "properties": {
        "Nom": "Z.I. De la Chambiere.",
        "Pays": "France",
        "Adresse": "Rue de la Charolaise",
        "Route": "Rue de la Charolaise.",
        "garde 24/24": null,
        "marchandise dangereuse acceptees": null,
        "prises electiques ": null,
        "barrieres": null,
        "eclairage": "1",
        "station essence": null,
        "Hotel": null,
        "assistance medical": null,
        "Restaurant": null,
        "toilette": null,
        "atelier de reparation": null,
        "lavage auto": null,
        "camera": null
      }
    },
    {
      "type": "Feature",
      "geometry": {
        "type": "Point",
        "coordinates": [
          -1.6105565792541,
          49.645984952179
        ]
      },
      "properties": {
        "Nom": "Zone portuaire (next to police/customs)",
        "Pays": "France",
        "Adresse": "Quai de Normandie",
        "Route": null,
        "garde 24/24": null,
        "marchandise dangereuse acceptees": null,
        "prises electiques ": null,
        "barrieres": "1",
        "eclairage": "1",
        "station essence": null,
        "Hotel": null,
        "assistance medical": null,
        "Restaurant": null,
        "toilette": null,
        "atelier de reparation": null,
        "lavage auto": null,
        "camera": "1"
      }
    },
    {
      "type": "Feature",
      "geometry": {
        "type": "Point",
        "coordinates": [
          -1.6036605834961,
          49.645186831658
        ]
      },
      "properties": {
        "Nom": "Zone portuaire (next to police/customs)",
        "Pays": "France",
        "Adresse": "Quai Amiral Kniskern",
        "Route": "Quai Amiral Kniskern",
        "garde 24/24": null,
        "marchandise dangereuse acceptees": null,
        "prises electiques ": null,
        "barrieres": "1",
        "eclairage": "1",
        "station essence": null,
        "Hotel": null,
        "assistance medical": null,
        "Restaurant": null,
        "toilette": null,
        "atelier de reparation": null,
        "lavage auto": null,
        "camera": "1"
      }
    }
  ]
}