{
  "type": "FeatureCollection",
  "features": [
    {
      "type": "Feature",
      "geometry": {
        "coordinates": [
          [
            [
              2.363253917102105,
              48.81605626700829
            ],
            [
              2.3637809375446515,
              48.81620327952896
            ],
            [
              2.3643825508386707,
              48.81641286955386
            ],
            [
              2.3650155540229374,
              48.816681136995015
            ],
            [
              2.365314715980031,
              48.81682129317782
            ],
            [
              2.365819472803028,
              48.81704752181756
            ],
            [
              2.3662988210428497,
              48.817225550648224
            ],
            [
              2.3665969148940555,
              48.81731402839709
            ],
            [
              2.366798758828476,
              48.81739395524442
            ],
            [
              2.3694721504049263,
              48.8182904204534
            ],
            [
              2.3732481626268274,
              48.819536729763016
            ],
            [
              2.3770127917099124,
              48.82079092561816
            ],
            [
              2.3775492185237797,
              48.82094783652728
            ],
            [
              2.378243972054754,
              48.821193446495435
            ],
            [
              2.3788698353317135,
              48.82147046051402
            ],
            [
              2.379402479366393,
              48.82176085578268
            ],
            [
              2.3841584551100077,
              48.824612162249565
            ],
            [
              2.384507283987427,
              48.824787753159434
            ],
            [
              2.3854140175125558,
              48.825229116406334
            ],
            [
              2.3860894597145217,
              48.82549510382055
            ],
            [
              2.387257368302993,
              48.82589101677107
            ],
            [
              2.3875545253730817,
              48.82600033777067
            ],
            [
              2.389146916242602,
              48.826499323636234
            ],
            [
              2.390041255514152,
              48.82680323542015
            ],
            [
              2.390158579425074,
              48.826840312277476
            ],
            [
              2.3905535567921112,
              48.82697821183258
            ],
            [
              2.390627180347309,
              48.82700391330479
            ],
            [
              2.390736813959108,
              48.82703706511298
            ],
            [
              2.39138729711874,
              48.827261047017565
            ],
            [
              2.392106520212812,
              48.82742782398679
            ],
            [
              2.3925521004712333,
              48.82750237950752
            ],
            [
              2.392718975147211,
              48.827529632532524
            ],
            [
              2.392980388047362,
              48.82756709640463
            ],
            [
              2.394215792990143,
              48.82771935545984
            ],
            [
              2.395016074546925,
              48.82779862087934
            ],
            [
              2.3955567731897554,
              48.82788809016817
            ],
            [
              2.399998857311757,
              48.82894212550683
            ],
            [
              2.400810945459537,
              48.82930377701989
            ],
            [
              2.4011818951701245,
              48.82956771096071
            ],
            [
              2.401479128340207,
              48.829750673391054
            ],
            [
              2.4021774872455652,
              48.83017339772442
            ],
            [
              2.402338473871405,
              48.830273393607605
            ],
            [
              2.402716810186049,
              48.83053593839738
            ],
            [
              2.403801529223378,
              48.83120364465583
            ],
            [
              2.405681861084413,
              48.8322368598517
            ],
            [
              2.407051010355644,
              48.833040799090405
            ],
            [
              2.407615035116233,
              48.83329475962622
            ],
            [
              2.407951405285627,
              48.833425403048984
            ],
            [
              2.410167983145647,
              48.83418343849605
            ],
            [
              2.41032459455173,
              48.83424150018993
            ],
            [
              2.410414840965913,
              48.83429766067366
            ],
            [
              2.4109568304315045,
              48.834636783055934
            ],
            [
              2.4113191575304795,
              48.834896432371764
            ],
            [
              2.411785445686873,
              48.83534964009578
            ],
            [
              2.412167434017541,
              48.835727082916655
            ],
            [
              2.412363201897908,
              48.83618198007368
            ],
            [
              2.412957617524647,
              48.83796340423282
            ],
            [
              2.4131167227413797,
              48.83844378698584
            ],
            [
              2.4135437669598714,
              48.839831624006564
            ],
            [
              2.413709363624074,
              48.840675836526
            ],
            [
              2.4138041945000093,
              48.84171279352087
            ],
            [
              2.4139639428361277,
              48.843459731779255
            ],
            [
              2.4140481612782407,
              48.84391686431842
            ],
            [
              2.414066396638751,
              48.844015900766166
            ],
            [
              2.4141366298476785,
              48.84438029491905
            ],
            [
              2.414571232628529,
              48.84640479232724
            ],
            [
              2.4146152431905716,
              48.84663193262045
            ],
            [
              2.414634194457384,
              48.846732923830686
            ],
            [
              2.4146418088866484,
              48.84675865561803
            ],
            [
              2.4146941375073996,
              48.84706783954303
            ],
            [
              2.4149474482093733,
              48.84829105616608
            ],
            [
              2.41512694314781,
              48.84927823499903
            ],
            [
              2.415381946064741,
              48.850605133562894
            ],
            [
              2.4153775539444937,
              48.85102456005732
            ],
            [
              2.4152854207782455,
              48.85143954654641
            ],
            [
              2.4151682112146875,
              48.851689343647685
            ],
            [
              2.4148108821704732,
              48.85245424683024
            ],
            [
              2.4142214903626424,
              48.85358062982096
            ],
            [
              2.413969371245131,
              48.8546281875887
            ],
            [
              2.414131419176549,
              48.85640126937617
            ],
            [
              2.414262691935201,
              48.857833390824304
            ],
            [
              2.414287721228942,
              48.85832030150407
            ],
            [
              2.4142484211883652,
              48.859345235209524
            ],
            [
              2.413959997710637,
              48.86125738148033
            ],
            [
              2.413744269361112,
              48.86262002315416
            ],
            [
              2.413555866450348,
              48.863810159453294
            ],
            [
              2.4135238393563356,
              48.86399246056864
            ],
            [
              2.413482592896081,
              48.86431439288519
            ],
            [
              2.4134700583067876,
              48.8644748725313
            ],
            [
              2.413441403429067,
              48.86516633281817
            ],
            [
              2.413417044320735,
              48.8663297053741
            ],
            [
              2.41341712927091,
              48.86645653939647
            ],
            [
              2.413425975027492,
              48.86686705839526
            ],
            [
              2.413422016852879,
              48.86700429586
            ],
            [
              2.413406262648202,
              48.86718307883194
            ],
            [
              2.41344525151496,
              48.86882099758161
            ],
            [
              2.413452495443668,
              48.86971766151142
            ],
            [
              2.4134847137092503,
              48.87010108894666
            ],
            [
              2.413400599561449,
              48.87080806626466
            ],
            [
              2.413237008563134,
              48.87142490001253
            ],
            [
              2.41285748261347,
              48.87223468735454
            ],
            [
              2.41266029355327,
              48.872548747297195
            ],
            [
              2.4116591783959955,
              48.87375820846451
            ],
            [
              2.4107550786279908,
              48.874801248882136
            ],
            [
              2.4104037150171176,
              48.87524464268368
            ],
            [
              2.4102414615446652,
              48.875510207198204
            ],
            [
              2.4093141511306566,
              48.87703295835205
            ],
            [
              2.4088975126877505,
              48.87771709901359
            ],
            [
              2.4088141393844733,
              48.877842935105164
            ],
            [
              2.408732820588506,
              48.87799434019608
            ],
            [
              2.408282830444012,
              48.87870477170604
            ],
            [
              2.408018308539927,
              48.87907085745907
            ],
            [
              2.407719617924082,
              48.87938975663577
            ],
            [
              2.4072625988006155,
              48.87977383686082
            ],
            [
              2.4067142774502917,
              48.88011419618414
            ],
            [
              2.40633195310724,
              48.880300934768144
            ],
            [
              2.405891545047179,
              48.88049310360636
            ],
            [
              2.405296242032889,
              48.88068456442763
            ],
            [
              2.4042331103733168,
              48.88096666752769
            ],
            [
              2.40371600538956,
              48.88111922699096
            ],
            [
              2.40334460032806,
              48.88123678917732
            ],
            [
              2.4030770898984786,
              48.88133838360821
            ],
            [
              2.4027305145979727,
              48.88146646389071
            ],
            [
              2.402386446001525,
              48.88163024094423
            ],
            [
              2.4022502001290964,
              48.881707199611455
            ],
            [
              2.4020594512858016,
              48.88181504757677
            ],
            [
              2.4016643961856374,
              48.88209728789869
            ],
            [
              2.3993663613444602,
              48.883960613781056
            ],
            [
              2.3989519397298467,
              48.88427702984888
            ],
            [
              2.3985212320347093,
              48.88464766379658
            ],
            [
              2.398230032453461,
              48.884919406222906
            ],
            [
              2.397900628151849,
              48.88529656335829
            ],
            [
              2.397676069894267,
              48.885646862568066
            ],
            [
              2.397626820478381,
              48.88574175422503
            ],
            [
              2.3974899436934187,
              48.88599191375604
            ],
            [
              2.397444805429762,
              48.88609797760548
            ],
            [
              2.397342005242673,
              48.8863387575706
            ],
            [
              2.3970404775461582,
              48.88722550937995
            ],
            [
              2.396960889977947,
              48.887515229871376
            ],
            [
              2.396780071081127,
              48.88817340495665
            ],
            [
              2.3964667688638577,
              48.88926240579754
            ],
            [
              2.396360693672571,
              48.88963064642978
            ],
            [
              2.3962139050738913,
              48.890155522961166
            ],
            [
              2.396071282814582,
              48.89063841287766
            ],
            [
              2.396052116523073,
              48.89071406588778
            ],
            [
              2.3958267965727624,
              48.89146894186254
            ],
            [
              2.3956456089080325,
              48.89209889053635
            ],
            [
              2.395517815493615,
              48.89255118708795
            ],
            [
              2.395485509964826,
              48.89269058915247
            ],
            [
              2.3952157005841475,
              48.89369288306807
            ],
            [
              2.394924523918733,
              48.89474780345542
            ],
            [
              2.3946835910916096,
              48.89574809992519
            ],
            [
              2.394441032616026,
              48.896758369215455
            ],
            [
              2.3942687132852,
              48.897414392927324
            ],
            [
              2.3941276491195316,
              48.89786913688402
            ],
            [
              2.3938989072991093,
              48.8983305773543
            ],
            [
              2.393749926939015,
              48.89854629699199
            ],
            [
              2.3935345794206584,
              48.89880584561481
            ],
            [
              2.393282513473091,
              48.89904635819605
            ],
            [
              2.3930262093744177,
              48.89927579617424
            ],
            [
              2.3928430348913374,
              48.89941005236917
            ],
            [
              2.3927237840854727,
              48.89949708576654
            ],
            [
              2.392331064021276,
              48.89971299722097
            ],
            [
              2.3919748298422765,
              48.89987981028724
            ],
            [
              2.391497630484576,
              48.90006160182232
            ],
            [
              2.3910272039146596,
              48.900207525343404
            ],
            [
              2.3908777190885355,
              48.900244545272834
            ],
            [
              2.390554288134643,
              48.900324656360475
            ],
            [
              2.389953295985005,
              48.90045703304451
            ],
            [
              2.3895058163303013,
              48.90051128368388
            ],
            [
              2.3890386881742938,
              48.90055548603391
            ],
            [
              2.3885587095430627,
              48.90057530356514
            ],
            [
              2.388522971496122,
              48.900576398132365
            ],
            [
              2.388054036088066,
              48.900596674713924
            ],
            [
              2.3869782364531824,
              48.90060758560777
            ],
            [
              2.386671344433624,
              48.900607723108806
            ],
            [
              2.3856951914960987,
              48.900557251053485
            ],
            [
              2.3841357374870693,
              48.90045690985566
            ],
            [
              2.3840563728568975,
              48.90045598911573
            ],
            [
              2.3830001319178287,
              48.90039010959996
            ],
            [
              2.3813631901276384,
              48.90035444326705
            ],
            [
              2.380879270398343,
              48.900335053594084
            ],
            [
              2.3802669678948822,
              48.900315384423315
            ],
            [
              2.37955426444768,
              48.900315651412164
            ],
            [
              2.378442586127493,
              48.90030770195219
            ],
            [
              2.377513280729339,
              48.900308046570714
            ],
            [
              2.3768406945591996,
              48.90033338091719
            ],
            [
              2.3760411602011504,
              48.90039228704303
            ],
            [
              2.3747641273076363,
              48.90052743992155
            ],
            [
              2.373536571364394,
              48.900629014836454
            ],
            [
              2.372820513786584,
              48.90069669071789
            ],
            [
              2.37219049834312,
              48.900747600519914
            ],
            [
              2.3717660340489704,
              48.90076473699744
            ],
            [
              2.3715912957516894,
              48.900771437479676
            ],
            [
              2.3703256352808353,
              48.900783360858654
            ],
            [
              2.370211707516073,
              48.9007844345595
            ],
            [
              2.3663346274282953,
              48.90083210762917
            ],
            [
              2.3642358128175807,
              48.90087140046236
            ],
            [
              2.3638657454009016,
              48.90087841062388
            ],
            [
              2.3622409137307674,
              48.90088931162228
            ],
            [
              2.359690170953672,
              48.900906314587836
            ],
            [
              2.359407958694846,
              48.90090817791319
            ],
            [
              2.35918793562478,
              48.90091001360243
            ],
            [
              2.358903213456316,
              48.90091187130268
            ],
            [
              2.3587650913521023,
              48.90091251682754
            ],
            [
              2.3585247464067978,
              48.90091409860432
            ],
            [
              2.3570771083004587,
              48.900948091540144
            ],
            [
              2.3557617931461134,
              48.90102772657198
            ],
            [
              2.3547251522650097,
              48.90109687003163
            ],
            [
              2.353743063670129,
              48.90116232392748
            ],
            [
              2.3520145699810926,
              48.90119446114774
            ],
            [
              2.3511215175786218,
              48.901180570048446
            ],
            [
              2.348038756225017,
              48.90111798166937
            ],
            [
              2.3442533055472925,
              48.90104093767703
            ],
            [
              2.344114312774315,
              48.90103809018368
            ],
            [
              2.3440025405020743,
              48.90103578732315
            ],
            [
              2.343901473611702,
              48.901033704880085
            ],
            [
              2.34003523533303,
              48.9009493580291
            ],
            [
              2.339806753022107,
              48.9009458594993
            ],
            [
              2.3356344337065376,
              48.90086074411525
            ],
            [
              2.3352755681529884,
              48.900853276078394
            ],
            [
              2.334429864318966,
              48.900835728122914
            ],
            [
              2.3302679322180477,
              48.90075023160023
            ],
            [
              2.3300518790266356,
              48.9007466580498
            ],
            [
              2.3298095033686606,
              48.90074273896879
            ],
            [
              2.323871477621974,
              48.9006253497971
            ],
            [
              2.3233104574911563,
              48.90060001314514
            ],
            [
              2.32252275023376,
              48.900524648753354
            ],
            [
              2.3218441686495472,
              48.90044848518381
            ],
            [
              2.321239807449616,
              48.90032115350352
            ],
            [
              2.3205400182018194,
              48.90011126852913
            ],
            [
              2.319688397392095,
              48.899850433960346
            ],
            [
              2.3192573370454803,
              48.899721171624485
            ],
            [
              2.319083935871576,
              48.899670165759446
            ],
            [
              2.3165609923588786,
              48.89892818254661
            ],
            [
              2.3148520009450118,
              48.898418800395426
            ],
            [
              2.3141675476040593,
              48.898176211997594
            ],
            [
              2.3134080647430606,
              48.89790888981714
            ],
            [
              2.3126880701194517,
              48.8976297474276
            ],
            [
              2.311965966109424,
              48.89734978807903
            ],
            [
              2.3103962246509635,
              48.89674260223496
            ],
            [
              2.309855633508828,
              48.89653179856421
            ],
            [
              2.309736406317137,
              48.89648561468081
            ],
            [
              2.307646648860353,
              48.89573286877083
            ],
            [
              2.3071378509995237,
              48.895517568828275
            ],
            [
              2.3071088665806547,
              48.89550529623251
            ],
            [
              2.306433954898706,
              48.89516016784101
            ],
            [
              2.3051421778342585,
              48.89437501547126
            ],
            [
              2.3039697370430283,
              48.89365949335949
            ],
            [
              2.3033171284766008,
              48.89329501477906
            ],
            [
              2.3028220963236516,
              48.89301834288939
            ],
            [
              2.301371618275424,
              48.89218533269731
            ],
            [
              2.3013030261140903,
              48.89214592867978
            ],
            [
              2.301177930452935,
              48.892064753891965
            ],
            [
              2.3010938769945475,
              48.89200773162938
            ],
            [
              2.299380499250946,
              48.89091671803976
            ],
            [
              2.29887660023014,
              48.89050363887806
            ],
            [
              2.298546867091168,
              48.89027996923519
            ],
            [
              2.2981447224224127,
              48.89006913931617
            ],
            [
              2.2976377603619564,
              48.8898035805592
            ],
            [
              2.2970251860133573,
              48.889612106894376
            ],
            [
              2.296718425240116,
              48.88951621769332
            ],
            [
              2.295956788004265,
              48.88932624609857
            ],
            [
              2.294750552702671,
              48.88903211740695
            ],
            [
              2.2935151596095,
              48.888734971479444
            ],
            [
              2.292685818075226,
              48.88847989043843
            ],
            [
              2.2921968495893092,
              48.8882843103224
            ],
            [
              2.2916952441935248,
              48.8880635530593
            ],
            [
              2.29115601605787,
              48.88778375460888
            ],
            [
              2.290154769630031,
              48.887193796742174
            ],
            [
              2.2897300472175095,
              48.88689477710213
            ],
            [
              2.288434558847834,
              48.886087137396224
            ],
            [
              2.286516449621003,
              48.88490422318103
            ],
            [
              2.285770761795405,
              48.884458752391865
            ],
            [
              2.2846573046477046,
              48.88382292093963
            ],
            [
              2.2839289307208053,
              48.88331161116984
            ],
            [
              2.283086945947277,
              48.882544312675506
            ],
            [
              2.282971262658656,
              48.882353706916504
            ],
            [
              2.2823439449698975,
              48.88138795390005
            ],
            [
              2.28184228042426,
              48.88061270189445
            ],
            [
              2.2818006800516724,
              48.880499828164076
            ],
            [
              2.2815398045270308,
              48.87980977392132
            ],
            [
              2.2812049179947897,
              48.879102330719306
            ],
            [
              2.280837169009204,
              48.87861587243569
            ],
            [
              2.2806679961530665,
              48.87837014551005
            ],
            [
              2.2804543800355863,
              48.87809836705946
            ],
            [
              2.2800822874014743,
              48.877667737901355
            ],
            [
              2.2797603292587425,
              48.87742690926536
            ],
            [
              2.279523279302865,
              48.87719584496647
            ],
            [
              2.2793608566229926,
              48.87709173981066
            ],
            [
              2.278444987960489,
              48.876504672380186
            ],
            [
              2.2781498697484723,
              48.87631161203841
            ],
            [
              2.277712171269298,
              48.876026578305314
            ],
            [
              2.2776678852604495,
              48.875999132948245
            ],
            [
              2.2775402383031356,
              48.87591957121857
            ],
            [
              2.2770899262162105,
              48.87564005285654
            ],
            [
              2.2769374197713788,
              48.87553733511899
            ],
            [
              2.2765610568131405,
              48.875268342924976
            ],
            [
              2.2762805449136403,
              48.875028896857984
            ],
            [
              2.276264833653973,
              48.87501549158236
            ],
            [
              2.2759849131763583,
              48.8747229060923
            ],
            [
              2.275458998054725,
              48.87410967181152
            ],
            [
              2.274518923722853,
              48.872981748236
            ],
            [
              2.2742212649894977,
              48.87258895325232
            ],
            [
              2.274046753168681,
              48.87238364452955
            ],
            [
              2.2738723854406664,
              48.87217787771332
            ],
            [
              2.273698033851047,
              48.871972029753174
            ],
            [
              2.273131253313409,
              48.87138368115596
            ],
            [
              2.2729670529829793,
              48.87121965028246
            ],
            [
              2.272078631449353,
              48.870389216234834
            ],
            [
              2.2713561290161994,
              48.86979123232469
            ],
            [
              2.2712207715823065,
              48.86966723346698
            ],
            [
              2.2707578660160657,
              48.869233068366626
            ],
            [
              2.2701300526987986,
              48.86858593707601
            ],
            [
              2.269670744282295,
              48.86802488188319
            ],
            [
              2.269143349550898,
              48.867418369361275
            ],
            [
              2.2687062564196263,
              48.86677953460931
            ],
            [
              2.268239652731485,
              48.86601414947387
            ],
            [
              2.268181850750296,
              48.865919247183534
            ],
            [
              2.267773675980184,
              48.865379702472595
            ],
            [
              2.2673415542694286,
              48.86491415211302
            ],
            [
              2.2670455168421646,
              48.86461280995199
            ],
            [
              2.266734282483603,
              48.86430381028416
            ],
            [
              2.2666567280475265,
              48.86424800686515
            ],
            [
              2.2663111399855835,
              48.86400823455967
            ],
            [
              2.265988558929642,
              48.86378338767249
            ],
            [
              2.265662713147825,
              48.8635495532601
            ],
            [
              2.2652662009159514,
              48.86318077662099
            ],
            [
              2.265087645476637,
              48.862994341285194
            ],
            [
              2.2648317142266343,
              48.86259300614617
            ],
            [
              2.2639494875449926,
              48.86127608898667
            ],
            [
              2.263844144338012,
              48.86108546999578
            ],
            [
              2.263639850243665,
              48.8607005656072
            ],
            [
              2.2635142313706904,
              48.86052314991869
            ],
            [
              2.2631310534284643,
              48.859966949025186
            ],
            [
              2.2628623512640496,
              48.85965534860421
            ],
            [
              2.262615700026893,
              48.85944817288747
            ],
            [
              2.2622549594654555,
              48.85916448641966
            ],
            [
              2.2618949563117527,
              48.85894159094491
            ],
            [
              2.261705923414588,
              48.85883850055604
            ],
            [
              2.261509423734297,
              48.85873144257207
            ],
            [
              2.2610208035744077,
              48.858486255866964
            ],
            [
              2.260759460565927,
              48.85836731133772
            ],
            [
              2.260222440287536,
              48.85812168733921
            ],
            [
              2.2590740806315237,
              48.857605356239205
            ],
            [
              2.2580129869501406,
              48.85699520299465
            ],
            [
              2.2577091496113355,
              48.85677088878937
            ],
            [
              2.2556317318162646,
              48.85523651640292
            ],
            [
              2.2554726018100872,
              48.85511896006575
            ],
            [
              2.253986142746819,
              48.85418066925019
            ],
            [
              2.253516600239488,
              48.853818364331936
            ],
            [
              2.2530182136915524,
              48.8534341037507
            ],
            [
              2.2526242333976825,
              48.85303053621676
            ],
            [
              2.252551463579975,
              48.85295597405477
            ],
            [
              2.252294160047869,
              48.85249230001532
            ],
            [
              2.2521322244798454,
              48.85203102905633
            ],
            [
              2.25210114458658,
              48.85180366417474
            ],
            [
              2.2520413644928987,
              48.851375939077414
            ],
            [
              2.2520079552198657,
              48.85099190794853
            ],
            [
              2.251996326587371,
              48.850857371062204
            ],
            [
              2.252043930072142,
              48.850352197928395
            ],
            [
              2.25218299292307,
              48.84975742572808
            ],
            [
              2.2523472420018344,
              48.84932562289858
            ],
            [
              2.252408700830053,
              48.849240234296374
            ],
            [
              2.2525589442387024,
              48.8490321780414
            ],
            [
              2.252949762690702,
              48.84853245712394
            ],
            [
              2.2533500060204075,
              48.84809534461667
            ],
            [
              2.2534677131654823,
              48.84795014768615
            ],
            [
              2.2542756476201724,
              48.84710321468582
            ],
            [
              2.2546131558412337,
              48.84665862843756
            ],
            [
              2.254838873816519,
              48.84589508497864
            ],
            [
              2.2549186555363097,
              48.84544443102052
            ],
            [
              2.2548218699480573,
              48.84519448684276
            ],
            [
              2.253981575478427,
              48.842619844956815
            ],
            [
              2.2538889790777596,
              48.840464657049324
            ],
            [
              2.2538932633465185,
              48.839933135574725
            ],
            [
              2.253893280383381,
              48.839930041832645
            ],
            [
              2.2539252121937605,
              48.83965533814918
            ],
            [
              2.2539795577589703,
              48.83925681332397
            ],
            [
              2.254096830338227,
              48.838864364799484
            ],
            [
              2.2541652569597352,
              48.838677550499426
            ],
            [
              2.2542362770404245,
              48.83848560787255
            ],
            [
              2.254280692602753,
              48.83840568744832
            ],
            [
              2.254396025175967,
              48.83819713964655
            ],
            [
              2.2544335862594265,
              48.838137277473365
            ],
            [
              2.2546187906134207,
              48.837840648310454
            ],
            [
              2.2548850238683307,
              48.837490210235785
            ],
            [
              2.2549805615113674,
              48.83738515558204
            ],
            [
              2.255077867086316,
              48.83727839404552
            ],
            [
              2.2552807512614854,
              48.83709032061697
            ],
            [
              2.255366837817828,
              48.837010614175725
            ],
            [
              2.255625988315014,
              48.83681871728432
            ],
            [
              2.255776942626721,
              48.83672826192706
            ],
            [
              2.2560189887632225,
              48.83658239577032
            ],
            [
              2.256113479058945,
              48.836525630183274
            ],
            [
              2.256364925034993,
              48.83637778018434
            ],
            [
              2.2565353651506137,
              48.836277362974876
            ],
            [
              2.256704182871488,
              48.83617793374442
            ],
            [
              2.2570663039014316,
              48.83599401240576
            ],
            [
              2.2571320664366197,
              48.835960613259196
            ],
            [
              2.257446262709684,
              48.835801027046074
            ],
            [
              2.2578407581560023,
              48.8356394290002
            ],
            [
              2.2581526141791266,
              48.83552624326929
            ],
            [
              2.2584412622931387,
              48.83544884297701
            ],
            [
              2.2587266422139143,
              48.835372231173665
            ],
            [
              2.2591218338493158,
              48.83528095554408
            ],
            [
              2.2600551858425257,
              48.83510864743296
            ],
            [
              2.2606342364824803,
              48.835072367819464
            ],
            [
              2.2612473301775182,
              48.83501700402339
            ],
            [
              2.2623185673765867,
              48.83494595434856
            ],
            [
              2.2638816714665855,
              48.83484228090952
            ],
            [
              2.265637339500151,
              48.83475317923319
            ],
            [
              2.2656911917829508,
              48.83475044298185
            ],
            [
              2.265811581357156,
              48.83474874471215
            ],
            [
              2.266478704372398,
              48.834739329178475
            ],
            [
              2.2669409976329233,
              48.83477909181433
            ],
            [
              2.268123248092562,
              48.83498214413545
            ],
            [
              2.2697159532074256,
              48.835212406308464
            ],
            [
              2.270571494974912,
              48.83526362991719
            ],
            [
              2.270704304080503,
              48.8352701777883
            ],
            [
              2.2717586221576003,
              48.835228601904646
            ],
            [
              2.272609738449959,
              48.83510505314129
            ],
            [
              2.2734530354074676,
              48.83494890240258
            ],
            [
              2.2740048660757832,
              48.83484326670404
            ],
            [
              2.27473991290624,
              48.83464412514577
            ],
            [
              2.2755908096353132,
              48.83436850526313
            ],
            [
              2.2769530579067014,
              48.833807001830806
            ],
            [
              2.277100653844179,
              48.83374516244368
            ],
            [
              2.280078776042807,
              48.832565694327904
            ],
            [
              2.280927343790948,
              48.83221833291931
            ],
            [
              2.2849879645848303,
              48.83055365409945
            ],
            [
              2.2851873188707383,
              48.83047111359371
            ],
            [
              2.290823746126397,
              48.827967339711144
            ],
            [
              2.292122309982815,
              48.82750284042035
            ],
            [
              2.292833341779034,
              48.827305909546524
            ],
            [
              2.2952037290048537,
              48.82674970438224
            ],
            [
              2.2958780491781887,
              48.82660470312779
            ],
            [
              2.2963666677546515,
              48.82649975226902
            ],
            [
              2.296867288914111,
              48.826387432106515
            ],
            [
              2.3002285786897962,
              48.82563271799127
            ],
            [
              2.300443491345984,
              48.82558734246114
            ],
            [
              2.301462851625585,
              48.82536788924565
            ],
            [
              2.302217364556184,
              48.8252035702643
            ],
            [
              2.303993363142991,
              48.82480859584165
            ],
            [
              2.304142363389992,
              48.824775987980026
            ],
            [
              2.3045799477022633,
              48.824677380024184
            ],
            [
              2.3075493276221293,
              48.824008113098735
            ],
            [
              2.308672256705965,
              48.823764779936354
            ],
            [
              2.311416593538406,
              48.82316303544987
            ],
            [
              2.3143995988353603,
              48.82247895410168
            ],
            [
              2.314505777440752,
              48.82245457798219
            ],
            [
              2.3145494996938787,
              48.822445205223374
            ],
            [
              2.3146276833595048,
              48.822428448177234
            ],
            [
              2.3155770424342053,
              48.82222498616134
            ],
            [
              2.316918598343668,
              48.82186087948461
            ],
            [
              2.3208163248104916,
              48.82098068603171
            ],
            [
              2.321161166406328,
              48.82091302298656
            ],
            [
              2.3217143788200767,
              48.82082343595416
            ],
            [
              2.32245157433754,
              48.820704013193705
            ],
            [
              2.324050065945848,
              48.82034386334819
            ],
            [
              2.32546726484923,
              48.82002934756832
            ],
            [
              2.3257592467106774,
              48.81995977217216
            ],
            [
              2.32853433993512,
              48.81934660217345
            ]
          ],
          [
            [
              2.3533953069512727,
              48.81781031740885
            ],
            [
              2.3540800517867497,
              48.817580520789306
            ],
            [
              2.3543931925273056,
              48.817407003310585
            ],
            [
              2.3552627641923998,
              48.81694373765191
            ],
            [
              2.3555938837081367,
              48.81677164500474
            ],
            [
              2.355990806677785,
              48.81658967989239
            ],
            [
              2.3563286472650082,
              48.81647732243109
            ],
            [
              2.3567337614424613,
              48.81638608372752
            ],
            [
              2.3570094369329424,
              48.816343802574956
            ],
            [
              2.3581060581829814,
              48.81624234453195
            ],
            [
              2.3597915825600464,
              48.816122607869694
            ],
            [
              2.3601456342297094,
              48.81609439177077
            ],
            [
              2.360706872213838,
              48.8160601864658
            ],
            [
              2.361155119195504,
              48.816032318096894
            ]
          ],
          [
            [
              2.3511832304963165,
              48.817941327264634
            ],
            [
              2.3504423773780876,
              48.817793358712024
            ],
            [
              2.3498415848501932,
              48.8176281325595
            ],
            [
              2.349324251708291,
              48.81744452447138
            ],
            [
              2.348712327845004,
              48.81719848535662
            ],
            [
              2.348195598304387,
              48.81696070569587
            ],
            [
              2.347540781033472,
              48.81668675254581
            ],
            [
              2.3470670004742247,
              48.8165458949677
            ],
            [
              2.346532822528992,
              48.816445285608886
            ],
            [
              2.3463773409778224,
              48.816422104040555
            ],
            [
              2.3459475802016723,
              48.816404068654045
            ],
            [
              2.3452575404537424,
              48.81642588844117
            ],
            [
              2.3442862590605333,
              48.81649308308203
            ],
            [
              2.344133454840355,
              48.81650289369308
            ],
            [
              2.3440185959624733,
              48.81651027710194
            ],
            [
              2.343962877199163,
              48.816513847740595
            ],
            [
              2.343895336952952,
              48.816517443422974
            ],
            [
              2.342748097826992,
              48.81658126754019
            ],
            [
              2.3391279551593303,
              48.816782390523386
            ],
            [
              2.338075207570027,
              48.81682782300867
            ],
            [
              2.3378668547049894,
              48.816828639026554
            ],
            [
              2.3368776953434676,
              48.81682667376532
            ],
            [
              2.336641983850156,
              48.816832696245314
            ],
            [
              2.336429957283786,
              48.81684715103034
            ],
            [
              2.3361177123832007,
              48.81686452964591
            ],
            [
              2.3358095478612704,
              48.81691866098256
            ],
            [
              2.3355798235959884,
              48.816980620378494
            ],
            [
              2.3353399301702744,
              48.81705609451697
            ],
            [
              2.335168713966881,
              48.817131788171395
            ],
            [
              2.334842700922641,
              48.81730695586627
            ],
            [
              2.3341379624259417,
              48.8177596507145
            ],
            [
              2.333350703909019,
              48.81827535075589
            ],
            [
              2.332876913178338,
              48.81849158226927
            ],
            [
              2.3324529897497235,
              48.81862827000783
            ],
            [
              2.3311324425968913,
              48.81893152836524
            ],
            [
              2.3293929050404785,
              48.8192895248616
            ],
            [
              2.327899185847369,
              48.81962054746037
            ]
          ],
          [
            [
              2.3329178762303857,
              48.81855364343384
            ],
            [
              2.3324851099917896,
              48.81868314983523
            ],
            [
              2.331568167704679,
              48.81891586037941
            ],
            [
              2.329836982106777,
              48.819267533382494
            ],
            [
              2.3294162514656893,
              48.8193624069125
            ],
            [
              2.328744646557309,
              48.81948894119146
            ],
            [
              2.327899185847369,
              48.81962054746037
            ]
          ],
          [
            [
              2.329836982106777,
              48.819267533382494
            ],
            [
              2.3296565332490613,
              48.819344039735824
            ],
            [
              2.3295712632442216,
              48.8194423679107
            ]
          ],
          [
            [
              2.32853433993512,
              48.81934660217345
            ],
            [
              2.3293382516617425,
              48.819118884103425
            ],
            [
              2.3304496133234105,
              48.81883411689032
            ]
          ],
          [
            [
              2.32853433993512,
              48.81934660217345
            ],
            [
              2.3293532310974463,
              48.819165637128926
            ],
            [
              2.331047134589235,
              48.81884624825957
            ],
            [
              2.3320887826788748,
              48.8186131231168
            ],
            [
              2.3326537349980536,
              48.81846158357609
            ],
            [
              2.332817352670592,
              48.818401338557216
            ],
            [
              2.3329597601402488,
              48.818348898561496
            ],
            [
              2.3332323652282265,
              48.818202956056986
            ],
            [
              2.33401541640251,
              48.81767439012033
            ],
            [
              2.334716744418314,
              48.817212530244035
            ],
            [
              2.3350614087808244,
              48.81702719563238
            ],
            [
              2.3353489606691396,
              48.816921380924555
            ],
            [
              2.3355049210392718,
              48.81686398564267
            ],
            [
              2.335762710026918,
              48.81680229922056
            ],
            [
              2.3361752082883394,
              48.81674818069183
            ],
            [
              2.336597772496935,
              48.81671527911546
            ],
            [
              2.336628355539389,
              48.816712462841956
            ],
            [
              2.3368292196222114,
              48.81670184912427
            ],
            [
              2.3373779321331143,
              48.81666701820455
            ],
            [
              2.3374749633544143,
              48.816660855487
            ],
            [
              2.3378224596143165,
              48.81663860503142
            ],
            [
              2.3387424435238118,
              48.816586990337264
            ],
            [
              2.340476056524688,
              48.81649341510697
            ],
            [
              2.3411296730763596,
              48.81648098265063
            ],
            [
              2.3419918071597206,
              48.81647071964466
            ],
            [
              2.3427268283894587,
              48.81648809132871
            ],
            [
              2.3438832537874066,
              48.816392146856195
            ],
            [
              2.3439513301739727,
              48.81638814040612
            ],
            [
              2.3440111343918755,
              48.81638457420024
            ],
            [
              2.344127742799461,
              48.81637774902065
            ],
            [
              2.3443023565520296,
              48.81636744644248
            ],
            [
              2.345244636506232,
              48.81631689336091
            ],
            [
              2.3459541077490593,
              48.8162940737075
            ],
            [
              2.346398692829376,
              48.816319079397424
            ],
            [
              2.346703029408503,
              48.81635841786188
            ],
            [
              2.347038744799445,
              48.816420546422655
            ],
            [
              2.3476559630996654,
              48.81659038249175
            ],
            [
              2.347833890680982,
              48.81667336792421
            ],
            [
              2.348333289223338,
              48.81689178998263
            ],
            [
              2.3488091278026286,
              48.81710829180646
            ],
            [
              2.349410803920789,
              48.81734823083564
            ],
            [
              2.349940300153299,
              48.817527317844345
            ],
            [
              2.3505062923734417,
              48.81768946747232
            ],
            [
              2.350787906095156,
              48.81774877319926
            ]
          ],
          [
            [
              2.327899185847369,
              48.81962054746037
            ],
            [
              2.325747375225749,
              48.820097364812085
            ],
            [
              2.325454566482793,
              48.82016657575736
            ],
            [
              2.324116498427406,
              48.8204556454399
            ],
            [
              2.3225026144241934,
              48.820812561104646
            ],
            [
              2.321759420935387,
              48.820935412779356
            ],
            [
              2.3212478869406925,
              48.82101123321509
            ],
            [
              2.320995928900971,
              48.82105625587565
            ],
            [
              2.3169993618988594,
              48.82196417620505
            ],
            [
              2.316699383819729,
              48.82203414321079
            ],
            [
              2.315593063913291,
              48.822354391048925
            ],
            [
              2.3148172065561448,
              48.82253766700909
            ],
            [
              2.314737743322815,
              48.822556431461464
            ],
            [
              2.314597863272728,
              48.82258735099406
            ],
            [
              2.3112831742942666,
              48.82332737565009
            ],
            [
              2.3088338570949554,
              48.82385186584611
            ],
            [
              2.3076259463200204,
              48.824122886136294
            ],
            [
              2.3045227378790645,
              48.824820444695426
            ],
            [
              2.3041779622291227,
              48.824897935389004
            ],
            [
              2.3040298955999714,
              48.824934047320276
            ],
            [
              2.302265888454843,
              48.82532633112982
            ],
            [
              2.301589530989928,
              48.82547145540015
            ],
            [
              2.300411578179723,
              48.825727315326596
            ],
            [
              2.30023188789374,
              48.82576571984619
            ],
            [
              2.2990868028055726,
              48.82602164213587
            ],
            [
              2.2964262424683155,
              48.826619288722014
            ],
            [
              2.29558030547317,
              48.82680056163572
            ],
            [
              2.2952649236407305,
              48.82686914302231
            ],
            [
              2.292903923400666,
              48.82742086299907
            ],
            [
              2.292158029574975,
              48.82762299321909
            ],
            [
              2.2908789259189084,
              48.82807969370862
            ],
            [
              2.2853056045169935,
              48.8305555166901
            ],
            [
              2.285109424905684,
              48.83063601678669
            ],
            [
              2.2810428494735038,
              48.83229765091305
            ],
            [
              2.279635746265092,
              48.832867744928755
            ],
            [
              2.2771696714421017,
              48.83386100560654
            ],
            [
              2.27701980703406,
              48.833921365377535
            ],
            [
              2.2756842645795743,
              48.83447853437013
            ],
            [
              2.274818096328341,
              48.834758909947894
            ],
            [
              2.2740412289282848,
              48.834972314089235
            ],
            [
              2.2732689440322686,
              48.8351292062317
            ],
            [
              2.2721073242855523,
              48.83533788514929
            ],
            [
              2.271688371793493,
              48.83537722780759
            ],
            [
              2.2707475924564933,
              48.83539736172212
            ],
            [
              2.270622401052422,
              48.83539162482443
            ],
            [
              2.269686752516066,
              48.83533721438116
            ],
            [
              2.2680788180450793,
              48.83510460124013
            ],
            [
              2.2669237909239772,
              48.83490695874027
            ],
            [
              2.266466674100529,
              48.83486522218411
            ],
            [
              2.265941557163432,
              48.83486541824428
            ],
            [
              2.265836640031715,
              48.834865457831896
            ],
            [
              2.2657530653253617,
              48.83486979246187
            ],
            [
              2.263997569076872,
              48.83496093849427
            ],
            [
              2.2624366274027516,
              48.835064644779344
            ],
            [
              2.2612693443498793,
              48.83514210851048
            ],
            [
              2.2606646927310097,
              48.83519674214636
            ],
            [
              2.260101869848161,
              48.835265436934364
            ],
            [
              2.25976721850192,
              48.83530630262207
            ],
            [
              2.259176136870189,
              48.835401862457715
            ],
            [
              2.258794572188047,
              48.83548999394129
            ],
            [
              2.2585125993950563,
              48.8355655297829
            ],
            [
              2.2582341673924016,
              48.83564015156541
            ],
            [
              2.2581774976446654,
              48.83566079158505
            ],
            [
              2.2579377120520325,
              48.83574812671998
            ],
            [
              2.257555072470299,
              48.835904699195225
            ],
            [
              2.2571504327475402,
              48.836110626539075
            ],
            [
              2.256826629051089,
              48.8362749639235
            ],
            [
              2.256615274674195,
              48.83639936548372
            ],
            [
              2.256435438571828,
              48.8365051656193
            ],
            [
              2.2562411250180046,
              48.83661914972612
            ],
            [
              2.256105571609743,
              48.836700707684145
            ],
            [
              2.255918069026976,
              48.83681371731779
            ],
            [
              2.255762069965535,
              48.83690729827025
            ],
            [
              2.2555165636738455,
              48.83708922533318
            ],
            [
              2.255237825055576,
              48.837347481899954
            ],
            [
              2.2551515627167995,
              48.83744229665772
            ],
            [
              2.25505180364071,
              48.83755103058106
            ],
            [
              2.2547924101715693,
              48.83789293156733
            ],
            [
              2.254745423487521,
              48.83796789861735
            ],
            [
              2.2545951680907055,
              48.83820726662656
            ],
            [
              2.2545730516267044,
              48.838242771066795
            ],
            [
              2.2544926865215684,
              48.83838804104262
            ],
            [
              2.2544184890988803,
              48.83852215216593
            ],
            [
              2.25436801203664,
              48.83866007154983
            ],
            [
              2.2542824783383284,
              48.83889129839597
            ],
            [
              2.254168620641783,
              48.83927466670157
            ],
            [
              2.2541159216539133,
              48.83966581799823
            ],
            [
              2.2540839967440616,
              48.83994106139153
            ],
            [
              2.2540839903089918,
              48.83994151103865
            ],
            [
              2.254084672362844,
              48.84060122426752
            ],
            [
              2.2542293573355257,
              48.84264960322301
            ],
            [
              2.255006710820292,
              48.845184162080926
            ],
            [
              2.255086112128799,
              48.845438710560884
            ],
            [
              2.255067876835093,
              48.845920335429724
            ],
            [
              2.2549012757298916,
              48.84671626501153
            ],
            [
              2.2545164966535087,
              48.847204734479874
            ],
            [
              2.253725808957698,
              48.847946577517455
            ],
            [
              2.2535911170208385,
              48.84809314369835
            ],
            [
              2.2531183643790342,
              48.84859112325664
            ],
            [
              2.2527291816133577,
              48.84908804888158
            ],
            [
              2.252613909065786,
              48.84923895316855
            ],
            [
              2.2525123108589984,
              48.84936279986366
            ],
            [
              2.252370315176372,
              48.84978238465683
            ],
            [
              2.252233053608839,
              48.85036573736101
            ],
            [
              2.2521870997186846,
              48.85085770018444
            ],
            [
              2.2522046234504987,
              48.85105725306853
            ],
            [
              2.2522321565123766,
              48.85136653709957
            ],
            [
              2.25229866460193,
              48.85184501034341
            ],
            [
              2.2523214006596057,
              48.852010932371726
            ],
            [
              2.2524781830699285,
              48.85245627910701
            ],
            [
              2.2527235288623424,
              48.852899534458835
            ],
            [
              2.2528074195080525,
              48.85298551594063
            ],
            [
              2.2531716479682187,
              48.85335876850019
            ],
            [
              2.253531475894471,
              48.8536361921456
            ],
            [
              2.2541243383952803,
              48.854094076718845
            ],
            [
              2.2556107843534217,
              48.85503137651084
            ],
            [
              2.2557085253360443,
              48.8551033938695
            ],
            [
              2.257701827885523,
              48.85657591595796
            ],
            [
              2.2581476288973934,
              48.8569055351644
            ],
            [
              2.2591900850890885,
              48.857505526038196
            ],
            [
              2.2602833912407645,
              48.85799700823344
            ],
            [
              2.260329858552479,
              48.858017899786255
            ],
            [
              2.2610414412085835,
              48.85832851885649
            ],
            [
              2.261628832704549,
              48.858633591733415
            ],
            [
              2.262021160099583,
              48.85884707329679
            ],
            [
              2.262393005944836,
              48.85907779387563
            ],
            [
              2.262763961487044,
              48.85936877371757
            ],
            [
              2.263020953595279,
              48.85958495244231
            ],
            [
              2.2632998761743504,
              48.85990832507513
            ],
            [
              2.2637275720007697,
              48.86052822199833
            ],
            [
              2.2637885732581964,
              48.86061661734025
            ],
            [
              2.2640239615533364,
              48.86104286727964
            ],
            [
              2.264126738099908,
              48.861228991539605
            ],
            [
              2.2650541289470274,
              48.862613474536715
            ],
            [
              2.2652537543795916,
              48.86292861111186
            ],
            [
              2.265541294557177,
              48.8632646751797
            ],
            [
              2.265816989917577,
              48.86348391161319
            ],
            [
              2.2661437655389154,
              48.86372142967717
            ],
            [
              2.2668486446498552,
              48.864189924290734
            ],
            [
              2.2672057727935737,
              48.864543749671064
            ],
            [
              2.2675034322183656,
              48.86484707995493
            ],
            [
              2.2679407307831476,
              48.86531874104098
            ],
            [
              2.2683557152416025,
              48.865867554184675
            ],
            [
              2.268881889853989,
              48.86673018100007
            ],
            [
              2.2693138226417706,
              48.867360916449314
            ],
            [
              2.2698378078689396,
              48.867963738094836
            ],
            [
              2.2702937064434354,
              48.8685211115283
            ],
            [
              2.270902880641995,
              48.86915589730554
            ],
            [
              2.2713512010238293,
              48.86958313803338
            ],
            [
              2.2714780970161987,
              48.869703892564004
            ],
            [
              2.2722338601132797,
              48.87031582905126
            ],
            [
              2.2732464513634905,
              48.871266665117226
            ],
            [
              2.2734396479928725,
              48.871469012908165
            ],
            [
              2.273861703790412,
              48.871907460396855
            ],
            [
              2.27397479857723,
              48.87204106982684
            ],
            [
              2.274203618508898,
              48.872310435706694
            ],
            [
              2.2743899833444043,
              48.87253006170465
            ],
            [
              2.274687760947944,
              48.87292319875566
            ],
            [
              2.2754184833644677,
              48.873798595072586
            ],
            [
              2.275629495330775,
              48.87404762365115
            ],
            [
              2.2761485864252395,
              48.87465851362374
            ],
            [
              2.2764182955016548,
              48.87494029885592
            ],
            [
              2.2766958547430414,
              48.87518325220418
            ],
            [
              2.2770729023555987,
              48.87544909143445
            ],
            [
              2.2772159610087366,
              48.875544871987245
            ],
            [
              2.277685567547461,
              48.87580164502755
            ],
            [
              2.2777919505204967,
              48.87587095172468
            ],
            [
              2.2792261631045565,
              48.8767830392213
            ],
            [
              2.279734434704608,
              48.8771204287562
            ],
            [
              2.2800684302577725,
              48.87737705042109
            ],
            [
              2.280354426459889,
              48.877698368926765
            ],
            [
              2.2806002369443457,
              48.87801129712182
            ],
            [
              2.2808384421354035,
              48.878314340232585
            ],
            [
              2.281054273325478,
              48.878597732719726
            ],
            [
              2.281382218727695,
              48.8790528612302
            ],
            [
              2.281716264218792,
              48.87977793495248
            ],
            [
              2.282022984642893,
              48.8805708783047
            ],
            [
              2.282534396087823,
              48.88134154739714
            ],
            [
              2.283112034855602,
              48.88219774151338
            ],
            [
              2.2834783037247357,
              48.88263360339209
            ],
            [
              2.2841227190868283,
              48.88321628027253
            ],
            [
              2.2859135594014393,
              48.88434084696059
            ],
            [
              2.2863591222023505,
              48.88461262955614
            ],
            [
              2.286640892667258,
              48.88480814232603
            ],
            [
              2.2886527843868496,
              48.88605188519642
            ],
            [
              2.2898332402979498,
              48.88678683076046
            ],
            [
              2.2912804773539777,
              48.88768820890077
            ],
            [
              2.2918010287142225,
              48.88795846236435
            ],
            [
              2.2918783638467595,
              48.88798681701197
            ],
            [
              2.292327071360995,
              48.88815118759061
            ],
            [
              2.2927901837064155,
              48.88832053388841
            ],
            [
              2.2936244575097717,
              48.888626068832004
            ],
            [
              2.2948408694768583,
              48.88890574481456
            ],
            [
              2.2960358296785963,
              48.88918128015738
            ],
            [
              2.296790112976492,
              48.88939961792754
            ],
            [
              2.297146228514725,
              48.889510707558415
            ],
            [
              2.2977401198643777,
              48.88969597360101
            ],
            [
              2.2981278073648865,
              48.889899444662255
            ],
            [
              2.2986748536709,
              48.89018639729171
            ],
            [
              2.29903348996259,
              48.89043004801531
            ]
          ],
          [
            [
              2.3013446945283564,
              48.89193638573753
            ],
            [
              2.3014738399023296,
              48.89201762895079
            ],
            [
              2.3015403258075517,
              48.89205848649332
            ],
            [
              2.3029465486029084,
              48.89292279450462
            ],
            [
              2.3034441516188693,
              48.89320098273402
            ],
            [
              2.304095959941519,
              48.89356510526772
            ],
            [
              2.305271797368535,
              48.89428260644136
            ],
            [
              2.306556762609601,
              48.89506406678072
            ],
            [
              2.3072198289714896,
              48.89540245300527
            ],
            [
              2.307743959886466,
              48.8956247120944
            ],
            [
              2.3098277214895875,
              48.89637475085432
            ],
            [
              2.310008285817776,
              48.89644467045871
            ],
            [
              2.3104783494023433,
              48.89662939174968
            ],
            [
              2.3120632747492973,
              48.89724135827665
            ],
            [
              2.3127527552232365,
              48.89750857533555
            ],
            [
              2.3135019531010776,
              48.8977990183762
            ],
            [
              2.314257876415688,
              48.89806517747531
            ],
            [
              2.3149372931664742,
              48.89830586599017
            ],
            [
              2.3166394602286156,
              48.898813265522605
            ],
            [
              2.3193236834864996,
              48.89960863020192
            ],
            [
              2.3194961499157207,
              48.89966227440969
            ],
            [
              2.319761829704518,
              48.89974047763584
            ],
            [
              2.3206184891903088,
              48.89999661887566
            ],
            [
              2.321308046682573,
              48.90020336077717
            ],
            [
              2.3218903286770467,
              48.9003260075809
            ],
            [
              2.3225518573075346,
              48.90040010494231
            ],
            [
              2.323330952279786,
              48.90047465608325
            ],
            [
              2.3238817474918947,
              48.90049944929599
            ],
            [
              2.3297460124840823,
              48.900613961159245
            ],
            [
              2.3300088600640247,
              48.90061912803607
            ],
            [
              2.3302312643986958,
              48.90062308791847
            ],
            [
              2.3344392924848116,
              48.90070965133586
            ],
            [
              2.3353429632332663,
              48.90072864508796
            ],
            [
              2.3356396416979934,
              48.900734841692596
            ],
            [
              2.3398118008918734,
              48.900819956078145
            ],
            [
              2.3400412238073987,
              48.90082345978481
            ],
            [
              2.343908271257914,
              48.900907801942964
            ],
            [
              2.344002504612554,
              48.90090981997384
            ],
            [
              2.344113279875826,
              48.9009121983147
            ],
            [
              2.3442549591631265,
              48.9009150785067
            ],
            [
              2.3480557848210255,
              48.90099235008865
            ],
            [
              2.351126524353966,
              48.90105467509742
            ],
            [
              2.3520383602387684,
              48.90107168949265
            ],
            [
              2.353731010828764,
              48.901036597648286
            ],
            [
              2.3557292844918147,
              48.900903365346466
            ],
            [
              2.3557437423821335,
              48.900902381927615
            ],
            [
              2.357065184744996,
              48.9008222943638
            ],
            [
              2.358538329100046,
              48.900788195382496
            ],
            [
              2.3587752631384347,
              48.9007866222993
            ],
            [
              2.358912625961292,
              48.90078668315867
            ],
            [
              2.359141101182843,
              48.90078411979359
            ],
            [
              2.359419765943514,
              48.90078227409919
            ],
            [
              2.3596935338241236,
              48.90078041057001
            ],
            [
              2.3622364862835137,
              48.900764130497826
            ],
            [
              2.363862264106356,
              48.90075250616004
            ],
            [
              2.3653763236825056,
              48.90072399025865
            ],
            [
              2.366190512796988,
              48.900708768593354
            ],
            [
              2.370215232518965,
              48.900658810006966
            ],
            [
              2.3703178100441544,
              48.900657802534475
            ],
            [
              2.3715936645418534,
              48.90064526724798
            ],
            [
              2.3717539356022246,
              48.90063919234083
            ],
            [
              2.372173362048871,
              48.900622335267705
            ],
            [
              2.372794912191052,
              48.90057196578038
            ],
            [
              2.373510981726519,
              48.900504290115656
            ],
            [
              2.3747367477366623,
              48.90040272410818
            ],
            [
              2.376015415718486,
              48.900267472123
            ],
            [
              2.376825324805413,
              48.900207756813835
            ],
            [
              2.377508129578236,
              48.90018214292515
            ],
            [
              2.3784441165728505,
              48.90018180605455
            ],
            [
              2.3795557922048625,
              48.90018975550125
            ],
            [
              2.380275314386117,
              48.90018947882974
            ],
            [
              2.380960964981485,
              48.900212287994755
            ],
            [
              2.3814425958479926,
              48.90022790639647
            ],
            [
              2.383012015085807,
              48.900264482878754
            ],
            [
              2.384152675562109,
              48.90033154285733
            ],
            [
              2.3843704476865706,
              48.900351314192136
            ],
            [
              2.3857121112534614,
              48.90043196470939
            ],
            [
              2.3866780249450197,
              48.90048181764388
            ],
            [
              2.386966119127472,
              48.900481691831295
            ],
            [
              2.3881178873880886,
              48.900469118767425
            ],
            [
              2.3885083897628467,
              48.900450959587566
            ],
            [
              2.388546707993339,
              48.90044968034903
            ],
            [
              2.389019874612592,
              48.90043021482321
            ],
            [
              2.3894749985758645,
              48.90038711146792
            ],
            [
              2.3899054313148866,
              48.9003347615867
            ],
            [
              2.3904910060399285,
              48.90020606579913
            ],
            [
              2.3907387448296147,
              48.90014456332287
            ],
            [
              2.390953827649903,
              48.900091194925146
            ],
            [
              2.3913705100277296,
              48.89994638351663
            ],
            [
              2.3918127826308493,
              48.89975695981514
            ],
            [
              2.391858728779334,
              48.89973319947284
            ],
            [
              2.392144194768419,
              48.89958746718768
            ],
            [
              2.392365672434844,
              48.899444008593676
            ],
            [
              2.3925121983013757,
              48.8993469966303
            ],
            [
              2.3927899427262727,
              48.89913669791756
            ],
            [
              2.3930420291273924,
              48.89890987402593
            ],
            [
              2.3932369678769136,
              48.89869412736943
            ],
            [
              2.3934394775334407,
              48.89842082668251
            ],
            [
              2.3935799752151783,
              48.89818046822564
            ],
            [
              2.3937712675631215,
              48.897764379980615
            ],
            [
              2.3938859485450505,
              48.89738634026338
            ],
            [
              2.3941135876331843,
              48.89667004609263
            ],
            [
              2.394431186795829,
              48.89566881724258
            ],
            [
              2.39474549766616,
              48.894677201754625
            ],
            [
              2.3950281427856748,
              48.89367130535885
            ],
            [
              2.3952963337118325,
              48.89267126993669
            ],
            [
              2.3953302648768453,
              48.89253050916354
            ],
            [
              2.395375733615379,
              48.89235925678268
            ],
            [
              2.395419333641408,
              48.8921950455797
            ],
            [
              2.3954247583740162,
              48.892176547011694
            ],
            [
              2.395487826354741,
              48.891856753026524
            ],
            [
              2.3960973968308337,
              48.89012717342414
            ],
            [
              2.3962479504885765,
              48.889601128897674
            ],
            [
              2.3963440378599974,
              48.88923455570224
            ],
            [
              2.396402949368231,
              48.88882311665692
            ],
            [
              2.3965925376363275,
              48.88815021083619
            ],
            [
              2.396852949187552,
              48.88719980654731
            ],
            [
              2.3969597894718313,
              48.88686957392848
            ],
            [
              2.397054243144749,
              48.88664322246517
            ],
            [
              2.3971571139345955,
              48.886358817007384
            ],
            [
              2.397258285233021,
              48.88612099676719
            ],
            [
              2.3974222714974305,
              48.885733143668475
            ],
            [
              2.3974971007821666,
              48.88560199418898
            ],
            [
              2.3977301085124023,
              48.88524045128517
            ],
            [
              2.398069727490062,
              48.88485150185128
            ],
            [
              2.398367729136534,
              48.88457294112518
            ],
            [
              2.398801844148475,
              48.884198961337816
            ],
            [
              2.399155960520757,
              48.88391728982843
            ],
            [
              2.4002074739066015,
              48.88306510075211
            ],
            [
              2.4008527164129587,
              48.88254189334386
            ],
            [
              2.401521116690096,
              48.88201364490039
            ],
            [
              2.4019263870395715,
              48.881724117557496
            ],
            [
              2.4021511958517427,
              48.88159745510411
            ],
            [
              2.4022686523588512,
              48.881531113712654
            ],
            [
              2.4026281171971013,
              48.8813600483234
            ],
            [
              2.402983263061673,
              48.88122890838982
            ],
            [
              2.403255827362835,
              48.88112533385279
            ],
            [
              2.4036356740886515,
              48.88100523291588
            ],
            [
              2.4041263362675322,
              48.880857659349374
            ],
            [
              2.4052159119490684,
              48.88057022065032
            ],
            [
              2.4057959422307125,
              48.880383540777316
            ],
            [
              2.4062227358752812,
              48.88019785185263
            ],
            [
              2.406591433494491,
              48.880017503228686
            ],
            [
              2.407120943085079,
              48.879688670590156
            ],
            [
              2.407562722108418,
              48.879317447790704
            ],
            [
              2.4078512006921455,
              48.87901053147903
            ],
            [
              2.4081089203099357,
              48.87865398129204
            ],
            [
              2.4085555732167827,
              48.87793982867135
            ],
            [
              2.4086419469970073,
              48.87779357483653
            ],
            [
              2.408735184059055,
              48.87766124945356
            ],
            [
              2.4091456937902977,
              48.87698266390118
            ],
            [
              2.4101142114716216,
              48.87538159646412
            ],
            [
              2.410235808681881,
              48.87519186122926
            ],
            [
              2.4105879793754235,
              48.874741097352064
            ],
            [
              2.411487040493015,
              48.873711019710086
            ],
            [
              2.4125246168747663,
              48.87243606957955
            ],
            [
              2.4126784287742504,
              48.872191819077415
            ],
            [
              2.4130512905538066,
              48.87139534569411
            ],
            [
              2.413211360193426,
              48.8707923716375
            ],
            [
              2.4132938572081386,
              48.87009968592623
            ],
            [
              2.413261661362628,
              48.869721654552606
            ],
            [
              2.4132544059550343,
              48.86881419851238
            ],
            [
              2.413179856831643,
              48.8669306581932
            ],
            [
              2.4132157229267936,
              48.86641991137638
            ],
            [
              2.4132198615791842,
              48.866289689563814
            ],
            [
              2.4132535800302066,
              48.86516471067553
            ],
            [
              2.4132810164279275,
              48.864570768801116
            ],
            [
              2.4132884797559084,
              48.86436680824469
            ],
            [
              2.4133236328634213,
              48.86400869267845
            ],
            [
              2.4134966736047057,
              48.86298861889884
            ],
            [
              2.413766624077626,
              48.86127783871266
            ],
            [
              2.414057608740221,
              48.859337358143314
            ],
            [
              2.414094402028695,
              48.85836720025324
            ],
            [
              2.4140739665837785,
              48.85784645171247
            ],
            [
              2.4139406314175544,
              48.85640427425519
            ],
            [
              2.413784589528294,
              48.85463820054166
            ],
            [
              2.414044255648928,
              48.85353308585861
            ],
            [
              2.4146250905884514,
              48.852422625258946
            ],
            [
              2.414994366283403,
              48.851628048510825
            ],
            [
              2.415098009283025,
              48.85141170401049
            ],
            [
              2.4151867658350583,
              48.85101478707472
            ],
            [
              2.4151911876808554,
              48.850612277502776
            ],
            [
              2.4149327846768123,
              48.84928035250287
            ],
            [
              2.4147549267676394,
              48.84830547551652
            ],
            [
              2.414456085674491,
              48.84708296198594
            ],
            [
              2.4143976122542545,
              48.846870842085245
            ],
            [
              2.414382150436295,
              48.846755244439166
            ],
            [
              2.414324686902475,
              48.84642179755651
            ],
            [
              2.413904085338861,
              48.8443962796116
            ],
            [
              2.4138238511774297,
              48.84403804187236
            ],
            [
              2.4138055304229504,
              48.8439454263702
            ],
            [
              2.413718706860726,
              48.843464483927086
            ],
            [
              2.4135917237111677,
              48.84168833290393
            ],
            [
              2.413336036737158,
              48.83985272065667
            ],
            [
              2.412757561250684,
              48.8379872536088
            ],
            [
              2.4122860671103497,
              48.836425732967804
            ],
            [
              2.4121793285400654,
              48.83620540434787
            ],
            [
              2.411796967482933,
              48.83558299149457
            ],
            [
              2.411304074780782,
              48.83510525325787
            ],
            [
              2.410800313692643,
              48.83473409674914
            ],
            [
              2.410214016635703,
              48.834361631643546
            ],
            [
              2.4101004703540445,
              48.834319062407445
            ],
            [
              2.409967862374208,
              48.8342731253457
            ],
            [
              2.407833376877421,
              48.83357386149308
            ],
            [
              2.4074874615246715,
              48.833433160542626
            ],
            [
              2.4069031171869035,
              48.833170203961316
            ],
            [
              2.405347255733503,
              48.8322810823643
            ],
            [
              2.40378815348168,
              48.83138216527276
            ],
            [
              2.402285167250873,
              48.83044230729271
            ],
            [
              2.40200309480697,
              48.83025290239965
            ],
            [
              2.40126897916275,
              48.82978261935125
            ],
            [
              2.401060245274161,
              48.8296463001963
            ],
            [
              2.4008764588403584,
              48.82951909931849
            ],
            [
              2.4002381696053936,
              48.82921794820777
            ],
            [
              2.399830202428008,
              48.82905577794512
            ],
            [
              2.3990778862335733,
              48.82884050455445
            ],
            [
              2.3953437398250026,
              48.82798581810224
            ],
            [
              2.394995739242009,
              48.82793813627685
            ],
            [
              2.39477700880396,
              48.8278987433536
            ],
            [
              2.393304746507208,
              48.827729855604126
            ],
            [
              2.392911604326848,
              48.82768475370347
            ],
            [
              2.3927244093124727,
              48.82765717292905
            ],
            [
              2.3926113631998764,
              48.827640778909235
            ],
            [
              2.39209795532395,
              48.82755722691994
            ],
            [
              2.391310877886416,
              48.82737673093806
            ],
            [
              2.3905634946078504,
              48.8271267037416
            ],
            [
              2.3904630874122,
              48.82709314911772
            ],
            [
              2.390041147043175,
              48.82694639685167
            ],
            [
              2.3899147552390807,
              48.82690779865495
            ],
            [
              2.3889954394898076,
              48.82660451382502
            ],
            [
              2.3874576239918355,
              48.8260675552353
            ],
            [
              2.387162090850503,
              48.825957963518796
            ],
            [
              2.3860116569421597,
              48.82557250016344
            ],
            [
              2.3853440501831407,
              48.82532235459408
            ],
            [
              2.3843706319883635,
              48.82487482863546
            ],
            [
              2.3840555508485246,
              48.82467082007078
            ],
            [
              2.3788144713583264,
              48.821550343384146
            ],
            [
              2.3781741602405275,
              48.82127073571184
            ],
            [
              2.377489633818412,
              48.821028614222925
            ],
            [
              2.3769549841134276,
              48.82087224295351
            ],
            [
              2.373128232431067,
              48.81960097328885
            ],
            [
              2.369369117785781,
              48.81841339798538
            ],
            [
              2.3666781514268482,
              48.81754958397822
            ],
            [
              2.366508546719813,
              48.817483957034284
            ],
            [
              2.3663331541453387,
              48.81741610467969
            ],
            [
              2.3651465098071194,
              48.8169140708109
            ],
            [
              2.3643743579974124,
              48.81657552425701
            ],
            [
              2.3642310599285774,
              48.81651861394712
            ],
            [
              2.364031006653357,
              48.8164487922528
            ],
            [
              2.363786234744875,
              48.816361823884606
            ],
            [
              2.3635697343150164,
              48.81630178910505
            ],
            [
              2.3632967300058545,
              48.816227269784896
            ],
            [
              2.3627978342938674,
              48.81614035787096
            ],
            [
              2.362185231000719,
              48.8161118908191
            ],
            [
              2.3610541738320334,
              48.81615820495001
            ],
            [
              2.360657956245124,
              48.816183284272874
            ],
            [
              2.3601089424244495,
              48.816217824588875
            ],
            [
              2.3576056899686564,
              48.81639170691848
            ],
            [
              2.3572440621784274,
              48.816438752829164
            ],
            [
              2.356859231401185,
              48.81649319168326
            ],
            [
              2.3559609069018492,
              48.81671369664474
            ],
            [
              2.355672208403907,
              48.81684529486411
            ],
            [
              2.3553478986560608,
              48.81701404275454
            ],
            [
              2.354573056245842,
              48.81745458034954
            ],
            [
              2.353929796094581,
              48.8177538743843
            ],
            [
              2.353385447300511,
              48.81791350417416
            ],
            [
              2.353205813032389,
              48.81794839995971
            ]
          ]
        ],
        "type": "MultiLineString"
      },
      "properties": {
        "name": "Boulevard Périphérique",
        "objectid": 8256
      }
    },
    {
      "id": "022ff0fbceba9b2e9592401857c3166e",
      "type": "Feature",
      "properties": {},
      "geometry": {
        "coordinates": [
          [
            2.351174823036075,
            48.817940884833064
          ],
          [
            2.351581887556165,
            48.817991811113245
          ],
          [
            2.352078506270516,
            48.81802129472598
          ],
          [
            2.352473358856173,
            48.81802129472598
          ],
          [
            2.3528193636987567,
            48.81799449144239
          ],
          [
            2.3530636024113676,
            48.817965007814365
          ],
          [
            2.3532101456378314,
            48.81794624549673
          ]
        ],
        "type": "LineString"
      }
    },
    {
      "id": "c66d1b995beab92144dd03edbd44eeda",
      "type": "Feature",
      "properties": {},
      "geometry": {
        "coordinates": [
          [
            2.3507840410956646,
            48.81774790056397
          ],
          [
            2.3512603065850612,
            48.817844392791216
          ],
          [
            2.351655159169411,
            48.81788459783115
          ],
          [
            2.3519767401405147,
            48.81791140117349
          ],
          [
            2.3522942504676507,
            48.81791408150653
          ],
          [
            2.352611760806667,
            48.81789799950624
          ],
          [
            2.3529002296753845,
            48.81787119615677
          ],
          [
            2.3532625170976758,
            48.81780686805993
          ],
          [
            2.35351489710078,
            48.817747900565735
          ],
          [
            2.3538324074266654,
            48.81765408850012
          ],
          [
            2.3540929287202346,
            48.81755759590615
          ],
          [
            2.354369732594847,
            48.81742625846644
          ],
          [
            2.3546017593703255,
            48.8173002814149
          ]
        ],
        "type": "LineString"
      }
    },
    {
      "id": "67adccb70249734aa633fc367291cf23",
      "type": "Feature",
      "properties": {},
      "geometry": {
        "coordinates": [
          [
            2.361169067720823,
            48.81603710038351
          ],
          [
            2.361746945077556,
            48.815995309151276
          ],
          [
            2.3623715870752733,
            48.81598211191269
          ],
          [
            2.362795809180483,
            48.81600630684741
          ],
          [
            2.363136522998275,
            48.816041499458265
          ],
          [
            2.3632901782488034,
            48.81606129529135
          ]
        ],
        "type": "LineString"
      }
    },
    {
      "id": "9bb99fbdbef368ab2d76bce8e15ce11d",
      "type": "Feature",
      "properties": {},
      "geometry": {
        "coordinates": [
          [
            2.2955327877798197,
            48.89010560638792
          ]
        ],
        "type": "LineString"
      }
    }
  ]
}