{
    "type": "FeatureCollection",
    "features": [
        {
            "type": "Feature",
            "geometry": {
                "type": "Point",
                "coordinates": [
                    -0.103298,
                    47.695026
                ]
            },
            "properties": {
                "name": "CARROSSERIE INDUSTRIELLE TOUTAIN La Fleche",
                "Country": "France",
                "Type": "built for trucks",
                "CPO": null,
                "Total power": "202 kW",
                "Number of plugs": "3",
                "Maximum charging power": "180 kW",
                "Deployment year": "2023",
                "Details about deployment date": null,
                "Vehicle accessibility": null,
                "Description": "1 x 180 kW DC with 2 CCS2 plugs + 1 x 22kW - CARROSSERIE INDUSTRIELLE TOUTAIN"
            }
        },
        {
            "type": "Feature",
            "geometry": {
                "type": "Point",
                "coordinates": [
                    11.001606,
                    49.311407
                ]
            },
            "properties": {
                "name": "Aral pulse / BP Kammerstein",
                "Country": "Germany",
                "Type": "built for trucks",
                "CPO": "Aral Pulse",
                "Total power": "600 kW",
                "Number of plugs": "4",
                "Maximum charging power": "300 kW",
                "Deployment year": "2023",
                "Details about deployment date": null,
                "Vehicle accessibility": "suitable for HGVs (Max 18.75 / 40 t)",
                "Description": "2 x 300kW chargers with 2 plugs each"
            }
        },
        {
            "type": "Feature",
            "geometry": {
                "type": "Point",
                "coordinates": [
                    8.449958,
                    49.550041
                ]
            },
            "properties": {
                "name": "Aral pulse / BP Mannheim",
                "Country": "Germany",
                "Type": "built for trucks",
                "CPO": "Aral Pulse",
                "Total power": "600 kW",
                "Number of plugs": "4",
                "Maximum charging power": "300 kW",
                "Deployment year": "2023",
                "Details about deployment date": null,
                "Vehicle accessibility": "suitable for HGVs",
                "Description": "2 x 300kW chargers with 2 plugs each"
            }
        },
        {
            "type": "Feature",
            "geometry": {
                "type": "Point",
                "coordinates": [
                    -1.519942,
                    38.900701
                ]
            },
            "properties": {
                "name": "Wenea Villar de Chinchilla - Restaurante Los Manzanos",
                "Country": "Spain",
                "Type": "viable for trucks",
                "CPO": "Wenea",
                "Total power": null,
                "Number of plugs": null,
                "Maximum charging power": "300 kW",
                "Deployment year": "2023",
                "Details about deployment date": null,
                "Vehicle accessibility": null,
                "Description": "cable length: 3.5 m"
            }
        },
        {
            "type": "Feature",
            "geometry": {
                "type": "Point",
                "coordinates": [
                    -1.911248,
                    37.434425
                ]
            },
            "properties": {
                "name": "Wenea Huércal-Overa - Restaurante La Morena",
                "Country": "Spain",
                "Type": "viable for trucks",
                "CPO": "Wenea",
                "Total power": null,
                "Number of plugs": null,
                "Maximum charging power": "200 kW",
                "Deployment year": "2023",
                "Details about deployment date": null,
                "Vehicle accessibility": null,
                "Description": "cable length: 5 m"
            }
        },
        {
            "type": "Feature",
            "geometry": {
                "type": "Point",
                "coordinates": [
                    -6.417362,
                    40.696204
                ]
            },
            "properties": {
                "name": "Wenea Sancti-Spíritus - Rest. Europa",
                "Country": "Spain",
                "Type": "viable for trucks",
                "CPO": "Wenea",
                "Total power": null,
                "Number of plugs": null,
                "Maximum charging power": "200 kW",
                "Deployment year": "2023",
                "Details about deployment date": null,
                "Vehicle accessibility": null,
                "Description": "cable length: 5 m"
            }
        },
        {
            "type": "Feature",
            "geometry": {
                "type": "Point",
                "coordinates": [
                    -0.739658,
                    40.114
                ]
            },
            "properties": {
                "name": "Wenea Albentosa - Hotel Restaurante Los Maños",
                "Country": "Spain",
                "Type": "viable for trucks",
                "CPO": "Wenea",
                "Total power": null,
                "Number of plugs": null,
                "Maximum charging power": "200",
                "Deployment year": "2023",
                "Details about deployment date": null,
                "Vehicle accessibility": null,
                "Description": "cable length: 5 m"
            }
        },
        {
            "type": "Feature",
            "geometry": {
                "type": "Point",
                "coordinates": [
                    -5.224874,
                    41.301507
                ]
            },
            "properties": {
                "name": "Wenea Alaejos - RESTAURANTE PARIS-LISBOA",
                "Country": "Spain",
                "Type": "viable for trucks",
                "CPO": "Wenea",
                "Total power": null,
                "Number of plugs": null,
                "Maximum charging power": "200 kW",
                "Deployment year": "2023",
                "Details about deployment date": null,
                "Vehicle accessibility": null,
                "Description": "cable length: 5 m"
            }
        },
        {
            "type": "Feature",
            "geometry": {
                "type": "Point",
                "coordinates": [
                    -5.549879,
                    39.873517
                ]
            },
            "properties": {
                "name": "Wenea Navalmoral de la Mata - PRVE EL Berrocal",
                "Country": "Spain",
                "Type": "viable for trucks",
                "CPO": "Wenea",
                "Total power": null,
                "Number of plugs": null,
                "Maximum charging power": "300 kW",
                "Deployment year": "2023",
                "Details about deployment date": null,
                "Vehicle accessibility": null,
                "Description": null
            }
        },
        {
            "type": "Feature",
            "geometry": {
                "type": "Point",
                "coordinates": [
                    -6.006708,
                    40.18639
                ]
            },
            "properties": {
                "name": "Wenea Jarilla - Hostal Asturias",
                "Country": "Spain",
                "Type": "viable for trucks",
                "CPO": "Wenea",
                "Total power": null,
                "Number of plugs": null,
                "Maximum charging power": "150 kW",
                "Deployment year": "2023",
                "Details about deployment date": null,
                "Vehicle accessibility": null,
                "Description": "cable length: 3.5 m"
            }
        },
        {
            "type": "Feature",
            "geometry": {
                "type": "Point",
                "coordinates": [
                    -1.237206,
                    41.54007
                ]
            },
            "properties": {
                "name": "Wenea Épila - Rest. El Navarro",
                "Country": "Spain",
                "Type": "viable for trucks",
                "CPO": "Wenea",
                "Total power": "200 kW",
                "Number of plugs": "1",
                "Maximum charging power": "200 kW",
                "Deployment year": "2023",
                "Details about deployment date": null,
                "Vehicle accessibility": "Suitable for trucks, rigids and tractors with trailer",
                "Description": "cable length: 3 m - 24/7 service station for trucks. Charging point outside the night truck parking area."
            }
        },
        {
            "type": "Feature",
            "geometry": {
                "type": "Point",
                "coordinates": [
                    -2.325347,
                    39.274037
                ]
            },
            "properties": {
                "name": "Wenea Minaya - Restaurante Antolin",
                "Country": "Spain",
                "Type": "viable for trucks",
                "CPO": "Wenea",
                "Total power": null,
                "Number of plugs": null,
                "Maximum charging power": "150 kW",
                "Deployment year": "2023",
                "Details about deployment date": null,
                "Vehicle accessibility": null,
                "Description": "cable length: 3 m"
            }
        },
        {
            "type": "Feature",
            "geometry": {
                "type": "Point",
                "coordinates": [
                    -2.281133,
                    42.431809
                ]
            },
            "properties": {
                "name": "Wenea Recajo - Restaurante El Sequero S L",
                "Country": "Spain",
                "Type": "viable for trucks",
                "CPO": "Wenea",
                "Total power": null,
                "Number of plugs": null,
                "Maximum charging power": "200 kW",
                "Deployment year": "2023",
                "Details about deployment date": null,
                "Vehicle accessibility": null,
                "Description": "cable length: 3 m"
            }
        },
        {
            "type": "Feature",
            "geometry": {
                "type": "Point",
                "coordinates": [
                    -3.392489,
                    38.843224
                ]
            },
            "properties": {
                "name": "Wenea Ciudad Real - Restaurante Chorrilla",
                "Country": "Spain",
                "Type": "viable for trucks",
                "CPO": "Wenea",
                "Total power": null,
                "Number of plugs": null,
                "Maximum charging power": "200 kW",
                "Deployment year": "2023",
                "Details about deployment date": null,
                "Vehicle accessibility": null,
                "Description": "cable length: 3 m"
            }
        },
        {
            "type": "Feature",
            "geometry": {
                "type": "Point",
                "coordinates": [
                    -6.321544,
                    39.287308
                ]
            },
            "properties": {
                "name": "Wenea Aldea del Cano - Restaurante las Vegas",
                "Country": "Spain",
                "Type": "viable for trucks",
                "CPO": "Wenea",
                "Total power": null,
                "Number of plugs": null,
                "Maximum charging power": "400 kW",
                "Deployment year": "2023",
                "Details about deployment date": null,
                "Vehicle accessibility": null,
                "Description": "cable length: 1x3 m + 1x3 m"
            }
        },
        {
            "type": "Feature",
            "geometry": {
                "type": "Point",
                "coordinates": [
                    -8.107533,
                    43.218527
                ]
            },
            "properties": {
                "name": "Wenea Coirós - Parrillada Barral",
                "Country": "Spain",
                "Type": "viable for trucks",
                "CPO": "Wenea",
                "Total power": null,
                "Number of plugs": null,
                "Maximum charging power": "200 kW",
                "Deployment year": "2023",
                "Details about deployment date": null,
                "Vehicle accessibility": null,
                "Description": "cable length: 3 m"
            }
        },
        {
            "type": "Feature",
            "geometry": {
                "type": "Point",
                "coordinates": [
                    -6.263604,
                    39.163931
                ]
            },
            "properties": {
                "name": "Wenea Alcuéscar - Rest Cruce Herrerías",
                "Country": "Spain",
                "Type": "viable for trucks",
                "CPO": "Wenea",
                "Total power": null,
                "Number of plugs": null,
                "Maximum charging power": "240 kW",
                "Deployment year": "2023",
                "Details about deployment date": null,
                "Vehicle accessibility": null,
                "Description": "cable length: 5 m"
            }
        },
        {
            "type": "Feature",
            "geometry": {
                "type": "Point",
                "coordinates": [
                    -0.857322,
                    42.599596
                ]
            },
            "properties": {
                "name": "Wenea Huesca - Restaurante La Trobada",
                "Country": "Spain",
                "Type": "viable for trucks",
                "CPO": "Wenea",
                "Total power": null,
                "Number of plugs": null,
                "Maximum charging power": "150 kW",
                "Deployment year": "2023",
                "Details about deployment date": null,
                "Vehicle accessibility": null,
                "Description": "cable length: 3 m"
            }
        },
        {
            "type": "Feature",
            "geometry": {
                "type": "Point",
                "coordinates": [
                    -1.832252,
                    38.929997
                ]
            },
            "properties": {
                "name": "Wenea Albacete - Rest. La Dehesa",
                "Country": "Spain",
                "Type": "viable for trucks",
                "CPO": "Wenea",
                "Total power": null,
                "Number of plugs": null,
                "Maximum charging power": "200 kW",
                "Deployment year": "2023",
                "Details about deployment date": null,
                "Vehicle accessibility": null,
                "Description": "cable length: 5 m"
            }
        },
        {
            "type": "Feature",
            "geometry": {
                "type": "Point",
                "coordinates": [
                    5.611484,
                    52.033522
                ]
            },
            "properties": {
                "name": "Greenpoint Ede",
                "Country": "The Netherlands",
                "Type": "viable for trucks",
                "CPO": null,
                "Total power": "300 kW",
                "Number of plugs": "2",
                "Maximum charging power": "150 kW",
                "Deployment year": "2023",
                "Details about deployment date": null,
                "Vehicle accessibility": "Easily accessible for trucks.",
                "Description": null
            }
        },
        {
            "type": "Feature",
            "geometry": {
                "type": "Point",
                "coordinates": [
                    5.516439,
                    51.599603
                ]
            },
            "properties": {
                "name": "Total Energies Veghel",
                "Country": "The Netherlands",
                "Type": "viable for trucks",
                "CPO": "Total Energies",
                "Total power": "350 kW",
                "Number of plugs": "2",
                "Maximum charging power": "175 kW",
                "Deployment year": "2023",
                "Details about deployment date": null,
                "Vehicle accessibility": "Easily accessible by truck without trailer",
                "Description": null
            }
        },
        {
            "type": "Feature",
            "geometry": {
                "type": "Point",
                "coordinates": [
                    5.008393,
                    51.694502
                ]
            },
            "properties": {
                "name": "Shell Recharge Sprang-Capelle South",
                "Country": "The Netherlands",
                "Type": "viable for trucks",
                "CPO": "Shall",
                "Total power": "350 kW",
                "Number of plugs": "2",
                "Maximum charging power": "175 kW",
                "Deployment year": "2023",
                "Details about deployment date": null,
                "Vehicle accessibility": "Easily accessible for truck with trailer",
                "Description": "accessible in 1 direction only"
            }
        },
        {
            "type": "Feature",
            "geometry": {
                "type": "Point",
                "coordinates": [
                    4.638888,
                    51.751256
                ]
            },
            "properties": {
                "name": "DCB Energy Dordrecht",
                "Country": "The Netherlands",
                "Type": "built for trucks",
                "CPO": null,
                "Total power": "720 kW",
                "Number of plugs": "2",
                "Maximum charging power": "360 kW",
                "Deployment year": "2023",
                "Details about deployment date": null,
                "Vehicle accessibility": "Reachable for all combinations.",
                "Description": "2 superchargers of 360kW - only accessible in 1 direction"
            }
        },
        {
            "type": "Feature",
            "geometry": {
                "type": "Point",
                "coordinates": [
                    6.437868,
                    52.255386
                ]
            },
            "properties": {
                "name": "Shell Recharge Holten",
                "Country": "The Netherlands",
                "Type": "viable for trucks",
                "CPO": "Shell",
                "Total power": "350 kW",
                "Number of plugs": "2",
                "Maximum charging power": "175 kW",
                "Deployment year": "2023",
                "Details about deployment date": null,
                "Vehicle accessibility": "Drive-through possibility - also for truck with trailer.",
                "Description": "accessible in 1 direction only"
            }
        },
        {
            "type": "Feature",
            "geometry": {
                "type": "Point",
                "coordinates": [
                    5.056351,
                    52.118775
                ]
            },
            "properties": {
                "name": "ABB - Van Dijk Trucks Utrecht",
                "Country": "The Netherlands",
                "Type": "built for trucks",
                "CPO": null,
                "Total power": "360 kW",
                "Number of plugs": "2",
                "Maximum charging power": "360 kW",
                "Deployment year": "2023",
                "Details about deployment date": null,
                "Vehicle accessibility": "dedicated to trucks",
                "Description": "24/7 openbaar - Volvo Trucks and Renault Trucks dealer"
            }
        },
        {
            "type": "Feature",
            "geometry": {
                "type": "Point",
                "coordinates": [
                    6.979576,
                    52.73134
                ]
            },
            "properties": {
                "name": "Tamoil - T-Electric Klazienaveen",
                "Country": "The Netherlands",
                "Type": "viable for trucks",
                "CPO": null,
                "Total power": "150 kW",
                "Number of plugs": "2",
                "Maximum charging power": "150 kW",
                "Deployment year": "2023",
                "Details about deployment date": null,
                "Vehicle accessibility": null,
                "Description": null
            }
        },
        {
            "type": "Feature",
            "geometry": {
                "type": "Point",
                "coordinates": [
                    4.929013,
                    52.334421
                ]
            },
            "properties": {
                "name": "TotalEnergies Amsterdam ",
                "Country": "The Netherlands",
                "Type": "viable for trucks",
                "CPO": "Total Energies",
                "Total power": "350 kW",
                "Number of plugs": "2",
                "Maximum charging power": "175 kW",
                "Deployment year": "2023",
                "Details about deployment date": null,
                "Vehicle accessibility": "Suitable for separate tractor and rigid vehicle / not for tractor + trailer",
                "Description": null
            }
        },
        {
            "type": "Feature",
            "geometry": {
                "type": "Point",
                "coordinates": [
                    4.948416,
                    52.33634
                ]
            },
            "properties": {
                "name": "TotalEnergies Duivendrecht",
                "Country": "The Netherlands",
                "Type": "viable for trucks",
                "CPO": "Total Energies",
                "Total power": "120 kW",
                "Number of plugs": "2",
                "Maximum charging power": "120 kW",
                "Deployment year": "2023",
                "Details about deployment date": null,
                "Vehicle accessibility": "Suitable for individual tractor / tractor + trailer /rigid",
                "Description": "Semi-public charging station ?"
            }
        },
        {
            "type": "Feature",
            "geometry": {
                "type": "Point",
                "coordinates": [
                    5.826534,
                    50.981362
                ]
            },
            "properties": {
                "name": "LEAP24 Geleen",
                "Country": "The Netherlands",
                "Type": "viable for trucks",
                "CPO": "LEAP24",
                "Total power": "750 kW",
                "Number of plugs": "6",
                "Maximum charging power": "125 kW",
                "Deployment year": "2023",
                "Details about deployment date": null,
                "Vehicle accessibility": "Suitable for tractor + trailer",
                "Description": null
            }
        },
        {
            "type": "Feature",
            "geometry": {
                "type": "Point",
                "coordinates": [
                    4.548038,
                    51.861642
                ]
            },
            "properties": {
                "name": "P van der Velden Barendrecht",
                "Country": "The Netherlands",
                "Type": "built for trucks",
                "CPO": null,
                "Total power": "60 kW",
                "Number of plugs": "1",
                "Maximum charging power": "60 kW",
                "Deployment year": "2023",
                "Details about deployment date": null,
                "Vehicle accessibility": "Well accessible by combination",
                "Description": null
            }
        },
        {
            "type": "Feature",
            "geometry": {
                "type": "Point",
                "coordinates": [
                    4.681488,
                    51.846088
                ]
            },
            "properties": {
                "name": "TotalEnergies Papendrecht",
                "Country": "The Netherlands",
                "Type": "viable for trucks",
                "CPO": "Total Energies",
                "Total power": "225 kW",
                "Number of plugs": "2",
                "Maximum charging power": "175 kW",
                "Deployment year": "2023",
                "Details about deployment date": null,
                "Vehicle accessibility": "Suitable for single tractor / tractor + trailer and rigid",
                "Description": "1 x 50 kW + 1 x 175 kW"
            }
        },
        {
            "type": "Feature",
            "geometry": {
                "type": "Point",
                "coordinates": [
                    4.563081,
                    51.953738
                ]
            },
            "properties": {
                "name": "TotalEnergies Capelle aan den IJssel",
                "Country": "The Netherlands",
                "Type": "viable for trucks",
                "CPO": "Total Energies",
                "Total power": "750 kW",
                "Number of plugs": "5",
                "Maximum charging power": "175 kW",
                "Deployment year": "2023",
                "Details about deployment date": null,
                "Vehicle accessibility": "Suitable for single tractor / tractor + trailer and rigid",
                "Description": "4 x 175 kW + 1 x 50 kW"
            }
        },
        {
            "type": "Feature",
            "geometry": {
                "type": "Point",
                "coordinates": [
                    4.854441,
                    52.442342
                ]
            },
            "properties": {
                "name": "Fastned Oostzaan",
                "Country": "The Netherlands",
                "Type": "viable for trucks",
                "CPO": "Fastned",
                "Total power": "1150 kW",
                "Number of plugs": "7",
                "Maximum charging power": "400 kW",
                "Deployment year": "2023",
                "Details about deployment date": null,
                "Vehicle accessibility": "Suitable for tractor + trailer",
                "Description": "1 x 400 kW with 2 plugs + 2 x 350 kW with 2 plugs each + 1 x 50 kW - Height limited to 4 m"
            }
        },
        {
            "type": "Feature",
            "geometry": {
                "type": "Point",
                "coordinates": [
                    5.342223,
                    52.211442
                ]
            },
            "properties": {
                "name": "Fastned Hoogland",
                "Country": "The Netherlands",
                "Type": "viable for trucks",
                "CPO": "Fastned",
                "Total power": "1200 kW",
                "Number of plugs": "8",
                "Maximum charging power": "300 kW",
                "Deployment year": "2023",
                "Details about deployment date": null,
                "Vehicle accessibility": "Suitable for tractor + trailer",
                "Description": "4 x 300 kW with 2 plugs each - only accessible in 1 direction"
            }
        },
        {
            "type": "Feature",
            "geometry": {
                "type": "Point",
                "coordinates": [
                    6.488595,
                    52.84518
                ]
            },
            "properties": {
                "name": "Fastned Beilen East",
                "Country": "The Netherlands",
                "Type": "viable for trucks",
                "CPO": "Fastned",
                "Total power": "1400 kW",
                "Number of plugs": "8",
                "Maximum charging power": "400 kW",
                "Deployment year": "2023",
                "Details about deployment date": null,
                "Vehicle accessibility": "Suitable for tractor + trailer",
                "Description": "2 x 300 kW + 2 x 400 kW with 2 plugs each - accessible in 1 direction only"
            }
        },
        {
            "type": "Feature",
            "geometry": {
                "type": "Point",
                "coordinates": [
                    6.486103,
                    52.845248
                ]
            },
            "properties": {
                "name": "Fastned Beilen West",
                "Country": "The Netherlands",
                "Type": "viable for trucks",
                "CPO": "Fastned",
                "Total power": "1400 kW",
                "Number of plugs": "8",
                "Maximum charging power": "400 kW",
                "Deployment year": "2023",
                "Details about deployment date": null,
                "Vehicle accessibility": "Suitable for tractor + trailer",
                "Description": null
            }
        },
        {
            "type": "Feature",
            "geometry": {
                "type": "Point",
                "coordinates": [
                    5.423824,
                    52.163774
                ]
            },
            "properties": {
                "name": "Fountain Fuel- Allego Amersfoort ",
                "Country": "The Netherlands",
                "Type": "built for trucks",
                "CPO": null,
                "Total power": "300 kW",
                "Number of plugs": "1",
                "Maximum charging power": "300 kW",
                "Deployment year": "2023",
                "Details about deployment date": null,
                "Vehicle accessibility": "dedicated to trucks",
                "Description": "1x truck/bus charging point (300kWh)"
            }
        },
        {
            "type": "Feature",
            "geometry": {
                "type": "Point",
                "coordinates": [
                    4.835534,
                    52.416817
                ]
            },
            "properties": {
                "name": "CTPark Amsterdam City",
                "Country": "The Netherlands",
                "Type": "built for trucks",
                "CPO": null,
                "Total power": "2880 kW",
                "Number of plugs": "12",
                "Maximum charging power": "240 kW",
                "Deployment year": "2023",
                "Details about deployment date": null,
                "Vehicle accessibility": "for electric trucks / vans and cars",
                "Description": null
            }
        },
        {
            "type": "Feature",
            "geometry": {
                "type": "Point",
                "coordinates": [
                    5.642826,
                    52.33561
                ]
            },
            "properties": {
                "name": "Tango Harderwijk",
                "Country": "The Netherlands",
                "Type": "viable for trucks",
                "CPO": null,
                "Total power": "320 kW",
                "Number of plugs": "4",
                "Maximum charging power": "160 kW",
                "Deployment year": "2023",
                "Details about deployment date": null,
                "Vehicle accessibility": "Accessible for trucks",
                "Description": "2 x 160 kW with 2 plugs each"
            }
        },
        {
            "type": "Feature",
            "geometry": {
                "type": "Point",
                "coordinates": [
                    4.777881,
                    52.797436
                ]
            },
            "properties": {
                "name": "Leap24 Schagen",
                "Country": "The Netherlands",
                "Type": "viable for trucks",
                "CPO": "LEAP24",
                "Total power": "960 kW",
                "Number of plugs": "6",
                "Maximum charging power": "160 kW",
                "Deployment year": "2023",
                "Details about deployment date": null,
                "Vehicle accessibility": "suitable for tractor and trailer and rigid",
                "Description": null
            }
        },
        {
            "type": "Feature",
            "geometry": {
                "type": "Point",
                "coordinates": [
                    4.665152,
                    52.353052
                ]
            },
            "properties": {
                "name": "LEAP24 Haarlem",
                "Country": "The Netherlands",
                "Type": "viable for trucks",
                "CPO": "LEAP24",
                "Total power": "1280 kW",
                "Number of plugs": "8",
                "Maximum charging power": "160 kW",
                "Deployment year": "2023",
                "Details about deployment date": null,
                "Vehicle accessibility": "suitable for tractor and trailer and rigids",
                "Description": null
            }
        },
        {
            "type": "Feature",
            "geometry": {
                "type": "Point",
                "coordinates": [
                    5.998695,
                    50.849744
                ]
            },
            "properties": {
                "name": "Rd4 Heerlen",
                "Country": "The Netherlands",
                "Type": "built for trucks",
                "CPO": null,
                "Total power": "350 kW",
                "Number of plugs": "1",
                "Maximum charging power": "350 kW",
                "Deployment year": "2023",
                "Details about deployment date": null,
                "Vehicle accessibility": "Suitable for tractors and trailers and rigids",
                "Description": "truck only"
            }
        },
        {
            "type": "Feature",
            "geometry": {
                "type": "Point",
                "coordinates": [
                    6.837708,
                    52.223095
                ]
            },
            "properties": {
                "name": "AVIA Volt",
                "Country": "The Netherlands",
                "Type": "viable for trucks",
                "CPO": null,
                "Total power": "1700 kW ",
                "Number of plugs": "6",
                "Maximum charging power": "350 kW",
                "Deployment year": "2023",
                "Details about deployment date": null,
                "Vehicle accessibility": "Accessible by all vehicles.",
                "Description": "4 x 250 kW + 2 x 350 kW"
            }
        },
        {
            "type": "Feature",
            "geometry": {
                "type": "Point",
                "coordinates": [
                    5.78843,
                    51.504424
                ]
            },
            "properties": {
                "name": "GreenPoint Milheeze",
                "Country": "The Netherlands",
                "Type": "built for trucks",
                "CPO": null,
                "Total power": "150 kW",
                "Number of plugs": "1",
                "Maximum charging power": "150 kW",
                "Deployment year": "2023",
                "Details about deployment date": null,
                "Vehicle accessibility": "Suitable for tractor with trailer.",
                "Description": null
            }
        },
        {
            "type": "Feature",
            "geometry": {
                "type": "Point",
                "coordinates": [
                    3.66817,
                    51.326232
                ]
            },
            "properties": {
                "name": "Groen Goud Biervliet ",
                "Country": "The Netherlands",
                "Type": "built for trucks",
                "CPO": null,
                "Total power": "540 kW",
                "Number of plugs": "3",
                "Maximum charging power": "180 kW",
                "Deployment year": "2023",
                "Details about deployment date": null,
                "Vehicle accessibility": "All vehicles would fit in without any problems - also charging spaces for cars",
                "Description": null
            }
        },
        {
            "type": "Feature",
            "geometry": {
                "type": "Point",
                "coordinates": [
                    5.418181,
                    51.465397
                ]
            },
            "properties": {
                "name": "Shell Recharge Eindhoven",
                "Country": "The Netherlands",
                "Type": "built for trucks",
                "CPO": "Shell",
                "Total power": "1200 kW",
                "Number of plugs": "8",
                "Maximum charging power": "300 kW",
                "Deployment year": "2023",
                "Details about deployment date": null,
                "Vehicle accessibility": "Accessible to all types of vehicles",
                "Description": "Requires pre booking to open barriers (not accessible for cars)"
            }
        },
        {
            "type": "Feature",
            "geometry": {
                "type": "Point",
                "coordinates": [
                    7.05094,
                    53.135052
                ]
            },
            "properties": {
                "name": "Firstclass Couriers",
                "Country": "The Netherlands",
                "Type": "viable for trucks",
                "CPO": null,
                "Total power": "120 kW",
                "Number of plugs": "2",
                "Maximum charging power": "120 kW",
                "Deployment year": "2023",
                "Details about deployment date": null,
                "Vehicle accessibility": "Accessible for trucks",
                "Description": "Accessible 24/7"
            }
        },
        {
            "type": "Feature",
            "geometry": {
                "type": "Point",
                "coordinates": [
                    4.643406,
                    52.018339
                ]
            },
            "properties": {
                "name": "DCB Energy Hub Waddinxveen",
                "Country": "The Netherlands",
                "Type": "viable for trucks",
                "CPO": null,
                "Total power": "360 kW",
                "Number of plugs": "2",
                "Maximum charging power": "360 kW",
                "Deployment year": "2023",
                "Details about deployment date": null,
                "Vehicle accessibility": "Suitable for any vehicle",
                "Description": null
            }
        },
        {
            "type": "Feature",
            "geometry": {
                "type": "Point",
                "coordinates": [
                    6.20723,
                    52.637622
                ]
            },
            "properties": {
                "name": "Total Energies Staphorst",
                "Country": "The Netherlands",
                "Type": "viable for trucks",
                "CPO": "Total Energies",
                "Total power": "480 kW",
                "Number of plugs": "2",
                "Maximum charging power": "300 kW",
                "Deployment year": "2023",
                "Details about deployment date": null,
                "Vehicle accessibility": "suitable for HGVs",
                "Description": "1x 180 kW + 1 x 300 kW - closed on Sundays"
            }
        },
        {
            "type": "Feature",
            "geometry": {
                "type": "Point",
                "coordinates": [
                    6.517338,
                    52.710727
                ]
            },
            "properties": {
                "name": "Leap24 Hollandscheveld",
                "Country": "The Netherlands",
                "Type": "viable for trucks",
                "CPO": "LEAP24",
                "Total power": "500 kW",
                "Number of plugs": "4",
                "Maximum charging power": "125 kW",
                "Deployment year": "2023",
                "Details about deployment date": null,
                "Vehicle accessibility": "suitable for tractor + trailer",
                "Description": null
            }
        },
        {
            "type": "Feature",
            "geometry": {
                "type": "Point",
                "coordinates": [
                    6.13423,
                    52.805135
                ]
            },
            "properties": {
                "name": "LEAP24 Steenwijk",
                "Country": "The Netherlands",
                "Type": "viable for trucks",
                "CPO": "LEAP24",
                "Total power": "960 kW",
                "Number of plugs": "6",
                "Maximum charging power": "120 kW",
                "Deployment year": "2023",
                "Details about deployment date": null,
                "Vehicle accessibility": "suitable for tractor and trailer and rigids",
                "Description": null
            }
        },
        {
            "type": "Feature",
            "geometry": {
                "type": "Point",
                "coordinates": [
                    5.77459,
                    53.195119
                ]
            },
            "properties": {
                "name": "LEAP24 Leeuwarden",
                "Country": "The Netherlands",
                "Type": "viable for trucks",
                "CPO": "LEAP24",
                "Total power": "480 kW",
                "Number of plugs": "4",
                "Maximum charging power": "240 kW",
                "Deployment year": "2023",
                "Details about deployment date": null,
                "Vehicle accessibility": "suitable for tractor and trailer and rigids",
                "Description": "2 x 240 kW"
            }
        },
        {
            "type": "Feature",
            "geometry": {
                "type": "Point",
                "coordinates": [
                    6.13164,
                    52.484702
                ]
            },
            "properties": {
                "name": "LEAP24 Zwolle",
                "Country": "The Netherlands",
                "Type": "viable for trucks",
                "CPO": "LEAP24",
                "Total power": "900 kW",
                "Number of plugs": "6",
                "Maximum charging power": "150 kW",
                "Deployment year": "2023",
                "Details about deployment date": null,
                "Vehicle accessibility": "suitable for tractor and trailer and rigids",
                "Description": null
            }
        },
        {
            "type": "Feature",
            "geometry": {
                "type": "Point",
                "coordinates": [
                    6.053462,
                    52.51568
                ]
            },
            "properties": {
                "name": "E-Flux Nijwa Zwolle",
                "Country": "The Netherlands",
                "Type": "built for trucks",
                "CPO": null,
                "Total power": "300 kw",
                "Number of plugs": "2",
                "Maximum charging power": "300 kW",
                "Deployment year": "2023",
                "Details about deployment date": null,
                "Vehicle accessibility": "Suitable for truck combinations (truck with trailer)",
                "Description": null
            }
        },
        {
            "type": "Feature",
            "geometry": {
                "type": "Point",
                "coordinates": [
                    4.695384,
                    52.270705
                ]
            },
            "properties": {
                "name": "DCB Energy Hoofddorp",
                "Country": "The Netherlands",
                "Type": "built for trucks",
                "CPO": null,
                "Total power": "720 kW",
                "Number of plugs": "2",
                "Maximum charging power": "360 kW",
                "Deployment year": "2023",
                "Details about deployment date": null,
                "Vehicle accessibility": "Accessible for all combinations.",
                "Description": null
            }
        },
        {
            "type": "Feature",
            "geometry": {
                "type": "Point",
                "coordinates": [
                    5.178148,
                    52.345798
                ]
            },
            "properties": {
                "name": "LEAP24 Almere",
                "Country": "The Netherlands",
                "Type": "viable for trucks",
                "CPO": "LEAP24",
                "Total power": "480 kW",
                "Number of plugs": "4",
                "Maximum charging power": "120 kW",
                "Deployment year": "2023",
                "Details about deployment date": null,
                "Vehicle accessibility": "Suitable for tractor + trailer",
                "Description": null
            }
        },
        {
            "type": "Feature",
            "geometry": {
                "type": "Point",
                "coordinates": [
                    5.860086,
                    51.832092
                ]
            },
            "properties": {
                "name": "Leap24 Nijmegen",
                "Country": "The Netherlands",
                "Type": "viable for trucks",
                "CPO": "LEAP24",
                "Total power": "960 kW",
                "Number of plugs": "8",
                "Maximum charging power": "120 kW",
                "Deployment year": "2023",
                "Details about deployment date": null,
                "Vehicle accessibility": "Difficult to access for trucks and combinations.",
                "Description": null
            }
        },
        {
            "type": "Feature",
            "geometry": {
                "type": "Point",
                "coordinates": [
                    5.515797,
                    51.621962
                ]
            },
            "properties": {
                "name": "Greenpoint Veghel",
                "Country": "The Netherlands",
                "Type": "viable for trucks",
                "CPO": null,
                "Total power": "150 kW",
                "Number of plugs": "2",
                "Maximum charging power": "150 kW",
                "Deployment year": "2023",
                "Details about deployment date": null,
                "Vehicle accessibility": "Easily accessible for trucks.",
                "Description": "space for one truck"
            }
        },
        {
            "type": "Feature",
            "geometry": {
                "type": "Point",
                "coordinates": [
                    5.759675,
                    51.414819
                ]
            },
            "properties": {
                "name": "Greenpoint Asten",
                "Country": "The Netherlands",
                "Type": "built for trucks",
                "CPO": null,
                "Total power": "800 kW",
                "Number of plugs": "4",
                "Maximum charging power": "200 kW",
                "Deployment year": "2023",
                "Details about deployment date": null,
                "Vehicle accessibility": "Accessible to all vehicles",
                "Description": null
            }
        },
        {
            "type": "Feature",
            "geometry": {
                "type": "Point",
                "coordinates": [
                    6.10146,
                    51.39098
                ]
            },
            "properties": {
                "name": "Milence Venlo",
                "Country": "The Netherlands",
                "Type": "built for trucks",
                "CPO": "Milence",
                "Total power": "800 kW",
                "Number of plugs": "4",
                "Maximum charging power": "400 kW",
                "Deployment year": "2023",
                "Details about deployment date": null,
                "Vehicle accessibility": "Accessible for all types of vehicles",
                "Description": "2 x 400 kW"
            }
        },
        {
            "type": "Feature",
            "geometry": {
                "type": "Point",
                "coordinates": [
                    4.554558,
                    52.160189
                ]
            },
            "properties": {
                "name": "TotalEnergies Leiderdorp",
                "Country": "The Netherlands",
                "Type": "viable for trucks",
                "CPO": "Total Energies",
                "Total power": "350 kW",
                "Number of plugs": "2",
                "Maximum charging power": "175 kW",
                "Deployment year": "2023",
                "Details about deployment date": null,
                "Vehicle accessibility": "Suitable for tractor and tractor + trailer and rigids",
                "Description": "only accessible in 1 direction"
            }
        },
        {
            "type": "Feature",
            "geometry": {
                "type": "Point",
                "coordinates": [
                    7.122778,
                    46.870902
                ]
            },
            "properties": {
                "name": "AGROLA ",
                "Country": "Switzerland",
                "Type": "viable for trucks",
                "CPO": null,
                "Total power": "150 kW",
                "Number of plugs": "2",
                "Maximum charging power": "150 kW",
                "Deployment year": "2023",
                "Details about deployment date": null,
                "Vehicle accessibility": null,
                "Description": null
            }
        },
        {
            "type": "Feature",
            "geometry": {
                "type": "Point",
                "coordinates": [
                    8.890223,
                    46.389787
                ]
            },
            "properties": {
                "name": "GOFAST Giornico",
                "Country": "Switzerland",
                "Type": "built for trucks",
                "CPO": "GOFAST",
                "Total power": "350 kW",
                "Number of plugs": "2",
                "Maximum charging power": "350 kW",
                "Deployment year": "2023",
                "Details about deployment date": null,
                "Vehicle accessibility": null,
                "Description": "Ladesäulen befinden sich nicht direkt an der Autoboahn sondern im abgesperrten Bereich des Transit-Terminals (gut geeignet wenn man Richtung Norden fährt -> LKW's müssen dort alle raus)"
            }
        },
        {
            "type": "Feature",
            "geometry": {
                "type": "Point",
                "coordinates": [
                    7.111566,
                    46.12202
                ]
            },
            "properties": {
                "name": "GOFAST Gd-Chavalard (Martigny)",
                "Country": "Switzerland",
                "Type": "built for trucks",
                "CPO": "GOFAST",
                "Total power": "600 kW",
                "Number of plugs": "4",
                "Maximum charging power": "300 kW",
                "Deployment year": "2023",
                "Details about deployment date": null,
                "Vehicle accessibility": null,
                "Description": "approx. 2 truck bays - accessible in 1 direction only"
            }
        },
        {
            "type": "Feature",
            "geometry": {
                "type": "Point",
                "coordinates": [
                    7.118498,
                    46.125306
                ]
            },
            "properties": {
                "name": "GOFAST Pierre Avoi (Charrat)",
                "Country": "Switzerland",
                "Type": "built for trucks",
                "CPO": "GOFAST",
                "Total power": "600 kW",
                "Number of plugs": "4",
                "Maximum charging power": "300 kW",
                "Deployment year": "2023",
                "Details about deployment date": null,
                "Vehicle accessibility": null,
                "Description": "4 x 300 kW - approx. 2 truck bays - accessible in 1 direction only"
            }
        },
        {
            "type": "Feature",
            "geometry": {
                "type": "Point",
                "coordinates": [
                    7.264873,
                    47.119969
                ]
            },
            "properties": {
                "name": "GOFAST Brügg",
                "Country": "Switzerland",
                "Type": "viable for trucks",
                "CPO": "GOFAST",
                "Total power": "100 kW",
                "Number of plugs": "2",
                "Maximum charging power": "100 kW",
                "Deployment year": "2023",
                "Details about deployment date": null,
                "Vehicle accessibility": "only tractors recommended",
                "Description": "2 x 100 kW"
            }
        },
        {
            "type": "Feature",
            "geometry": {
                "type": "Point",
                "coordinates": [
                    8.668036,
                    46.780586
                ]
            },
            "properties": {
                "name": "GOFAST Amsteg",
                "Country": "Switzerland",
                "Type": "viable for trucks",
                "CPO": "GOFAST",
                "Total power": "600 kW",
                "Number of plugs": "4",
                "Maximum charging power": "300 kW",
                "Deployment year": "2023",
                "Details about deployment date": null,
                "Vehicle accessibility": null,
                "Description": "approx. 2 truck bays - accessible in 1 direction only - in Fahrtrichtung Süden"
            }
        },
        {
            "type": "Feature",
            "geometry": {
                "type": "Point",
                "coordinates": [
                    8.654178,
                    46.814595
                ]
            },
            "properties": {
                "name": "GOFAST Erstfeld",
                "Country": "Switzerland",
                "Type": "viable for trucks",
                "CPO": "GOFAST",
                "Total power": "600 kW",
                "Number of plugs": "4",
                "Maximum charging power": "300 kW",
                "Deployment year": "2023",
                "Details about deployment date": null,
                "Vehicle accessibility": null,
                "Description": "approx. 2 truck bays - accessible in 1 direction only - in Fahrtrichtung Norden"
            }
        },
        {
            "type": "Feature",
            "geometry": {
                "type": "Point",
                "coordinates": [
                    9.547596,
                    46.957338
                ]
            },
            "properties": {
                "name": "Fastned Apfelwuhr South",
                "Country": "Switzerland",
                "Type": "viable for trucks",
                "CPO": "Fastned",
                "Total power": "600 kW",
                "Number of plugs": "4",
                "Maximum charging power": "300 kW",
                "Deployment year": "2023",
                "Details about deployment date": null,
                "Vehicle accessibility": null,
                "Description": "accessible in 1 direction only"
            }
        },
        {
            "type": "Feature",
            "geometry": {
                "type": "Point",
                "coordinates": [
                    9.548397,
                    46.956969
                ]
            },
            "properties": {
                "name": "Fastned Apfelwuhr North",
                "Country": "Switzerland",
                "Type": "viable for trucks",
                "CPO": "Fastned",
                "Total power": "600 kW",
                "Number of plugs": "4",
                "Maximum charging power": "300 kW",
                "Deployment year": "2023",
                "Details about deployment date": null,
                "Vehicle accessibility": null,
                "Description": "accessible in 1 direction only"
            }
        },
        {
            "type": "Feature",
            "geometry": {
                "type": "Point",
                "coordinates": [
                    9.579128,
                    47.479487
                ]
            },
            "properties": {
                "name": "GOFAST Thal",
                "Country": "Switzerland",
                "Type": "viable for trucks",
                "CPO": "GOFAST",
                "Total power": "300 kW",
                "Number of plugs": "4",
                "Maximum charging power": "150 kW",
                "Deployment year": "2023",
                "Details about deployment date": null,
                "Vehicle accessibility": null,
                "Description": "recommended for tractors only"
            }
        },
        {
            "type": "Feature",
            "geometry": {
                "type": "Point",
                "coordinates": [
                    9.094677,
                    47.460978
                ]
            },
            "properties": {
                "name": "GOFAST Thurau (Züberwangen)",
                "Country": "Switzerland",
                "Type": "viable for trucks",
                "CPO": "GOFAST",
                "Total power": "1200 kW",
                "Number of plugs": "8",
                "Maximum charging power": "300 kW",
                "Deployment year": "2023",
                "Details about deployment date": null,
                "Vehicle accessibility": null,
                "Description": "approx. 4 truck bays - accessible in 1 direction only"
            }
        },
        {
            "type": "Feature",
            "geometry": {
                "type": "Point",
                "coordinates": [
                    8.71522,
                    47.740409
                ]
            },
            "properties": {
                "name": "GOFAST Thayngen",
                "Country": "Switzerland",
                "Type": "viable for trucks",
                "CPO": "GOFAST",
                "Total power": "450 kW",
                "Number of plugs": "4",
                "Maximum charging power": "300 kW",
                "Deployment year": "2023",
                "Details about deployment date": null,
                "Vehicle accessibility": null,
                "Description": "2 x 300 + 2 x 150 ?"
            }
        },
        {
            "type": "Feature",
            "geometry": {
                "type": "Point",
                "coordinates": [
                    8.111828,
                    47.184509
                ]
            },
            "properties": {
                "name": "GOFAST Schenkon",
                "Country": "Switzerland",
                "Type": "viable for trucks",
                "CPO": "GOFAST",
                "Total power": "300 kW",
                "Number of plugs": "4",
                "Maximum charging power": "150 kW",
                "Deployment year": "2023",
                "Details about deployment date": null,
                "Vehicle accessibility": null,
                "Description": null
            }
        },
        {
            "type": "Feature",
            "geometry": {
                "type": "Point",
                "coordinates": [
                    7.718073,
                    47.286897
                ]
            },
            "properties": {
                "name": "GOFAST Oensingen",
                "Country": "Switzerland",
                "Type": "viable for trucks",
                "CPO": "GOFAST",
                "Total power": "960 kW",
                "Number of plugs": "8",
                "Maximum charging power": "360 kW",
                "Deployment year": "2023",
                "Details about deployment date": null,
                "Vehicle accessibility": null,
                "Description": "2 x 360 kW + 2 x 300 kW + 4 x 150 kW - approx. 4 truck bays"
            }
        },
        {
            "type": "Feature",
            "geometry": {
                "type": "Point",
                "coordinates": [
                    7.964678,
                    47.321809
                ]
            },
            "properties": {
                "name": "GOFAST Walterswil",
                "Country": "Switzerland",
                "Type": "viable for trucks",
                "CPO": "GOFAST",
                "Total power": "750 kW",
                "Number of plugs": "8",
                "Maximum charging power": "400 kW",
                "Deployment year": "2023",
                "Details about deployment date": null,
                "Vehicle accessibility": null,
                "Description": "4 truck bays - accessible in 1 direction only"
            }
        },
        {
            "type": "Feature",
            "geometry": {
                "type": "Point",
                "coordinates": [
                    7.945013,
                    47.316039
                ]
            },
            "properties": {
                "name": "Parkplatz Oftringen Ost",
                "Country": "Switzerland",
                "Type": "viable for trucks",
                "CPO": "GOFAST",
                "Total power": "750 kW",
                "Number of plugs": "8",
                "Maximum charging power": "300 kW",
                "Deployment year": "2023",
                "Details about deployment date": null,
                "Vehicle accessibility": null,
                "Description": "4 truck bays - accessible in 1 direction only"
            }
        },
        {
            "type": "Feature",
            "geometry": {
                "type": "Point",
                "coordinates": [
                    8.10904,
                    47.380458
                ]
            },
            "properties": {
                "name": "Fastned Rastplatz Suhr",
                "Country": "Switzerland",
                "Type": "viable for trucks",
                "CPO": "Fastned",
                "Total power": "600 kW",
                "Number of plugs": "4",
                "Maximum charging power": "300 kW",
                "Deployment year": "2023",
                "Details about deployment date": null,
                "Vehicle accessibility": null,
                "Description": "2 x 300 kW with 2 plugs each - accessible in 1 direction only"
            }
        },
        {
            "type": "Feature",
            "geometry": {
                "type": "Point",
                "coordinates": [
                    8.160209,
                    47.39256
                ]
            },
            "properties": {
                "name": "Fastned Lenzburg",
                "Country": "Switzerland",
                "Type": "viable for trucks",
                "CPO": "Fastned",
                "Total power": "600 kW",
                "Number of plugs": "4",
                "Maximum charging power": "300 kW",
                "Deployment year": "2023",
                "Details about deployment date": null,
                "Vehicle accessibility": null,
                "Description": "accessible in 1 direction only / only tractors recommendet"
            }
        },
        {
            "type": "Feature",
            "geometry": {
                "type": "Point",
                "coordinates": [
                    8.511461,
                    47.430585
                ]
            },
            "properties": {
                "name": "Fastnet Büsisee (Zürich)",
                "Country": "Switzerland",
                "Type": "viable for trucks",
                "CPO": "Fastnet",
                "Total power": "1200 kW",
                "Number of plugs": "8",
                "Maximum charging power": "300 kW",
                "Deployment year": "2023",
                "Details about deployment date": null,
                "Vehicle accessibility": null,
                "Description": "approx. 4 truck bays - accessible in 1 direction only"
            }
        },
        {
            "type": "Feature",
            "geometry": {
                "type": "Point",
                "coordinates": [
                    0.521666,
                    51.852368
                ]
            },
            "properties": {
                "name": "GRIDSERVE Braintree",
                "Country": "UK",
                "Type": "built for trucks",
                "CPO": "GridServe",
                "Total power": "4920 kW",
                "Number of plugs": "16",
                "Maximum charging power": "360 kW",
                "Deployment year": "2023",
                "Details about deployment date": null,
                "Vehicle accessibility": "good access for HGVs - circulation can be a little more tricky with a trailer",
                "Description": "12 x 350kW single plug - 2 x 360kW with two plugs"
            }
        },
        {
            "type": "Feature",
            "geometry": {
                "type": "Point",
                "coordinates": [
                    -2.572585,
                    53.600341
                ]
            },
            "properties": {
                "name": "Evpointuk Bolton",
                "Country": "UK",
                "Type": "built for trucks",
                "CPO": null,
                "Total power": "360 kW",
                "Number of plugs": "2",
                "Maximum charging power": "360 kW",
                "Deployment year": "2023",
                "Details about deployment date": "October 2023",
                "Vehicle accessibility": "dedicated HGV charging facility",
                "Description": null
            }
        },
        {
            "type": "Feature",
            "geometry": {
                "type": "Point",
                "coordinates": [
                    2.977383,
                    50.452529
                ]
            },
            "properties": {
                "name": "Proviridis Dourges",
                "Country": "France",
                "Type": "built for trucks",
                "CPO": "ZEN",
                "Total power": "300 kW",
                "Number of plugs": "4",
                "Maximum charging power": "150 kW",
                "Deployment year": "2023",
                "Details about deployment date": null,
                "Vehicle accessibility": null,
                "Description": "4 charging points 2 chargers 150kW DC"
            }
        },
        {
            "type": "Feature",
            "geometry": {
                "type": "Point",
                "coordinates": [
                    4.86311,
                    45.716141
                ]
            },
            "properties": {
                "name": "Monta - Chargemoov Venissieux",
                "Country": "France",
                "Type": "built for trucks",
                "CPO": "Monta",
                "Total power": "180 kW",
                "Number of plugs": "1",
                "Maximum charging power": "180 kW",
                "Deployment year": "2023",
                "Details about deployment date": null,
                "Vehicle accessibility": "Accessible by rigids or tractors alone",
                "Description": "1x180kW CCS"
            }
        },
        {
            "type": "Feature",
            "geometry": {
                "type": "Point",
                "coordinates": [
                    3.197653,
                    47.972808
                ]
            },
            "properties": {
                "name": "APRR La reserve (Précy-sur-Vrin)",
                "Country": "France",
                "Type": "built for trucks",
                "CPO": "Engie",
                "Total power": "350 kW",
                "Number of plugs": "2",
                "Maximum charging power": "350 kW",
                "Deployment year": "2023",
                "Details about deployment date": null,
                "Vehicle accessibility": null,
                "Description": "Paris to Lyon direction"
            }
        },
        {
            "type": "Feature",
            "geometry": {
                "type": "Point",
                "coordinates": [
                    5.2569,
                    46.226946
                ]
            },
            "properties": {
                "name": "Proviridis Bourg-en-Bresse",
                "Country": "France",
                "Type": "built for trucks",
                "CPO": "ZEN",
                "Total power": "900 kW",
                "Number of plugs": "6",
                "Maximum charging power": "300 kW",
                "Deployment year": "2023",
                "Details about deployment date": null,
                "Vehicle accessibility": null,
                "Description": "3 truck chargers 300kW  - 6 charging points"
            }
        },
        {
            "type": "Feature",
            "geometry": {
                "type": "Point",
                "coordinates": [
                    3.453113,
                    50.340414
                ]
            },
            "properties": {
                "name": "Proviridis Rouvignies",
                "Country": "France",
                "Type": "built for trucks",
                "CPO": "ZEN",
                "Total power": "600 kW",
                "Number of plugs": "4",
                "Maximum charging power": "300 kW",
                "Deployment year": "2023",
                "Details about deployment date": null,
                "Vehicle accessibility": null,
                "Description": "2 truck chargers 300kW - 4 charging points"
            }
        },
        {
            "type": "Feature",
            "geometry": {
                "type": "Point",
                "coordinates": [
                    2.984423,
                    43.155673
                ]
            },
            "properties": {
                "name": "Proviridis Narbonne ",
                "Country": "France",
                "Type": "built for trucks",
                "CPO": "ZEN",
                "Total power": "600 kW",
                "Number of plugs": "4",
                "Maximum charging power": "300 kW",
                "Deployment year": "2023",
                "Details about deployment date": null,
                "Vehicle accessibility": null,
                "Description": "2 truck chargers 300kW - 4 charging points"
            }
        },
        {
            "type": "Feature",
            "geometry": {
                "type": "Point",
                "coordinates": [
                    4.86311,
                    45.716141
                ]
            },
            "properties": {
                "name": "Monta - Chargemoov Venissieux",
                "Country": "France",
                "Type": "built for trucks",
                "CPO": "Monta",
                "Total power": "180 kW",
                "Number of plugs": "1",
                "Maximum charging power": "180 kW",
                "Deployment year": "2023",
                "Details about deployment date": null,
                "Vehicle accessibility": "Accessible by rigids or tractors alone",
                "Description": "1x180kW CCS"
            }
        },
        {
            "type": "Feature",
            "geometry": {
                "type": "Point",
                "coordinates": [
                    2.363148,
                    48.751519
                ]
            },
            "properties": {
                "name": "Allego Marché de Rungis",
                "Country": "France",
                "Type": "built for trucks",
                "CPO": "Allego",
                "Total power": "300 kW",
                "Number of plugs": "2",
                "Maximum charging power": "300 kW",
                "Deployment year": "2023",
                "Details about deployment date": null,
                "Vehicle accessibility": null,
                "Description": "2x300kW DC"
            }
        },
        {
            "type": "Feature",
            "geometry": {
                "type": "Point",
                "coordinates": [
                    5.112029,
                    45.662762
                ]
            },
            "properties": {
                "name": "Proviridis Saint-Quentin-Fallavier",
                "Country": "France",
                "Type": "built for trucks",
                "CPO": "ZEN",
                "Total power": "300 kW",
                "Number of plugs": "2",
                "Maximum charging power": "300 kW",
                "Deployment year": "2023",
                "Details about deployment date": "Q4 2023 ?",
                "Vehicle accessibility": null,
                "Description": "300kW 2pdc CCS / Dedicated to local users"
            }
        },
        {
            "type": "Feature",
            "geometry": {
                "type": "Point",
                "coordinates": [
                    1.188471,
                    49.247915
                ]
            },
            "properties": {
                "name": "Ionity Val-de-Reuil",
                "Country": "France",
                "Type": "viable for trucks",
                "CPO": "Ionity",
                "Total power": null,
                "Number of plugs": "2",
                "Maximum charging power": "350 kW",
                "Deployment year": "2023",
                "Details about deployment date": null,
                "Vehicle accessibility": "Accessible by rigids only",
                "Description": null
            }
        },
        {
            "type": "Feature",
            "geometry": {
                "type": "Point",
                "coordinates": [
                    4.850382,
                    45.747102
                ]
            },
            "properties": {
                "name": "TotalEnergies Lyon Garibaldi",
                "Country": "France",
                "Type": "viable for trucks",
                "CPO": "Total Energies",
                "Total power": null,
                "Number of plugs": null,
                "Maximum charging power": null,
                "Deployment year": "2023",
                "Details about deployment date": null,
                "Vehicle accessibility": null,
                "Description": null
            }
        },
        {
            "type": "Feature",
            "geometry": {
                "type": "Point",
                "coordinates": [
                    2.684731,
                    47.852405
                ]
            },
            "properties": {
                "name": "Ionity Varennes-Changy",
                "Country": "France",
                "Type": "viable for trucks",
                "CPO": "Ionity",
                "Total power": null,
                "Number of plugs": null,
                "Maximum charging power": "350 kW",
                "Deployment year": null,
                "Details about deployment date": null,
                "Vehicle accessibility": null,
                "Description": null
            }
        },
        {
            "type": "Feature",
            "geometry": {
                "type": "Point",
                "coordinates": [
                    5.522627,
                    46.775898
                ]
            },
            "properties": {
                "name": "IONITY Aire du Jura (Arlay)",
                "Country": "France",
                "Type": "viable for trucks",
                "CPO": "Ionity",
                "Total power": "1400 kW",
                "Number of plugs": "4",
                "Maximum charging power": "350 kW",
                "Deployment year": "2023",
                "Details about deployment date": null,
                "Vehicle accessibility": "Rigids only",
                "Description": "4x350kW CCS"
            }
        },
        {
            "type": "Feature",
            "geometry": {
                "type": "Point",
                "coordinates": [
                    10.021727,
                    53.518576
                ]
            },
            "properties": {
                "name": "Shell Recharge Hamburg",
                "Country": "Germany",
                "Type": "built for trucks",
                "CPO": "Shell",
                "Total power": "360 kW",
                "Number of plugs": "2",
                "Maximum charging power": "360 kW",
                "Deployment year": "2023",
                "Details about deployment date": "May 2023",
                "Vehicle accessibility": null,
                "Description": null
            }
        },
        {
            "type": "Feature",
            "geometry": {
                "type": "Point",
                "coordinates": [
                    6.90536,
                    50.894926
                ]
            },
            "properties": {
                "name": "Aral Pulse / BP Hürth",
                "Country": "Germany",
                "Type": "built for trucks",
                "CPO": "Aral Pulse / BP",
                "Total power": "600 kW",
                "Number of plugs": "4",
                "Maximum charging power": "300 kW",
                "Deployment year": "2023",
                "Details about deployment date": null,
                "Vehicle accessibility": "suitable for HGVs",
                "Description": "2 x 300kW chargers with 2 plugs each"
            }
        },
        {
            "type": "Feature",
            "geometry": {
                "type": "Point",
                "coordinates": [
                    9.759594,
                    53.717971
                ]
            },
            "properties": {
                "name": "Aral pulse / BP Tornesch",
                "Country": "Germany",
                "Type": "built for trucks",
                "CPO": "Aral Pulse / BP",
                "Total power": "600 kW",
                "Number of plugs": "4",
                "Maximum charging power": "300 kW",
                "Deployment year": "2023",
                "Details about deployment date": null,
                "Vehicle accessibility": "suitable for HGVs",
                "Description": "2 x 300kW chargers with 2 plugs each"
            }
        },
        {
            "type": "Feature",
            "geometry": {
                "type": "Point",
                "coordinates": [
                    8.338763,
                    49.271937
                ]
            },
            "properties": {
                "name": "Aral pulse / BP Schwegenheim",
                "Country": "Germany",
                "Type": "built for trucks",
                "CPO": "Aral Pulse / BP",
                "Total power": "600 kW",
                "Number of plugs": "4",
                "Maximum charging power": "300 kW",
                "Deployment year": "2023",
                "Details about deployment date": null,
                "Vehicle accessibility": "suitable for HGVs",
                "Description": "2 x 300kW chargers with 2 plugs each"
            }
        },
        {
            "type": "Feature",
            "geometry": {
                "type": "Point",
                "coordinates": [
                    8.597096,
                    49.672897
                ]
            },
            "properties": {
                "name": "Aral pulse / BP Bensheim",
                "Country": "Germany",
                "Type": "built for trucks",
                "CPO": "Aral Pulse / BP",
                "Total power": "600 kW",
                "Number of plugs": "4",
                "Maximum charging power": "300 kW",
                "Deployment year": "2023",
                "Details about deployment date": null,
                "Vehicle accessibility": "suitable for HGVs",
                "Description": "2 x 300kW chargers with 2 plugs each"
            }
        },
        {
            "type": "Feature",
            "geometry": {
                "type": "Point",
                "coordinates": [
                    8.386667,
                    49.993058
                ]
            },
            "properties": {
                "name": "Aral pulse / BP Rüsselsheim",
                "Country": "Germany",
                "Type": "built for trucks",
                "CPO": "Aral Pulse / BP",
                "Total power": "600 kW",
                "Number of plugs": "4",
                "Maximum charging power": "300 kW",
                "Deployment year": "2023",
                "Details about deployment date": null,
                "Vehicle accessibility": "suitable for HGVs",
                "Description": "2 x 300kW chargers with 2 plugs each"
            }
        },
        {
            "type": "Feature",
            "geometry": {
                "type": "Point",
                "coordinates": [
                    7.683202,
                    49.996359
                ]
            },
            "properties": {
                "name": "Aral pulse / BP Rheinböllen",
                "Country": "Germany",
                "Type": "built for trucks",
                "CPO": "Aral Pulse / BP",
                "Total power": "600 kW",
                "Number of plugs": "4",
                "Maximum charging power": "300 kW",
                "Deployment year": "2023",
                "Details about deployment date": null,
                "Vehicle accessibility": "suitable for HGVs",
                "Description": "2 x 300kW chargers with 2 plugs each"
            }
        },
        {
            "type": "Feature",
            "geometry": {
                "type": "Point",
                "coordinates": [
                    8.137116,
                    50.468829
                ]
            },
            "properties": {
                "name": "Aral pulse / BP Beselich",
                "Country": "Germany",
                "Type": "built for trucks",
                "CPO": "Aral Pulse / BP",
                "Total power": "600 kW",
                "Number of plugs": "4",
                "Maximum charging power": "300 kW",
                "Deployment year": "2023",
                "Details about deployment date": null,
                "Vehicle accessibility": "suitable for HGVs",
                "Description": "2 x 300kW chargers with 2 plugs each"
            }
        },
        {
            "type": "Feature",
            "geometry": {
                "type": "Point",
                "coordinates": [
                    6.82337,
                    51.169148
                ]
            },
            "properties": {
                "name": "Aral pulse / BP Düsseldorf",
                "Country": "Germany",
                "Type": "built for trucks",
                "CPO": "Aral Pulse / BP",
                "Total power": "600 kW",
                "Number of plugs": "4",
                "Maximum charging power": "300 kW",
                "Deployment year": "2023",
                "Details about deployment date": null,
                "Vehicle accessibility": "suitable for HGVs",
                "Description": "2 x 300kW chargers with 2 plugs each"
            }
        },
        {
            "type": "Feature",
            "geometry": {
                "type": "Point",
                "coordinates": [
                    7.440737,
                    51.531412
                ]
            },
            "properties": {
                "name": "Aral pulse / BP Dortmund",
                "Country": "Germany",
                "Type": "built for trucks",
                "CPO": "Aral Pulse / BP",
                "Total power": "600 kW",
                "Number of plugs": "4",
                "Maximum charging power": "300 kW",
                "Deployment year": "2023",
                "Details about deployment date": null,
                "Vehicle accessibility": "suitable for HGVs",
                "Description": "2 x 300kW chargers with 2 plugs each"
            }
        },
        {
            "type": "Feature",
            "geometry": {
                "type": "Point",
                "coordinates": [
                    4.7750993,
                    52.4307438
                ]
            },
            "properties": {
                "name": "NXT Charge Westzaan – Kleine Steng",
                "Country": "The Netherlands",
                "Type": "viable for trucks",
                "CPO": "NXT",
                "Total power": "640 kW",
                "Number of plugs": "2",
                "Maximum charging power": "320 kW",
                "Deployment year": "2023",
                "Details about deployment date": null,
                "Vehicle accessibility": "Trucks, Vans & Passenger cars",
                "Description": "Kleine Steng, Westzaan"
            }
        },
        {
            "type": "Feature",
            "geometry": {
                "type": "Point",
                "coordinates": [
                    4.7018946,
                    52.5878363
                ]
            },
            "properties": {
                "name": "NXT Charge Heiloo ",
                "Country": "The Netherlands",
                "Type": "viable for trucks",
                "CPO": "NXT",
                "Total power": "320 kW",
                "Number of plugs": "2",
                "Maximum charging power": "320 kW",
                "Deployment year": "2023",
                "Details about deployment date": null,
                "Vehicle accessibility": "Rigids < 7m, Van & Passenger car",
                "Description": "Vennewatersweg, Heiloo"
            }
        },
        {
            "type": "Feature",
            "geometry": {
                "type": "Point",
                "coordinates": [
                    4.8442685,
                    52.6853457
                ]
            },
            "properties": {
                "name": "NXT Charge Heerhugowaard",
                "Country": "The Netherlands",
                "Type": "viable for trucks",
                "CPO": "NXT",
                "Total power": "600 kW",
                "Number of plugs": "2",
                "Maximum charging power": "300 kW",
                "Deployment year": "2023",
                "Details about deployment date": null,
                "Vehicle accessibility": "Trucks, Vans & Passenger car",
                "Description": "Delta, Heerhugowaard"
            }
        },
        {
            "type": "Feature",
            "geometry": {
                "type": "Point",
                "coordinates": [
                    4.9929228,
                    52.5134575
                ]
            },
            "properties": {
                "name": "NXT Charge Purmerend",
                "Country": "The Netherlands",
                "Type": "viable for trucks",
                "CPO": "NXT",
                "Total power": "640 kW",
                "Number of plugs": "2",
                "Maximum charging power": "320 kW",
                "Deployment year": "2023",
                "Details about deployment date": null,
                "Vehicle accessibility": "Trcuks, Vans & Passenger cars",
                "Description": "Edisonweg, Purmerend"
            }
        },
        {
            "type": "Feature",
            "geometry": {
                "type": "Point",
                "coordinates": [
                    4.8780038,
                    52.4271553
                ]
            },
            "properties": {
                "name": "Argos Oostzaan Tankstation 24H",
                "Country": "The Netherlands",
                "Type": "viable for trucks",
                "CPO": null,
                "Total power": "4 x CCS-2 180kW",
                "Number of plugs": "4",
                "Maximum charging power": "180 kW",
                "Deployment year": "2024",
                "Details about deployment date": null,
                "Vehicle accessibility": "Trucks, Vans & Passenger car",
                "Description": "Westeind 12, Oostzaan"
            }
        },
        {
            "type": "Feature",
            "geometry": {
                "type": "Point",
                "coordinates": [
                    8.5658561,
                    47.4488096
                ]
            },
            "properties": {
                "name": "GOFAST Kloten",
                "Country": "Switzerland",
                "Type": "viable for trucks",
                "CPO": "GOFAST",
                "Total power": "1200 kW",
                "Number of plugs": "8",
                "Maximum charging power": "300 kW",
                "Deployment year": "2023",
                "Details about deployment date": null,
                "Vehicle accessibility": null,
                "Description": "approx 4 trucks bays"
            }
        },
        {
            "type": "Feature",
            "geometry": {
                "type": "Point",
                "coordinates": [
                    1.3884682,
                    48.7424448
                ]
            },
            "properties": {
                "name": "Lidl Charging Station (ABB)",
                "Country": "France",
                "Type": "viable for trucks",
                "CPO": null,
                "Total power": "150 kW",
                "Number of plugs": "2",
                "Maximum charging power": "150 kW",
                "Deployment year": "2023",
                "Details about deployment date": null,
                "Vehicle accessibility": null,
                "Description": null
            }
        },
        {
            "type": "Feature",
            "geometry": {
                "type": "Point",
                "coordinates": [
                    1.8322292,
                    48.5711759
                ]
            },
            "properties": {
                "name": "Access - TotalEnergies - REL.PRUNAY",
                "Country": "France",
                "Type": "viable for trucks",
                "CPO": "Total Energies",
                "Total power": "300 kW",
                "Number of plugs": "1",
                "Maximum charging power": "300 kW",
                "Deployment year": "2023",
                "Details about deployment date": null,
                "Vehicle accessibility": "Accessible by rigids only",
                "Description": "Emergency access (left side) - Rambouillet to Ablis direction"
            }
        },
        {
            "type": "Feature",
            "geometry": {
                "type": "Point",
                "coordinates": [
                    4.8565049,
                    46.8250216
                ]
            },
            "properties": {
                "name": "PROVIRIDIS Fragnes-le-Loyère",
                "Country": "France",
                "Type": "built for trucks",
                "CPO": "ZEN",
                "Total power": "200 kW",
                "Number of plugs": "1",
                "Maximum charging power": "200 kW",
                "Deployment year": "2023",
                "Details about deployment date": null,
                "Vehicle accessibility": null,
                "Description": "1 x 200 kW DC"
            }
        },
        {
            "type": "Feature",
            "geometry": {
                "type": "Point",
                "coordinates": [
                    6.1154552,
                    45.888007
                ]
            },
            "properties": {
                "name": "PROVIRIDIS Annecy",
                "Country": "France",
                "Type": "built for trucks",
                "CPO": "ZEN",
                "Total power": "200 kW",
                "Number of plugs": "4",
                "Maximum charging power": "180 kW",
                "Deployment year": "2023",
                "Details about deployment date": null,
                "Vehicle accessibility": "Difficult access with tractor semi combination",
                "Description": "4 truck charging points: 1 x 180 kW DC with 2 plugs + 1 x 22 kW AC with 2 plugs"
            }
        },
        {
            "type": "Feature",
            "geometry": {
                "type": "Point",
                "coordinates": [
                    -3.6981728,
                    41.5939158
                ]
            },
            "properties": {
                "name": "IONITY - Aranda de Duero",
                "Country": "Spain",
                "Type": "built for trucks",
                "CPO": "Ionity",
                "Total power": null,
                "Number of plugs": "1",
                "Maximum charging power": "350 kW",
                "Deployment year": null,
                "Details about deployment date": null,
                "Vehicle accessibility": "Semi trailer",
                "Description": "Diamond Echo charged there on May 16th"
            }
        },
        {
            "type": "Feature",
            "geometry": {
                "type": "Point",
                "coordinates": [
                    0.4073581,
                    40.4587849
                ]
            },
            "properties": {
                "name": "Cepsa - Benicarlo",
                "Country": "Spain",
                "Type": "viable for trucks",
                "CPO": "Ionity",
                "Total power": null,
                "Number of plugs": null,
                "Maximum charging power": "150 kW",
                "Deployment year": null,
                "Details about deployment date": null,
                "Vehicle accessibility": null,
                "Description": "Diamond Echo charged there on Mau 20th"
            }
        },
        {
            "type": "Feature",
            "geometry": {
                "type": "Point",
                "coordinates": [
                    2.7705987,
                    41.8987441
                ]
            },
            "properties": {
                "name": "IONITY - Girona",
                "Country": "Spain",
                "Type": "viable for trucks",
                "CPO": "Ionity",
                "Total power": null,
                "Number of plugs": null,
                "Maximum charging power": "350 kW",
                "Deployment year": null,
                "Details about deployment date": null,
                "Vehicle accessibility": null,
                "Description": "Diamond Echo charged there on May 21 st"
            }
        },
        {
            "type": "Feature",
            "geometry": {
                "type": "Point",
                "coordinates": [
                    4.9436486,
                    52.8993136
                ]
            },
            "properties": {
                "name": "Total Hippolytushoef",
                "Country": "The Netherlands",
                "Type": "viable for trucks",
                "CPO": "Total Energies",
                "Total power": "600 kW",
                "Number of plugs": "2",
                "Maximum charging power": "300 kW",
                "Deployment year": "2023",
                "Details about deployment date": null,
                "Vehicle accessibility": "Forward entry/exit Truck with trailer",
                "Description": null
            }
        },
        {
            "type": "Feature",
            "geometry": {
                "type": "Point",
                "coordinates": [
                    4.2842978,
                    51.2663025
                ]
            },
            "properties": {
                "name": "Milence - Truck Parking antwerp",
                "Country": "Belgium",
                "Type": "built for trucks",
                "CPO": "Milence",
                "Total power": "6800 kW",
                "Number of plugs": "30",
                "Maximum charging power": "400 kW",
                "Deployment year": "2024",
                "Details about deployment date": "May 2024",
                "Vehicle accessibility": null,
                "Description": null
            }
        },
        {
            "type": "Feature",
            "geometry": {
                "type": "Point",
                "coordinates": [
                    5.1045836,
                    51.5650479
                ]
            },
            "properties": {
                "name": "DAEN Mobility Charging Station",
                "Country": "The Netherlands",
                "Type": "viable for trucks",
                "CPO": null,
                "Total power": "280 kW",
                "Number of plugs": "2",
                "Maximum charging power": "138 kW",
                "Deployment year": null,
                "Details about deployment date": null,
                "Vehicle accessibility": "Left Forward entry/exit Truck only. Right Forward entry/exit Truck only",
                "Description": "Additional information: Please be aware that the charging stations are only accessible on Mon-Fri from 08:00 - 11:30 and 13:00 - 15:30. To book time slot contact Rogier Nota: 013-2070171"
            }
        },
        {
            "type": "Feature",
            "geometry": {
                "type": "Point",
                "coordinates": [
                    5.9833594,
                    51.3798178
                ]
            },
            "properties": {
                "name": "TotalEnergies Charging Station",
                "Country": "The Netherlands",
                "Type": "viable for trucks",
                "CPO": "Total Energies",
                "Total power": "600 kW",
                "Number of plugs": "2",
                "Maximum charging power": "300 kW",
                "Deployment year": "2023",
                "Details about deployment date": null,
                "Vehicle accessibility": "Left Forward entry/exit Truck with trailer. Right Forward entry/exit Truck with trailer",
                "Description": null
            }
        },
        {
            "type": "Feature",
            "geometry": {
                "type": "Point",
                "coordinates": [
                    4.4336426,
                    51.8753614
                ]
            },
            "properties": {
                "name": "E-Flux Charging Station",
                "Country": "The Netherlands",
                "Type": "viable for trucks",
                "CPO": null,
                "Total power": "540 kW",
                "Number of plugs": "8 - 6x180 & 2 x 360 kW",
                "Maximum charging power": "360 kW",
                "Deployment year": null,
                "Details about deployment date": null,
                "Vehicle accessibility": null,
                "Description": "Left & right Forward entry/Backwards exit Truck with trailer. Left & right Forward entry/Backwards exit Truck with trailer"
            }
        },
        {
            "type": "Feature",
            "geometry": {
                "type": "Point",
                "coordinates": [
                    2.6335246,
                    48.6103844
                ]
            },
            "properties": {
                "name": "ENGIE Vianeo Réau",
                "Country": "France",
                "Type": "built for trucks",
                "CPO": "Engie",
                "Total power": "480 kW",
                "Number of plugs": "2",
                "Maximum charging power": "480kW",
                "Deployment year": "2024",
                "Details about deployment date": null,
                "Vehicle accessibility": null,
                "Description": "Truck parking, shops, restaurants, showers, washing machine, tire inflation termin, Wi-Fi"
            }
        },
        {
            "type": "Feature",
            "geometry": {
                "type": "Point",
                "coordinates": [
                    2.6477949,
                    48.991042
                ]
            },
            "properties": {
                "name": "ENERJUMP COMPANS",
                "Country": "France",
                "Type": "built for trucks",
                "CPO": "ENERJUMP",
                "Total power": "700kW",
                "Number of plugs": "4",
                "Maximum charging power": "400 kW",
                "Deployment year": "2024",
                "Details about deployment date": null,
                "Vehicle accessibility": "Trucks + trailer",
                "Description": null
            }
        },
        {
            "type": "Feature",
            "geometry": {
                "type": "Point",
                "coordinates": [
                    4.995375,
                    43.807464
                ]
            },
            "properties": {
                "name": "Proviridis Plan-d'Orgon",
                "Country": "France",
                "Type": "built for trucks",
                "CPO": "ZEN",
                "Total power": "300 kW",
                "Number of plugs": "2",
                "Maximum charging power": "300 kW",
                "Deployment year": "2024",
                "Details about deployment date": "?",
                "Vehicle accessibility": null,
                "Description": null
            }
        },
        {
            "type": "Feature",
            "geometry": {
                "type": "Point",
                "coordinates": [
                    7.3374602,
                    50.6467807
                ]
            },
            "properties": {
                "name": "Aral pulse / BP Bad Honnef",
                "Country": "Germany",
                "Type": "built for trucks",
                "CPO": "Aral pulse / BP",
                "Total power": "600 kW ",
                "Number of plugs": "4",
                "Maximum charging power": "300 kW",
                "Deployment year": "2024",
                "Details about deployment date": "already ?",
                "Vehicle accessibility": "suitable for HGVs",
                "Description": "2 x 300 kW chargers with 2 plugs each"
            }
        },
        {
            "type": "Feature",
            "geometry": {
                "type": "Point",
                "coordinates": [
                    8.359741,
                    49.6542701
                ]
            },
            "properties": {
                "name": "Aral pulse / BP Worms",
                "Country": "Germany",
                "Type": "built for trucks",
                "CPO": "Aral pulse / BP",
                "Total power": "600 kW ",
                "Number of plugs": "4",
                "Maximum charging power": "300 kW",
                "Deployment year": "2024",
                "Details about deployment date": "Q1 2024",
                "Vehicle accessibility": "suitable for HGVs",
                "Description": "2 x 300 kW chargers with 2 plugs each"
            }
        },
        {
            "type": "Feature",
            "geometry": {
                "type": "Point",
                "coordinates": [
                    10.2514286,
                    49.4450141
                ]
            },
            "properties": {
                "name": "Aral pulse / BP Steinsfeld",
                "Country": "Germany",
                "Type": "built for trucks",
                "CPO": "Aral pulse / BP",
                "Total power": "600 kW ",
                "Number of plugs": "4",
                "Maximum charging power": "300 kW",
                "Deployment year": "2024",
                "Details about deployment date": "Q1 2024",
                "Vehicle accessibility": "suitable for HGVs (Max 18.75 / 40 t)",
                "Description": "2 x 300 kW chargers with 2 plugs each"
            }
        },
        {
            "type": "Feature",
            "geometry": {
                "type": "Point",
                "coordinates": [
                    10.5013913,
                    49.2587661
                ]
            },
            "properties": {
                "name": "Aral pulse / BP Herrieden",
                "Country": "Germany",
                "Type": "built for trucks",
                "CPO": "Aral pulse / BP",
                "Total power": "600 kW ",
                "Number of plugs": "4",
                "Maximum charging power": "300 kW",
                "Deployment year": "2024",
                "Details about deployment date": "Q1 2024",
                "Vehicle accessibility": "suitable for HGVs (Max 18.75 / 40 t)",
                "Description": "2 x 300 kW chargers with 2 plugs each"
            }
        },
        {
            "type": "Feature",
            "geometry": {
                "type": "Point",
                "coordinates": [
                    8.699157,
                    48.45546
                ]
            },
            "properties": {
                "name": "Aral pulse / BP Horb am Neckar",
                "Country": "Germany",
                "Type": "built for trucks",
                "CPO": "Aral pulse / BP",
                "Total power": "600 kW ",
                "Number of plugs": "4",
                "Maximum charging power": "300 kW",
                "Deployment year": "2024",
                "Details about deployment date": "already",
                "Vehicle accessibility": "suitable for HGVs",
                "Description": "2 x 300 kW chargers with 2 plugs each"
            }
        },
        {
            "type": "Feature",
            "geometry": {
                "type": "Point",
                "coordinates": [
                    11.6071676,
                    48.2504437
                ]
            },
            "properties": {
                "name": "Aral pulse / BP Garching bei München",
                "Country": "Germany",
                "Type": "built for trucks",
                "CPO": "Aral pulse / BP",
                "Total power": "600 kW ",
                "Number of plugs": "4",
                "Maximum charging power": "300 kW",
                "Deployment year": "2024",
                "Details about deployment date": "already ?",
                "Vehicle accessibility": "suitable for HGVs",
                "Description": "2 x 300 kW chargers with 2 plugs each"
            }
        },
        {
            "type": "Feature",
            "geometry": {
                "type": "Point",
                "coordinates": [
                    12.0005454,
                    48.4830718
                ]
            },
            "properties": {
                "name": "Aral pulse / BP Wang",
                "Country": "Germany",
                "Type": "built for trucks",
                "CPO": "Aral pulse / BP",
                "Total power": "600 kW ",
                "Number of plugs": "4",
                "Maximum charging power": "300 kW",
                "Deployment year": "2024",
                "Details about deployment date": "Q1 2024",
                "Vehicle accessibility": "suitable for HGVs",
                "Description": "2 x 300 kW chargers with 2 plugs each"
            }
        },
        {
            "type": "Feature",
            "geometry": {
                "type": "Point",
                "coordinates": [
                    10.133277,
                    52.009952
                ]
            },
            "properties": {
                "name": "Aral pulse / BP Bockenem",
                "Country": "Germany",
                "Type": "built for trucks",
                "CPO": "Aral pulse / BP",
                "Total power": "600 kW ",
                "Number of plugs": "4",
                "Maximum charging power": "300 kW",
                "Deployment year": "2024",
                "Details about deployment date": "Q1 2024",
                "Vehicle accessibility": "suitable for HGVs",
                "Description": "2 x 300 kW chargers with 2 plugs each"
            }
        },
        {
            "type": "Feature",
            "geometry": {
                "type": "Point",
                "coordinates": [
                    8.106872,
                    53.53234
                ]
            },
            "properties": {
                "name": "Aral pulse / BP Wilhelmshaven",
                "Country": "Germany",
                "Type": "built for trucks",
                "CPO": "Aral pulse / BP",
                "Total power": "600 kW ",
                "Number of plugs": "4",
                "Maximum charging power": "300 kW",
                "Deployment year": "2024",
                "Details about deployment date": "Q1 2024",
                "Vehicle accessibility": "suitable for HGVs",
                "Description": "2 x 300 kW chargers with 2 plugs each"
            }
        },
        {
            "type": "Feature",
            "geometry": {
                "type": "Point",
                "coordinates": [
                    13.261627,
                    52.301144
                ]
            },
            "properties": {
                "name": "Ludwigsfelde",
                "Country": "Germany",
                "Type": "built for trucks",
                "CPO": null,
                "Total power": null,
                "Number of plugs": null,
                "Maximum charging power": "400 kW",
                "Deployment year": "2024",
                "Details about deployment date": "Q1 2024 - to be announced",
                "Vehicle accessibility": null,
                "Description": "400 kW - 20 meter long parking space"
            }
        },
        {
            "type": "Feature",
            "geometry": {
                "type": "Point",
                "coordinates": [
                    4.882819,
                    52.076499
                ]
            },
            "properties": {
                "name": "ABB - Van Dijk Trucks Woerden",
                "Country": "The Netherlands",
                "Type": "built for trucks",
                "CPO": null,
                "Total power": "360 kW",
                "Number of plugs": "2",
                "Maximum charging power": "360 kW",
                "Deployment year": "2024",
                "Details about deployment date": "already ?",
                "Vehicle accessibility": null,
                "Description": "Only during opening hours - Volvo Trucks and Renault Trucks dealer"
            }
        },
        {
            "type": "Feature",
            "geometry": {
                "type": "Point",
                "coordinates": [
                    20.767181,
                    52.073377
                ]
            },
            "properties": {
                "name": "EKOEN / Scania Nadarzyn",
                "Country": "Poland",
                "Type": "built for trucks",
                "CPO": "EKOEN",
                "Total power": "1400 kW",
                "Number of plugs": "4",
                "Maximum charging power": "350 kW",
                "Deployment year": "2024",
                "Details about deployment date": "December 2023 ",
                "Vehicle accessibility": "dedicated to trucks",
                "Description": null
            }
        },
        {
            "type": "Feature",
            "geometry": {
                "type": "Point",
                "coordinates": [
                    10.8301498,
                    59.9263606
                ]
            },
            "properties": {
                "name": "FastCharge Oslo",
                "Country": "Norway",
                "Type": "built for trucks",
                "CPO": "Fastcharge",
                "Total power": null,
                "Number of plugs": "10",
                "Maximum charging power": "350 kW",
                "Deployment year": "2024",
                "Details about deployment date": null,
                "Vehicle accessibility": "dedicated to HGVs",
                "Description": "350 kW per charger"
            }
        },
        {
            "type": "Feature",
            "geometry": {
                "type": "Point",
                "coordinates": [
                    4.475916,
                    50.938647
                ]
            },
            "properties": {
                "name": "Fastned Peutie West (Vilvoorde)",
                "Country": "Belgium",
                "Type": "built for trucks",
                "CPO": "Fastned",
                "Total power": null,
                "Number of plugs": "9",
                "Maximum charging power": "400 kW",
                "Deployment year": "2024",
                "Details about deployment date": "end 2024",
                "Vehicle accessibility": "dedicated to trucks",
                "Description": "Accessible in 1 direction only"
            }
        },
        {
            "type": "Feature",
            "geometry": {
                "type": "Point",
                "coordinates": [
                    4.475424,
                    50.935873
                ]
            },
            "properties": {
                "name": "Fastned Peutie East (Vilvoorde)",
                "Country": "Belgium",
                "Type": "built for trucks",
                "CPO": "Fastned",
                "Total power": null,
                "Number of plugs": "9",
                "Maximum charging power": "400 kW",
                "Deployment year": "2024",
                "Details about deployment date": "end 2024",
                "Vehicle accessibility": "dedicated to trucks",
                "Description": "Accessible in 1 direction only"
            }
        },
        {
            "type": "Feature",
            "geometry": {
                "type": "Point",
                "coordinates": [
                    4.803644,
                    43.627456
                ]
            },
            "properties": {
                "name": "Proviridis Saint-Martin-de-Crau",
                "Country": "France",
                "Type": "built for trucks",
                "CPO": "ZEN",
                "Total power": "300 kW",
                "Number of plugs": "2",
                "Maximum charging power": "300 kW",
                "Deployment year": "2024",
                "Details about deployment date": "?",
                "Vehicle accessibility": null,
                "Description": "300kW / 2PDC CCS"
            }
        },
        {
            "type": "Feature",
            "geometry": {
                "type": "Point",
                "coordinates": [
                    2.5736532,
                    48.3625256
                ]
            },
            "properties": {
                "name": "APRR - Engie Acheres Est",
                "Country": "France",
                "Type": "built for trucks",
                "CPO": "Engie",
                "Total power": "400 kW",
                "Number of plugs": "2",
                "Maximum charging power": "200 kW",
                "Deployment year": "2024",
                "Details about deployment date": null,
                "Vehicle accessibility": "Right side of the truck charge",
                "Description": "Lyon to Paris direction / Truck parking, shops, restaurants, showers, tire inflation termin, Wi-Fi, cash machine"
            }
        },
        {
            "type": "Feature",
            "geometry": {
                "type": "Point",
                "coordinates": [
                    3.672106,
                    47.790266
                ]
            },
            "properties": {
                "name": "APRR - Engie Venoy",
                "Country": "France",
                "Type": "built for trucks",
                "CPO": "Engie",
                "Total power": "580 kW",
                "Number of plugs": "2",
                "Maximum charging power": "480 kW",
                "Deployment year": "2024",
                "Details about deployment date": "October 2024",
                "Vehicle accessibility": null,
                "Description": "Lyon to Paris direction"
            }
        },
        {
            "type": "Feature",
            "geometry": {
                "type": "Point",
                "coordinates": [
                    4.712283,
                    47.105443
                ]
            },
            "properties": {
                "name": "APRR - Engie La Foret",
                "Country": "France",
                "Type": "built for trucks",
                "CPO": "Engie",
                "Total power": "580 kW",
                "Number of plugs": "2",
                "Maximum charging power": "480 kW",
                "Deployment year": "2024",
                "Details about deployment date": "October 2024",
                "Vehicle accessibility": null,
                "Description": "Paris to Lyon direction"
            }
        },
        {
            "type": "Feature",
            "geometry": {
                "type": "Point",
                "coordinates": [
                    4.837457,
                    46.960915
                ]
            },
            "properties": {
                "name": "APRR - Engie Beaune Merceuil",
                "Country": "France",
                "Type": "built for trucks",
                "CPO": "Engie",
                "Total power": "580",
                "Number of plugs": "2",
                "Maximum charging power": "480 kW",
                "Deployment year": "2024",
                "Details about deployment date": "October 2024",
                "Vehicle accessibility": null,
                "Description": "Lyon to Paris direction"
            }
        },
        {
            "type": "Feature",
            "geometry": {
                "type": "Point",
                "coordinates": [
                    4.769202,
                    45.809384
                ]
            },
            "properties": {
                "name": "Total Aire Dardilly",
                "Country": "France",
                "Type": "viable for trucks",
                "CPO": "TOTAL ENERGIES",
                "Total power": "400",
                "Number of plugs": "2",
                "Maximum charging power": "400",
                "Deployment year": "2024",
                "Details about deployment date": null,
                "Vehicle accessibility": null,
                "Description": "Tractor solo or MD"
            }
        },
        {
            "type": "Feature",
            "geometry": {
                "type": "Point",
                "coordinates": [
                    5.006766,
                    43.602232
                ]
            },
            "properties": {
                "name": "Proviridis Miramas",
                "Country": "France",
                "Type": "built for trucks",
                "CPO": "ZEN",
                "Total power": null,
                "Number of plugs": "2",
                "Maximum charging power": "300 kW",
                "Deployment year": "2024",
                "Details about deployment date": "Q1 2024",
                "Vehicle accessibility": null,
                "Description": "300kW 2pdc CCS"
            }
        },
        {
            "type": "Feature",
            "geometry": {
                "type": "Point",
                "coordinates": [
                    4.710774,
                    44.367137
                ]
            },
            "properties": {
                "name": "OREVE - PIERRELATTE",
                "Country": "France",
                "Type": "built for trucks",
                "CPO": "OREVE",
                "Total power": "1440",
                "Number of plugs": "4",
                "Maximum charging power": "360",
                "Deployment year": "2025",
                "Details about deployment date": "28/02/2025",
                "Vehicle accessibility": "cars / vans / trucks",
                "Description": null
            }
        },
        {
            "type": "Feature",
            "geometry": {
                "type": "Point",
                "coordinates": [
                    2.279313,
                    49.942076
                ]
            },
            "properties": {
                "name": "OREVE - Amiens",
                "Country": "France",
                "Type": "built for trucks",
                "CPO": "OREVE",
                "Total power": "1600",
                "Number of plugs": "4",
                "Maximum charging power": "400",
                "Deployment year": "2025",
                "Details about deployment date": "30/04/2025",
                "Vehicle accessibility": "cars / vans / trucks",
                "Description": null
            }
        },
        {
            "type": "Feature",
            "geometry": {
                "type": "Point",
                "coordinates": [
                    4.7502508,
                    52.4066218
                ]
            },
            "properties": {
                "name": "Holthausen Beiraweg",
                "Country": "The Netherlands",
                "Type": "built for trucks",
                "CPO": null,
                "Total power": "3 x 320 kW",
                "Number of plugs": "3",
                "Maximum charging power": "320 kW",
                "Deployment year": "2024",
                "Details about deployment date": null,
                "Vehicle accessibility": "Forward entry/Backwards exit Truck with trailer",
                "Description": "Beiraweg 3"
            }
        },
        {
            "type": "Feature",
            "geometry": {
                "type": "Point",
                "coordinates": [
                    2.8604349,
                    42.6819802
                ]
            },
            "properties": {
                "name": "MILENCE - PERPIGNAN",
                "Country": "France",
                "Type": "built for trucks",
                "CPO": "Milence",
                "Total power": "6x400kW",
                "Number of plugs": "6",
                "Maximum charging power": "400 kW",
                "Deployment year": null,
                "Details about deployment date": null,
                "Vehicle accessibility": null,
                "Description": "https://milence.com/location/perpignan/"
            }
        },
        {
            "type": "Feature",
            "geometry": {
                "type": "Point",
                "coordinates": [
                    7.6555211,
                    48.5425423
                ]
            },
            "properties": {
                "name": "ENERJUMP - Entzheim",
                "Country": "France",
                "Type": "built for trucks",
                "CPO": "ENERJUMP",
                "Total power": null,
                "Number of plugs": "2",
                "Maximum charging power": null,
                "Deployment year": null,
                "Details about deployment date": null,
                "Vehicle accessibility": null,
                "Description": null
            }
        },
        {
            "type": "Feature",
            "geometry": {
                "type": "Point",
                "coordinates": [
                    1.4678743,
                    45.1532355
                ]
            },
            "properties": {
                "name": "ENERJUMP -Brive-Saint-Pantaléon-de-Larche",
                "Country": "France",
                "Type": "built for trucks",
                "CPO": "ENERJUMP",
                "Total power": null,
                "Number of plugs": "4",
                "Maximum charging power": "360kW",
                "Deployment year": "2024",
                "Details about deployment date": null,
                "Vehicle accessibility": null,
                "Description": null
            }
        },
        {
            "type": "Feature",
            "geometry": {
                "type": "Point",
                "coordinates": [
                    12.3359557,
                    51.846933
                ]
            },
            "properties": {
                "name": "Milence - Vockerode",
                "Country": "Germany",
                "Type": "built for trucks",
                "CPO": "Milence",
                "Total power": "1600 kW",
                "Number of plugs": "4",
                "Maximum charging power": "400 kW",
                "Deployment year": "2024",
                "Details about deployment date": "december",
                "Vehicle accessibility": null,
                "Description": "Vockerode/06785 Oranienbaum-Wörlitz"
            }
        },
        {
            "type": "Feature",
            "geometry": {
                "type": "Point",
                "coordinates": [
                    9.415821,
                    49.322986
                ]
            },
            "properties": {
                "name": "EnBW - Jagstall Ost",
                "Country": "Germany",
                "Type": "viable for trucks",
                "CPO": "EnBW",
                "Total power": null,
                "Number of plugs": null,
                "Maximum charging power": null,
                "Deployment year": "2024",
                "Details about deployment date": null,
                "Vehicle accessibility": null,
                "Description": null
            }
        },
        {
            "type": "Feature",
            "geometry": {
                "type": "Point",
                "coordinates": [
                    5.3242375,
                    51.8695769
                ]
            },
            "properties": {
                "name": "Watthub Geldermalsen",
                "Country": "The Netherlands",
                "Type": "built for trucks",
                "CPO": null,
                "Total power": "14400 kW",
                "Number of plugs": "36",
                "Maximum charging power": "400 kW",
                "Deployment year": "2023",
                "Details about deployment date": null,
                "Vehicle accessibility": "9 x Forward entry/exit Truck with trailer + 27 x Forward entry/exit Truck only. DC Right",
                "Description": "9 charging stations are suited for drive-through spots for truck + trailer"
            }
        },
        {
            "type": "Feature",
            "geometry": {
                "type": "Point",
                "coordinates": [
                    1.2198549,
                    49.211358
                ]
            },
            "properties": {
                "name": "TotalEnergies - Vironvay",
                "Country": "France",
                "Type": "viable for trucks",
                "CPO": "Total Energies",
                "Total power": null,
                "Number of plugs": null,
                "Maximum charging power": "150 kW",
                "Deployment year": null,
                "Details about deployment date": null,
                "Vehicle accessibility": null,
                "Description": "Echo Diamond charged there 2024-04-12"
            }
        },
        {
            "type": "Feature",
            "geometry": {
                "type": "Point",
                "coordinates": [
                    1.2250056,
                    49.1946503
                ]
            },
            "properties": {
                "name": "Milence - Heudebouville",
                "Country": "France",
                "Type": "built for trucks",
                "CPO": "Milence",
                "Total power": "1600",
                "Number of plugs": "4",
                "Maximum charging power": "400 kW",
                "Deployment year": "2024",
                "Details about deployment date": "open on 11th March",
                "Vehicle accessibility": null,
                "Description": "4 CCS chargers, providing up to 400 kW of charging power each"
            }
        },
        {
            "type": "Feature",
            "geometry": {
                "type": "Point",
                "coordinates": [
                    4.7621622,
                    44.4691532
                ]
            },
            "properties": {
                "name": "Milence Charging Hub MATALAVERNE",
                "Country": "France",
                "Type": "built for trucks",
                "CPO": "Milence",
                "Total power": null,
                "Number of plugs": "8",
                "Maximum charging power": "400 kW",
                "Deployment year": "2025",
                "Details about deployment date": "Contact us for more details about estimated opening date",
                "Vehicle accessibility": null,
                "Description": null
            }
        },
        {
            "type": "Feature",
            "geometry": {
                "type": "Point",
                "coordinates": [
                    6.0308741,
                    48.6919074
                ]
            },
            "properties": {
                "name": "Milence - Nancy Gondreville",
                "Country": "France",
                "Type": "built for trucks",
                "CPO": "Milence",
                "Total power": null,
                "Number of plugs": "4",
                "Maximum charging power": "400 kW",
                "Deployment year": "2025",
                "Details about deployment date": null,
                "Vehicle accessibility": null,
                "Description": "https://milence.com/location/gondreville/"
            }
        },
        {
            "type": "Feature",
            "geometry": {
                "type": "Point",
                "coordinates": [
                    2.3055283,
                    50.9976717
                ]
            },
            "properties": {
                "name": "Milence Charging Hub Dunkirk",
                "Country": "France",
                "Type": "built for trucks",
                "CPO": "Milence",
                "Total power": null,
                "Number of plugs": "4",
                "Maximum charging power": "400 kW",
                "Deployment year": "2025",
                "Details about deployment date": null,
                "Vehicle accessibility": null,
                "Description": "https://milence.com/location/dunkirk-grande-synthe/"
            }
        },
        {
            "type": "Feature",
            "geometry": {
                "type": "Point",
                "coordinates": [
                    6.1793638,
                    52.5291286
                ]
            },
            "properties": {
                "name": "Milence Charging Hub Zwolle",
                "Country": "The Netherlands",
                "Type": "built for trucks - MCS",
                "CPO": "Milence",
                "Total power": "3 MW",
                "Number of plugs": "8",
                "Maximum charging power": "400 kW - 1400 kW",
                "Deployment year": "2025",
                "Details about deployment date": null,
                "Vehicle accessibility": null,
                "Description": null
            }
        },
        {
            "type": "Feature",
            "geometry": {
                "type": "Point",
                "coordinates": [
                    -0.2376815,
                    53.6441933
                ]
            },
            "properties": {
                "name": "Milence Charging Hub Immingham",
                "Country": "UK",
                "Type": "built for trucks",
                "CPO": "Milence",
                "Total power": "1600",
                "Number of plugs": "4",
                "Maximum charging power": "400 kW",
                "Deployment year": "2025",
                "Details about deployment date": "January",
                "Vehicle accessibility": null,
                "Description": null
            }
        },
        {
            "type": "Feature",
            "geometry": {
                "type": "Point",
                "coordinates": [
                    10.8544413,
                    45.0849677
                ]
            },
            "properties": {
                "name": "Milence Charging Hub Bagnolo San Vito",
                "Country": "Italy",
                "Type": "built for trucks",
                "CPO": "Milence",
                "Total power": "1600",
                "Number of plugs": "4",
                "Maximum charging power": "400 kW",
                "Deployment year": "2024",
                "Details about deployment date": null,
                "Vehicle accessibility": null,
                "Description": null
            }
        },
        {
            "type": "Feature",
            "geometry": {
                "type": "Point",
                "coordinates": [
                    12.9149328,
                    56.126904
                ]
            },
            "properties": {
                "name": "Milence Charging Hub Astorp",
                "Country": "Sweden",
                "Type": "built for trucks",
                "CPO": "Milence",
                "Total power": "800",
                "Number of plugs": "2",
                "Maximum charging power": "400 kW",
                "Deployment year": null,
                "Details about deployment date": null,
                "Vehicle accessibility": null,
                "Description": null
            }
        },
        {
            "type": "Feature",
            "geometry": {
                "type": "Point",
                "coordinates": [
                    14.648444,
                    58.2290365
                ]
            },
            "properties": {
                "name": "Milence Charging Hub Ödeshög",
                "Country": "Sweden",
                "Type": "built for trucks",
                "CPO": "Milence",
                "Total power": "1600",
                "Number of plugs": "4",
                "Maximum charging power": "400 kW",
                "Deployment year": "2024",
                "Details about deployment date": "Q3",
                "Vehicle accessibility": null,
                "Description": null
            }
        },
        {
            "type": "Feature",
            "geometry": {
                "type": "Point",
                "coordinates": [
                    5.8046459,
                    43.7978128
                ]
            },
            "properties": {
                "name": "PROVIRIDIS MANOSQUE",
                "Country": "France",
                "Type": "built for trucks",
                "CPO": "Proviridis",
                "Total power": "800",
                "Number of plugs": "2",
                "Maximum charging power": "400 kW",
                "Deployment year": "2024",
                "Details about deployment date": null,
                "Vehicle accessibility": null,
                "Description": null
            }
        },
        {
            "type": "Feature",
            "geometry": {
                "type": "Point",
                "coordinates": [
                    6.6982057,
                    43.4486108
                ]
            },
            "properties": {
                "name": "EVzen Charging Station puget sur Argens",
                "Country": "France",
                "Type": "viable for trucks",
                "CPO": null,
                "Total power": null,
                "Number of plugs": null,
                "Maximum charging power": null,
                "Deployment year": null,
                "Details about deployment date": null,
                "Vehicle accessibility": null,
                "Description": null
            }
        },
        {
            "type": "Feature",
            "geometry": {
                "type": "Point",
                "coordinates": [
                    14.275279,
                    53.902461
                ]
            },
            "properties": {
                "name": "GreenWay Stacja ładowania",
                "Country": "Poland",
                "Type": "built for trucks",
                "CPO": "Greenway",
                "Total power": "1600",
                "Number of plugs": "4",
                "Maximum charging power": "400",
                "Deployment year": "2025",
                "Details about deployment date": null,
                "Vehicle accessibility": "Dedicated for trucks",
                "Description": null
            }
        },
        {
            "type": "Feature",
            "geometry": {
                "type": "Point",
                "coordinates": [
                    17.347638,
                    50.783833
                ]
            },
            "properties": {
                "name": "GreenWay Stacja ładowania",
                "Country": "Poland",
                "Type": "built for trucks",
                "CPO": "Greenway",
                "Total power": "800",
                "Number of plugs": "2",
                "Maximum charging power": "400",
                "Deployment year": "2025",
                "Details about deployment date": null,
                "Vehicle accessibility": "Dedicated for trucks",
                "Description": null
            }
        },
        {
            "type": "Feature",
            "geometry": {
                "type": "Point",
                "coordinates": [
                    -0.9264063,
                    53.255385
                ]
            },
            "properties": {
                "name": "Shell - Nottinghamshire",
                "Country": "UK",
                "Type": "built for trucks",
                "CPO": "Shell",
                "Total power": null,
                "Number of plugs": "2",
                "Maximum charging power": "400 kW",
                "Deployment year": "2024",
                "Details about deployment date": null,
                "Vehicle accessibility": null,
                "Description": null
            }
        },
        {
            "type": "Feature",
            "geometry": {
                "type": "Point",
                "coordinates": [
                    15.7811067,
                    52.3138738
                ]
            },
            "properties": {
                "name": "Polenergia Stacja ładowania MOP Chociszewo",
                "Country": "Poland",
                "Type": "built for trucks",
                "CPO": "Polenergia",
                "Total power": "400",
                "Number of plugs": "1",
                "Maximum charging power": "400",
                "Deployment year": "2024",
                "Details about deployment date": "Open",
                "Vehicle accessibility": "Dedicated for trucks",
                "Description": null
            }
        },
        {
            "type": "Feature",
            "geometry": {
                "type": "Point",
                "coordinates": [
                    15.7828054,
                    52.3121927
                ]
            },
            "properties": {
                "name": "Polenergia Stacja ładowania MOP Rogoziniec",
                "Country": "Poland",
                "Type": "built for trucks",
                "CPO": "Polenergia",
                "Total power": "400",
                "Number of plugs": "1",
                "Maximum charging power": "400",
                "Deployment year": "2025",
                "Details about deployment date": "Planned",
                "Vehicle accessibility": "Dedicated for trucks",
                "Description": null
            }
        },
        {
            "type": "Feature",
            "geometry": {
                "type": "Point",
                "coordinates": [
                    4.2029379,
                    43.6931882
                ]
            },
            "properties": {
                "name": "PowerDot Charging Station",
                "Country": "France",
                "Type": "viable for trucks",
                "CPO": "PowerDOT",
                "Total power": "320",
                "Number of plugs": "4",
                "Maximum charging power": "80",
                "Deployment year": "2024",
                "Details about deployment date": null,
                "Vehicle accessibility": "rigids only",
                "Description": "shopping center public charging station"
            }
        },
        {
            "type": "Feature",
            "geometry": {
                "type": "Point",
                "coordinates": [
                    6.4238653,
                    45.2459575
                ]
            },
            "properties": {
                "name": "Fastned Station de recharge",
                "Country": "France",
                "Type": "viable for trucks",
                "CPO": "Fastned",
                "Total power": "1200",
                "Number of plugs": "4",
                "Maximum charging power": "300",
                "Deployment year": "2024",
                "Details about deployment date": null,
                "Vehicle accessibility": "rigids",
                "Description": null
            }
        },
        {
            "type": "Feature",
            "geometry": {
                "type": "Point",
                "coordinates": [
                    8.7002007,
                    47.4493948
                ]
            },
            "properties": {
                "name": "IONITY - 8310 Lindau",
                "Country": "Switzerland",
                "Type": "viable for trucks",
                "CPO": "Ionity",
                "Total power": null,
                "Number of plugs": "6",
                "Maximum charging power": "350 kW",
                "Deployment year": null,
                "Details about deployment date": null,
                "Vehicle accessibility": null,
                "Description": null
            }
        },
        {
            "type": "Feature",
            "geometry": {
                "type": "Point",
                "coordinates": [
                    15.383043,
                    48.194607
                ]
            },
            "properties": {
                "name": "EVN Charging Station",
                "Country": "Austria",
                "Type": "built for trucks",
                "CPO": "EVN",
                "Total power": "3 x 350 kW + 8 x 150 kW",
                "Number of plugs": "3",
                "Maximum charging power": "350 kW",
                "Deployment year": "2024",
                "Details about deployment date": null,
                "Vehicle accessibility": "Truck with trailer",
                "Description": "3 plugs for Trucks & 8 shared"
            }
        },
        {
            "type": "Feature",
            "geometry": {
                "type": "Point",
                "coordinates": [
                    13.68796,
                    48.184373
                ]
            },
            "properties": {
                "name": "EVN - Weibern",
                "Country": "Austria",
                "Type": "built for trucks",
                "CPO": "EVN",
                "Total power": "2 x 350 kW + 8 x 150 kW",
                "Number of plugs": "10",
                "Maximum charging power": "350 kW",
                "Deployment year": "2024",
                "Details about deployment date": null,
                "Vehicle accessibility": "Truck with trailer",
                "Description": null
            }
        },
        {
            "type": "Feature",
            "geometry": {
                "type": "Point",
                "coordinates": [
                    -0.949123,
                    41.6193035
                ]
            },
            "properties": {
                "name": "Milence Zaragoza ",
                "Country": "Spain",
                "Type": "built for trucks",
                "CPO": "Milence",
                "Total power": null,
                "Number of plugs": "4",
                "Maximum charging power": "400 kW",
                "Deployment year": null,
                "Details about deployment date": "Contact us for more details about estimated opening date",
                "Vehicle accessibility": null,
                "Description": "https://milence.com/location/zaragoza/"
            }
        },
        {
            "type": "Feature",
            "geometry": {
                "type": "Point",
                "coordinates": [
                    -0.631505,
                    51.9561815
                ]
            },
            "properties": {
                "name": "Fuuse Charging Station - AW Energy",
                "Country": "UK",
                "Type": "built for trucks",
                "CPO": "Fuuse",
                "Total power": "2880",
                "Number of plugs": "18",
                "Maximum charging power": "150",
                "Deployment year": "2024",
                "Details about deployment date": null,
                "Vehicle accessibility": "Good access for HGV - 7 dedicated bays / Cheap kWh cost as site powered by 4.1MW wind turbine",
                "Description": "18*150kW Kempower Chargers"
            }
        },
        {
            "type": "Feature",
            "geometry": {
                "type": "Point",
                "coordinates": [
                    9.7391813,
                    45.0435211
                ]
            },
            "properties": {
                "name": "Milence - Piacenza",
                "Country": "Italy",
                "Type": "built for trucks",
                "CPO": "Milence",
                "Total power": null,
                "Number of plugs": "4",
                "Maximum charging power": "400 kW",
                "Deployment year": "2025",
                "Details about deployment date": null,
                "Vehicle accessibility": null,
                "Description": null
            }
        },
        {
            "type": "Feature",
            "geometry": {
                "type": "Point",
                "coordinates": [
                    4.0873007,
                    49.2399288
                ]
            },
            "properties": {
                "name": "Milence - Reims",
                "Country": "France",
                "Type": "built for trucks",
                "CPO": "Milence",
                "Total power": "1600 kW",
                "Number of plugs": "4",
                "Maximum charging power": "400 kW",
                "Deployment year": "2025",
                "Details about deployment date": null,
                "Vehicle accessibility": null,
                "Description": "https://milence.com/location/reims/"
            }
        },
        {
            "type": "Feature",
            "geometry": {
                "type": "Point",
                "coordinates": [
                    2.5476335,
                    49.0898306
                ]
            },
            "properties": {
                "name": "Milence - Saint-Witz",
                "Country": "France",
                "Type": "built for trucks",
                "CPO": "Milence",
                "Total power": null,
                "Number of plugs": "4",
                "Maximum charging power": "400 kW",
                "Deployment year": "2025",
                "Details about deployment date": "Contact us for more details about estimated opening date",
                "Vehicle accessibility": null,
                "Description": null
            }
        },
        {
            "type": "Feature",
            "geometry": {
                "type": "Point",
                "coordinates": [
                    13.853624,
                    48.0048141
                ]
            },
            "properties": {
                "name": "OMV - A1 Linz > Salzburg",
                "Country": "Austria",
                "Type": "built for trucks",
                "CPO": "OMV",
                "Total power": "1 600 kW",
                "Number of plugs": "4",
                "Maximum charging power": "400 kW",
                "Deployment year": null,
                "Details about deployment date": null,
                "Vehicle accessibility": "Drive-through",
                "Description": null
            }
        },
        {
            "type": "Feature",
            "geometry": {
                "type": "Point",
                "coordinates": [
                    4.2265001,
                    48.7297324
                ]
            },
            "properties": {
                "name": "Engie Sommesous",
                "Country": "France",
                "Type": "built for trucks",
                "CPO": "Engie",
                "Total power": "520",
                "Number of plugs": "2",
                "Maximum charging power": "400",
                "Deployment year": "2025",
                "Details about deployment date": null,
                "Vehicle accessibility": null,
                "Description": "Truck parking, toilets, restaurants, shops, showers, tire inflation termin, Wi-Fi"
            }
        },
        {
            "type": "Feature",
            "geometry": {
                "type": "Point",
                "coordinates": [
                    2.5271466,
                    49.0940476
                ]
            },
            "properties": {
                "name": "Engie St Witz",
                "Country": "France",
                "Type": "built for trucks",
                "CPO": "Engie",
                "Total power": "200",
                "Number of plugs": "1",
                "Maximum charging power": "200",
                "Deployment year": null,
                "Details about deployment date": null,
                "Vehicle accessibility": null,
                "Description": null
            }
        },
        {
            "type": "Feature",
            "geometry": {
                "type": "Point",
                "coordinates": [
                    1.9691098,
                    49.8070879
                ]
            },
            "properties": {
                "name": "ENGIE Vianeo Aire de Croixrault",
                "Country": "France",
                "Type": "viable for trucks",
                "CPO": "Engie",
                "Total power": "300",
                "Number of plugs": "7",
                "Maximum charging power": "300",
                "Deployment year": null,
                "Details about deployment date": null,
                "Vehicle accessibility": null,
                "Description": "Call ENGIE Vianeo before going there because we need to ask for autorisation for trucks / Max Height 3m / Charging station accessible while staying in the heavy duty flow / Charge from behind the station"
            }
        },
        {
            "type": "Feature",
            "geometry": {
                "type": "Point",
                "coordinates": [
                    6.6599523,
                    49.1327357
                ]
            },
            "properties": {
                "name": "ENGIE Vianeo Aire de Longevile Sud",
                "Country": "France",
                "Type": "viable for trucks",
                "CPO": "Engie",
                "Total power": null,
                "Number of plugs": "7",
                "Maximum charging power": "300",
                "Deployment year": null,
                "Details about deployment date": null,
                "Vehicle accessibility": "max 3 m height",
                "Description": "Call ENGIE Vianeo before going there because we need to ask for autorisation for trucks\n"
            }
        },
        {
            "type": "Feature",
            "geometry": {
                "type": "Point",
                "coordinates": [
                    0.3277347,
                    49.3244589
                ]
            },
            "properties": {
                "name": "ENGIE Vianeo Aire de Beuzeville Nord",
                "Country": "France",
                "Type": "viable for trucks",
                "CPO": "Engie Vianeo",
                "Total power": null,
                "Number of plugs": "7",
                "Maximum charging power": "300",
                "Deployment year": null,
                "Details about deployment date": null,
                "Vehicle accessibility": "3m height",
                "Description": "No gate for high but the road may be narrow (careful for rigid trucks and trailers) "
            }
        },
        {
            "type": "Feature",
            "geometry": {
                "type": "Point",
                "coordinates": [
                    0.3206936,
                    49.3210095
                ]
            },
            "properties": {
                "name": "ENGIE Vianeo Aire de Beuzeville Sud",
                "Country": "France",
                "Type": "viable for trucks",
                "CPO": "Engie Vianeo",
                "Total power": null,
                "Number of plugs": "7",
                "Maximum charging power": "300",
                "Deployment year": null,
                "Details about deployment date": null,
                "Vehicle accessibility": "3m height / Call ENGIE Vianeo before going there because we need to ask for autorisation for trucks",
                "Description": "\"prohibition for trucks above 3,3 m (gate) + gate 2,2 m at the other entry of the parking / normally trucks prohibitied \""
            }
        },
        {
            "type": "Feature",
            "geometry": {
                "type": "Point",
                "coordinates": [
                    2.7196702,
                    49.5185418
                ]
            },
            "properties": {
                "name": "ENGIE Vianeo Aire de Ressons Ouest",
                "Country": "France",
                "Type": "viable for trucks",
                "CPO": "Engie",
                "Total power": null,
                "Number of plugs": "7",
                "Maximum charging power": "300",
                "Deployment year": null,
                "Details about deployment date": null,
                "Vehicle accessibility": "3m height max / Call ENGIE Vianeo before going there because we need to ask for autorisation for trucks ",
                "Description": "\"prohibition for trucks above 3,5 m (gate) / normally trucks prohibitied\""
            }
        },
        {
            "type": "Feature",
            "geometry": {
                "type": "Point",
                "coordinates": [
                    3.7766907,
                    51.1302252
                ]
            },
            "properties": {
                "name": "ENGIE Rodenhuize",
                "Country": "Belgium",
                "Type": "viable for trucks",
                "CPO": "Engie Vianeo",
                "Total power": null,
                "Number of plugs": "15",
                "Maximum charging power": "300",
                "Deployment year": null,
                "Details about deployment date": null,
                "Vehicle accessibility": null,
                "Description": "inside ENGIE factory"
            }
        },
        {
            "type": "Feature",
            "geometry": {
                "type": "Point",
                "coordinates": [
                    5.6338789,
                    45.5781512
                ]
            },
            "properties": {
                "name": "ENGIE Vianeo Romagnieu",
                "Country": "France",
                "Type": "viable for trucks",
                "CPO": "Engie VIaneo",
                "Total power": "1200",
                "Number of plugs": "8",
                "Maximum charging power": "300",
                "Deployment year": null,
                "Details about deployment date": null,
                "Vehicle accessibility": "rigid or tracteur without trailer / LCV ok",
                "Description": "access on trucks area and request access to station desk (movable pods)"
            }
        },
        {
            "type": "Feature",
            "geometry": {
                "type": "Point",
                "coordinates": [
                    7.5064953,
                    50.3492955
                ]
            },
            "properties": {
                "name": "Milence - Koblenz",
                "Country": "Germany",
                "Type": "built for trucks",
                "CPO": "Milence",
                "Total power": "1600",
                "Number of plugs": "8",
                "Maximum charging power": "400kW",
                "Deployment year": "2025",
                "Details about deployment date": null,
                "Vehicle accessibility": null,
                "Description": "https://milence.com/location/koblenz/"
            }
        },
        {
            "type": "Feature",
            "geometry": {
                "type": "Point",
                "coordinates": [
                    7.221011,
                    51.5923317
                ]
            },
            "properties": {
                "name": "Milence - Recklinghausen",
                "Country": "Germany",
                "Type": "built for trucks",
                "CPO": "Milence",
                "Total power": "1200",
                "Number of plugs": "6",
                "Maximum charging power": "400kW",
                "Deployment year": "2025",
                "Details about deployment date": "15.07.2025",
                "Vehicle accessibility": null,
                "Description": "https://milence.com/location/recklinghausen/"
            }
        },
        {
            "type": "Feature",
            "geometry": {
                "type": "Point",
                "coordinates": [
                    11.6103973,
                    50.0561104
                ]
            },
            "properties": {
                "name": "Milence - Himmelkron",
                "Country": "Germany",
                "Type": "built for trucks",
                "CPO": "Milence",
                "Total power": "1600",
                "Number of plugs": "8",
                "Maximum charging power": "400kW",
                "Deployment year": "2025",
                "Details about deployment date": "Q4",
                "Vehicle accessibility": null,
                "Description": null
            }
        },
        {
            "type": "Feature",
            "geometry": {
                "type": "Point",
                "coordinates": [
                    9.9661342,
                    49.1747769
                ]
            },
            "properties": {
                "name": "Milence - Kirchberg  an der Jagst",
                "Country": "Germany",
                "Type": "built for trucks",
                "CPO": "Milence",
                "Total power": "1600",
                "Number of plugs": "8",
                "Maximum charging power": "400kW",
                "Deployment year": "2025",
                "Details about deployment date": null,
                "Vehicle accessibility": null,
                "Description": "https://milence.com/location/kirchberg/"
            }
        },
        {
            "type": "Feature",
            "geometry": {
                "type": "Point",
                "coordinates": [
                    6.4238653,
                    45.2459575
                ]
            },
            "properties": {
                "name": "Fastned Aire de Saint-Julien-Montdenis",
                "Country": "France",
                "Type": "viable for trucks",
                "CPO": "Fastned",
                "Total power": "1200",
                "Number of plugs": "4",
                "Maximum charging power": "300",
                "Deployment year": null,
                "Details about deployment date": null,
                "Vehicle accessibility": null,
                "Description": null
            }
        },
        {
            "type": "Feature",
            "geometry": {
                "type": "Point",
                "coordinates": [
                    5.0409959,
                    51.5375567
                ]
            },
            "properties": {
                "name": "AVIA Katsbogte",
                "Country": "The Netherlands",
                "Type": "viable for trucks",
                "CPO": null,
                "Total power": "700 kW (2 x350 kW)",
                "Number of plugs": "2",
                "Maximum charging power": "350 kW",
                "Deployment year": "2024",
                "Details about deployment date": null,
                "Vehicle accessibility": "Right: Forward entry/exit Truck with trailer. Left: Forward entry/Backwards exit Truck only",
                "Description": null
            }
        },
        {
            "type": "Feature",
            "geometry": {
                "type": "Point",
                "coordinates": [
                    5.4526182,
                    51.4343439
                ]
            },
            "properties": {
                "name": "Esso Adriaanse",
                "Country": null,
                "Type": "viable for trucks",
                "CPO": null,
                "Total power": "640 kW (2 x 320 kW) DC",
                "Number of plugs": "2",
                "Maximum charging power": "320 kW",
                "Deployment year": "2024",
                "Details about deployment date": null,
                "Vehicle accessibility": "Left Forward entry/Backwards exit Truck only. Right Forward entry/Backwards exit Truck only",
                "Description": null
            }
        },
        {
            "type": "Feature",
            "geometry": {
                "type": "Point",
                "coordinates": [
                    6.0006682,
                    51.3781766
                ]
            },
            "properties": {
                "name": "Shell Vissers Deersel",
                "Country": null,
                "Type": "viable for trucks",
                "CPO": null,
                "Total power": "150 kW DC",
                "Number of plugs": "1",
                "Maximum charging power": "150 kW",
                "Deployment year": "2024",
                "Details about deployment date": null,
                "Vehicle accessibility": "Left Forward entry/exit Truck with trailer",
                "Description": null
            }
        },
        {
            "type": "Feature",
            "geometry": {
                "type": "Point",
                "coordinates": [
                    6.0713245,
                    51.5421128
                ]
            },
            "properties": {
                "name": "BCTN Venray B.V.",
                "Country": null,
                "Type": "viable for trucks",
                "CPO": null,
                "Total power": "350 kW DC",
                "Number of plugs": "1",
                "Maximum charging power": "350 kW",
                "Deployment year": "2024",
                "Details about deployment date": null,
                "Vehicle accessibility": "Left & right Forward entry/exit Truck with trailer",
                "Description": null
            }
        },
        {
            "type": "Feature",
            "geometry": {
                "type": "Point",
                "coordinates": [
                    4.7290735,
                    52.2874936
                ]
            },
            "properties": {
                "name": "OG Rozenburg Schiphol",
                "Country": null,
                "Type": "viable for trucks",
                "CPO": null,
                "Total power": "120 kW DC",
                "Number of plugs": "2",
                "Maximum charging power": "60 kW",
                "Deployment year": "2024",
                "Details about deployment date": null,
                "Vehicle accessibility": "Left Forward entry/Backwards exit Truck only. Right Forward entry/Backwards exit Truck only",
                "Description": null
            }
        },
        {
            "type": "Feature",
            "geometry": {
                "type": "Point",
                "coordinates": [
                    4.7857283,
                    52.329043
                ]
            },
            "properties": {
                "name": "Leap24 Badhoevedorp",
                "Country": null,
                "Type": "viable for trucks",
                "CPO": null,
                "Total power": "1500 kW",
                "Number of plugs": "5",
                "Maximum charging power": "300 kW",
                "Deployment year": "2024",
                "Details about deployment date": null,
                "Vehicle accessibility": "4 x:  Left & right Forward entry/Backwards exit Truck only. 1x: Left & right Forward entry/Backwards exit Truck with trailer",
                "Description": null
            }
        },
        {
            "type": "Feature",
            "geometry": {
                "type": "Point",
                "coordinates": [
                    6.1793255,
                    53.1815468
                ]
            },
            "properties": {
                "name": "Truckpoint Surhuisterveen",
                "Country": null,
                "Type": "viable for trucks",
                "CPO": null,
                "Total power": "180 kW",
                "Number of plugs": "1",
                "Maximum charging power": "180 kW",
                "Deployment year": "2024",
                "Details about deployment date": null,
                "Vehicle accessibility": "Left & right Forward entry/Backwards exit Truck only",
                "Description": null
            }
        },
        {
            "type": "Feature",
            "geometry": {
                "type": "Point",
                "coordinates": [
                    6.574635,
                    53.2462202
                ]
            },
            "properties": {
                "name": "Leap24 Groningen Lamsoor",
                "Country": null,
                "Type": "viable for trucks",
                "CPO": null,
                "Total power": "160 kW DC",
                "Number of plugs": "1",
                "Maximum charging power": "160 kW",
                "Deployment year": "2024",
                "Details about deployment date": null,
                "Vehicle accessibility": "Left & right Forward entry/Backwards exit Truck only",
                "Description": null
            }
        },
        {
            "type": "Feature",
            "geometry": {
                "type": "Point",
                "coordinates": [
                    6.7515522,
                    53.1689889
                ]
            },
            "properties": {
                "name": "AVIA Charging Station",
                "Country": null,
                "Type": "viable for trucks",
                "CPO": null,
                "Total power": "400 kW",
                "Number of plugs": "2",
                "Maximum charging power": "400 kW",
                "Deployment year": "2024",
                "Details about deployment date": null,
                "Vehicle accessibility": "Left & right Forward entry/exit Truck with trailer",
                "Description": null
            }
        },
        {
            "type": "Feature",
            "geometry": {
                "type": "Point",
                "coordinates": [
                    6.9776002,
                    52.979193
                ]
            },
            "properties": {
                "name": "Leap24 Stadskanaal",
                "Country": null,
                "Type": "viable for trucks",
                "CPO": null,
                "Total power": "160 kW DC",
                "Number of plugs": "6",
                "Maximum charging power": "160 kW",
                "Deployment year": "2024",
                "Details about deployment date": null,
                "Vehicle accessibility": "Left & right Forward entry/Backwards exit Truck with trailer",
                "Description": null
            }
        },
        {
            "type": "Feature",
            "geometry": {
                "type": "Point",
                "coordinates": [
                    6.4450135,
                    52.7739839
                ]
            },
            "properties": {
                "name": "Green Charge Charging Station",
                "Country": null,
                "Type": "built for trucks",
                "CPO": null,
                "Total power": "1200 kW DC",
                "Number of plugs": "4",
                "Maximum charging power": "300 kW",
                "Deployment year": "2024",
                "Details about deployment date": null,
                "Vehicle accessibility": "Left Forward entry/exit Truck with trailer. Right Forward entry/exit Truck with trailer",
                "Description": null
            }
        },
        {
            "type": "Feature",
            "geometry": {
                "type": "Point",
                "coordinates": [
                    6.0416824,
                    53.0069498
                ]
            },
            "properties": {
                "name": "FIETEN ELECTRIC",
                "Country": null,
                "Type": "viable for trucks",
                "CPO": null,
                "Total power": "1600 kW DC",
                "Number of plugs": "4",
                "Maximum charging power": "400 kW",
                "Deployment year": "2024",
                "Details about deployment date": null,
                "Vehicle accessibility": "Left & right Forward entry/exit Truck only",
                "Description": null
            }
        },
        {
            "type": "Feature",
            "geometry": {
                "type": "Point",
                "coordinates": [
                    12.6301172,
                    54.0542207
                ]
            },
            "properties": {
                "name": "Mer Germany GmbH 7 / Raststätte Lindholz",
                "Country": null,
                "Type": "viable for trucks",
                "CPO": null,
                "Total power": "600",
                "Number of plugs": "4",
                "Maximum charging power": "300",
                "Deployment year": "2023",
                "Details about deployment date": null,
                "Vehicle accessibility": "drive through",
                "Description": null
            }
        },
        {
            "type": "Feature",
            "geometry": {
                "type": "Point",
                "coordinates": [
                    12.2305269,
                    54.0222386
                ]
            },
            "properties": {
                "name": "Aral Pulse / Dummerstorf",
                "Country": "Germany",
                "Type": "built for trucks",
                "CPO": null,
                "Total power": "1200",
                "Number of plugs": "8",
                "Maximum charging power": "300",
                "Deployment year": "2024",
                "Details about deployment date": null,
                "Vehicle accessibility": "drive through",
                "Description": "4 plugs for drive trhrough"
            }
        },
        {
            "type": "Feature",
            "geometry": {
                "type": "Point",
                "coordinates": [
                    12.4764529,
                    51.3710901
                ]
            },
            "properties": {
                "name": "CITIWATT GmbH / Taucha",
                "Country": "Germany",
                "Type": "viable for trucks",
                "CPO": null,
                "Total power": "1500",
                "Number of plugs": "10",
                "Maximum charging power": "300",
                "Deployment year": "2024",
                "Details about deployment date": null,
                "Vehicle accessibility": "no drive through",
                "Description": "It can be approached forwards or backwards when unsaddled"
            }
        },
        {
            "type": "Feature",
            "geometry": {
                "type": "Point",
                "coordinates": [
                    12.0968739,
                    50.0719456
                ]
            },
            "properties": {
                "name": "CITIWATT / Tiersheim",
                "Country": "Germany",
                "Type": "viable for trucks",
                "CPO": null,
                "Total power": "1500",
                "Number of plugs": "10",
                "Maximum charging power": "300",
                "Deployment year": "2022",
                "Details about deployment date": null,
                "Vehicle accessibility": "no drive through",
                "Description": "it can be driven in forwards, but must be reversed out again"
            }
        },
        {
            "type": "Feature",
            "geometry": {
                "type": "Point",
                "coordinates": [
                    12.1190227,
                    48.8389857
                ]
            },
            "properties": {
                "name": "Aral Pulse / Schierling",
                "Country": "Germany",
                "Type": "built for trucks",
                "CPO": null,
                "Total power": "600",
                "Number of plugs": "4",
                "Maximum charging power": "300",
                "Deployment year": "2024",
                "Details about deployment date": null,
                "Vehicle accessibility": null,
                "Description": null
            }
        },
        {
            "type": "Feature",
            "geometry": {
                "type": "Point",
                "coordinates": [
                    11.4906137,
                    50.0371456
                ]
            },
            "properties": {
                "name": "Aral Pulse / Neudrossenfeld",
                "Country": "Germany",
                "Type": "built for trucks",
                "CPO": null,
                "Total power": "600 kW",
                "Number of plugs": "2",
                "Maximum charging power": "300 kW",
                "Deployment year": "2024",
                "Details about deployment date": null,
                "Vehicle accessibility": null,
                "Description": "it can be driven in forwards, but must be reversed out again"
            }
        },
        {
            "type": "Feature",
            "geometry": {
                "type": "Point",
                "coordinates": [
                    9.4729083,
                    51.0067228
                ]
            },
            "properties": {
                "name": "Aral Pulse / Knüllwald",
                "Country": "Germany",
                "Type": "built for trucks",
                "CPO": "Aral pulse",
                "Total power": "600 kW",
                "Number of plugs": "2",
                "Maximum charging power": "300",
                "Deployment year": "2024",
                "Details about deployment date": null,
                "Vehicle accessibility": "Max 18.75 / 40 t",
                "Description": null
            }
        },
        {
            "type": "Feature",
            "geometry": {
                "type": "Point",
                "coordinates": [
                    9.7063472,
                    50.5808853
                ]
            },
            "properties": {
                "name": "Mer Germany / Fulda",
                "Country": "Germany",
                "Type": "viable for trucks",
                "CPO": null,
                "Total power": "600",
                "Number of plugs": "4",
                "Maximum charging power": "300",
                "Deployment year": "2022",
                "Details about deployment date": null,
                "Vehicle accessibility": "drive trhrough",
                "Description": "Possible without unsaddling if there are few vehicles on site"
            }
        },
        {
            "type": "Feature",
            "geometry": {
                "type": "Point",
                "coordinates": [
                    9.5229099,
                    51.2682553
                ]
            },
            "properties": {
                "name": "Mer Germany / Lohfelden",
                "Country": "Germany",
                "Type": "viable for trucks",
                "CPO": null,
                "Total power": "1800 kW",
                "Number of plugs": "12",
                "Maximum charging power": "300 kW",
                "Deployment year": "2024",
                "Details about deployment date": null,
                "Vehicle accessibility": "drive through",
                "Description": null
            }
        },
        {
            "type": "Feature",
            "geometry": {
                "type": "Point",
                "coordinates": [
                    -1.7195057,
                    48.0538454
                ]
            },
            "properties": {
                "name": "Kertrucks",
                "Country": "France",
                "Type": "built for trucks",
                "CPO": null,
                "Total power": "400",
                "Number of plugs": "2",
                "Maximum charging power": "200",
                "Deployment year": "2025",
                "Details about deployment date": null,
                "Vehicle accessibility": null,
                "Description": null
            }
        },
        {
            "type": "Feature",
            "geometry": {
                "type": "Point",
                "coordinates": [
                    -0.5522731,
                    44.8870039
                ]
            },
            "properties": {
                "name": "Gaz'up BORDEAUX",
                "Country": "France",
                "Type": "built for trucks",
                "CPO": "Enerjump",
                "Total power": "800",
                "Number of plugs": "4",
                "Maximum charging power": "400",
                "Deployment year": "2024",
                "Details about deployment date": null,
                "Vehicle accessibility": null,
                "Description": null
            }
        },
        {
            "type": "Feature",
            "geometry": {
                "type": "Point",
                "coordinates": [
                    8.9122109,
                    47.5727144
                ]
            },
            "properties": {
                "name": "Juchstrasse 43 - 8500 Frauenfeld",
                "Country": "Switzerland",
                "Type": "built for trucks",
                "CPO": null,
                "Total power": null,
                "Number of plugs": "6",
                "Maximum charging power": "360 kW",
                "Deployment year": null,
                "Details about deployment date": null,
                "Vehicle accessibility": "Truck",
                "Description": "2 x 360 kW / 4 x 180 kW"
            }
        },
        {
            "type": "Feature",
            "geometry": {
                "type": "Point",
                "coordinates": [
                    12.2533529,
                    55.6343714
                ]
            },
            "properties": {
                "name": "E.ON - Taastrup",
                "Country": "Denmark",
                "Type": "built for trucks",
                "CPO": "E.ON",
                "Total power": null,
                "Number of plugs": "10",
                "Maximum charging power": "400 kW",
                "Deployment year": "2024",
                "Details about deployment date": null,
                "Vehicle accessibility": null,
                "Description": null
            }
        },
        {
            "type": "Feature",
            "geometry": {
                "type": "Point",
                "coordinates": [
                    12.2755102,
                    55.9318702
                ]
            },
            "properties": {
                "name": "DB Public Hillerød Spirii",
                "Country": "Denmark",
                "Type": "built for trucks",
                "CPO": "Spirii",
                "Total power": null,
                "Number of plugs": "10",
                "Maximum charging power": "180",
                "Deployment year": null,
                "Details about deployment date": null,
                "Vehicle accessibility": null,
                "Description": null
            }
        },
        {
            "type": "Feature",
            "geometry": {
                "type": "Point",
                "coordinates": [
                    10.8083165,
                    55.3089624
                ]
            },
            "properties": {
                "name": "UNO-X Nyborg",
                "Country": "Denmark",
                "Type": "built for trucks",
                "CPO": "Uno-X",
                "Total power": null,
                "Number of plugs": "2",
                "Maximum charging power": "360kW",
                "Deployment year": null,
                "Details about deployment date": null,
                "Vehicle accessibility": null,
                "Description": null
            }
        },
        {
            "type": "Feature",
            "geometry": {
                "type": "Point",
                "coordinates": [
                    9.6425362,
                    55.5427293
                ]
            },
            "properties": {
                "name": "OK Fredericia",
                "Country": "Denmark",
                "Type": "built for trucks",
                "CPO": "OK",
                "Total power": null,
                "Number of plugs": "2",
                "Maximum charging power": "300kW",
                "Deployment year": null,
                "Details about deployment date": null,
                "Vehicle accessibility": null,
                "Description": null
            }
        },
        {
            "type": "Feature",
            "geometry": {
                "type": "Point",
                "coordinates": [
                    9.128075,
                    55.493917
                ]
            },
            "properties": {
                "name": "UNO-X Vejen",
                "Country": "Denmark",
                "Type": "built for trucks",
                "CPO": "Uno-X",
                "Total power": null,
                "Number of plugs": "2",
                "Maximum charging power": "400kW",
                "Deployment year": null,
                "Details about deployment date": null,
                "Vehicle accessibility": null,
                "Description": null
            }
        },
        {
            "type": "Feature",
            "geometry": {
                "type": "Point",
                "coordinates": [
                    9.7835165,
                    55.8385834
                ]
            },
            "properties": {
                "name": "UNO-X Horsens",
                "Country": "Denmark",
                "Type": "built for trucks",
                "CPO": "Uno-x",
                "Total power": null,
                "Number of plugs": "4",
                "Maximum charging power": "300kW",
                "Deployment year": null,
                "Details about deployment date": null,
                "Vehicle accessibility": null,
                "Description": null
            }
        },
        {
            "type": "Feature",
            "geometry": {
                "type": "Point",
                "coordinates": [
                    10.0681667,
                    56.1588924
                ]
            },
            "properties": {
                "name": "OK Brabrand",
                "Country": "Denmark",
                "Type": "built for trucks",
                "CPO": "OK",
                "Total power": null,
                "Number of plugs": "2",
                "Maximum charging power": "300kW",
                "Deployment year": null,
                "Details about deployment date": null,
                "Vehicle accessibility": null,
                "Description": null
            }
        },
        {
            "type": "Feature",
            "geometry": {
                "type": "Point",
                "coordinates": [
                    9.9885998,
                    57.5757715
                ]
            },
            "properties": {
                "name": "E.ON Hirtshals",
                "Country": "Denmark",
                "Type": "built for trucks",
                "CPO": "E.On",
                "Total power": null,
                "Number of plugs": "6",
                "Maximum charging power": "400kW",
                "Deployment year": null,
                "Details about deployment date": null,
                "Vehicle accessibility": null,
                "Description": null
            }
        },
        {
            "type": "Feature",
            "geometry": {
                "type": "Point",
                "coordinates": [
                    9.3467306,
                    54.8280156
                ]
            },
            "properties": {
                "name": "E.ON Padborg",
                "Country": "Denmark",
                "Type": "built for trucks",
                "CPO": "E.On",
                "Total power": null,
                "Number of plugs": "14",
                "Maximum charging power": "400kW",
                "Deployment year": null,
                "Details about deployment date": null,
                "Vehicle accessibility": null,
                "Description": null
            }
        },
        {
            "type": "Feature",
            "geometry": {
                "type": "Point",
                "coordinates": [
                    11.1223374,
                    55.3498247
                ]
            },
            "properties": {
                "name": "E.ON Korsør",
                "Country": "Denmark",
                "Type": "built for trucks",
                "CPO": "E.On",
                "Total power": null,
                "Number of plugs": "2",
                "Maximum charging power": "400kW",
                "Deployment year": null,
                "Details about deployment date": null,
                "Vehicle accessibility": null,
                "Description": null
            }
        },
        {
            "type": "Feature",
            "geometry": {
                "type": "Point",
                "coordinates": [
                    9.7324435,
                    55.8477748
                ]
            },
            "properties": {
                "name": "Q8 Horsens Recharge City",
                "Country": "Denmark",
                "Type": "built for trucks",
                "CPO": "Q8",
                "Total power": null,
                "Number of plugs": "2",
                "Maximum charging power": "350kW",
                "Deployment year": "2024",
                "Details about deployment date": null,
                "Vehicle accessibility": null,
                "Description": null
            }
        },
        {
            "type": "Feature",
            "geometry": {
                "type": "Point",
                "coordinates": [
                    9.73335,
                    55.8450066
                ]
            },
            "properties": {
                "name": "Circle K Horsens Recharge city",
                "Country": "Denmark",
                "Type": "built for trucks",
                "CPO": "Circle K",
                "Total power": null,
                "Number of plugs": "12",
                "Maximum charging power": "300kW",
                "Deployment year": null,
                "Details about deployment date": null,
                "Vehicle accessibility": null,
                "Description": null
            }
        },
        {
            "type": "Feature",
            "geometry": {
                "type": "Point",
                "coordinates": [
                    10.2230177,
                    56.1402039
                ]
            },
            "properties": {
                "name": "Norlys Aarhus Havn",
                "Country": "Denmark",
                "Type": "built for trucks",
                "CPO": "Norlys",
                "Total power": null,
                "Number of plugs": "4",
                "Maximum charging power": "400kW",
                "Deployment year": null,
                "Details about deployment date": null,
                "Vehicle accessibility": null,
                "Description": null
            }
        },
        {
            "type": "Feature",
            "geometry": {
                "type": "Point",
                "coordinates": [
                    8.4640082,
                    55.4588575
                ]
            },
            "properties": {
                "name": "Norlys Esbjerg havn",
                "Country": "Denmark",
                "Type": "built for trucks",
                "CPO": "Norlys",
                "Total power": null,
                "Number of plugs": "4",
                "Maximum charging power": "400kW",
                "Deployment year": "2024",
                "Details about deployment date": null,
                "Vehicle accessibility": null,
                "Description": null
            }
        },
        {
            "type": "Feature",
            "geometry": {
                "type": "Point",
                "coordinates": [
                    9.4484541,
                    47.0462012
                ]
            },
            "properties": {
                "name": "Langgrabenstrasse 20",
                "Country": "Switzerland",
                "Type": "built for trucks",
                "CPO": null,
                "Total power": "5 x 400kW",
                "Number of plugs": "5",
                "Maximum charging power": "400 KW",
                "Deployment year": "2024",
                "Details about deployment date": null,
                "Vehicle accessibility": "dedicated for trucks",
                "Description": null
            }
        },
        {
            "type": "Feature",
            "geometry": {
                "type": "Point",
                "coordinates": [
                    11.4801682,
                    48.2253354
                ]
            },
            "properties": {
                "name": "E.ON Drive-Ladestation",
                "Country": "Germany",
                "Type": "built for trucks",
                "CPO": "E.ON",
                "Total power": "1600 kW",
                "Number of plugs": "4",
                "Maximum charging power": "400",
                "Deployment year": "2024",
                "Details about deployment date": null,
                "Vehicle accessibility": null,
                "Description": null
            }
        },
        {
            "type": "Feature",
            "geometry": {
                "type": "Point",
                "coordinates": [
                    9.0936974,
                    47.4600072
                ]
            },
            "properties": {
                "name": "Raststätte Thurau Süd",
                "Country": "Switzerland",
                "Type": "viable for trucks",
                "CPO": null,
                "Total power": "8 x 300 ",
                "Number of plugs": "8",
                "Maximum charging power": "300 kW",
                "Deployment year": null,
                "Details about deployment date": null,
                "Vehicle accessibility": "viable for trucks",
                "Description": null
            }
        },
        {
            "type": "Feature",
            "geometry": {
                "type": "Point",
                "coordinates": [
                    9.0936974,
                    47.4600072
                ]
            },
            "properties": {
                "name": "Raststätte Thurau Süd",
                "Country": "Switzerland",
                "Type": "viable for trucks",
                "CPO": null,
                "Total power": "8 x 300 kW",
                "Number of plugs": "8",
                "Maximum charging power": "300 kW",
                "Deployment year": null,
                "Details about deployment date": "viable for trucks",
                "Vehicle accessibility": null,
                "Description": "viable for trucks"
            }
        },
        {
            "type": "Feature",
            "geometry": {
                "type": "Point",
                "coordinates": [
                    9.4462297,
                    46.7126526
                ]
            },
            "properties": {
                "name": "GOFAST Ladestation",
                "Country": "Switzerland ",
                "Type": "viable for trucks",
                "CPO": null,
                "Total power": "16 x 300 kW",
                "Number of plugs": "16",
                "Maximum charging power": "300 kW",
                "Deployment year": null,
                "Details about deployment date": null,
                "Vehicle accessibility": "viable for trucks",
                "Description": null
            }
        },
        {
            "type": "Feature",
            "geometry": {
                "type": "Point",
                "coordinates": [
                    9.0694404,
                    49.2104848
                ]
            },
            "properties": {
                "name": "24-ARAL Autohof Bad Rappenau",
                "Country": null,
                "Type": "built for trucks",
                "CPO": "Aral Pulse",
                "Total power": "600 kW",
                "Number of plugs": "4",
                "Maximum charging power": "300",
                "Deployment year": "2024",
                "Details about deployment date": "https://www.electrive.net/2024/12/12/24-autohoefe-aral-neue-e-lkw-schnelllader-bei-bad-rappenau/",
                "Vehicle accessibility": null,
                "Description": "2x300kW alpitronics each 2 plugs especially for trucks beside the passenger car chargers"
            }
        },
        {
            "type": "Feature",
            "geometry": {
                "type": "Point",
                "coordinates": [
                    9.2644661,
                    47.1149728
                ]
            },
            "properties": {
                "name": "Bergsbodenstrasse - 8882 Quarten ",
                "Country": "Switzerland",
                "Type": "viable for trucks",
                "CPO": null,
                "Total power": "2400 kW",
                "Number of plugs": "8",
                "Maximum charging power": "300 kW",
                "Deployment year": "2024",
                "Details about deployment date": null,
                "Vehicle accessibility": null,
                "Description": null
            }
        },
        {
            "type": "Feature",
            "geometry": {
                "type": "Point",
                "coordinates": [
                    -0.2548819,
                    47.6706019
                ]
            },
            "properties": {
                "name": "OREVE - DURTAL",
                "Country": "France",
                "Type": "built for trucks",
                "CPO": "OREVE",
                "Total power": "1600",
                "Number of plugs": "4",
                "Maximum charging power": "400",
                "Deployment year": "2024",
                "Details about deployment date": "30/09/2024",
                "Vehicle accessibility": "trucks & vans",
                "Description": null
            }
        },
        {
            "type": "Feature",
            "geometry": {
                "type": "Point",
                "coordinates": [
                    10.096608,
                    56.730765
                ]
            },
            "properties": {
                "name": "GMPack Charging Station",
                "Country": "Denmark",
                "Type": "built for trucks",
                "CPO": "GMPack",
                "Total power": null,
                "Number of plugs": "2",
                "Maximum charging power": "150kW",
                "Deployment year": "2023",
                "Details about deployment date": null,
                "Vehicle accessibility": null,
                "Description": null
            }
        },
        {
            "type": "Feature",
            "geometry": {
                "type": "Point",
                "coordinates": [
                    -0.2086143,
                    51.887555
                ]
            },
            "properties": {
                "name": "GRIDSERVE Charging Station",
                "Country": "UK",
                "Type": "viable for trucks",
                "CPO": "GridServe",
                "Total power": null,
                "Number of plugs": "24",
                "Maximum charging power": "360kW",
                "Deployment year": "2024",
                "Details about deployment date": null,
                "Vehicle accessibility": "Access for HGV but not ideal.",
                "Description": "24 x 360kW single plug chargers, some with two cables"
            }
        },
        {
            "type": "Feature",
            "geometry": {
                "type": "Point",
                "coordinates": [
                    10.0899858,
                    53.5053671
                ]
            },
            "properties": {
                "name": "Aral Pulse / BP Hamburg (Amandus Stubbe Straße 6)",
                "Country": "Germany",
                "Type": "built for trucks",
                "CPO": "Aral Pulse",
                "Total power": "900",
                "Number of plugs": "6",
                "Maximum charging power": "300",
                "Deployment year": "2024",
                "Details about deployment date": null,
                "Vehicle accessibility": "built for trucks",
                "Description": null
            }
        },
        {
            "type": "Feature",
            "geometry": {
                "type": "Point",
                "coordinates": [
                    12.3025533,
                    57.6822736
                ]
            },
            "properties": {
                "name": "Milence - Lanvetter Airport",
                "Country": "Sweden",
                "Type": "built for trucks - MCS",
                "CPO": "Milence",
                "Total power": "800 kW",
                "Number of plugs": "13",
                "Maximum charging power": "400 kW - 1400 kW",
                "Deployment year": "2024",
                "Details about deployment date": "December",
                "Vehicle accessibility": null,
                "Description": null
            }
        },
        {
            "type": "Feature",
            "geometry": {
                "type": "Point",
                "coordinates": [
                    12.482894,
                    55.612597
                ]
            },
            "properties": {
                "name": "HV Public - Hammerholmen - Hvidovre Charging Station",
                "Country": "Denmark",
                "Type": "built for trucks",
                "CPO": "Norlys",
                "Total power": null,
                "Number of plugs": "2",
                "Maximum charging power": "400 kW",
                "Deployment year": "2024",
                "Details about deployment date": null,
                "Vehicle accessibility": null,
                "Description": null
            }
        },
        {
            "type": "Feature",
            "geometry": {
                "type": "Point",
                "coordinates": [
                    -0.9166154,
                    47.0425196
                ]
            },
            "properties": {
                "name": "PICOTY CHOLET",
                "Country": "France",
                "Type": "built for trucks",
                "CPO": "AVIA VOLT",
                "Total power": "1600",
                "Number of plugs": "4",
                "Maximum charging power": "400",
                "Deployment year": "2025",
                "Details about deployment date": null,
                "Vehicle accessibility": null,
                "Description": null
            }
        },
        {
            "type": "Feature",
            "geometry": {
                "type": "Point",
                "coordinates": [
                    7.6862416,
                    46.6206311
                ]
            },
            "properties": {
                "name": "AGROLA",
                "Country": "Switzerland",
                "Type": "viable for trucks",
                "CPO": "Agrola",
                "Total power": "300",
                "Number of plugs": "2",
                "Maximum charging power": "150",
                "Deployment year": null,
                "Details about deployment date": null,
                "Vehicle accessibility": "viable for trucks",
                "Description": null
            }
        },
        {
            "type": "Feature",
            "geometry": {
                "type": "Point",
                "coordinates": [
                    4.096222,
                    49.224739
                ]
            },
            "properties": {
                "name": "AS24 REIMS",
                "Country": "France",
                "Type": "built for trucks",
                "CPO": "AS24",
                "Total power": "400",
                "Number of plugs": "1",
                "Maximum charging power": "400",
                "Deployment year": "2025",
                "Details about deployment date": null,
                "Vehicle accessibility": null,
                "Description": null
            }
        },
        {
            "type": "Feature",
            "geometry": {
                "type": "Point",
                "coordinates": [
                    2.3315621,
                    48.6189148
                ]
            },
            "properties": {
                "name": "AS24 PLESSIS PATHE",
                "Country": "France",
                "Type": "built for trucks",
                "CPO": "AS24",
                "Total power": "400",
                "Number of plugs": "3",
                "Maximum charging power": "400",
                "Deployment year": "2025",
                "Details about deployment date": null,
                "Vehicle accessibility": null,
                "Description": null
            }
        },
        {
            "type": "Feature",
            "geometry": {
                "type": "Point",
                "coordinates": [
                    7.2428947,
                    48.7712204
                ]
            },
            "properties": {
                "name": "AS24 Phalsbourg",
                "Country": "France",
                "Type": "built for trucks",
                "CPO": "AS24",
                "Total power": "400",
                "Number of plugs": "1",
                "Maximum charging power": "400",
                "Deployment year": "2025",
                "Details about deployment date": "S1 2025",
                "Vehicle accessibility": null,
                "Description": null
            }
        },
        {
            "type": "Feature",
            "geometry": {
                "type": "Point",
                "coordinates": [
                    8.6401641,
                    46.858084
                ]
            },
            "properties": {
                "name": "Umfahrungsstrasse 24",
                "Country": "Switzerland",
                "Type": "viable for trucks",
                "CPO": null,
                "Total power": "750",
                "Number of plugs": "2",
                "Maximum charging power": "320",
                "Deployment year": null,
                "Details about deployment date": null,
                "Vehicle accessibility": null,
                "Description": null
            }
        },
        {
            "type": "Feature",
            "geometry": {
                "type": "Point",
                "coordinates": [
                    12.106021,
                    47.766165
                ]
            },
            "properties": {
                "name": "Dettendorfer Energy GmbH",
                "Country": "Germany",
                "Type": "viable for trucks",
                "CPO": null,
                "Total power": "2000 kWh",
                "Number of plugs": "12",
                "Maximum charging power": "400",
                "Deployment year": "2024",
                "Details about deployment date": null,
                "Vehicle accessibility": null,
                "Description": "2x400kW & 4x300kW Alpitronics for passenger cars and trucks available"
            }
        },
        {
            "type": "Feature",
            "geometry": {
                "type": "Point",
                "coordinates": [
                    11.0412605,
                    49.1574435
                ]
            },
            "properties": {
                "name": "Aral",
                "Country": "Germany",
                "Type": "built for trucks",
                "CPO": "Aral pulse",
                "Total power": "600 kW",
                "Number of plugs": "4",
                "Maximum charging power": "300 kW",
                "Deployment year": null,
                "Details about deployment date": null,
                "Vehicle accessibility": "Max 18.75 / 40 t",
                "Description": null
            }
        },
        {
            "type": "Feature",
            "geometry": {
                "type": "Point",
                "coordinates": [
                    13.5231182,
                    52.3661133
                ]
            },
            "properties": {
                "name": "TotalEnergies/AS24 - Elly-Beinhorn-Ring",
                "Country": "Germany",
                "Type": "built for trucks",
                "CPO": "Total Energies",
                "Total power": "1200",
                "Number of plugs": "3",
                "Maximum charging power": "400",
                "Deployment year": "09/2025",
                "Details about deployment date": null,
                "Vehicle accessibility": "drive through",
                "Description": "3 lines with only one charging cable for trucks with charging inlet on the left side"
            }
        },
        {
            "type": "Feature",
            "geometry": {
                "type": "Point",
                "coordinates": [
                    13.6475955,
                    52.5441245
                ]
            },
            "properties": {
                "name": "Aral pulse - Hoppegarten",
                "Country": "Germany",
                "Type": "built for trucks",
                "CPO": "Aral pulse",
                "Total power": "600 kW",
                "Number of plugs": "4",
                "Maximum charging power": "300 kW",
                "Deployment year": null,
                "Details about deployment date": null,
                "Vehicle accessibility": null,
                "Description": null
            }
        },
        {
            "type": "Feature",
            "geometry": {
                "type": "Point",
                "coordinates": [
                    8.826744,
                    48.505305
                ]
            },
            "properties": {
                "name": "Aral pulse - Rottenburg",
                "Country": "Germany",
                "Type": "built for trucks",
                "CPO": "Aral pilse",
                "Total power": "1200 kW",
                "Number of plugs": "2",
                "Maximum charging power": "300 kW",
                "Deployment year": null,
                "Details about deployment date": null,
                "Vehicle accessibility": null,
                "Description": null
            }
        },
        {
            "type": "Feature",
            "geometry": {
                "type": "Point",
                "coordinates": [
                    9.6595017,
                    48.5798446
                ]
            },
            "properties": {
                "name": "Stark Energy - Mülhausen",
                "Country": "Germany",
                "Type": "built for trucks",
                "CPO": "Stark Energy",
                "Total power": "800 kW",
                "Number of plugs": "2",
                "Maximum charging power": "400 kW",
                "Deployment year": null,
                "Details about deployment date": null,
                "Vehicle accessibility": "Max 16.5m / 44 t",
                "Description": null
            }
        },
        {
            "type": "Feature",
            "geometry": {
                "type": "Point",
                "coordinates": [
                    8.3974789,
                    49.549276
                ]
            },
            "properties": {
                "name": "Pfalzwerke-Ladestation",
                "Country": "Germany",
                "Type": "viable for trucks",
                "CPO": "Pfalzwerke",
                "Total power": "150",
                "Number of plugs": "2",
                "Maximum charging power": "150",
                "Deployment year": "2023",
                "Details about deployment date": null,
                "Vehicle accessibility": null,
                "Description": null
            }
        },
        {
            "type": "Feature",
            "geometry": {
                "type": "Point",
                "coordinates": [
                    4.3860622,
                    51.2872284
                ]
            },
            "properties": {
                "name": "Vrachtwagenparking Goordijk",
                "Country": "Belgium",
                "Type": "built for trucks",
                "CPO": "Milence",
                "Total power": "2000 kW",
                "Number of plugs": "10",
                "Maximum charging power": "400 kW",
                "Deployment year": null,
                "Details about deployment date": null,
                "Vehicle accessibility": null,
                "Description": "10 charging bays and 5x400kW power units"
            }
        },
        {
            "type": "Feature",
            "geometry": {
                "type": "Point",
                "coordinates": [
                    -4.281035,
                    42.036473
                ]
            },
            "properties": {
                "name": "CEPSA - ZUNDER Area El Canto - Torquemada",
                "Country": "Spain",
                "Type": "viable for trucks",
                "CPO": "CEPSA",
                "Total power": null,
                "Number of plugs": "4",
                "Maximum charging power": "360",
                "Deployment year": null,
                "Details about deployment date": null,
                "Vehicle accessibility": null,
                "Description": null
            }
        },
        {
            "type": "Feature",
            "geometry": {
                "type": "Point",
                "coordinates": [
                    -4.5510815,
                    41.8590846
                ]
            },
            "properties": {
                "name": "ZUNDER Restaurante - Dueñas",
                "Country": "Spain",
                "Type": "viable for trucks",
                "CPO": null,
                "Total power": null,
                "Number of plugs": "8",
                "Maximum charging power": "360 kW",
                "Deployment year": null,
                "Details about deployment date": null,
                "Vehicle accessibility": "Truck with trailer forward entry/exit",
                "Description": null
            }
        },
        {
            "type": "Feature",
            "geometry": {
                "type": "Point",
                "coordinates": [
                    12.8962233,
                    48.788231
                ]
            },
            "properties": {
                "name": "Pfalzwerke-Ladestation",
                "Country": "Germany",
                "Type": "viable for trucks",
                "CPO": "Pfalzwerke",
                "Total power": "600",
                "Number of plugs": "4",
                "Maximum charging power": "300",
                "Deployment year": "2024",
                "Details about deployment date": null,
                "Vehicle accessibility": null,
                "Description": null
            }
        },
        {
            "type": "Feature",
            "geometry": {
                "type": "Point",
                "coordinates": [
                    5.0602562,
                    50.261807
                ]
            },
            "properties": {
                "name": "EZ Charge Charging Station",
                "Country": "Belgium",
                "Type": "built for trucks",
                "CPO": "EZ",
                "Total power": null,
                "Number of plugs": "4",
                "Maximum charging power": "180 kW",
                "Deployment year": null,
                "Details about deployment date": null,
                "Vehicle accessibility": "Trailer accessible",
                "Description": null
            }
        },
        {
            "type": "Feature",
            "geometry": {
                "type": "Point",
                "coordinates": [
                    6.1846087,
                    49.150483
                ]
            },
            "properties": {
                "name": "Fastned Charging Station",
                "Country": "Belgium",
                "Type": "viable for trucks",
                "CPO": "Fastned ",
                "Total power": null,
                "Number of plugs": null,
                "Maximum charging power": null,
                "Deployment year": null,
                "Details about deployment date": null,
                "Vehicle accessibility": null,
                "Description": null
            }
        },
        {
            "type": "Feature",
            "geometry": {
                "type": "Point",
                "coordinates": [
                    14.0671229,
                    52.337412
                ]
            },
            "properties": {
                "name": "E.ON Drive Fürstenwalde",
                "Country": "Germany",
                "Type": "built for trucks",
                "CPO": "E.ON Drive",
                "Total power": "800",
                "Number of plugs": "4",
                "Maximum charging power": "400",
                "Deployment year": "2024",
                "Details about deployment date": null,
                "Vehicle accessibility": null,
                "Description": "next to MAN Truck & Bus"
            }
        },
        {
            "type": "Feature",
            "geometry": {
                "type": "Point",
                "coordinates": [
                    13.594704,
                    52.3200743
                ]
            },
            "properties": {
                "name": "E.ON Drive Ladestation",
                "Country": "Germany",
                "Type": "built for trucks",
                "CPO": "E.ON Drive",
                "Total power": "1600kW",
                "Number of plugs": "8",
                "Maximum charging power": "400",
                "Deployment year": "2026",
                "Details about deployment date": "https://www.linkedin.com/posts/eon-drive-infrastructure_edri-etruck-heavydutycharging-activity-7445406557464571904-W6cE",
                "Vehicle accessibility": null,
                "Description": "next to MAN Truck & Bus"
            }
        },
        {
            "type": "Feature",
            "geometry": {
                "type": "Point",
                "coordinates": [
                    9.9230458,
                    53.5114511
                ]
            },
            "properties": {
                "name": "E.ON Drive Altenwerder Hauptdeich",
                "Country": "Germany",
                "Type": "built for trucks",
                "CPO": "E.ON Drive",
                "Total power": "1600",
                "Number of plugs": "8",
                "Maximum charging power": "400",
                "Deployment year": "2024",
                "Details about deployment date": null,
                "Vehicle accessibility": null,
                "Description": null
            }
        },
        {
            "type": "Feature",
            "geometry": {
                "type": "Point",
                "coordinates": [
                    3.8862787,
                    51.0419149
                ]
            },
            "properties": {
                "name": "E-Flux Charging Station",
                "Country": "Belgium",
                "Type": "viable for trucks",
                "CPO": "Allego",
                "Total power": null,
                "Number of plugs": "4",
                "Maximum charging power": "300 kW",
                "Deployment year": null,
                "Details about deployment date": null,
                "Vehicle accessibility": "Accessible with trailer",
                "Description": null
            }
        },
        {
            "type": "Feature",
            "geometry": {
                "type": "Point",
                "coordinates": [
                    5.3720041,
                    50.953984
                ]
            },
            "properties": {
                "name": "Optimile Charging Station",
                "Country": "Belgium",
                "Type": "viable for trucks",
                "CPO": null,
                "Total power": null,
                "Number of plugs": "4",
                "Maximum charging power": "400 kW",
                "Deployment year": null,
                "Details about deployment date": null,
                "Vehicle accessibility": "Accessible with trailer",
                "Description": null
            }
        },
        {
            "type": "Feature",
            "geometry": {
                "type": "Point",
                "coordinates": [
                    5.5172448,
                    50.6167633
                ]
            },
            "properties": {
                "name": "Mobiflow - Seraing",
                "Country": "Belgium",
                "Type": "viable for trucks",
                "CPO": "Mobiflow",
                "Total power": null,
                "Number of plugs": "3",
                "Maximum charging power": "350 kW",
                "Deployment year": null,
                "Details about deployment date": null,
                "Vehicle accessibility": "Rigid or tractor without trailer",
                "Description": null
            }
        },
        {
            "type": "Feature",
            "geometry": {
                "type": "Point",
                "coordinates": [
                    4.4738284,
                    51.0073533
                ]
            },
            "properties": {
                "name": "Q8 - Mechelen",
                "Country": "Belgium",
                "Type": "viable for trucks",
                "CPO": "Q8",
                "Total power": null,
                "Number of plugs": "6",
                "Maximum charging power": "300 kW",
                "Deployment year": null,
                "Details about deployment date": null,
                "Vehicle accessibility": "Rigid and tractor without trailer",
                "Description": null
            }
        },
        {
            "type": "Feature",
            "geometry": {
                "type": "Point",
                "coordinates": [
                    9.9470939,
                    55.4476334
                ]
            },
            "properties": {
                "name": "IBF-ladestation",
                "Country": "Denmark",
                "Type": "built for trucks",
                "CPO": null,
                "Total power": "600 kW",
                "Number of plugs": "2",
                "Maximum charging power": "400 kW",
                "Deployment year": "2025",
                "Details about deployment date": null,
                "Vehicle accessibility": "Just of the highway",
                "Description": null
            }
        },
        {
            "type": "Feature",
            "geometry": {
                "type": "Point",
                "coordinates": [
                    -1.34286111111111,
                    51.1016666666667
                ]
            },
            "properties": {
                "name": "InstaVolt - Winchester",
                "Country": "UK",
                "Type": "viable for trucks",
                "CPO": "Insta Volt",
                "Total power": null,
                "Number of plugs": "4",
                "Maximum charging power": "160 kW",
                "Deployment year": null,
                "Details about deployment date": null,
                "Vehicle accessibility": "Longer bays for vans and towing vehicles - Only four bays",
                "Description": null
            }
        },
        {
            "type": "Feature",
            "geometry": {
                "type": "Point",
                "coordinates": [
                    0.347793,
                    51.4622575
                ]
            },
            "properties": {
                "name": "Fleete Tilbury Docks",
                "Country": "UK",
                "Type": "built for trucks",
                "CPO": "Fleete",
                "Total power": "5MW",
                "Number of plugs": "16",
                "Maximum charging power": "400kW",
                "Deployment year": "2026",
                "Details about deployment date": "Site completion December 2025",
                "Vehicle accessibility": "HGV designed",
                "Description": "https://www.fleete.com/fleetetilburyannouncement"
            }
        },
        {
            "type": "Feature",
            "geometry": {
                "type": "Point",
                "coordinates": [
                    7.737558,
                    48.55958
                ]
            },
            "properties": {
                "name": "PROVIRIDIS Strasbourg",
                "Country": "France",
                "Type": "built for trucks",
                "CPO": "ZEN",
                "Total power": "600",
                "Number of plugs": "2",
                "Maximum charging power": "300",
                "Deployment year": "2025",
                "Details about deployment date": null,
                "Vehicle accessibility": null,
                "Description": null
            }
        },
        {
            "type": "Feature",
            "geometry": {
                "type": "Point",
                "coordinates": [
                    7.4413113,
                    51.5229192
                ]
            },
            "properties": {
                "name": "HoLa Projekt - MB NFZ Dortmund",
                "Country": "Germany",
                "Type": "built for trucks",
                "CPO": "HoLa",
                "Total power": "800kW",
                "Number of plugs": "4",
                "Maximum charging power": "400",
                "Deployment year": "02/2025",
                "Details about deployment date": null,
                "Vehicle accessibility": null,
                "Description": null
            }
        },
        {
            "type": "Feature",
            "geometry": {
                "type": "Point",
                "coordinates": [
                    9.9633617,
                    57.0887435
                ]
            },
            "properties": {
                "name": "Uno-X Truck Nørresundby",
                "Country": "Denmark",
                "Type": "built for trucks",
                "CPO": "UNO X",
                "Total power": null,
                "Number of plugs": "4",
                "Maximum charging power": "400 kW",
                "Deployment year": null,
                "Details about deployment date": null,
                "Vehicle accessibility": null,
                "Description": null
            }
        },
        {
            "type": "Feature",
            "geometry": {
                "type": "Point",
                "coordinates": [
                    10.0705371,
                    56.4134018
                ]
            },
            "properties": {
                "name": "OK - Truck",
                "Country": "Denmark",
                "Type": "built for trucks",
                "CPO": "OK",
                "Total power": "400 kW",
                "Number of plugs": "2",
                "Maximum charging power": "400 kW",
                "Deployment year": null,
                "Details about deployment date": null,
                "Vehicle accessibility": null,
                "Description": null
            }
        },
        {
            "type": "Feature",
            "geometry": {
                "type": "Point",
                "coordinates": [
                    9.9786335,
                    56.0685515
                ]
            },
            "properties": {
                "name": "Ørstedsvej 6",
                "Country": "Denmark",
                "Type": "built for trucks",
                "CPO": "Circle K",
                "Total power": null,
                "Number of plugs": "4",
                "Maximum charging power": "400 kW",
                "Deployment year": null,
                "Details about deployment date": null,
                "Vehicle accessibility": null,
                "Description": null
            }
        },
        {
            "type": "Feature",
            "geometry": {
                "type": "Point",
                "coordinates": [
                    10.0568679,
                    55.4135202
                ]
            },
            "properties": {
                "name": "Allego Aarup",
                "Country": "Denmark",
                "Type": "built for trucks",
                "CPO": "Allego",
                "Total power": null,
                "Number of plugs": "2",
                "Maximum charging power": "300 kW",
                "Deployment year": null,
                "Details about deployment date": null,
                "Vehicle accessibility": null,
                "Description": null
            }
        },
        {
            "type": "Feature",
            "geometry": {
                "type": "Point",
                "coordinates": [
                    11.1420943,
                    55.3536813
                ]
            },
            "properties": {
                "name": "Allego korsør",
                "Country": "Denmark",
                "Type": "built for trucks",
                "CPO": "Allego",
                "Total power": null,
                "Number of plugs": "4",
                "Maximum charging power": "150 kW",
                "Deployment year": null,
                "Details about deployment date": null,
                "Vehicle accessibility": null,
                "Description": null
            }
        },
        {
            "type": "Feature",
            "geometry": {
                "type": "Point",
                "coordinates": [
                    11.3626409,
                    55.3876756
                ]
            },
            "properties": {
                "name": "Circle K Slagelse",
                "Country": "Denmark",
                "Type": "built for trucks",
                "CPO": "Circle K",
                "Total power": null,
                "Number of plugs": "4",
                "Maximum charging power": "400 kW",
                "Deployment year": null,
                "Details about deployment date": null,
                "Vehicle accessibility": null,
                "Description": null
            }
        },
        {
            "type": "Feature",
            "geometry": {
                "type": "Point",
                "coordinates": [
                    11.4778227,
                    54.779002
                ]
            },
            "properties": {
                "name": "Allego Maribo",
                "Country": "Denmark",
                "Type": "built for trucks",
                "CPO": "Allego",
                "Total power": null,
                "Number of plugs": "2",
                "Maximum charging power": "300 kW",
                "Deployment year": null,
                "Details about deployment date": null,
                "Vehicle accessibility": null,
                "Description": null
            }
        },
        {
            "type": "Feature",
            "geometry": {
                "type": "Point",
                "coordinates": [
                    8.1582247,
                    51.5534381
                ]
            },
            "properties": {
                "name": "Aral Pulse Soest",
                "Country": "Germany",
                "Type": "viable for trucks",
                "CPO": "Aral Pulse",
                "Total power": "900kW",
                "Number of plugs": "6",
                "Maximum charging power": "300kW",
                "Deployment year": null,
                "Details about deployment date": null,
                "Vehicle accessibility": null,
                "Description": null
            }
        },
        {
            "type": "Feature",
            "geometry": {
                "type": "Point",
                "coordinates": [
                    6.838026,
                    51.491909
                ]
            },
            "properties": {
                "name": "EnBW Ladestation - Oberhausen",
                "Country": "Germany",
                "Type": "viable for trucks",
                "CPO": "EnBW",
                "Total power": "900kW",
                "Number of plugs": "8",
                "Maximum charging power": "300kW",
                "Deployment year": null,
                "Details about deployment date": null,
                "Vehicle accessibility": null,
                "Description": null
            }
        },
        {
            "type": "Feature",
            "geometry": {
                "type": "Point",
                "coordinates": [
                    8.2982883,
                    58.2402333
                ]
            },
            "properties": {
                "name": "Uno-X Truck Lillesand West",
                "Country": "Norway",
                "Type": "built for trucks",
                "CPO": "Uno-X",
                "Total power": null,
                "Number of plugs": "4",
                "Maximum charging power": "400 kW",
                "Deployment year": null,
                "Details about deployment date": null,
                "Vehicle accessibility": null,
                "Description": null
            }
        },
        {
            "type": "Feature",
            "geometry": {
                "type": "Point",
                "coordinates": [
                    10.8607878,
                    59.9332573
                ]
            },
            "properties": {
                "name": "Uno-X Truck EL Alfaset",
                "Country": "Norway",
                "Type": "built for trucks",
                "CPO": "Uno-X",
                "Total power": null,
                "Number of plugs": "14",
                "Maximum charging power": null,
                "Deployment year": null,
                "Details about deployment date": null,
                "Vehicle accessibility": null,
                "Description": null
            }
        },
        {
            "type": "Feature",
            "geometry": {
                "type": "Point",
                "coordinates": [
                    10.773643,
                    59.8800299
                ]
            },
            "properties": {
                "name": "Uno-X Truck EL Bekkelaget",
                "Country": "Norway",
                "Type": "built for trucks",
                "CPO": "Uno-X",
                "Total power": null,
                "Number of plugs": "2",
                "Maximum charging power": null,
                "Deployment year": null,
                "Details about deployment date": null,
                "Vehicle accessibility": null,
                "Description": null
            }
        },
        {
            "type": "Feature",
            "geometry": {
                "type": "Point",
                "coordinates": [
                    10.2517931,
                    59.222805
                ]
            },
            "properties": {
                "name": "Fastcharge - E18 Furulund",
                "Country": "Norway",
                "Type": "built for trucks",
                "CPO": "Fastcharge",
                "Total power": null,
                "Number of plugs": "7",
                "Maximum charging power": null,
                "Deployment year": null,
                "Details about deployment date": null,
                "Vehicle accessibility": null,
                "Description": null
            }
        },
        {
            "type": "Feature",
            "geometry": {
                "type": "Point",
                "coordinates": [
                    -1.137855,
                    52.65444
                ]
            },
            "properties": {
                "name": "First Bus - Leicester",
                "Country": "UK",
                "Type": "viable for trucks",
                "CPO": "First Bus",
                "Total power": null,
                "Number of plugs": null,
                "Maximum charging power": "150kW",
                "Deployment year": null,
                "Details about deployment date": null,
                "Vehicle accessibility": "Suitable for HGV + Trailer",
                "Description": "Bus garage with additioanl power as busses are not always in yard during the day"
            }
        },
        {
            "type": "Feature",
            "geometry": {
                "type": "Point",
                "coordinates": [
                    -2.0959948,
                    57.157673
                ]
            },
            "properties": {
                "name": "First Bus - Aberdeen",
                "Country": "UK",
                "Type": "viable for trucks",
                "CPO": "First Bus",
                "Total power": null,
                "Number of plugs": null,
                "Maximum charging power": "150kW",
                "Deployment year": null,
                "Details about deployment date": null,
                "Vehicle accessibility": "Suitable for HGV + Trailer",
                "Description": "Bus garage with additional power as buses are not always in yard during the day"
            }
        },
        {
            "type": "Feature",
            "geometry": {
                "type": "Point",
                "coordinates": [
                    -4.2552505,
                    55.844664
                ]
            },
            "properties": {
                "name": "First Bus - Glasgow South",
                "Country": "UK",
                "Type": "viable for trucks",
                "CPO": "First Bus",
                "Total power": null,
                "Number of plugs": null,
                "Maximum charging power": "150kW",
                "Deployment year": null,
                "Details about deployment date": null,
                "Vehicle accessibility": "Suitable for HGV + Trailer",
                "Description": "Bus garage with additioanl power as busses are not always in yard during the day"
            }
        },
        {
            "type": "Feature",
            "geometry": {
                "type": "Point",
                "coordinates": [
                    -4.3534192,
                    55.877013
                ]
            },
            "properties": {
                "name": "First Bus - Glasgow West",
                "Country": "UK",
                "Type": "viable for trucks",
                "CPO": "First Bus",
                "Total power": null,
                "Number of plugs": null,
                "Maximum charging power": "150kW",
                "Deployment year": null,
                "Details about deployment date": null,
                "Vehicle accessibility": "Suitable for HGV + Trailer",
                "Description": "Bus garage with additioanl power as busses are not always in yard during the day"
            }
        },
        {
            "type": "Feature",
            "geometry": {
                "type": "Point",
                "coordinates": [
                    -1.6205665,
                    53.803381
                ]
            },
            "properties": {
                "name": "First Bus - Leeds",
                "Country": "UK",
                "Type": "viable for trucks",
                "CPO": "First Bus",
                "Total power": null,
                "Number of plugs": "57",
                "Maximum charging power": "150kW",
                "Deployment year": null,
                "Details about deployment date": null,
                "Vehicle accessibility": "Suitable for HGV + Trailer",
                "Description": "Bus garage with additioanl power as busses are not always in yard during the day"
            }
        },
        {
            "type": "Feature",
            "geometry": {
                "type": "Point",
                "coordinates": [
                    4.9696685,
                    50.36618
                ]
            },
            "properties": {
                "name": "First Bus - Newquay",
                "Country": "UK",
                "Type": "viable for trucks",
                "CPO": "First Bus",
                "Total power": null,
                "Number of plugs": null,
                "Maximum charging power": "150kW",
                "Deployment year": null,
                "Details about deployment date": null,
                "Vehicle accessibility": "Suitable for HGV + Trailer",
                "Description": "Bus garage with additioanl power as busses are not always in yard during the day"
            }
        },
        {
            "type": "Feature",
            "geometry": {
                "type": "Point",
                "coordinates": [
                    -1.0681848,
                    53.95673
                ]
            },
            "properties": {
                "name": "First Bus - York",
                "Country": "UK",
                "Type": "viable for trucks",
                "CPO": "First Bus",
                "Total power": null,
                "Number of plugs": "53",
                "Maximum charging power": "150kW",
                "Deployment year": null,
                "Details about deployment date": null,
                "Vehicle accessibility": "Suitable for HGV + Trailer",
                "Description": "Bus garage with additioanl power as busses are not always in yard during the day"
            }
        },
        {
            "type": "Feature",
            "geometry": {
                "type": "Point",
                "coordinates": [
                    1.3276851,
                    52.649672
                ]
            },
            "properties": {
                "name": "First Bus - Norwich",
                "Country": "UK",
                "Type": "viable for trucks",
                "CPO": "First Bus",
                "Total power": null,
                "Number of plugs": "70",
                "Maximum charging power": "150kW",
                "Deployment year": null,
                "Details about deployment date": null,
                "Vehicle accessibility": "Suitable for HGV + Trailer",
                "Description": "Bus garage with additioanl power as busses are not always in yard during the day"
            }
        },
        {
            "type": "Feature",
            "geometry": {
                "type": "Point",
                "coordinates": [
                    -1.1790628,
                    50.8390458
                ]
            },
            "properties": {
                "name": "First Bus - Hoeford",
                "Country": "UK",
                "Type": "viable for trucks",
                "CPO": "First Bus",
                "Total power": null,
                "Number of plugs": "62",
                "Maximum charging power": "150kW",
                "Deployment year": null,
                "Details about deployment date": null,
                "Vehicle accessibility": "Suitable for HGV + Trailer",
                "Description": "Bus garage with additioanl power as busses are not always in yard during the day"
            }
        },
        {
            "type": "Feature",
            "geometry": {
                "type": "Point",
                "coordinates": [
                    23.79805,
                    45.8816
                ]
            },
            "properties": {
                "name": "OMV Petrom - Miercurea Sibiului",
                "Country": "Romania",
                "Type": "built for trucks",
                "CPO": "OMV Petrom",
                "Total power": "10 MW",
                "Number of plugs": "18",
                "Maximum charging power": "400 kW",
                "Deployment year": null,
                "Details about deployment date": null,
                "Vehicle accessibility": null,
                "Description": "On both side of the highway with 9 plugs each side. Precise location tbc. https://trans.info/en/romania-electric-charging-410192"
            }
        },
        {
            "type": "Feature",
            "geometry": {
                "type": "Point",
                "coordinates": [
                    10.854413,
                    49.6984529
                ]
            },
            "properties": {
                "name": "Aral Pulse - Gremsdorf",
                "Country": "Germany",
                "Type": "built for trucks",
                "CPO": "Aral Pulse",
                "Total power": "2400 kW",
                "Number of plugs": "2",
                "Maximum charging power": "300 kW",
                "Deployment year": null,
                "Details about deployment date": null,
                "Vehicle accessibility": null,
                "Description": "2x300kW only for trucks"
            }
        },
        {
            "type": "Feature",
            "geometry": {
                "type": "Point",
                "coordinates": [
                    9.9725264,
                    51.7309799
                ]
            },
            "properties": {
                "name": "Aral Pulse - Northeim",
                "Country": "Germany",
                "Type": "viable for trucks",
                "CPO": "Aral Pulse",
                "Total power": "1200kW",
                "Number of plugs": "8",
                "Maximum charging power": "300kW",
                "Deployment year": null,
                "Details about deployment date": null,
                "Vehicle accessibility": null,
                "Description": null
            }
        },
        {
            "type": "Feature",
            "geometry": {
                "type": "Point",
                "coordinates": [
                    8.0293851,
                    47.3294397
                ]
            },
            "properties": {
                "name": "Raststätte Kölliken - Nord",
                "Country": "Switzerland ",
                "Type": "built for trucks",
                "CPO": "SOCAR Charge",
                "Total power": "1200kW",
                "Number of plugs": "10",
                "Maximum charging power": "400",
                "Deployment year": "2025",
                "Details about deployment date": null,
                "Vehicle accessibility": null,
                "Description": null
            }
        },
        {
            "type": "Feature",
            "geometry": {
                "type": "Point",
                "coordinates": [
                    8.021488,
                    47.3232705
                ]
            },
            "properties": {
                "name": "Raststätte Kölliken Süd",
                "Country": "Switzerland ",
                "Type": "viable for trucks",
                "CPO": "GOFAST",
                "Total power": "600kW",
                "Number of plugs": "4",
                "Maximum charging power": "300kW",
                "Deployment year": "2025",
                "Details about deployment date": null,
                "Vehicle accessibility": null,
                "Description": null
            }
        },
        {
            "type": "Feature",
            "geometry": {
                "type": "Point",
                "coordinates": [
                    11.3196555,
                    46.4762098
                ]
            },
            "properties": {
                "name": "Truck Parking Autoporto Firmian",
                "Country": "Italy",
                "Type": "built for trucks - MCS",
                "CPO": "Alpitronic",
                "Total power": null,
                "Number of plugs": "3",
                "Maximum charging power": "1000 kW",
                "Deployment year": null,
                "Details about deployment date": null,
                "Vehicle accessibility": null,
                "Description": "https://www.electrive.com/2025/05/26/brennerautobahn-and-alpitronic-put-megawatt-charging-system-into-operation-in-bolzano/"
            }
        },
        {
            "type": "Feature",
            "geometry": {
                "type": "Point",
                "coordinates": [
                    8.6350966,
                    52.0182245
                ]
            },
            "properties": {
                "name": "EnBW/AdB  - Lipperland Süd",
                "Country": "Germany",
                "Type": "built for trucks",
                "CPO": "EnBW-AdB",
                "Total power": "1,6 MW",
                "Number of plugs": "4",
                "Maximum charging power": "1 MW",
                "Deployment year": "2025",
                "Details about deployment date": "August 2025",
                "Vehicle accessibility": null,
                "Description": "Will be used for HoLa project"
            }
        },
        {
            "type": "Feature",
            "geometry": {
                "type": "Point",
                "coordinates": [
                    0.164002,
                    47.2167581
                ]
            },
            "properties": {
                "name": "OREVE - Avoine",
                "Country": "France",
                "Type": "built for trucks",
                "CPO": "OREVE",
                "Total power": "1600",
                "Number of plugs": "4",
                "Maximum charging power": "360 kW",
                "Deployment year": null,
                "Details about deployment date": "02/07/2024",
                "Vehicle accessibility": "trucks & vans",
                "Description": "private location"
            }
        },
        {
            "type": "Feature",
            "geometry": {
                "type": "Point",
                "coordinates": [
                    4.7425532,
                    52.0705906
                ]
            },
            "properties": {
                "name": "Aral pulse - Bodegraven",
                "Country": "The Netherlands",
                "Type": "built for trucks",
                "CPO": "Aral pulse",
                "Total power": null,
                "Number of plugs": "1",
                "Maximum charging power": "300 kW",
                "Deployment year": null,
                "Details about deployment date": null,
                "Vehicle accessibility": null,
                "Description": "https://map.bp.com/nl-NL/NL/tankstation/bodegraven/bp-bodegraven-automaat-trucks/855831225"
            }
        },
        {
            "type": "Feature",
            "geometry": {
                "type": "Point",
                "coordinates": [
                    11.6717247,
                    52.2051187
                ]
            },
            "properties": {
                "name": "Aral pulse / BP Magdeburg",
                "Country": "Germany",
                "Type": "built for trucks",
                "CPO": "Aral pulse",
                "Total power": "600kW",
                "Number of plugs": "4",
                "Maximum charging power": "300 kW",
                "Deployment year": "TBC",
                "Details about deployment date": null,
                "Vehicle accessibility": null,
                "Description": null
            }
        },
        {
            "type": "Feature",
            "geometry": {
                "type": "Point",
                "coordinates": [
                    4.770132,
                    45.8035712
                ]
            },
            "properties": {
                "name": "Engie Vianeo DARDILLY",
                "Country": "France",
                "Type": "built for trucks",
                "CPO": "ENGIE",
                "Total power": "1600",
                "Number of plugs": "4",
                "Maximum charging power": "400",
                "Deployment year": "2025",
                "Details about deployment date": null,
                "Vehicle accessibility": "only Paris to Lyon direction",
                "Description": null
            }
        },
        {
            "type": "Feature",
            "geometry": {
                "type": "Point",
                "coordinates": [
                    9.3805376,
                    54.7949393
                ]
            },
            "properties": {
                "name": "E.ON Drive - Harrislee",
                "Country": "Germany",
                "Type": "viable for trucks",
                "CPO": "E.ON Drive",
                "Total power": "800",
                "Number of plugs": "4",
                "Maximum charging power": "400",
                "Deployment year": "2025",
                "Details about deployment date": null,
                "Vehicle accessibility": null,
                "Description": null
            }
        },
        {
            "type": "Feature",
            "geometry": {
                "type": "Point",
                "coordinates": [
                    3.2009987,
                    51.2472015
                ]
            },
            "properties": {
                "name": "Bruges - Derma Trucks",
                "Country": "Belgium",
                "Type": "viable for trucks",
                "CPO": "Dealer",
                "Total power": null,
                "Number of plugs": "2",
                "Maximum charging power": "150 kW",
                "Deployment year": null,
                "Details about deployment date": null,
                "Vehicle accessibility": null,
                "Description": null
            }
        },
        {
            "type": "Feature",
            "geometry": {
                "type": "Point",
                "coordinates": [
                    3.2321392,
                    50.9807658
                ]
            },
            "properties": {
                "name": "G&V Charging Station",
                "Country": "Belgium",
                "Type": "built for trucks",
                "CPO": null,
                "Total power": null,
                "Number of plugs": "2",
                "Maximum charging power": "350 kW",
                "Deployment year": null,
                "Details about deployment date": null,
                "Vehicle accessibility": null,
                "Description": null
            }
        },
        {
            "type": "Feature",
            "geometry": {
                "type": "Point",
                "coordinates": [
                    3.3201674,
                    50.8187755
                ]
            },
            "properties": {
                "name": "Nebim Zwevegem",
                "Country": "Belgium",
                "Type": "viable for trucks",
                "CPO": null,
                "Total power": null,
                "Number of plugs": "2",
                "Maximum charging power": "150 kW",
                "Deployment year": null,
                "Details about deployment date": null,
                "Vehicle accessibility": null,
                "Description": null
            }
        },
        {
            "type": "Feature",
            "geometry": {
                "type": "Point",
                "coordinates": [
                    4.4503896,
                    51.1202874
                ]
            },
            "properties": {
                "name": "Sparki Charging Station",
                "Country": "Belgium",
                "Type": "viable for trucks",
                "CPO": "Sparki",
                "Total power": null,
                "Number of plugs": null,
                "Maximum charging power": "320 kW",
                "Deployment year": null,
                "Details about deployment date": null,
                "Vehicle accessibility": null,
                "Description": null
            }
        },
        {
            "type": "Feature",
            "geometry": {
                "type": "Point",
                "coordinates": [
                    4.4881862,
                    51.0874238
                ]
            },
            "properties": {
                "name": "Duffel - Gabriëls",
                "Country": "Belgium",
                "Type": "viable for trucks",
                "CPO": null,
                "Total power": null,
                "Number of plugs": null,
                "Maximum charging power": "300 kW",
                "Deployment year": null,
                "Details about deployment date": null,
                "Vehicle accessibility": null,
                "Description": null
            }
        },
        {
            "type": "Feature",
            "geometry": {
                "type": "Point",
                "coordinates": [
                    -1.4663998,
                    54.9189879
                ]
            },
            "properties": {
                "name": "Nissan Motor Manufacturing UK Ltd",
                "Country": "UK",
                "Type": "built for trucks",
                "CPO": "GridServe",
                "Total power": "3.6MW",
                "Number of plugs": "10",
                "Maximum charging power": "360",
                "Deployment year": "2025",
                "Details about deployment date": null,
                "Vehicle accessibility": null,
                "Description": null
            }
        },
        {
            "type": "Feature",
            "geometry": {
                "type": "Point",
                "coordinates": [
                    -4.9697126,
                    50.3661693
                ]
            },
            "properties": {
                "name": "First Bus - New Quay",
                "Country": "UK",
                "Type": "viable for trucks",
                "CPO": "First Bus",
                "Total power": null,
                "Number of plugs": "8",
                "Maximum charging power": "150kW",
                "Deployment year": "2025",
                "Details about deployment date": null,
                "Vehicle accessibility": null,
                "Description": null
            }
        },
        {
            "type": "Feature",
            "geometry": {
                "type": "Point",
                "coordinates": [
                    -3.4652955,
                    51.2029804
                ]
            },
            "properties": {
                "name": "First Bus Minehead",
                "Country": "UK",
                "Type": "viable for trucks",
                "CPO": "First Bus",
                "Total power": null,
                "Number of plugs": "8",
                "Maximum charging power": "150",
                "Deployment year": "2026",
                "Details about deployment date": null,
                "Vehicle accessibility": null,
                "Description": "Large van - small van compatible"
            }
        },
        {
            "type": "Feature",
            "geometry": {
                "type": "Point",
                "coordinates": [
                    -2.5662966,
                    51.4610744
                ]
            },
            "properties": {
                "name": "First Bus Bristol",
                "Country": "UK",
                "Type": "viable for trucks",
                "CPO": "First Bus",
                "Total power": null,
                "Number of plugs": "93",
                "Maximum charging power": "150kW",
                "Deployment year": "2025",
                "Details about deployment date": null,
                "Vehicle accessibility": null,
                "Description": null
            }
        },
        {
            "type": "Feature",
            "geometry": {
                "type": "Point",
                "coordinates": [
                    -2.9786131,
                    51.3466216
                ]
            },
            "properties": {
                "name": "First Bus Weston-Super-Mare",
                "Country": "UK",
                "Type": "viable for trucks",
                "CPO": "First Bus",
                "Total power": null,
                "Number of plugs": "33",
                "Maximum charging power": "150kW",
                "Deployment year": "2025",
                "Details about deployment date": null,
                "Vehicle accessibility": null,
                "Description": "Large van and small van compatible "
            }
        },
        {
            "type": "Feature",
            "geometry": {
                "type": "Point",
                "coordinates": [
                    -3.0848057,
                    51.0175106
                ]
            },
            "properties": {
                "name": "First Bus Taunton",
                "Country": "UK",
                "Type": "viable for trucks",
                "CPO": "First Bus",
                "Total power": null,
                "Number of plugs": "21",
                "Maximum charging power": "150kW",
                "Deployment year": "2025",
                "Details about deployment date": null,
                "Vehicle accessibility": null,
                "Description": null
            }
        },
        {
            "type": "Feature",
            "geometry": {
                "type": "Point",
                "coordinates": [
                    -0.35139,
                    51.4338887
                ]
            },
            "properties": {
                "name": "First Bus Fulwell",
                "Country": "UK",
                "Type": "viable for trucks",
                "CPO": "First Bus",
                "Total power": null,
                "Number of plugs": "6",
                "Maximum charging power": "150",
                "Deployment year": "2026",
                "Details about deployment date": null,
                "Vehicle accessibility": null,
                "Description": "Large van and small van compatible"
            }
        },
        {
            "type": "Feature",
            "geometry": {
                "type": "Point",
                "coordinates": [
                    -0.202528,
                    52.014611
                ]
            },
            "properties": {
                "name": "Gridserve - Baldock Services",
                "Country": "UK",
                "Type": "built for trucks",
                "CPO": "Gridserve",
                "Total power": null,
                "Number of plugs": "6",
                "Maximum charging power": "350kW",
                "Deployment year": "2026",
                "Details about deployment date": null,
                "Vehicle accessibility": "Purpose built for trucks",
                "Description": null
            }
        },
        {
            "type": "Feature",
            "geometry": {
                "type": "Point",
                "coordinates": [
                    -3.4635514,
                    50.7166648
                ]
            },
            "properties": {
                "name": "Gridserve - Moto Exeter",
                "Country": "UK",
                "Type": "built for trucks",
                "CPO": "Gridserve",
                "Total power": null,
                "Number of plugs": "4",
                "Maximum charging power": "350kW",
                "Deployment year": "2026",
                "Details about deployment date": null,
                "Vehicle accessibility": "Purpose built for trucks",
                "Description": null
            }
        },
        {
            "type": "Feature",
            "geometry": {
                "type": "Point",
                "coordinates": [
                    1.383435,
                    52.628001
                ]
            },
            "properties": {
                "name": "Gridserve - Norwich",
                "Country": "UK",
                "Type": "viable for trucks",
                "CPO": "Gridserve",
                "Total power": null,
                "Number of plugs": "22",
                "Maximum charging power": "350",
                "Deployment year": "2025",
                "Details about deployment date": null,
                "Vehicle accessibility": null,
                "Description": null
            }
        },
        {
            "type": "Feature",
            "geometry": {
                "type": "Point",
                "coordinates": [
                    5.8615055,
                    45.2440284
                ]
            },
            "properties": {
                "name": "Fastned - Saint Nazaire les Eymes",
                "Country": "France",
                "Type": "viable for trucks",
                "CPO": "Fastned",
                "Total power": null,
                "Number of plugs": "4",
                "Maximum charging power": "300 kW",
                "Deployment year": null,
                "Details about deployment date": null,
                "Vehicle accessibility": "Ok with semi-trailer",
                "Description": null
            }
        },
        {
            "type": "Feature",
            "geometry": {
                "type": "Point",
                "coordinates": [
                    14.1618582,
                    57.7467973
                ]
            },
            "properties": {
                "name": "OKQ8 - Jönköping",
                "Country": "Sweden",
                "Type": "built for trucks",
                "CPO": "OKQ8",
                "Total power": null,
                "Number of plugs": "2",
                "Maximum charging power": "350 kW",
                "Deployment year": null,
                "Details about deployment date": null,
                "Vehicle accessibility": null,
                "Description": null
            }
        },
        {
            "type": "Feature",
            "geometry": {
                "type": "Point",
                "coordinates": [
                    18.118015,
                    59.146137
                ]
            },
            "properties": {
                "name": "OKQ8 Charging Station",
                "Country": "Sweden",
                "Type": "built for trucks",
                "CPO": "OKQ8",
                "Total power": null,
                "Number of plugs": "4",
                "Maximum charging power": "350 kW",
                "Deployment year": null,
                "Details about deployment date": null,
                "Vehicle accessibility": null,
                "Description": null
            }
        },
        {
            "type": "Feature",
            "geometry": {
                "type": "Point",
                "coordinates": [
                    12.2741164,
                    57.1671998
                ]
            },
            "properties": {
                "name": "Milence - Varberg",
                "Country": "Sweden",
                "Type": "built for trucks",
                "CPO": "Milence",
                "Total power": null,
                "Number of plugs": "8",
                "Maximum charging power": "400 kW",
                "Deployment year": null,
                "Details about deployment date": null,
                "Vehicle accessibility": null,
                "Description": null
            }
        },
        {
            "type": "Feature",
            "geometry": {
                "type": "Point",
                "coordinates": [
                    18.751848,
                    63.302724
                ]
            },
            "properties": {
                "name": "OKQ8 - Örnsköldsvik",
                "Country": "Sweden",
                "Type": "built for trucks",
                "CPO": "OKQ8",
                "Total power": null,
                "Number of plugs": "2",
                "Maximum charging power": "350 kW",
                "Deployment year": null,
                "Details about deployment date": null,
                "Vehicle accessibility": null,
                "Description": null
            }
        },
        {
            "type": "Feature",
            "geometry": {
                "type": "Point",
                "coordinates": [
                    20.3284082,
                    63.8108648
                ]
            },
            "properties": {
                "name": "OKQ8 - Umeå",
                "Country": "Sweden",
                "Type": "built for trucks",
                "CPO": "OKQ8",
                "Total power": null,
                "Number of plugs": "2",
                "Maximum charging power": "400 kW",
                "Deployment year": null,
                "Details about deployment date": null,
                "Vehicle accessibility": null,
                "Description": null
            }
        },
        {
            "type": "Feature",
            "geometry": {
                "type": "Point",
                "coordinates": [
                    21.0036153,
                    64.7623311
                ]
            },
            "properties": {
                "name": "OKQ8 - Skellefteå",
                "Country": "Sweden",
                "Type": "built for trucks",
                "CPO": "OKQ8",
                "Total power": null,
                "Number of plugs": "2",
                "Maximum charging power": "350 kW",
                "Deployment year": null,
                "Details about deployment date": null,
                "Vehicle accessibility": null,
                "Description": null
            }
        },
        {
            "type": "Feature",
            "geometry": {
                "type": "Point",
                "coordinates": [
                    10.8048318,
                    60.9127124
                ]
            },
            "properties": {
                "name": "Fastcharge - Rudshøgda",
                "Country": "Norway",
                "Type": "built for trucks",
                "CPO": "Fastcharge",
                "Total power": null,
                "Number of plugs": "6",
                "Maximum charging power": "400 kW",
                "Deployment year": null,
                "Details about deployment date": null,
                "Vehicle accessibility": null,
                "Description": null
            }
        },
        {
            "type": "Feature",
            "geometry": {
                "type": "Point",
                "coordinates": [
                    10.2268937,
                    60.1980208
                ]
            },
            "properties": {
                "name": "Fastcharge - Hønefoss",
                "Country": "Norway",
                "Type": "built for trucks",
                "CPO": "Fastcharge",
                "Total power": null,
                "Number of plugs": "2",
                "Maximum charging power": "250 kW",
                "Deployment year": null,
                "Details about deployment date": null,
                "Vehicle accessibility": null,
                "Description": null
            }
        },
        {
            "type": "Feature",
            "geometry": {
                "type": "Point",
                "coordinates": [
                    10.2874507,
                    59.248725
                ]
            },
            "properties": {
                "name": "Fastcharge - Stokke ",
                "Country": "Norway",
                "Type": "built for trucks",
                "CPO": "Fastcharge ",
                "Total power": null,
                "Number of plugs": "4",
                "Maximum charging power": "400 kW",
                "Deployment year": null,
                "Details about deployment date": null,
                "Vehicle accessibility": null,
                "Description": null
            }
        },
        {
            "type": "Feature",
            "geometry": {
                "type": "Point",
                "coordinates": [
                    17.1994725,
                    49.3194764
                ]
            },
            "properties": {
                "name": "E.ON - Mořice",
                "Country": "Czech Republic",
                "Type": "built for trucks",
                "CPO": "E.ON",
                "Total power": null,
                "Number of plugs": "4",
                "Maximum charging power": "400 kW",
                "Deployment year": null,
                "Details about deployment date": null,
                "Vehicle accessibility": null,
                "Description": null
            }
        },
        {
            "type": "Feature",
            "geometry": {
                "type": "Point",
                "coordinates": [
                    6.9137424,
                    47.642369
                ]
            },
            "properties": {
                "name": "IONITY BESSONCOURT",
                "Country": "FRANCE",
                "Type": "viable for trucks",
                "CPO": "IONITY",
                "Total power": null,
                "Number of plugs": null,
                "Maximum charging power": "350",
                "Deployment year": "2025",
                "Details about deployment date": null,
                "Vehicle accessibility": null,
                "Description": null
            }
        },
        {
            "type": "Feature",
            "geometry": {
                "type": "Point",
                "coordinates": [
                    17.1994725,
                    49.3194764
                ]
            },
            "properties": {
                "name": "E.ON Drive Charging Station",
                "Country": "Czech Republic",
                "Type": "built for trucks",
                "CPO": "E.ON",
                "Total power": null,
                "Number of plugs": "4",
                "Maximum charging power": "400 kW",
                "Deployment year": "2025",
                "Details about deployment date": null,
                "Vehicle accessibility": null,
                "Description": null
            }
        },
        {
            "type": "Feature",
            "geometry": {
                "type": "Point",
                "coordinates": [
                    9.361166,
                    54.8597774
                ]
            },
            "properties": {
                "name": "Uno-X Padborg",
                "Country": "Denmark",
                "Type": "built for trucks",
                "CPO": "Uno-X",
                "Total power": null,
                "Number of plugs": "4",
                "Maximum charging power": "400 kW",
                "Deployment year": "2025",
                "Details about deployment date": null,
                "Vehicle accessibility": null,
                "Description": null
            }
        },
        {
            "type": "Feature",
            "geometry": {
                "type": "Point",
                "coordinates": [
                    19.3060005,
                    47.4343573
                ]
            },
            "properties": {
                "name": "Volvo Group Hungary Truck Center",
                "Country": "Hungary",
                "Type": "built for trucks",
                "CPO": null,
                "Total power": null,
                "Number of plugs": "2",
                "Maximum charging power": "80 kW",
                "Deployment year": null,
                "Details about deployment date": null,
                "Vehicle accessibility": null,
                "Description": null
            }
        },
        {
            "type": "Feature",
            "geometry": {
                "type": "Point",
                "coordinates": [
                    21.1341628,
                    47.8429295
                ]
            },
            "properties": {
                "name": "Volvo Group Truck Center - Polgar",
                "Country": "Hungary",
                "Type": "built for trucks",
                "CPO": null,
                "Total power": null,
                "Number of plugs": "1",
                "Maximum charging power": "50 kW",
                "Deployment year": null,
                "Details about deployment date": null,
                "Vehicle accessibility": null,
                "Description": null
            }
        },
        {
            "type": "Feature",
            "geometry": {
                "type": "Point",
                "coordinates": [
                    8.8893639,
                    53.0336803
                ]
            },
            "properties": {
                "name": "Daimler Truck AG - Nutzfahrzeugzentrum Bremen",
                "Country": "Germany",
                "Type": "built for trucks",
                "CPO": "ChargePoint",
                "Total power": "150kW",
                "Number of plugs": "2",
                "Maximum charging power": "150kW",
                "Deployment year": null,
                "Details about deployment date": null,
                "Vehicle accessibility": null,
                "Description": null
            }
        },
        {
            "type": "Feature",
            "geometry": {
                "type": "Point",
                "coordinates": [
                    8.622,
                    46.8961666666667
                ]
            },
            "properties": {
                "name": "Flüelen ",
                "Country": "Switzerland",
                "Type": "built for trucks",
                "CPO": "Krummen Kerzers AG",
                "Total power": "800 kW",
                "Number of plugs": "2",
                "Maximum charging power": "400 kW",
                "Deployment year": "2025",
                "Details about deployment date": null,
                "Vehicle accessibility": null,
                "Description": "Halb-Öffentliche Ladestation, nur möglich via Website und Buchung Slot"
            }
        },
        {
            "type": "Feature",
            "geometry": {
                "type": "Point",
                "coordinates": [
                    9.4699035,
                    55.5375564
                ]
            },
            "properties": {
                "name": "Uno-X Merkurvej 23",
                "Country": "Denmark",
                "Type": "built for trucks",
                "CPO": "Uno X",
                "Total power": null,
                "Number of plugs": "2",
                "Maximum charging power": "400 kw",
                "Deployment year": "2025",
                "Details about deployment date": null,
                "Vehicle accessibility": null,
                "Description": null
            }
        },
        {
            "type": "Feature",
            "geometry": {
                "type": "Point",
                "coordinates": [
                    9.3516201,
                    54.8316978
                ]
            },
            "properties": {
                "name": "Circle K",
                "Country": "Denmark",
                "Type": "built for trucks",
                "CPO": "Circle K",
                "Total power": null,
                "Number of plugs": "4",
                "Maximum charging power": "400 kW",
                "Deployment year": null,
                "Details about deployment date": null,
                "Vehicle accessibility": null,
                "Description": null
            }
        },
        {
            "type": "Feature",
            "geometry": {
                "type": "Point",
                "coordinates": [
                    10.043098,
                    49.1349337
                ]
            },
            "properties": {
                "name": "Roll E-Ladepark",
                "Country": "Germany",
                "Type": "built for trucks",
                "CPO": "Roll Nutzfahrzeuge",
                "Total power": "1200kW",
                "Number of plugs": "3",
                "Maximum charging power": "400kW",
                "Deployment year": "2025",
                "Details about deployment date": null,
                "Vehicle accessibility": null,
                "Description": "3 Plugs each 400kW possible"
            }
        },
        {
            "type": "Feature",
            "geometry": {
                "type": "Point",
                "coordinates": [
                    7.754,
                    50.4895833333333
                ]
            },
            "properties": {
                "name": "Milence - Mogendorf",
                "Country": "Germany",
                "Type": "built for trucks",
                "CPO": "Milence",
                "Total power": "1600kW",
                "Number of plugs": "8",
                "Maximum charging power": "400kW",
                "Deployment year": "2025",
                "Details about deployment date": null,
                "Vehicle accessibility": null,
                "Description": null
            }
        },
        {
            "type": "Feature",
            "geometry": {
                "type": "Point",
                "coordinates": [
                    23.776934,
                    61.485659
                ]
            },
            "properties": {
                "name": "Plugit - Viinikka",
                "Country": "Finland",
                "Type": "built for trucks",
                "CPO": "Plugit ",
                "Total power": null,
                "Number of plugs": "3",
                "Maximum charging power": "360 kW",
                "Deployment year": null,
                "Details about deployment date": null,
                "Vehicle accessibility": null,
                "Description": "https://charging.fi/location/4260/PRO+DC+-+Viinikka/"
            }
        },
        {
            "type": "Feature",
            "geometry": {
                "type": "Point",
                "coordinates": [
                    24.5976466,
                    60.8551883
                ]
            },
            "properties": {
                "name": "Neste - Linnatuuli",
                "Country": "Finland",
                "Type": "built for trucks",
                "CPO": "Neste",
                "Total power": null,
                "Number of plugs": "1",
                "Maximum charging power": "400 kW",
                "Deployment year": null,
                "Details about deployment date": null,
                "Vehicle accessibility": null,
                "Description": "https://charging.fi/location/844/Neste+Linnatuuli+ita+PN/"
            }
        },
        {
            "type": "Feature",
            "geometry": {
                "type": "Point",
                "coordinates": [
                    23.6895467,
                    61.4509575
                ]
            },
            "properties": {
                "name": "Plugit - Linnakallio",
                "Country": "Finland",
                "Type": "built for trucks",
                "CPO": "Plugit ",
                "Total power": null,
                "Number of plugs": "1",
                "Maximum charging power": "360 kW",
                "Deployment year": null,
                "Details about deployment date": null,
                "Vehicle accessibility": null,
                "Description": "https://charging.fi/location/4411/ProDC+-+Linnakallio/"
            }
        },
        {
            "type": "Feature",
            "geometry": {
                "type": "Point",
                "coordinates": [
                    22.0653172,
                    60.4676181
                ]
            },
            "properties": {
                "name": "Plugit- Naantali",
                "Country": "Finland",
                "Type": "built for trucks",
                "CPO": "Plugit",
                "Total power": null,
                "Number of plugs": "2",
                "Maximum charging power": "360 kW",
                "Deployment year": null,
                "Details about deployment date": null,
                "Vehicle accessibility": null,
                "Description": "https://charging.fi/location/4366/Ahola+Transport+-+Naantali+julkinen/"
            }
        },
        {
            "type": "Feature",
            "geometry": {
                "type": "Point",
                "coordinates": [
                    7.696451,
                    49.204547
                ]
            },
            "properties": {
                "name": "Pfalzwerke - Ruppertsweiler",
                "Country": "Germany",
                "Type": "built for trucks",
                "CPO": "Pfalzwerke",
                "Total power": null,
                "Number of plugs": "3",
                "Maximum charging power": "360 kW",
                "Deployment year": null,
                "Details about deployment date": null,
                "Vehicle accessibility": null,
                "Description": null
            }
        },
        {
            "type": "Feature",
            "geometry": {
                "type": "Point",
                "coordinates": [
                    7.6151464,
                    46.8783691
                ]
            },
            "properties": {
                "name": "AGROLA - Konolfingen",
                "Country": "Switzerland",
                "Type": "built for trucks",
                "CPO": "Agrola",
                "Total power": "600 kW",
                "Number of plugs": "2",
                "Maximum charging power": "600 kW",
                "Deployment year": null,
                "Details about deployment date": null,
                "Vehicle accessibility": null,
                "Description": "https://www.agrola.ch/fr/communique-presse.html"
            }
        },
        {
            "type": "Feature",
            "geometry": {
                "type": "Point",
                "coordinates": [
                    0.1610708,
                    52.1015475
                ]
            },
            "properties": {
                "name": "Welch’s Transport Ltd - Duxford",
                "Country": "UK",
                "Type": "built for trucks",
                "CPO": "Own",
                "Total power": "150kW",
                "Number of plugs": "1",
                "Maximum charging power": "150kW",
                "Deployment year": "2022",
                "Details about deployment date": null,
                "Vehicle accessibility": "Within haulage yard, good access",
                "Description": "access on pre - approval"
            }
        },
        {
            "type": "Feature",
            "geometry": {
                "type": "Point",
                "coordinates": [
                    12.2588169,
                    55.9281752
                ]
            },
            "properties": {
                "name": "Norlys-ladestation @ Volvo Truck Center",
                "Country": "Denmark",
                "Type": "built for trucks",
                "CPO": "Norlys",
                "Total power": null,
                "Number of plugs": "4",
                "Maximum charging power": "400 kW",
                "Deployment year": null,
                "Details about deployment date": null,
                "Vehicle accessibility": null,
                "Description": "Open 7-16"
            }
        },
        {
            "type": "Feature",
            "geometry": {
                "type": "Point",
                "coordinates": [
                    4.730864,
                    51.481165
                ]
            },
            "properties": {
                "name": "Road Charging Station",
                "Country": "Belgium",
                "Type": "built for trucks",
                "CPO": "Privately own",
                "Total power": null,
                "Number of plugs": "12",
                "Maximum charging power": "400 kW",
                "Deployment year": "2025",
                "Details about deployment date": null,
                "Vehicle accessibility": null,
                "Description": "Privately own by a company but open 24h"
            }
        },
        {
            "type": "Feature",
            "geometry": {
                "type": "Point",
                "coordinates": [
                    4.9070754,
                    45.6912474
                ]
            },
            "properties": {
                "name": "OREVE - Vénissiex",
                "Country": "France",
                "Type": "built for trucks",
                "CPO": "OREVE",
                "Total power": "1440 kW",
                "Number of plugs": "4",
                "Maximum charging power": "360 kW",
                "Deployment year": "2025",
                "Details about deployment date": null,
                "Vehicle accessibility": "cars / vans / trucks",
                "Description": null
            }
        },
        {
            "type": "Feature",
            "geometry": {
                "type": "Point",
                "coordinates": [
                    -0.8279364,
                    47.1350985
                ]
            },
            "properties": {
                "name": "Plenitude / Enilive TREMENTINE",
                "Country": "FRANCE",
                "Type": "built for trucks",
                "CPO": "Plenitude / Enilive",
                "Total power": "1600",
                "Number of plugs": "4",
                "Maximum charging power": "400",
                "Deployment year": "2025",
                "Details about deployment date": null,
                "Vehicle accessibility": null,
                "Description": null
            }
        },
        {
            "type": "Feature",
            "geometry": {
                "type": "Point",
                "coordinates": [
                    3.81065148540356,
                    45.8559916429795
                ]
            },
            "properties": {
                "name": "Plenitude / Enilive - Aire du Haut Forez Nord",
                "Country": "France",
                "Type": "built for trucks",
                "CPO": "ENI",
                "Total power": null,
                "Number of plugs": "1",
                "Maximum charging power": "400 kW",
                "Deployment year": null,
                "Details about deployment date": null,
                "Vehicle accessibility": null,
                "Description": null
            }
        },
        {
            "type": "Feature",
            "geometry": {
                "type": "Point",
                "coordinates": [
                    3.81330374136819,
                    45.8551412938904
                ]
            },
            "properties": {
                "name": "Plenitude / Enilive - Aire du Haut Forez Sud",
                "Country": "France",
                "Type": "built for trucks",
                "CPO": "Plenitude / Enilive",
                "Total power": null,
                "Number of plugs": "2",
                "Maximum charging power": "400 kW",
                "Deployment year": null,
                "Details about deployment date": null,
                "Vehicle accessibility": null,
                "Description": null
            }
        },
        {
            "type": "Feature",
            "geometry": {
                "type": "Point",
                "coordinates": [
                    26.0520409,
                    42.4532068
                ]
            },
            "properties": {
                "name": "FINES - Trakia 243 Burgas",
                "Country": "Bulgaria",
                "Type": "built for trucks - MCS",
                "CPO": "FINES",
                "Total power": null,
                "Number of plugs": "1",
                "Maximum charging power": "1000 kW",
                "Deployment year": null,
                "Details about deployment date": null,
                "Vehicle accessibility": null,
                "Description": "https://finescharging.com/en/location/LV-TRAKIA243-S"
            }
        },
        {
            "type": "Feature",
            "geometry": {
                "type": "Point",
                "coordinates": [
                    16.7126578,
                    54.4886587
                ]
            },
            "properties": {
                "name": "BeReady2GO - Postomino",
                "Country": "Poland",
                "Type": "built for trucks",
                "CPO": "BeReady2GO",
                "Total power": "240",
                "Number of plugs": "2",
                "Maximum charging power": "200",
                "Deployment year": "2025",
                "Details about deployment date": null,
                "Vehicle accessibility": "Dedicated for trucks",
                "Description": "Newly open eTruck charging station"
            }
        },
        {
            "type": "Feature",
            "geometry": {
                "type": "Point",
                "coordinates": [
                    16.7539844,
                    51.0195375
                ]
            },
            "properties": {
                "name": "GreenWay Charging Station",
                "Country": "Poland",
                "Type": "built for trucks",
                "CPO": "Greenway",
                "Total power": "800",
                "Number of plugs": "2",
                "Maximum charging power": "400",
                "Deployment year": "2025",
                "Details about deployment date": null,
                "Vehicle accessibility": "Dedicated for trucks",
                "Description": null
            }
        },
        {
            "type": "Feature",
            "geometry": {
                "type": "Point",
                "coordinates": [
                    10.5998069,
                    48.4068703
                ]
            },
            "properties": {
                "name": "Sortimo Innovationspark Zusmarshausen (SIZ)",
                "Country": "Germany",
                "Type": "viable for trucks",
                "CPO": null,
                "Total power": "1800kW",
                "Number of plugs": "12",
                "Maximum charging power": "300",
                "Deployment year": "2024",
                "Details about deployment date": null,
                "Vehicle accessibility": null,
                "Description": null
            }
        },
        {
            "type": "Feature",
            "geometry": {
                "type": "Point",
                "coordinates": [
                    2.4636853,
                    48.9804123
                ]
            },
            "properties": {
                "name": "AS24 TruckShop Gonesse",
                "Country": "FRANCE",
                "Type": "built for trucks",
                "CPO": "AS24",
                "Total power": null,
                "Number of plugs": "14",
                "Maximum charging power": "400",
                "Deployment year": "2025",
                "Details about deployment date": null,
                "Vehicle accessibility": "semi public area",
                "Description": null
            }
        },
        {
            "type": "Feature",
            "geometry": {
                "type": "Point",
                "coordinates": [
                    -1.1068476,
                    49.195806
                ]
            },
            "properties": {
                "name": "Milence CHarging Hub Caen",
                "Country": "FRANCE",
                "Type": "built for trucks",
                "CPO": "Milence",
                "Total power": "1600",
                "Number of plugs": "8",
                "Maximum charging power": "400",
                "Deployment year": "2025",
                "Details about deployment date": null,
                "Vehicle accessibility": null,
                "Description": null
            }
        },
        {
            "type": "Feature",
            "geometry": {
                "type": "Point",
                "coordinates": [
                    4.839064,
                    45.7257992
                ]
            },
            "properties": {
                "name": "CNR Lyon",
                "Country": "FRANCE",
                "Type": "built for trucks",
                "CPO": "CNR",
                "Total power": "350",
                "Number of plugs": "1",
                "Maximum charging power": "350",
                "Deployment year": "2023",
                "Details about deployment date": null,
                "Vehicle accessibility": null,
                "Description": null
            }
        },
        {
            "type": "Feature",
            "geometry": {
                "type": "Point",
                "coordinates": [
                    18.419904,
                    54.573306
                ]
            },
            "properties": {
                "name": "BeReady2GO 22OKW Rumia Debogorska",
                "Country": "Poland",
                "Type": "viable for trucks",
                "CPO": "BeReady2GO",
                "Total power": "220 kW",
                "Number of plugs": null,
                "Maximum charging power": "220 kW",
                "Deployment year": "2025",
                "Details about deployment date": "working",
                "Vehicle accessibility": "suitable for one HGVs (Max 18.75 / 40 t)",
                "Description": "1 x 220kW charger with 2 plugs each"
            }
        },
        {
            "type": "Feature",
            "geometry": {
                "type": "Point",
                "coordinates": [
                    18.368406,
                    54.582327
                ]
            },
            "properties": {
                "name": "BeReady2GO 22OKW Rumia Zytnia",
                "Country": "Poland",
                "Type": "viable for trucks",
                "CPO": "BeReady2GO",
                "Total power": "220 kW",
                "Number of plugs": null,
                "Maximum charging power": "220 kW",
                "Deployment year": "2025",
                "Details about deployment date": "working",
                "Vehicle accessibility": "suitable for one HGVs (Max 18.75 / 40 t)",
                "Description": "1 x 220kW charger with 2 plugs each"
            }
        },
        {
            "type": "Feature",
            "geometry": {
                "type": "Point",
                "coordinates": [
                    19.971485,
                    49.749157
                ]
            },
            "properties": {
                "name": "BeReady2GO 200kW Pcim/Zakopianka",
                "Country": "Poland",
                "Type": "viable for trucks",
                "CPO": "BeReady2GO",
                "Total power": "200 kW",
                "Number of plugs": null,
                "Maximum charging power": "200 kW",
                "Deployment year": "2024",
                "Details about deployment date": "working",
                "Vehicle accessibility": "suitable for one HGVs (Max 18.75 / 40 t)",
                "Description": "1 x 200kW charger with 2 plugs each"
            }
        },
        {
            "type": "Feature",
            "geometry": {
                "type": "Point",
                "coordinates": [
                    16.543066,
                    54.536986
                ]
            },
            "properties": {
                "name": "BeReady2GO 240kW Jaros³awiec",
                "Country": "Poland",
                "Type": "viable for trucks",
                "CPO": "BeReady2GO",
                "Total power": "240 kW",
                "Number of plugs": null,
                "Maximum charging power": "240 kW",
                "Deployment year": "2025",
                "Details about deployment date": "working",
                "Vehicle accessibility": "suitable for one HGVs (Max 18.75 / 40 t)",
                "Description": "1 x 240kW charger with 2 plugs each"
            }
        },
        {
            "type": "Feature",
            "geometry": {
                "type": "Point",
                "coordinates": [
                    18.20026,
                    54.610391
                ]
            },
            "properties": {
                "name": "BeReady2GO 240kW Wejherowo Tartaczna",
                "Country": "Poland",
                "Type": "viable for trucks",
                "CPO": "BeReady2GO",
                "Total power": "240 kW",
                "Number of plugs": null,
                "Maximum charging power": "240 kW",
                "Deployment year": "2025",
                "Details about deployment date": "working",
                "Vehicle accessibility": "suitable for one HGVs (Max 18.75 / 40 t)",
                "Description": " can be modify for eTRUCKs"
            }
        },
        {
            "type": "Feature",
            "geometry": {
                "type": "Point",
                "coordinates": [
                    6.1850888,
                    49.1501198
                ]
            },
            "properties": {
                "name": "Plenitude / Enilive - Metz",
                "Country": "France",
                "Type": "built for trucks - MCS",
                "CPO": "Plenitude / Enilive",
                "Total power": "2100",
                "Number of plugs": "4",
                "Maximum charging power": "1000",
                "Deployment year": "2026",
                "Details about deployment date": null,
                "Vehicle accessibility": null,
                "Description": "3x400 +1x1000 MCS"
            }
        },
        {
            "type": "Feature",
            "geometry": {
                "type": "Point",
                "coordinates": [
                    3.217825,
                    43.2966582
                ]
            },
            "properties": {
                "name": "Milence Charging Hub Béziers",
                "Country": "France",
                "Type": "built for trucks",
                "CPO": "Milence",
                "Total power": null,
                "Number of plugs": "4",
                "Maximum charging power": "400 kW",
                "Deployment year": null,
                "Details about deployment date": null,
                "Vehicle accessibility": null,
                "Description": "https://milence.com/location/beziers/"
            }
        },
        {
            "type": "Feature",
            "geometry": {
                "type": "Point",
                "coordinates": [
                    11.9807604,
                    50.8951534
                ]
            },
            "properties": {
                "name": "Milence - Hermsdorfer Kreuz",
                "Country": "Germany",
                "Type": "built for trucks",
                "CPO": "Milence",
                "Total power": "1600kW",
                "Number of plugs": "8",
                "Maximum charging power": "400 kW",
                "Deployment year": "2025",
                "Details about deployment date": null,
                "Vehicle accessibility": null,
                "Description": "https://milence.com/location/hermsdorfer-kreuz/"
            }
        },
        {
            "type": "Feature",
            "geometry": {
                "type": "Point",
                "coordinates": [
                    5.2544189,
                    48.6615819
                ]
            },
            "properties": {
                "name": "Zunder L'Orée du Bois Maulan",
                "Country": "FRANCE",
                "Type": "viable for trucks",
                "CPO": "ZUNDER",
                "Total power": null,
                "Number of plugs": "8",
                "Maximum charging power": "400",
                "Deployment year": "2025",
                "Details about deployment date": null,
                "Vehicle accessibility": "without trailer",
                "Description": null
            }
        },
        {
            "type": "Feature",
            "geometry": {
                "type": "Point",
                "coordinates": [
                    -1.2517653,
                    48.8420318
                ]
            },
            "properties": {
                "name": "Borne de recharge Zunder Le Conquistador - Fleury",
                "Country": "FRANCE",
                "Type": "viable for trucks",
                "CPO": "ZUNDER",
                "Total power": null,
                "Number of plugs": "4",
                "Maximum charging power": "400",
                "Deployment year": "2025",
                "Details about deployment date": null,
                "Vehicle accessibility": "without trailer",
                "Description": null
            }
        },
        {
            "type": "Feature",
            "geometry": {
                "type": "Point",
                "coordinates": [
                    -4.0755926,
                    47.9808119
                ]
            },
            "properties": {
                "name": "Zunder D783 Quimper",
                "Country": "FRANCE",
                "Type": "viable for trucks",
                "CPO": "ZUNDER",
                "Total power": null,
                "Number of plugs": null,
                "Maximum charging power": "400",
                "Deployment year": "2025",
                "Details about deployment date": null,
                "Vehicle accessibility": "no trailer",
                "Description": null
            }
        },
        {
            "type": "Feature",
            "geometry": {
                "type": "Point",
                "coordinates": [
                    6.8145452,
                    49.1413418
                ]
            },
            "properties": {
                "name": "Zunder A320 Freyming",
                "Country": "FRANCE",
                "Type": "viable for trucks",
                "CPO": "ZUNDER",
                "Total power": null,
                "Number of plugs": "2",
                "Maximum charging power": "400",
                "Deployment year": "2025",
                "Details about deployment date": null,
                "Vehicle accessibility": "no trailer",
                "Description": null
            }
        },
        {
            "type": "Feature",
            "geometry": {
                "type": "Point",
                "coordinates": [
                    4.9787397,
                    45.7218444
                ]
            },
            "properties": {
                "name": "Zunder E15 Genas",
                "Country": "FRANCE",
                "Type": "viable for trucks",
                "CPO": "ZUNDER",
                "Total power": null,
                "Number of plugs": "2",
                "Maximum charging power": "400",
                "Deployment year": "2025",
                "Details about deployment date": null,
                "Vehicle accessibility": "no trailer",
                "Description": null
            }
        },
        {
            "type": "Feature",
            "geometry": {
                "type": "Point",
                "coordinates": [
                    6.2774406,
                    48.3684257
                ]
            },
            "properties": {
                "name": "ZUNDER Charmes",
                "Country": "FRANCE",
                "Type": "viable for trucks",
                "CPO": "ZUNDER",
                "Total power": null,
                "Number of plugs": "2",
                "Maximum charging power": "400",
                "Deployment year": "2025",
                "Details about deployment date": null,
                "Vehicle accessibility": null,
                "Description": "no trailer"
            }
        },
        {
            "type": "Feature",
            "geometry": {
                "type": "Point",
                "coordinates": [
                    15.2550939,
                    62.916573
                ]
            },
            "properties": {
                "name": "OKQ8 Charging Station",
                "Country": "Sweden",
                "Type": "built for trucks",
                "CPO": "OKQ8",
                "Total power": null,
                "Number of plugs": "4",
                "Maximum charging power": "350 kW",
                "Deployment year": null,
                "Details about deployment date": null,
                "Vehicle accessibility": null,
                "Description": null
            }
        },
        {
            "type": "Feature",
            "geometry": {
                "type": "Point",
                "coordinates": [
                    14.59156,
                    61.02118
                ]
            },
            "properties": {
                "name": "OKQ8 - Mora",
                "Country": "Sweden",
                "Type": "built for trucks",
                "CPO": "OKQ8",
                "Total power": null,
                "Number of plugs": "2",
                "Maximum charging power": null,
                "Deployment year": null,
                "Details about deployment date": null,
                "Vehicle accessibility": null,
                "Description": null
            }
        },
        {
            "type": "Feature",
            "geometry": {
                "type": "Point",
                "coordinates": [
                    12.9932,
                    60.13124
                ]
            },
            "properties": {
                "name": "OKQ8 - Torsby",
                "Country": "Sweden",
                "Type": "built for trucks",
                "CPO": "OKQ8",
                "Total power": null,
                "Number of plugs": "2",
                "Maximum charging power": "350 kW",
                "Deployment year": null,
                "Details about deployment date": null,
                "Vehicle accessibility": null,
                "Description": null
            }
        },
        {
            "type": "Feature",
            "geometry": {
                "type": "Point",
                "coordinates": [
                    12.80687,
                    57.68911
                ]
            },
            "properties": {
                "name": "OKQ8 - Boras",
                "Country": "Sweden",
                "Type": "built for trucks",
                "CPO": "OKQ8",
                "Total power": null,
                "Number of plugs": "2",
                "Maximum charging power": "350 kW",
                "Deployment year": null,
                "Details about deployment date": null,
                "Vehicle accessibility": null,
                "Description": null
            }
        },
        {
            "type": "Feature",
            "geometry": {
                "type": "Point",
                "coordinates": [
                    3.0914139,
                    50.5805279
                ]
            },
            "properties": {
                "name": "Milence Charging Hub Lille Lesquin",
                "Country": "France",
                "Type": "built for trucks",
                "CPO": "Milence",
                "Total power": null,
                "Number of plugs": "4",
                "Maximum charging power": "400 kW",
                "Deployment year": null,
                "Details about deployment date": null,
                "Vehicle accessibility": null,
                "Description": "https://milence.com/location/lille/"
            }
        },
        {
            "type": "Feature",
            "geometry": {
                "type": "Point",
                "coordinates": [
                    17.621983,
                    48.3435886
                ]
            },
            "properties": {
                "name": "ZSE Charging Station",
                "Country": "Slovakia",
                "Type": "built for trucks",
                "CPO": "ZSE",
                "Total power": "400 kW",
                "Number of plugs": "2",
                "Maximum charging power": "400 kW",
                "Deployment year": "2024",
                "Details about deployment date": null,
                "Vehicle accessibility": null,
                "Description": null
            }
        },
        {
            "type": "Feature",
            "geometry": {
                "type": "Point",
                "coordinates": [
                    17.3613504,
                    48.2413064
                ]
            },
            "properties": {
                "name": "GreenWay Charging Station",
                "Country": "Slovakia",
                "Type": "built for trucks",
                "CPO": "GreenWay",
                "Total power": "400 kW",
                "Number of plugs": "2",
                "Maximum charging power": "400 kW",
                "Deployment year": "2025",
                "Details about deployment date": null,
                "Vehicle accessibility": null,
                "Description": "Public 24/7 but located at Scania premises"
            }
        },
        {
            "type": "Feature",
            "geometry": {
                "type": "Point",
                "coordinates": [
                    18.6094499,
                    49.2270602
                ]
            },
            "properties": {
                "name": "GreenWay Charging Station",
                "Country": "Slovakia",
                "Type": "built for trucks",
                "CPO": "GreenWay",
                "Total power": "350 kW",
                "Number of plugs": "2",
                "Maximum charging power": "350 kW",
                "Deployment year": "2025",
                "Details about deployment date": null,
                "Vehicle accessibility": null,
                "Description": "Public 24/7 but located at Scania premises"
            }
        },
        {
            "type": "Feature",
            "geometry": {
                "type": "Point",
                "coordinates": [
                    10.0761657,
                    56.4122628
                ]
            },
            "properties": {
                "name": "Norlys Randers",
                "Country": "Denmark",
                "Type": "built for trucks",
                "CPO": "Norlys",
                "Total power": null,
                "Number of plugs": "2",
                "Maximum charging power": "400 kW",
                "Deployment year": null,
                "Details about deployment date": null,
                "Vehicle accessibility": null,
                "Description": null
            }
        },
        {
            "type": "Feature",
            "geometry": {
                "type": "Point",
                "coordinates": [
                    9.09963,
                    56.1232896
                ]
            },
            "properties": {
                "name": "Norlys Herning",
                "Country": "Denmark",
                "Type": "built for trucks",
                "CPO": "Norlys",
                "Total power": null,
                "Number of plugs": "8",
                "Maximum charging power": "400 kW",
                "Deployment year": "2025",
                "Details about deployment date": null,
                "Vehicle accessibility": null,
                "Description": null
            }
        },
        {
            "type": "Feature",
            "geometry": {
                "type": "Point",
                "coordinates": [
                    9.5985139,
                    55.7455271
                ]
            },
            "properties": {
                "name": "Norlys Vejle",
                "Country": "Denmark",
                "Type": "built for trucks",
                "CPO": "Norlys",
                "Total power": null,
                "Number of plugs": "2",
                "Maximum charging power": "400 kW",
                "Deployment year": "2025",
                "Details about deployment date": null,
                "Vehicle accessibility": null,
                "Description": null
            }
        },
        {
            "type": "Feature",
            "geometry": {
                "type": "Point",
                "coordinates": [
                    11.141241,
                    55.354282
                ]
            },
            "properties": {
                "name": "Norlys Korsør",
                "Country": "Denmark",
                "Type": "built for trucks",
                "CPO": "Norlys",
                "Total power": null,
                "Number of plugs": "2",
                "Maximum charging power": "400 kW",
                "Deployment year": "2026",
                "Details about deployment date": null,
                "Vehicle accessibility": null,
                "Description": null
            }
        },
        {
            "type": "Feature",
            "geometry": {
                "type": "Point",
                "coordinates": [
                    12.1641417,
                    55.4894819
                ]
            },
            "properties": {
                "name": "Norlys Køge",
                "Country": "Denmark",
                "Type": "built for trucks",
                "CPO": "Norlys",
                "Total power": null,
                "Number of plugs": "2",
                "Maximum charging power": "400 kW",
                "Deployment year": "2026",
                "Details about deployment date": null,
                "Vehicle accessibility": null,
                "Description": null
            }
        },
        {
            "type": "Feature",
            "geometry": {
                "type": "Point",
                "coordinates": [
                    9.5256244,
                    50.3432778
                ]
            },
            "properties": {
                "name": "Aral pulse / BP Schlüchtern",
                "Country": "Germany",
                "Type": "built for trucks",
                "CPO": "Aral Pulse",
                "Total power": "800",
                "Number of plugs": "4",
                "Maximum charging power": "400",
                "Deployment year": "2025",
                "Details about deployment date": null,
                "Vehicle accessibility": null,
                "Description": null
            }
        },
        {
            "type": "Feature",
            "geometry": {
                "type": "Point",
                "coordinates": [
                    8.5792657,
                    47.4618535
                ]
            },
            "properties": {
                "name": "Talacherstrasse 10",
                "Country": "Switzerland",
                "Type": "viable for trucks",
                "CPO": "FASTNED",
                "Total power": "1600",
                "Number of plugs": "4",
                "Maximum charging power": "400",
                "Deployment year": "2025",
                "Details about deployment date": null,
                "Vehicle accessibility": null,
                "Description": "viable for trucks"
            }
        },
        {
            "type": "Feature",
            "geometry": {
                "type": "Point",
                "coordinates": [
                    5.7033959,
                    50.9472094
                ]
            },
            "properties": {
                "name": "Slakweidestraat 14",
                "Country": "Belgium",
                "Type": "built for trucks",
                "CPO": "Milence",
                "Total power": null,
                "Number of plugs": "8",
                "Maximum charging power": "400 kW",
                "Deployment year": null,
                "Details about deployment date": null,
                "Vehicle accessibility": null,
                "Description": "https://milence.com/location/maasmechelen/"
            }
        },
        {
            "type": "Feature",
            "geometry": {
                "type": "Point",
                "coordinates": [
                    4.641492,
                    52.018608
                ]
            },
            "properties": {
                "name": "Milence - Waddinxveen",
                "Country": "The Netherlands",
                "Type": "built for trucks",
                "CPO": "Milence",
                "Total power": null,
                "Number of plugs": "8",
                "Maximum charging power": "400 kW",
                "Deployment year": null,
                "Details about deployment date": null,
                "Vehicle accessibility": null,
                "Description": "https://milence.com/location/waddinxveen/"
            }
        },
        {
            "type": "Feature",
            "geometry": {
                "type": "Point",
                "coordinates": [
                    11.62225,
                    48.211
                ]
            },
            "properties": {
                "name": "Milence - Allianz Arena Munich",
                "Country": "Germany",
                "Type": "built for trucks",
                "CPO": "Milence",
                "Total power": null,
                "Number of plugs": "4",
                "Maximum charging power": "400 kW",
                "Deployment year": null,
                "Details about deployment date": null,
                "Vehicle accessibility": null,
                "Description": "https://milence.com/location/milence-charging-hub-allianz-arena-munich/"
            }
        },
        {
            "type": "Feature",
            "geometry": {
                "type": "Point",
                "coordinates": [
                    10.8378516,
                    59.9436807
                ]
            },
            "properties": {
                "name": "Uno-X - Lindenud",
                "Country": "Norway",
                "Type": "built for trucks",
                "CPO": "Uno-X",
                "Total power": null,
                "Number of plugs": "12",
                "Maximum charging power": null,
                "Deployment year": null,
                "Details about deployment date": null,
                "Vehicle accessibility": null,
                "Description": null
            }
        },
        {
            "type": "Feature",
            "geometry": {
                "type": "Point",
                "coordinates": [
                    14.5275945,
                    48.1963998
                ]
            },
            "properties": {
                "name": "OMV eMotion Charging Station",
                "Country": "Austria",
                "Type": "built for trucks",
                "CPO": "OMV",
                "Total power": null,
                "Number of plugs": "6",
                "Maximum charging power": "400 kW",
                "Deployment year": null,
                "Details about deployment date": null,
                "Vehicle accessibility": null,
                "Description": null
            }
        },
        {
            "type": "Feature",
            "geometry": {
                "type": "Point",
                "coordinates": [
                    14.6782396,
                    46.6811354
                ]
            },
            "properties": {
                "name": "OMV - Völkermarkt",
                "Country": "Austria",
                "Type": "built for trucks",
                "CPO": "OMV",
                "Total power": null,
                "Number of plugs": "1",
                "Maximum charging power": "300 kW",
                "Deployment year": null,
                "Details about deployment date": null,
                "Vehicle accessibility": null,
                "Description": "https://traktuell.at/news/erster-ladepunkt-fuer-e-lkw-in-oesterreich/"
            }
        },
        {
            "type": "Feature",
            "geometry": {
                "type": "Point",
                "coordinates": [
                    6.5117511,
                    46.0661612
                ]
            },
            "properties": {
                "name": "Sowatt Vougy",
                "Country": "FRANCE",
                "Type": "built for trucks",
                "CPO": "SOWATT",
                "Total power": "560",
                "Number of plugs": "1",
                "Maximum charging power": "560",
                "Deployment year": "2026",
                "Details about deployment date": null,
                "Vehicle accessibility": null,
                "Description": null
            }
        },
        {
            "type": "Feature",
            "geometry": {
                "type": "Point",
                "coordinates": [
                    -1.1936572,
                    48.0665196
                ]
            },
            "properties": {
                "name": "YAWAY Borne de recharge Etrelles",
                "Country": "FRANCE",
                "Type": "built for trucks",
                "CPO": "YAWAY",
                "Total power": "800",
                "Number of plugs": "4",
                "Maximum charging power": "400",
                "Deployment year": "2026",
                "Details about deployment date": null,
                "Vehicle accessibility": null,
                "Description": "possible to enlarge up to 8 parking places"
            }
        },
        {
            "type": "Feature",
            "geometry": {
                "type": "Point",
                "coordinates": [
                    1.4612781,
                    48.4282422
                ]
            },
            "properties": {
                "name": "OREVE LUISANT",
                "Country": "FRANCE",
                "Type": "built for trucks",
                "CPO": "OREVE",
                "Total power": "720",
                "Number of plugs": "2",
                "Maximum charging power": "360",
                "Deployment year": "2026",
                "Details about deployment date": null,
                "Vehicle accessibility": "Trucks & Vans",
                "Description": null
            }
        },
        {
            "type": "Feature",
            "geometry": {
                "type": "Point",
                "coordinates": [
                    -0.1153376,
                    52.5471779
                ]
            },
            "properties": {
                "name": "Voltloader Hub - Peterborough",
                "Country": "UK",
                "Type": "built for trucks",
                "CPO": "Voltloader",
                "Total power": "480kW",
                "Number of plugs": "4",
                "Maximum charging power": "480kW",
                "Deployment year": "2026",
                "Details about deployment date": null,
                "Vehicle accessibility": "Drive through, secure access with gate",
                "Description": "To pre-register and book a charge session, please call Voltloader Support 01733 855284\nDriver welfare facilities (hot drinks; microwave; toilet; shower) and secure site "
            }
        },
        {
            "type": "Feature",
            "geometry": {
                "type": "Point",
                "coordinates": [
                    -0.6851386,
                    52.5096779
                ]
            },
            "properties": {
                "name": "Voltloader - ADM Corby",
                "Country": "UK",
                "Type": "built for trucks",
                "CPO": "Voltloader",
                "Total power": "360kW",
                "Number of plugs": "2",
                "Maximum charging power": "300kW",
                "Deployment year": "2025",
                "Details about deployment date": null,
                "Vehicle accessibility": "Drive through, Secure gate at Milling site",
                "Description": "To pre-register and book a charge session, please call Voltloader Support 01733 855284"
            }
        },
        {
            "type": "Feature",
            "geometry": {
                "type": "Point",
                "coordinates": [
                    2.8016368,
                    50.2905419
                ]
            },
            "properties": {
                "name": "Gillet Transports",
                "Country": "FRANCE",
                "Type": "built for trucks",
                "CPO": null,
                "Total power": "300",
                "Number of plugs": "2",
                "Maximum charging power": "240",
                "Deployment year": "2026",
                "Details about deployment date": null,
                "Vehicle accessibility": "private station at gillet transport facilities",
                "Description": null
            }
        },
        {
            "type": "Feature",
            "geometry": {
                "type": "Point",
                "coordinates": [
                    10.061496,
                    53.161932
                ]
            },
            "properties": {
                "name": "Circle K - Egestorf",
                "Country": "Germany",
                "Type": "viable for trucks",
                "CPO": "Circle K",
                "Total power": "1800kW",
                "Number of plugs": "12",
                "Maximum charging power": "300",
                "Deployment year": "2025",
                "Details about deployment date": null,
                "Vehicle accessibility": null,
                "Description": "with uncoupling + one space possible without uncoupling if necessary"
            }
        },
        {
            "type": "Feature",
            "geometry": {
                "type": "Point",
                "coordinates": [
                    10.6065823,
                    49.2426
                ]
            },
            "properties": {
                "name": "Circle K - Burgoberbach",
                "Country": "Germany",
                "Type": "viable for trucks",
                "CPO": "Circle K",
                "Total power": "350",
                "Number of plugs": "2",
                "Maximum charging power": "175",
                "Deployment year": "2025",
                "Details about deployment date": null,
                "Vehicle accessibility": null,
                "Description": "A space that can be reached with some maneuvering, if necessary without uncoupling."
            }
        },
        {
            "type": "Feature",
            "geometry": {
                "type": "Point",
                "coordinates": [
                    10.1273217,
                    48.219537
                ]
            },
            "properties": {
                "name": "Circle K - Illertissen",
                "Country": "Germany",
                "Type": "built for trucks",
                "CPO": "Circle K",
                "Total power": "1600",
                "Number of plugs": "8",
                "Maximum charging power": "400",
                "Deployment year": "2025",
                "Details about deployment date": null,
                "Vehicle accessibility": null,
                "Description": "2 Truck Lanes behind the TS-Building"
            }
        },
        {
            "type": "Feature",
            "geometry": {
                "type": "Point",
                "coordinates": [
                    10.8410051,
                    48.5985186
                ]
            },
            "properties": {
                "name": "Circle K Charging Station",
                "Country": "Germany",
                "Type": "built for trucks",
                "CPO": "Circle K",
                "Total power": "2000",
                "Number of plugs": "11",
                "Maximum charging power": "400",
                "Deployment year": "2025",
                "Details about deployment date": null,
                "Vehicle accessibility": null,
                "Description": "3 Truck Lanes on Truck Parking Slot"
            }
        },
        {
            "type": "Feature",
            "geometry": {
                "type": "Point",
                "coordinates": [
                    -0.5846827,
                    43.3690221
                ]
            },
            "properties": {
                "name": "Oreve Pardies",
                "Country": "FRANCE",
                "Type": "built for trucks",
                "CPO": "OREVE",
                "Total power": "2000",
                "Number of plugs": "4",
                "Maximum charging power": "360",
                "Deployment year": "2026",
                "Details about deployment date": null,
                "Vehicle accessibility": null,
                "Description": null
            }
        },
        {
            "type": "Feature",
            "geometry": {
                "type": "Point",
                "coordinates": [
                    3.7744442,
                    51.0882176
                ]
            },
            "properties": {
                "name": "Milence - Ghent",
                "Country": "Belgium",
                "Type": "built for trucks",
                "CPO": "Milence",
                "Total power": null,
                "Number of plugs": "4",
                "Maximum charging power": "400 kW",
                "Deployment year": null,
                "Details about deployment date": null,
                "Vehicle accessibility": null,
                "Description": null
            }
        },
        {
            "type": "Feature",
            "geometry": {
                "type": "Point",
                "coordinates": [
                    14.18361,
                    59.716561
                ]
            },
            "properties": {
                "name": "Laddbolaget - Filipstad",
                "Country": "Sweden",
                "Type": "built for trucks",
                "CPO": "Laddbolaget ",
                "Total power": null,
                "Number of plugs": "2",
                "Maximum charging power": "400 kW",
                "Deployment year": null,
                "Details about deployment date": null,
                "Vehicle accessibility": null,
                "Description": null
            }
        },
        {
            "type": "Feature",
            "geometry": {
                "type": "Point",
                "coordinates": [
                    12.6920861,
                    59.0463033
                ]
            },
            "properties": {
                "name": "Laddbolaget - Amal",
                "Country": "Sweden",
                "Type": "built for trucks",
                "CPO": "Laddbolaget ",
                "Total power": null,
                "Number of plugs": "2",
                "Maximum charging power": "400 kW",
                "Deployment year": null,
                "Details about deployment date": null,
                "Vehicle accessibility": null,
                "Description": null
            }
        },
        {
            "type": "Feature",
            "geometry": {
                "type": "Point",
                "coordinates": [
                    12.6426156,
                    59.6564335
                ]
            },
            "properties": {
                "name": "Laddbolaget - Arvika",
                "Country": "Sweden",
                "Type": "built for trucks",
                "CPO": "Laddbolaget ",
                "Total power": null,
                "Number of plugs": "2",
                "Maximum charging power": "400 kW",
                "Deployment year": null,
                "Details about deployment date": null,
                "Vehicle accessibility": null,
                "Description": "https://laddbolaget.com/arvika/"
            }
        },
        {
            "type": "Feature",
            "geometry": {
                "type": "Point",
                "coordinates": [
                    14.1321985,
                    59.2985962
                ]
            },
            "properties": {
                "name": "Laddbolaget - Kristinehamn",
                "Country": "Sweden",
                "Type": "built for trucks",
                "CPO": "Laddbolaget",
                "Total power": null,
                "Number of plugs": "2",
                "Maximum charging power": "400 kW",
                "Deployment year": null,
                "Details about deployment date": null,
                "Vehicle accessibility": null,
                "Description": null
            }
        },
        {
            "type": "Feature",
            "geometry": {
                "type": "Point",
                "coordinates": [
                    12.128106,
                    59.398305
                ]
            },
            "properties": {
                "name": "Laddbolaget - Arjang",
                "Country": "Sweden",
                "Type": "built for trucks",
                "CPO": "Laddbolaget ",
                "Total power": null,
                "Number of plugs": "2",
                "Maximum charging power": "400 kW",
                "Deployment year": null,
                "Details about deployment date": null,
                "Vehicle accessibility": null,
                "Description": "https://laddbolaget.com/laddstationer/arjang/"
            }
        },
        {
            "type": "Feature",
            "geometry": {
                "type": "Point",
                "coordinates": [
                    13.6193208,
                    59.4038682
                ]
            },
            "properties": {
                "name": "Laddbolaget - Karlstad",
                "Country": "Sweden",
                "Type": "built for trucks",
                "CPO": "Laddbolaget ",
                "Total power": null,
                "Number of plugs": "7",
                "Maximum charging power": "400 kW",
                "Deployment year": null,
                "Details about deployment date": null,
                "Vehicle accessibility": null,
                "Description": "https://laddbolaget.com/laddstationer/karlstad-bratebacken/"
            }
        },
        {
            "type": "Feature",
            "geometry": {
                "type": "Point",
                "coordinates": [
                    12.2910175,
                    59.8719691
                ]
            },
            "properties": {
                "name": "Laddbolaget - Charlottenberg",
                "Country": "Sweden",
                "Type": "built for trucks",
                "CPO": "Laddbolaget ",
                "Total power": null,
                "Number of plugs": "4",
                "Maximum charging power": "400 kW",
                "Deployment year": null,
                "Details about deployment date": null,
                "Vehicle accessibility": null,
                "Description": "https://laddbolaget.com/charlottenberg/"
            }
        },
        {
            "type": "Feature",
            "geometry": {
                "type": "Point",
                "coordinates": [
                    13.4596397,
                    59.3300759
                ]
            },
            "properties": {
                "name": "Laddbolaget - Skoghall",
                "Country": "Sweden",
                "Type": "built for trucks",
                "CPO": "Laddbolaget ",
                "Total power": null,
                "Number of plugs": "4",
                "Maximum charging power": "400 kW",
                "Deployment year": null,
                "Details about deployment date": null,
                "Vehicle accessibility": null,
                "Description": null
            }
        },
        {
            "type": "Feature",
            "geometry": {
                "type": "Point",
                "coordinates": [
                    12.3653606,
                    49.0018638
                ]
            },
            "properties": {
                "name": "Aral Pulse - Wörth an der Donau",
                "Country": "Germany",
                "Type": "built for trucks",
                "CPO": "Aral Pulse",
                "Total power": null,
                "Number of plugs": "2",
                "Maximum charging power": "400 kW",
                "Deployment year": null,
                "Details about deployment date": null,
                "Vehicle accessibility": null,
                "Description": null
            }
        },
        {
            "type": "Feature",
            "geometry": {
                "type": "Point",
                "coordinates": [
                    11.4898409,
                    53.4389564
                ]
            },
            "properties": {
                "name": "Aral Pulse Rastow",
                "Country": "Germany",
                "Type": "built for trucks - MCS",
                "CPO": "Aral Pulse",
                "Total power": "4000kW",
                "Number of plugs": "4",
                "Maximum charging power": "1000kW",
                "Deployment year": "2026",
                "Details about deployment date": null,
                "Vehicle accessibility": null,
                "Description": null
            }
        },
        {
            "type": "Feature",
            "geometry": {
                "type": "Point",
                "coordinates": [
                    9.6888927,
                    52.6740584
                ]
            },
            "properties": {
                "name": "Aral Pulse - Buchholz (Aller)",
                "Country": "Germany",
                "Type": "built for trucks - MCS",
                "CPO": "Aral Pulse",
                "Total power": "6000kW",
                "Number of plugs": "6",
                "Maximum charging power": "1000kW",
                "Deployment year": "12.03.2026",
                "Details about deployment date": null,
                "Vehicle accessibility": null,
                "Description": null
            }
        },
        {
            "type": "Feature",
            "geometry": {
                "type": "Point",
                "coordinates": [
                    9.6361853,
                    52.4184304
                ]
            },
            "properties": {
                "name": "Aral Pulse - Hannover",
                "Country": "Germany",
                "Type": "built for trucks - MCS",
                "CPO": "Aral Pulse",
                "Total power": "4000kW",
                "Number of plugs": "4",
                "Maximum charging power": "1000kW",
                "Deployment year": "2026",
                "Details about deployment date": null,
                "Vehicle accessibility": null,
                "Description": null
            }
        },
        {
            "type": "Feature",
            "geometry": {
                "type": "Point",
                "coordinates": [
                    11.3273537,
                    49.5676902
                ]
            },
            "properties": {
                "name": "Aral Pulse - Autohof Schnaittach (A9)",
                "Country": "Germany",
                "Type": "built for trucks",
                "CPO": "Aral Pulse",
                "Total power": "6000kW",
                "Number of plugs": "6",
                "Maximum charging power": "1000kW",
                "Deployment year": "2026",
                "Details about deployment date": null,
                "Vehicle accessibility": null,
                "Description": null
            }
        },
        {
            "type": "Feature",
            "geometry": {
                "type": "Point",
                "coordinates": [
                    -0.4251382,
                    43.3123294
                ]
            },
            "properties": {
                "name": "Oreve Lons",
                "Country": "FRANCE",
                "Type": "built for trucks",
                "CPO": "OREVE",
                "Total power": "800",
                "Number of plugs": "2",
                "Maximum charging power": "400",
                "Deployment year": "2025",
                "Details about deployment date": null,
                "Vehicle accessibility": null,
                "Description": null
            }
        },
        {
            "type": "Feature",
            "geometry": {
                "type": "Point",
                "coordinates": [
                    6.4312176,
                    46.0744298
                ]
            },
            "properties": {
                "name": "Oreve BONNEVILLE",
                "Country": "FRANCE",
                "Type": "built for trucks",
                "CPO": "OREVE",
                "Total power": "800",
                "Number of plugs": "2",
                "Maximum charging power": "400",
                "Deployment year": "2026",
                "Details about deployment date": null,
                "Vehicle accessibility": null,
                "Description": null
            }
        },
        {
            "type": "Feature",
            "geometry": {
                "type": "Point",
                "coordinates": [
                    10.056837,
                    55.411989
                ]
            },
            "properties": {
                "name": "Norlys Aarup",
                "Country": "Denmark",
                "Type": "built for trucks",
                "CPO": "Norlys",
                "Total power": null,
                "Number of plugs": "6",
                "Maximum charging power": "400 kW",
                "Deployment year": "2026",
                "Details about deployment date": null,
                "Vehicle accessibility": null,
                "Description": null
            }
        },
        {
            "type": "Feature",
            "geometry": {
                "type": "Point",
                "coordinates": [
                    12.4818677,
                    55.6131051
                ]
            },
            "properties": {
                "name": "Norlys Hvidovre",
                "Country": "Denmark",
                "Type": "built for trucks",
                "CPO": "Norlys",
                "Total power": null,
                "Number of plugs": null,
                "Maximum charging power": "400 kW",
                "Deployment year": "2026",
                "Details about deployment date": null,
                "Vehicle accessibility": null,
                "Description": null
            }
        },
        {
            "type": "Feature",
            "geometry": {
                "type": "Point",
                "coordinates": [
                    2.3601671,
                    48.6018232
                ]
            },
            "properties": {
                "name": "ASTRE PLESSIS PATHE",
                "Country": "FRANCE",
                "Type": "viable for trucks",
                "CPO": null,
                "Total power": "200",
                "Number of plugs": "2",
                "Maximum charging power": "200",
                "Deployment year": "2026",
                "Details about deployment date": null,
                "Vehicle accessibility": null,
                "Description": "update planned to 2026 with 10 connectors up to 400kW"
            }
        },
        {
            "type": "Feature",
            "geometry": {
                "type": "Point",
                "coordinates": [
                    8.9314671,
                    46.0612033
                ]
            },
            "properties": {
                "name": "M Charge (Migrol)",
                "Country": "Switzerland ",
                "Type": "viable for trucks",
                "CPO": "M Charge",
                "Total power": "200",
                "Number of plugs": "4",
                "Maximum charging power": "50",
                "Deployment year": null,
                "Details about deployment date": null,
                "Vehicle accessibility": null,
                "Description": "Ideal für SZM und kurze Motorwagen mit Aufbau "
            }
        },
        {
            "type": "Feature",
            "geometry": {
                "type": "Point",
                "coordinates": [
                    8.829626,
                    46.447592
                ]
            },
            "properties": {
                "name": "Fastned - Lavorgo Sud",
                "Country": "Switzerland",
                "Type": "viable for trucks",
                "CPO": "Fastned",
                "Total power": "800",
                "Number of plugs": "4",
                "Maximum charging power": "400",
                "Deployment year": null,
                "Details about deployment date": null,
                "Vehicle accessibility": null,
                "Description": "Ladestationen in Richtung Süden "
            }
        },
        {
            "type": "Feature",
            "geometry": {
                "type": "Point",
                "coordinates": [
                    8.832924,
                    46.44449
                ]
            },
            "properties": {
                "name": "Fastned - Lavorgo Nord",
                "Country": "Switzerland",
                "Type": "viable for trucks",
                "CPO": "Fastned",
                "Total power": "800 kW",
                "Number of plugs": "4",
                "Maximum charging power": "400 kW",
                "Deployment year": null,
                "Details about deployment date": null,
                "Vehicle accessibility": null,
                "Description": "Ladestation in Fahrtrichtung Norden "
            }
        },
        {
            "type": "Feature",
            "geometry": {
                "type": "Point",
                "coordinates": [
                    8.6683904,
                    46.5158833
                ]
            },
            "properties": {
                "name": "GOFAST - Gotthard Raststätte Süd",
                "Country": "Switzerland ",
                "Type": "built for trucks",
                "CPO": "GOFAST ",
                "Total power": "800",
                "Number of plugs": "4",
                "Maximum charging power": "200",
                "Deployment year": null,
                "Details about deployment date": null,
                "Vehicle accessibility": null,
                "Description": "Ladesäulen befinden sich in Fahrtrichtung Süden"
            }
        },
        {
            "type": "Feature",
            "geometry": {
                "type": "Point",
                "coordinates": [
                    1.0453171,
                    51.095119
                ]
            },
            "properties": {
                "name": "GRIDSERVE Charging Station",
                "Country": "UK",
                "Type": "viable for trucks",
                "CPO": "Gridserve",
                "Total power": "4.3MW",
                "Number of plugs": "12",
                "Maximum charging power": "360",
                "Deployment year": "2026",
                "Details about deployment date": null,
                "Vehicle accessibility": "LCV OK, HGV more difficult - No trailer",
                "Description": null
            }
        },
        {
            "type": "Feature",
            "geometry": {
                "type": "Point",
                "coordinates": [
                    -1.9382708,
                    52.1132347
                ]
            },
            "properties": {
                "name": "Osprey Charging Station",
                "Country": "UK",
                "Type": "viable for trucks",
                "CPO": "Osprey",
                "Total power": "4.8MW",
                "Number of plugs": "16",
                "Maximum charging power": "300",
                "Deployment year": "2026",
                "Details about deployment date": null,
                "Vehicle accessibility": "Truck - No Trailer",
                "Description": "Located above current ICE fuel station"
            }
        },
        {
            "type": "Feature",
            "geometry": {
                "type": "Point",
                "coordinates": [
                    7.2110466,
                    46.9612364
                ]
            },
            "properties": {
                "name": "Fastned Gurbrü",
                "Country": "Switzerland",
                "Type": "viable for trucks",
                "CPO": "Fastned",
                "Total power": "800",
                "Number of plugs": "4",
                "Maximum charging power": "400",
                "Deployment year": null,
                "Details about deployment date": null,
                "Vehicle accessibility": null,
                "Description": "Ladestation in Fahrtrichtng Genf"
            }
        },
        {
            "type": "Feature",
            "geometry": {
                "type": "Point",
                "coordinates": [
                    7.226768,
                    46.962885
                ]
            },
            "properties": {
                "name": "Fastned - Wilerotigen",
                "Country": "Switzerland",
                "Type": "viable for trucks",
                "CPO": "Fastned",
                "Total power": "800 kW",
                "Number of plugs": "4",
                "Maximum charging power": "400 kW",
                "Deployment year": null,
                "Details about deployment date": null,
                "Vehicle accessibility": null,
                "Description": "Ladestationen in Fahrtrichtung Bern "
            }
        },
        {
            "type": "Feature",
            "geometry": {
                "type": "Point",
                "coordinates": [
                    15.1051725,
                    59.2444712
                ]
            },
            "properties": {
                "name": "Laddbolaget - Örebro",
                "Country": "Sweden",
                "Type": "built for trucks",
                "CPO": "Laddbolaget",
                "Total power": null,
                "Number of plugs": null,
                "Maximum charging power": "350 kW",
                "Deployment year": null,
                "Details about deployment date": null,
                "Vehicle accessibility": null,
                "Description": "https://laddbolaget.com/orebro/"
            }
        },
        {
            "type": "Feature",
            "geometry": {
                "type": "Point",
                "coordinates": [
                    9.5260554,
                    51.2722137
                ]
            },
            "properties": {
                "name": "Milence - SVG Kassel Lohfelden",
                "Country": "Germany",
                "Type": "built for trucks",
                "CPO": "Milence",
                "Total power": "1600kW",
                "Number of plugs": "8",
                "Maximum charging power": "400kW",
                "Deployment year": "2026",
                "Details about deployment date": "27.04.2026",
                "Vehicle accessibility": null,
                "Description": "https://milence.com/location/lohfelden/?_gl=1*63t97*_up*MQ..*_ga*MTQwNzU5NzU0NC4xNzc3OTg3MjU0*_ga_98R2W0X641*czE3Nzc5ODcyNTQkbzEkZzAkdDE3Nzc5ODcyNTQkajYwJGwwJGgw"
            }
        },
        {
            "type": "Feature",
            "geometry": {
                "type": "Point",
                "coordinates": [
                    6.9159659,
                    46.4381576
                ]
            },
            "properties": {
                "name": "Fastned Le Pertit Lac",
                "Country": "Switzerland",
                "Type": "viable for trucks ",
                "CPO": "Fastned",
                "Total power": "600",
                "Number of plugs": "4",
                "Maximum charging power": "300",
                "Deployment year": null,
                "Details about deployment date": null,
                "Vehicle accessibility": null,
                "Description": "Recommended only with Tractor or short Rigid (w/o trailer)"
            }
        },
        {
            "type": "Feature",
            "geometry": {
                "type": "Point",
                "coordinates": [
                    6.916415,
                    46.438938
                ]
            },
            "properties": {
                "name": "Fastned Le Pertit Montagne",
                "Country": "Switzerland ",
                "Type": "viable for trucks ",
                "CPO": "Fastned",
                "Total power": "600",
                "Number of plugs": "4",
                "Maximum charging power": "300",
                "Deployment year": null,
                "Details about deployment date": null,
                "Vehicle accessibility": null,
                "Description": "Recommended only with Tractor or short Rigid (w/o trailer)"
            }
        },
        {
            "type": "Feature",
            "geometry": {
                "type": "Point",
                "coordinates": [
                    13.6629869,
                    52.3149382
                ]
            },
            "properties": {
                "name": "Aral Pulse / BP Königs Wusterhausen",
                "Country": "Germany",
                "Type": "built for trucks - MCS",
                "CPO": "Aral Pulse",
                "Total power": "6000kW",
                "Number of plugs": "6",
                "Maximum charging power": "1000kW",
                "Deployment year": "2026",
                "Details about deployment date": "30.04.2026",
                "Vehicle accessibility": null,
                "Description": null
            }
        },
        {
            "type": "Feature",
            "geometry": {
                "type": "Point",
                "coordinates": [
                    7.5899483,
                    47.0732656
                ]
            },
            "properties": {
                "name": "AGROLA Schachenstrasse ",
                "Country": "Switzerland ",
                "Type": "built for trucks ",
                "CPO": "AGROLA Fenaco",
                "Total power": "600 kW",
                "Number of plugs": "2",
                "Maximum charging power": "300",
                "Deployment year": "2026",
                "Details about deployment date": null,
                "Vehicle accessibility": null,
                "Description": null
            }
        },
        {
            "type": "Feature",
            "geometry": {
                "type": "Point",
                "coordinates": [
                    11.5192578,
                    48.6426379
                ]
            },
            "properties": {
                "name": "Dettendorfer Energy - Reichersthofen",
                "Country": "Germany",
                "Type": "built for trucks - MCS",
                "CPO": "Energie Südbayern",
                "Total power": "1400kW",
                "Number of plugs": "8",
                "Maximum charging power": "1000kW",
                "Deployment year": "2026",
                "Details about deployment date": "05/2026",
                "Vehicle accessibility": "1x MCS with up to 6 charging points and 1x400kW with up to 2 charging points, both Alpitronic charging stations",
                "Description": null
            }
        },
        {
            "type": "Feature",
            "geometry": {
                "type": "Point",
                "coordinates": [
                    3.6110883,
                    46.2452271
                ]
            },
            "properties": {
                "name": "Evergreen Lapalisse",
                "Country": "FRANCE",
                "Type": "built for trucks - MCS",
                "CPO": "EVERGREEN",
                "Total power": "2200",
                "Number of plugs": "5",
                "Maximum charging power": "1000",
                "Deployment year": "2026",
                "Details about deployment date": null,
                "Vehicle accessibility": null,
                "Description": null
            }
        },
        {
            "type": "Feature",
            "geometry": {
                "type": "Point",
                "coordinates": [
                    7.1270542,
                    48.9168459
                ]
            },
            "properties": {
                "name": "Evergreen Thal-Drulingen",
                "Country": "FRANCE",
                "Type": "built for trucks",
                "CPO": "EVERGREEN",
                "Total power": "1700",
                "Number of plugs": "5",
                "Maximum charging power": "500",
                "Deployment year": "2026",
                "Details about deployment date": null,
                "Vehicle accessibility": null,
                "Description": null
            }
        },
        {
            "type": "Feature",
            "geometry": {
                "type": "Point",
                "coordinates": [
                    16.156551,
                    51.178053
                ]
            },
            "properties": {
                "name": "EON / Renault Trucks Legnica",
                "Country": "Poland",
                "Type": "Plan - built for trucks",
                "CPO": "EON",
                "Total power": "700 kW",
                "Number of plugs": "4",
                "Maximum charging power": "300 kW",
                "Deployment year": "2026",
                "Details about deployment date": "under technical analisis",
                "Vehicle accessibility": "dedicated for trucks",
                "Description": null
            }
        },
        {
            "type": "Feature",
            "geometry": {
                "type": "Point",
                "coordinates": [
                    12.198244,
                    53.245033
                ]
            },
            "properties": {
                "name": "Gerdshagen",
                "Country": "Germany",
                "Type": "Plan - built for trucks",
                "CPO": null,
                "Total power": null,
                "Number of plugs": null,
                "Maximum charging power": null,
                "Deployment year": "2024",
                "Details about deployment date": "Q3 2024 - to be announced",
                "Vehicle accessibility": null,
                "Description": "400 kW - 20 meter long parking space"
            }
        },
        {
            "type": "Feature",
            "geometry": {
                "type": "Point",
                "coordinates": [
                    9.756696,
                    61.592434
                ]
            },
            "properties": {
                "name": "FastCharge Vinstra",
                "Country": "Norway",
                "Type": "Plan - built for trucks",
                "CPO": "Fastcharge",
                "Total power": null,
                "Number of plugs": null,
                "Maximum charging power": "350 kW",
                "Deployment year": "2024",
                "Details about deployment date": null,
                "Vehicle accessibility": "dedicated to HGVs",
                "Description": "350 kW per charger"
            }
        },
        {
            "type": "Feature",
            "geometry": {
                "type": "Point",
                "coordinates": [
                    5.507941,
                    59.795215
                ]
            },
            "properties": {
                "name": "FastCharge Stord",
                "Country": "Norway",
                "Type": "Plan - built for trucks",
                "CPO": "Fastcharge",
                "Total power": null,
                "Number of plugs": null,
                "Maximum charging power": "350 kW",
                "Deployment year": "2024",
                "Details about deployment date": null,
                "Vehicle accessibility": "dedicated to HGVs",
                "Description": "350 kW per charger"
            }
        },
        {
            "type": "Feature",
            "geometry": {
                "type": "Point",
                "coordinates": [
                    5.877592,
                    58.766836
                ]
            },
            "properties": {
                "name": "FastCharge Skurve",
                "Country": "Norway",
                "Type": "Plan - built for trucks",
                "CPO": "Fastcharge",
                "Total power": null,
                "Number of plugs": null,
                "Maximum charging power": "350 kW",
                "Deployment year": "2024",
                "Details about deployment date": null,
                "Vehicle accessibility": "dedicated to HGVs",
                "Description": "350 kW per charger"
            }
        },
        {
            "type": "Feature",
            "geometry": {
                "type": "Point",
                "coordinates": [
                    8.372145,
                    58.252637
                ]
            },
            "properties": {
                "name": "FastCharge Lillesand",
                "Country": "Norway",
                "Type": "Plan - built for trucks",
                "CPO": "Fastcharge",
                "Total power": null,
                "Number of plugs": null,
                "Maximum charging power": "350 kW",
                "Deployment year": "2024",
                "Details about deployment date": null,
                "Vehicle accessibility": "dedicated to HGVs",
                "Description": "350 kW per charger"
            }
        },
        {
            "type": "Feature",
            "geometry": {
                "type": "Point",
                "coordinates": [
                    11.26539,
                    59.086937
                ]
            },
            "properties": {
                "name": "FastCharge Svinesund",
                "Country": "Norway",
                "Type": "Plan - built for trucks",
                "CPO": "Fastcharge",
                "Total power": null,
                "Number of plugs": null,
                "Maximum charging power": "350 kW",
                "Deployment year": "2024",
                "Details about deployment date": null,
                "Vehicle accessibility": "dedicated to HGVs",
                "Description": "350 kW per charger"
            }
        },
        {
            "type": "Feature",
            "geometry": {
                "type": "Point",
                "coordinates": [
                    10.298588,
                    59.223047
                ]
            },
            "properties": {
                "name": "FastCharge Stokke",
                "Country": "Norway",
                "Type": "Plan - built for trucks",
                "CPO": "Fastcharge",
                "Total power": null,
                "Number of plugs": null,
                "Maximum charging power": "350 kW",
                "Deployment year": "2024",
                "Details about deployment date": null,
                "Vehicle accessibility": "dedicated to HGVs",
                "Description": "350 kW per charger"
            }
        },
        {
            "type": "Feature",
            "geometry": {
                "type": "Point",
                "coordinates": [
                    11.143933,
                    60.316766
                ]
            },
            "properties": {
                "name": "FastCharge Nebbenes",
                "Country": "Norway",
                "Type": "Plan - built for trucks",
                "CPO": "Fastcharge",
                "Total power": null,
                "Number of plugs": null,
                "Maximum charging power": "350 kW",
                "Deployment year": "2024",
                "Details about deployment date": null,
                "Vehicle accessibility": "dedicated to HGVs",
                "Description": "350 kW per charger"
            }
        },
        {
            "type": "Feature",
            "geometry": {
                "type": "Point",
                "coordinates": [
                    4.973382,
                    51.298056
                ]
            },
            "properties": {
                "name": "Fastned Oud-Turnhout South",
                "Country": "Belgium",
                "Type": "Plan - built for trucks",
                "CPO": "Fastned",
                "Total power": null,
                "Number of plugs": null,
                "Maximum charging power": null,
                "Deployment year": "2024",
                "Details about deployment date": "end 2024",
                "Vehicle accessibility": "dedicated to trucks",
                "Description": "existing station where truck places will be built - accessible in 1 direction only"
            }
        },
        {
            "type": "Feature",
            "geometry": {
                "type": "Point",
                "coordinates": [
                    4.978718,
                    51.298484
                ]
            },
            "properties": {
                "name": "Fastned Oud-Turnhout North",
                "Country": "Belgium",
                "Type": "Plan - built for trucks",
                "CPO": "Fastned",
                "Total power": null,
                "Number of plugs": null,
                "Maximum charging power": null,
                "Deployment year": "2024",
                "Details about deployment date": "end 2024",
                "Vehicle accessibility": "dedicated to trucks",
                "Description": "existing station where truck places will be built - accessible in 1 direction only"
            }
        },
        {
            "type": "Feature",
            "geometry": {
                "type": "Point",
                "coordinates": [
                    4.814506,
                    50.825542
                ]
            },
            "properties": {
                "name": "Fastned Boutersem",
                "Country": "Belgium",
                "Type": "Plan - built for trucks",
                "CPO": "Fastned",
                "Total power": null,
                "Number of plugs": null,
                "Maximum charging power": null,
                "Deployment year": "2024",
                "Details about deployment date": "end 2024",
                "Vehicle accessibility": "dedicated to trucks",
                "Description": "existing station where truck places will be built"
            }
        },
        {
            "type": "Feature",
            "geometry": {
                "type": "Point",
                "coordinates": [
                    6.15791,
                    43.400546
                ]
            },
            "properties": {
                "name": "Proviridis Brignoles",
                "Country": "France",
                "Type": "Plan - built for trucks",
                "CPO": "ZEN",
                "Total power": null,
                "Number of plugs": null,
                "Maximum charging power": null,
                "Deployment year": null,
                "Details about deployment date": null,
                "Vehicle accessibility": null,
                "Description": null
            }
        },
        {
            "type": "Feature",
            "geometry": {
                "type": "Point",
                "coordinates": [
                    0.802038,
                    47.39538
                ]
            },
            "properties": {
                "name": "Proviridis Montlouis-sur-Loire",
                "Country": "France",
                "Type": "Plan - built for trucks",
                "CPO": "ZEN",
                "Total power": "300 kW",
                "Number of plugs": "2",
                "Maximum charging power": "300 kW",
                "Deployment year": "2024",
                "Details about deployment date": "?",
                "Vehicle accessibility": null,
                "Description": "300kW / 2PDC CCS"
            }
        },
        {
            "type": "Feature",
            "geometry": {
                "type": "Point",
                "coordinates": [
                    5.373072,
                    43.476662
                ]
            },
            "properties": {
                "name": "ORTEC AIX EN PROVENCE",
                "Country": "France",
                "Type": "Plan - built for trucks",
                "CPO": "OREVE",
                "Total power": null,
                "Number of plugs": "10",
                "Maximum charging power": null,
                "Deployment year": "2024",
                "Details about deployment date": null,
                "Vehicle accessibility": "cars / vans / Trucks",
                "Description": null
            }
        },
        {
            "type": "Feature",
            "geometry": {
                "type": "Point",
                "coordinates": [
                    4.933937,
                    43.449024
                ]
            },
            "properties": {
                "name": "ORTEC FOS SUR MER",
                "Country": "France",
                "Type": "Plan - built for trucks",
                "CPO": "OREVE",
                "Total power": null,
                "Number of plugs": "10",
                "Maximum charging power": null,
                "Deployment year": "2026",
                "Details about deployment date": null,
                "Vehicle accessibility": "cars / vans / trucks",
                "Description": null
            }
        },
        {
            "type": "Feature",
            "geometry": {
                "type": "Point",
                "coordinates": [
                    8.570251,
                    49.16394
                ]
            },
            "properties": {
                "name": "EnBW - Autobahnraststätte Bruchsal",
                "Country": "Germany",
                "Type": "Plan - built for trucks",
                "CPO": "EnBW",
                "Total power": null,
                "Number of plugs": null,
                "Maximum charging power": null,
                "Deployment year": "2025",
                "Details about deployment date": null,
                "Vehicle accessibility": null,
                "Description": "Autobahnraststätte Bruchsal (A5)"
            }
        },
        {
            "type": "Feature",
            "geometry": {
                "type": "Point",
                "coordinates": [
                    8.880048,
                    49.244315
                ]
            },
            "properties": {
                "name": "EnBW - Autobahnraststätte Kraichgau",
                "Country": "Germany",
                "Type": "Plan - built for trucks",
                "CPO": "EnBW",
                "Total power": null,
                "Number of plugs": null,
                "Maximum charging power": null,
                "Deployment year": "2025",
                "Details about deployment date": null,
                "Vehicle accessibility": null,
                "Description": "Autobahnraststätte Kraichgau (A6)"
            }
        },
        {
            "type": "Feature",
            "geometry": {
                "type": "Point",
                "coordinates": [
                    9.640402,
                    49.206646
                ]
            },
            "properties": {
                "name": "EnBW - Autobahnraststätte Hohenlohe",
                "Country": "Germany",
                "Type": "Plan - built for trucks",
                "CPO": "EnBW",
                "Total power": null,
                "Number of plugs": null,
                "Maximum charging power": null,
                "Deployment year": "2025",
                "Details about deployment date": null,
                "Vehicle accessibility": null,
                "Description": "Autobahnraststätte Hohenlohe (A6)"
            }
        },
        {
            "type": "Feature",
            "geometry": {
                "type": "Point",
                "coordinates": [
                    10.112789,
                    48.124238
                ]
            },
            "properties": {
                "name": "EnBW - Autobahnraststätte Illertal",
                "Country": "Germany",
                "Type": "Plan - built for trucks",
                "CPO": "EnBW",
                "Total power": null,
                "Number of plugs": null,
                "Maximum charging power": null,
                "Deployment year": "2025",
                "Details about deployment date": null,
                "Vehicle accessibility": null,
                "Description": "Autobahnraststätte Illertal (A7)"
            }
        },
        {
            "type": "Feature",
            "geometry": {
                "type": "Point",
                "coordinates": [
                    9.304825,
                    48.693384
                ]
            },
            "properties": {
                "name": "EnBW - Autobahnraststätte Denkendorf",
                "Country": "Germany",
                "Type": "Plan - built for trucks",
                "CPO": "EnBW",
                "Total power": null,
                "Number of plugs": null,
                "Maximum charging power": null,
                "Deployment year": "2025",
                "Details about deployment date": null,
                "Vehicle accessibility": null,
                "Description": "Autobahnraststätte Denkendorf (A8)"
            }
        },
        {
            "type": "Feature",
            "geometry": {
                "type": "Point",
                "coordinates": [
                    -0.311914,
                    49.155177
                ]
            },
            "properties": {
                "name": "AS24 - Caen",
                "Country": "France",
                "Type": "Plan - built for trucks",
                "CPO": "AS24",
                "Total power": null,
                "Number of plugs": null,
                "Maximum charging power": "400 kW",
                "Deployment year": "2025",
                "Details about deployment date": "AS24 plan to add charging point on existing site by 2024 or 2025",
                "Vehicle accessibility": null,
                "Description": null
            }
        },
        {
            "type": "Feature",
            "geometry": {
                "type": "Point",
                "coordinates": [
                    2.741256,
                    48.828394
                ]
            },
            "properties": {
                "name": "AS24 - Bussy St Georges (East direction)",
                "Country": "France",
                "Type": "Plan - built for trucks",
                "CPO": "AS24",
                "Total power": null,
                "Number of plugs": null,
                "Maximum charging power": "400 kW",
                "Deployment year": "2025",
                "Details about deployment date": "AS24 plan to add charging point on existing site by 2024 or 2025",
                "Vehicle accessibility": null,
                "Description": null
            }
        },
        {
            "type": "Feature",
            "geometry": {
                "type": "Point",
                "coordinates": [
                    2.746287,
                    48.830498
                ]
            },
            "properties": {
                "name": "AS 24 - Bussy Saint Georges (West direction)",
                "Country": "France",
                "Type": "Plan - built for trucks",
                "CPO": "AS24",
                "Total power": null,
                "Number of plugs": null,
                "Maximum charging power": "400 kW",
                "Deployment year": "2025",
                "Details about deployment date": "AS24 plan to add charging point on existing site by 2024 or 2025",
                "Vehicle accessibility": null,
                "Description": null
            }
        },
        {
            "type": "Feature",
            "geometry": {
                "type": "Point",
                "coordinates": [
                    0.036671,
                    45.001327
                ]
            },
            "properties": {
                "name": "AS24- Les Palombieres",
                "Country": "France",
                "Type": "Plan - built for trucks",
                "CPO": "AS24",
                "Total power": null,
                "Number of plugs": null,
                "Maximum charging power": "400 kW",
                "Deployment year": "2025",
                "Details about deployment date": "AS24 plan to include few charging 400 kW point on their existing site",
                "Vehicle accessibility": null,
                "Description": null
            }
        },
        {
            "type": "Feature",
            "geometry": {
                "type": "Point",
                "coordinates": [
                    1.381064,
                    43.774009
                ]
            },
            "properties": {
                "name": "Station ENGIE - BOULOC",
                "Country": "France",
                "Type": "Plan - built for trucks",
                "CPO": "Engie",
                "Total power": null,
                "Number of plugs": null,
                "Maximum charging power": null,
                "Deployment year": "2025",
                "Details about deployment date": null,
                "Vehicle accessibility": null,
                "Description": null
            }
        },
        {
            "type": "Feature",
            "geometry": {
                "type": "Point",
                "coordinates": [
                    -0.501212,
                    47.482545
                ]
            },
            "properties": {
                "name": "Engie - Angers",
                "Country": "France",
                "Type": "Plan - built for trucks",
                "CPO": "Engie",
                "Total power": null,
                "Number of plugs": null,
                "Maximum charging power": null,
                "Deployment year": "2025",
                "Details about deployment date": null,
                "Vehicle accessibility": null,
                "Description": null
            }
        },
        {
            "type": "Feature",
            "geometry": {
                "type": "Point",
                "coordinates": [
                    -1.784188,
                    48.09102
                ]
            },
            "properties": {
                "name": "Station ENGIE - LE RHEU",
                "Country": "France",
                "Type": "Plan - built for trucks",
                "CPO": "Engie",
                "Total power": null,
                "Number of plugs": null,
                "Maximum charging power": null,
                "Deployment year": "2025",
                "Details about deployment date": null,
                "Vehicle accessibility": null,
                "Description": null
            }
        },
        {
            "type": "Feature",
            "geometry": {
                "type": "Point",
                "coordinates": [
                    14.446608,
                    53.340392
                ]
            },
            "properties": {
                "name": "GreenWay Charging Station",
                "Country": "Poland",
                "Type": "Plan - built for trucks",
                "CPO": "Greenway",
                "Total power": "1600",
                "Number of plugs": "4",
                "Maximum charging power": "400",
                "Deployment year": "Q4 2026",
                "Details about deployment date": "Planned",
                "Vehicle accessibility": "Dedicated for trucks",
                "Description": null
            }
        },
        {
            "type": "Feature",
            "geometry": {
                "type": "Point",
                "coordinates": [
                    18.4566,
                    52.151714
                ]
            },
            "properties": {
                "name": "GreenWay Charging Station",
                "Country": "Poland",
                "Type": "Plan - built for trucks",
                "CPO": "Greenway",
                "Total power": "700",
                "Number of plugs": "2",
                "Maximum charging power": "350",
                "Deployment year": "2025",
                "Details about deployment date": "Planned",
                "Vehicle accessibility": "Dedicated for trucks",
                "Description": null
            }
        },
        {
            "type": "Feature",
            "geometry": {
                "type": "Point",
                "coordinates": [
                    18.456763,
                    52.152971
                ]
            },
            "properties": {
                "name": "GreenWay Charging Station",
                "Country": "Poland",
                "Type": "Plan - built for trucks",
                "CPO": "Greenway",
                "Total power": "700",
                "Number of plugs": "2",
                "Maximum charging power": "350",
                "Deployment year": "2026",
                "Details about deployment date": "Planned",
                "Vehicle accessibility": "Dedicated for trucks",
                "Description": null
            }
        },
        {
            "type": "Feature",
            "geometry": {
                "type": "Point",
                "coordinates": [
                    19.379659,
                    51.084162
                ]
            },
            "properties": {
                "name": "GreenWay Charging Station",
                "Country": "Poland",
                "Type": "Plan - built for trucks",
                "CPO": "Greenway",
                "Total power": "350",
                "Number of plugs": "1",
                "Maximum charging power": "350",
                "Deployment year": "2026",
                "Details about deployment date": "Planned",
                "Vehicle accessibility": "Dedicated for trucks",
                "Description": null
            }
        },
        {
            "type": "Feature",
            "geometry": {
                "type": "Point",
                "coordinates": [
                    16.171504,
                    51.186196
                ]
            },
            "properties": {
                "name": "GreenWay Stacja ładowania",
                "Country": "Poland",
                "Type": "Plan - built for trucks",
                "CPO": "Greenway",
                "Total power": "350",
                "Number of plugs": "1",
                "Maximum charging power": "350",
                "Deployment year": "2026",
                "Details about deployment date": "Planned",
                "Vehicle accessibility": "Dedicated for trucks",
                "Description": null
            }
        },
        {
            "type": "Feature",
            "geometry": {
                "type": "Point",
                "coordinates": [
                    16.760656,
                    51.022919
                ]
            },
            "properties": {
                "name": "GreenWay Polska Stacja ładowania",
                "Country": "Poland",
                "Type": "Plan - built for trucks",
                "CPO": "Greenway",
                "Total power": "350",
                "Number of plugs": "1",
                "Maximum charging power": "350",
                "Deployment year": "2025",
                "Details about deployment date": "Planned",
                "Vehicle accessibility": "Dedicated for trucks",
                "Description": null
            }
        },
        {
            "type": "Feature",
            "geometry": {
                "type": "Point",
                "coordinates": [
                    17.964418,
                    48.853767
                ]
            },
            "properties": {
                "name": "GreenWay Charging Station",
                "Country": "Slovakia",
                "Type": "Plan - built for trucks",
                "CPO": "Greenway",
                "Total power": "350",
                "Number of plugs": "1",
                "Maximum charging power": "350 kW",
                "Deployment year": "2025",
                "Details about deployment date": null,
                "Vehicle accessibility": "Dedicated for trucks",
                "Description": null
            }
        },
        {
            "type": "Feature",
            "geometry": {
                "type": "Point",
                "coordinates": [
                    17.020103,
                    48.206327
                ]
            },
            "properties": {
                "name": "GreenWay Charging Station",
                "Country": "Slovakia",
                "Type": "Plan - built for trucks",
                "CPO": "Greenway",
                "Total power": "350",
                "Number of plugs": "1",
                "Maximum charging power": "350 kW",
                "Deployment year": "2025",
                "Details about deployment date": null,
                "Vehicle accessibility": "Dedicated for trucks",
                "Description": null
            }
        },
        {
            "type": "Feature",
            "geometry": {
                "type": "Point",
                "coordinates": [
                    18.057572,
                    48.324814
                ]
            },
            "properties": {
                "name": "GreenWay Charging Station",
                "Country": "Slovakia",
                "Type": "Plan - built for trucks",
                "CPO": "Greenway",
                "Total power": "350",
                "Number of plugs": "1",
                "Maximum charging power": "350 kW",
                "Deployment year": "2025",
                "Details about deployment date": null,
                "Vehicle accessibility": "Dedicated for trucks",
                "Description": null
            }
        },
        {
            "type": "Feature",
            "geometry": {
                "type": "Point",
                "coordinates": [
                    -0.6389275,
                    39.4760858
                ]
            },
            "properties": {
                "name": "Milence Autovia del Este",
                "Country": "Spain",
                "Type": "Plan - built for trucks",
                "CPO": "Milence",
                "Total power": null,
                "Number of plugs": "4",
                "Maximum charging power": "400 kW",
                "Deployment year": "2026",
                "Details about deployment date": "Contact us for more details about estimated opening date",
                "Vehicle accessibility": null,
                "Description": "https://milence.com/location/cheste/"
            }
        },
        {
            "type": "Feature",
            "geometry": {
                "type": "Point",
                "coordinates": [
                    6.8507886,
                    52.2845007
                ]
            },
            "properties": {
                "name": "Milence - Deurningen",
                "Country": "The Netherlands",
                "Type": "Plan - built for trucks",
                "CPO": "Milence",
                "Total power": null,
                "Number of plugs": "4",
                "Maximum charging power": "400 kW",
                "Deployment year": "2026",
                "Details about deployment date": null,
                "Vehicle accessibility": null,
                "Description": "https://milence.com/location/deurningen/"
            }
        },
        {
            "type": "Feature",
            "geometry": {
                "type": "Point",
                "coordinates": [
                    1.427475,
                    43.643939
                ]
            },
            "properties": {
                "name": "ENERJUMP Toulouse",
                "Country": "France",
                "Type": "Plan - built for trucks",
                "CPO": "ENERJUMP",
                "Total power": "1600",
                "Number of plugs": "4",
                "Maximum charging power": "400",
                "Deployment year": "2025",
                "Details about deployment date": null,
                "Vehicle accessibility": null,
                "Description": null
            }
        },
        {
            "type": "Feature",
            "geometry": {
                "type": "Point",
                "coordinates": [
                    0.12761,
                    44.425127
                ]
            },
            "properties": {
                "name": "ENERJUMP SAMAZAN",
                "Country": "France",
                "Type": "Plan - built for trucks",
                "CPO": "ENERJUMP",
                "Total power": null,
                "Number of plugs": null,
                "Maximum charging power": null,
                "Deployment year": "2025",
                "Details about deployment date": "MEET UP - Hosted",
                "Vehicle accessibility": null,
                "Description": null
            }
        },
        {
            "type": "Feature",
            "geometry": {
                "type": "Point",
                "coordinates": [
                    3.701074,
                    46.540166
                ]
            },
            "properties": {
                "name": "ENERJUMP Dompierre PSA",
                "Country": "France",
                "Type": "Plan - built for trucks",
                "CPO": "ENERJUMP",
                "Total power": null,
                "Number of plugs": null,
                "Maximum charging power": null,
                "Deployment year": "2025",
                "Details about deployment date": "MEETUP hosted in PSA",
                "Vehicle accessibility": null,
                "Description": null
            }
        },
        {
            "type": "Feature",
            "geometry": {
                "type": "Point",
                "coordinates": [
                    1.103526,
                    49.434999
                ]
            },
            "properties": {
                "name": "ENERJUMP Rouen",
                "Country": "France",
                "Type": "Plan - built for trucks",
                "CPO": "ENERJUMP",
                "Total power": null,
                "Number of plugs": null,
                "Maximum charging power": null,
                "Deployment year": "2025",
                "Details about deployment date": "MEETUP - hosted by VEOLIA",
                "Vehicle accessibility": null,
                "Description": null
            }
        },
        {
            "type": "Feature",
            "geometry": {
                "type": "Point",
                "coordinates": [
                    1.510103,
                    48.448873
                ]
            },
            "properties": {
                "name": "ENERJUMP CHARTRES",
                "Country": "France",
                "Type": "Plan - built for trucks",
                "CPO": "ENERJUMP",
                "Total power": "1600",
                "Number of plugs": "4",
                "Maximum charging power": "400",
                "Deployment year": "2025",
                "Details about deployment date": null,
                "Vehicle accessibility": null,
                "Description": null
            }
        },
        {
            "type": "Feature",
            "geometry": {
                "type": "Point",
                "coordinates": [
                    -1.205159,
                    48.053277
                ]
            },
            "properties": {
                "name": "ENERJUMP VIRE",
                "Country": "France",
                "Type": "Plan - built for trucks",
                "CPO": "ENERJUMP",
                "Total power": null,
                "Number of plugs": null,
                "Maximum charging power": null,
                "Deployment year": "2025",
                "Details about deployment date": "MEETUP hosted",
                "Vehicle accessibility": null,
                "Description": null
            }
        },
        {
            "type": "Feature",
            "geometry": {
                "type": "Point",
                "coordinates": [
                    5.506844,
                    47.999758
                ]
            },
            "properties": {
                "name": "ENERJUMP VAL DE MEUSE",
                "Country": "France",
                "Type": "Plan - built for trucks",
                "CPO": "ENERJUMP",
                "Total power": "1600",
                "Number of plugs": "4",
                "Maximum charging power": "400",
                "Deployment year": "2025",
                "Details about deployment date": null,
                "Vehicle accessibility": null,
                "Description": null
            }
        },
        {
            "type": "Feature",
            "geometry": {
                "type": "Point",
                "coordinates": [
                    4.79505,
                    44.667644
                ]
            },
            "properties": {
                "name": "oreve tourettes",
                "Country": "France",
                "Type": "Plan - built for trucks",
                "CPO": "OREVE",
                "Total power": "1600",
                "Number of plugs": "4",
                "Maximum charging power": "400",
                "Deployment year": null,
                "Details about deployment date": "31/12/2025",
                "Vehicle accessibility": null,
                "Description": null
            }
        },
        {
            "type": "Feature",
            "geometry": {
                "type": "Point",
                "coordinates": [
                    2.260233,
                    48.628347
                ]
            },
            "properties": {
                "name": "OREVE LINAS",
                "Country": "France",
                "Type": "Plan - built for trucks",
                "CPO": "OREVE",
                "Total power": "800",
                "Number of plugs": "2",
                "Maximum charging power": "400",
                "Deployment year": "2025",
                "Details about deployment date": "31/12/2025",
                "Vehicle accessibility": null,
                "Description": null
            }
        },
        {
            "type": "Feature",
            "geometry": {
                "type": "Point",
                "coordinates": [
                    2.737457,
                    47.655487
                ]
            },
            "properties": {
                "name": "OREVE BRIARE",
                "Country": "France",
                "Type": "Plan - built for trucks",
                "CPO": "OREVE",
                "Total power": "1600",
                "Number of plugs": "4",
                "Maximum charging power": "400",
                "Deployment year": "2025",
                "Details about deployment date": "31/12/2025",
                "Vehicle accessibility": null,
                "Description": null
            }
        },
        {
            "type": "Feature",
            "geometry": {
                "type": "Point",
                "coordinates": [
                    -0.306701,
                    49.154632
                ]
            },
            "properties": {
                "name": "OREVE MONDEVILLE",
                "Country": "France",
                "Type": "Plan - built for trucks",
                "CPO": "OREVE",
                "Total power": "1600",
                "Number of plugs": "4",
                "Maximum charging power": "400",
                "Deployment year": "2025",
                "Details about deployment date": "31/12/2025",
                "Vehicle accessibility": null,
                "Description": null
            }
        },
        {
            "type": "Feature",
            "geometry": {
                "type": "Point",
                "coordinates": [
                    5.239604,
                    45.591306
                ]
            },
            "properties": {
                "name": "OREVE - Bourgoin",
                "Country": "France",
                "Type": "Plan - built for trucks",
                "CPO": "OREVE",
                "Total power": "1600",
                "Number of plugs": "4",
                "Maximum charging power": "400",
                "Deployment year": "2025",
                "Details about deployment date": "31/12/2025",
                "Vehicle accessibility": null,
                "Description": "Precise location to be confirmed"
            }
        },
        {
            "type": "Feature",
            "geometry": {
                "type": "Point",
                "coordinates": [
                    7.844299,
                    51.643176
                ]
            },
            "properties": {
                "name": "Hola Projekt - Shell Hamm",
                "Country": "Germany",
                "Type": "Plan - built for trucks - MCS",
                "CPO": "Shell",
                "Total power": "1400kW",
                "Number of plugs": "3",
                "Maximum charging power": "MCS: 1000kW - CCS: 400KW",
                "Deployment year": "04/2026",
                "Details about deployment date": null,
                "Vehicle accessibility": null,
                "Description": "2 CCS (400 kW) + 1 MCS charging point - only CCS with public access"
            }
        },
        {
            "type": "Feature",
            "geometry": {
                "type": "Point",
                "coordinates": [
                    10.634834,
                    52.31267
                ]
            },
            "properties": {
                "name": "Hola Projekt - Lehre Shell",
                "Country": "Germany",
                "Type": "Plan - built for trucks - MCS",
                "CPO": "Shell",
                "Total power": "1600kW",
                "Number of plugs": "3",
                "Maximum charging power": "MCS: 1000kW - CCS: 400kW",
                "Deployment year": "04/2026",
                "Details about deployment date": null,
                "Vehicle accessibility": null,
                "Description": "2 CCS (400 kW) + 1 MCS charging point - only CCS with public access"
            }
        },
        {
            "type": "Feature",
            "geometry": {
                "type": "Point",
                "coordinates": [
                    12.975348,
                    52.565749
                ]
            },
            "properties": {
                "name": "Hola Projekt - Shell Wustermark",
                "Country": "Germany",
                "Type": "Plan - built for trucks - MCS",
                "CPO": "Shell",
                "Total power": "1400kW",
                "Number of plugs": "3",
                "Maximum charging power": "MCS: 1000kW - CCS: 400kW",
                "Deployment year": "05/2026",
                "Details about deployment date": null,
                "Vehicle accessibility": null,
                "Description": "2 CCS (400 kW) + 1 MCS charging point - only CCS with public access"
            }
        },
        {
            "type": "Feature",
            "geometry": {
                "type": "Point",
                "coordinates": [
                    -1.151764,
                    46.796925
                ]
            },
            "properties": {
                "name": "OREVE ESSARTS SAINTE FLORENCE",
                "Country": "France",
                "Type": "Plan - built for trucks",
                "CPO": "OREVE",
                "Total power": "2000",
                "Number of plugs": "5 to 7",
                "Maximum charging power": "400",
                "Deployment year": "2026",
                "Details about deployment date": "precise location to be validated",
                "Vehicle accessibility": null,
                "Description": null
            }
        },
        {
            "type": "Feature",
            "geometry": {
                "type": "Point",
                "coordinates": [
                    -1.385092,
                    46.737267
                ]
            },
            "properties": {
                "name": "OREVE DOMPIERRE SUR YON",
                "Country": "France",
                "Type": "Plan - built for trucks",
                "CPO": "OREVE",
                "Total power": "2000",
                "Number of plugs": "5 to 7",
                "Maximum charging power": "400",
                "Deployment year": "2026",
                "Details about deployment date": null,
                "Vehicle accessibility": null,
                "Description": null
            }
        },
        {
            "type": "Feature",
            "geometry": {
                "type": "Point",
                "coordinates": [
                    -0.808293,
                    46.466858
                ]
            },
            "properties": {
                "name": "OREVE FONTENAY LE COMTE",
                "Country": "France",
                "Type": "Plan - built for trucks",
                "CPO": "OREVE",
                "Total power": "2000",
                "Number of plugs": "5 to 7",
                "Maximum charging power": "400",
                "Deployment year": "2026",
                "Details about deployment date": "precise location to be confirmed",
                "Vehicle accessibility": null,
                "Description": null
            }
        },
        {
            "type": "Feature",
            "geometry": {
                "type": "Point",
                "coordinates": [
                    3.151551,
                    45.762171
                ]
            },
            "properties": {
                "name": "Engie - Gandaillat",
                "Country": "France",
                "Type": "Plan - built for trucks",
                "CPO": "Engie",
                "Total power": null,
                "Number of plugs": null,
                "Maximum charging power": null,
                "Deployment year": null,
                "Details about deployment date": null,
                "Vehicle accessibility": null,
                "Description": null
            }
        },
        {
            "type": "Feature",
            "geometry": {
                "type": "Point",
                "coordinates": [
                    3.132558,
                    45.802389
                ]
            },
            "properties": {
                "name": "Engie - Gravanche",
                "Country": "France",
                "Type": "Plan - built for trucks",
                "CPO": "Engie",
                "Total power": null,
                "Number of plugs": null,
                "Maximum charging power": null,
                "Deployment year": null,
                "Details about deployment date": null,
                "Vehicle accessibility": null,
                "Description": null
            }
        },
        {
            "type": "Feature",
            "geometry": {
                "type": "Point",
                "coordinates": [
                    3.132357,
                    45.908978
                ]
            },
            "properties": {
                "name": "Engie - Riom",
                "Country": "France",
                "Type": "Plan - built for trucks",
                "CPO": "Engie",
                "Total power": null,
                "Number of plugs": null,
                "Maximum charging power": null,
                "Deployment year": null,
                "Details about deployment date": null,
                "Vehicle accessibility": null,
                "Description": null
            }
        },
        {
            "type": "Feature",
            "geometry": {
                "type": "Point",
                "coordinates": [
                    0.679221,
                    47.257095
                ]
            },
            "properties": {
                "name": "Milence - Sorigny",
                "Country": "France",
                "Type": "Plan - built for trucks",
                "CPO": "Engie",
                "Total power": null,
                "Number of plugs": "4",
                "Maximum charging power": "400 kW",
                "Deployment year": "2026",
                "Details about deployment date": null,
                "Vehicle accessibility": null,
                "Description": "https://milence.com/location/sorigny/?_gl=1*15tyduk*_up*MQ..*_ga*NTgxMTYxMjI0LjE3NzY2NzExMTM.*_ga_98R2W0X641*czE3NzY2NzExMTIkbzEkZzAkdDE3NzY2NzExMTIkajYwJGwwJGgw"
            }
        },
        {
            "type": "Feature",
            "geometry": {
                "type": "Point",
                "coordinates": [
                    0.279337,
                    49.478275
                ]
            },
            "properties": {
                "name": "Engie - Oudalle",
                "Country": "France",
                "Type": "Plan - built for trucks",
                "CPO": "Engie",
                "Total power": null,
                "Number of plugs": null,
                "Maximum charging power": null,
                "Deployment year": "2025",
                "Details about deployment date": null,
                "Vehicle accessibility": null,
                "Description": null
            }
        },
        {
            "type": "Feature",
            "geometry": {
                "type": "Point",
                "coordinates": [
                    1.18361,
                    49.009984
                ]
            },
            "properties": {
                "name": "Engie - Evreux",
                "Country": "France",
                "Type": "Plan - built for trucks",
                "CPO": "Engie",
                "Total power": null,
                "Number of plugs": null,
                "Maximum charging power": null,
                "Deployment year": "2025",
                "Details about deployment date": null,
                "Vehicle accessibility": null,
                "Description": null
            }
        },
        {
            "type": "Feature",
            "geometry": {
                "type": "Point",
                "coordinates": [
                    2.299087,
                    48.939777
                ]
            },
            "properties": {
                "name": "Engie - Haropa",
                "Country": "France",
                "Type": "Plan - built for trucks",
                "CPO": "Engie",
                "Total power": null,
                "Number of plugs": null,
                "Maximum charging power": null,
                "Deployment year": "2025",
                "Details about deployment date": null,
                "Vehicle accessibility": null,
                "Description": null
            }
        },
        {
            "type": "Feature",
            "geometry": {
                "type": "Point",
                "coordinates": [
                    -0.191482,
                    53.602697
                ]
            },
            "properties": {
                "name": "Aegis Energy - Immingham",
                "Country": "UK",
                "Type": "Plan - built for trucks - MCS",
                "CPO": "Aegis Energy",
                "Total power": null,
                "Number of plugs": "65",
                "Maximum charging power": "400kW",
                "Deployment year": "2025",
                "Details about deployment date": null,
                "Vehicle accessibility": "Dedicated site for HGV",
                "Description": "40 HGV and 25 LCV bays simultaneously / 400kW charging with MCS ready / HVO and Adblue also"
            }
        },
        {
            "type": "Feature",
            "geometry": {
                "type": "Point",
                "coordinates": [
                    -2.602345,
                    53.39204
                ]
            },
            "properties": {
                "name": "Aegis Energy - Warrington",
                "Country": "UK",
                "Type": "Plan - built for trucks",
                "CPO": "Aegis Energy",
                "Total power": null,
                "Number of plugs": "257",
                "Maximum charging power": "400kW",
                "Deployment year": "2027",
                "Details about deployment date": null,
                "Vehicle accessibility": "TBC - Motorway location",
                "Description": "220 LCV charging bays / 37 HGV charging bays / ANPR access and \"plug and charge\" capabilities."
            }
        },
        {
            "type": "Feature",
            "geometry": {
                "type": "Point",
                "coordinates": [
                    -0.684233,
                    52.492298
                ]
            },
            "properties": {
                "name": "Aegis Energy - Corby",
                "Country": "UK",
                "Type": "Plan - built for trucks",
                "CPO": "Aegis Energy",
                "Total power": null,
                "Number of plugs": "71",
                "Maximum charging power": "400kW",
                "Deployment year": "2026",
                "Details about deployment date": null,
                "Vehicle accessibility": "TBC - Inside logistics hub",
                "Description": "40 LCV charging bays / 31 HGV charging bays."
            }
        },
        {
            "type": "Feature",
            "geometry": {
                "type": "Point",
                "coordinates": [
                    -1.002732,
                    52.129203
                ]
            },
            "properties": {
                "name": "Aegis Energy - Towcester",
                "Country": "UK",
                "Type": "Plan - built for trucks",
                "CPO": "Aegis Energy",
                "Total power": null,
                "Number of plugs": "32",
                "Maximum charging power": "400kW",
                "Deployment year": "2027",
                "Details about deployment date": null,
                "Vehicle accessibility": "TBC - A road location",
                "Description": "20 LCV charging bays / 12 HGV charging bays"
            }
        },
        {
            "type": "Feature",
            "geometry": {
                "type": "Point",
                "coordinates": [
                    -1.470085,
                    53.381129
                ]
            },
            "properties": {
                "name": "Aegis Energy - Sheffield",
                "Country": "UK",
                "Type": "Plan - built for trucks",
                "CPO": "Aegis Energy",
                "Total power": null,
                "Number of plugs": "84",
                "Maximum charging power": "400kW",
                "Deployment year": "2026",
                "Details about deployment date": null,
                "Vehicle accessibility": "TBC - Motorway location",
                "Description": "51 LCV charging bays / 33 HGV charging bays"
            }
        },
        {
            "type": "Feature",
            "geometry": {
                "type": "Point",
                "coordinates": [
                    0.904213,
                    51.124778
                ]
            },
            "properties": {
                "name": "Aral Pulse - Ashford",
                "Country": "UK",
                "Type": "Plan - built for trucks - MCS",
                "CPO": "Aral Pulse",
                "Total power": "36.5MW",
                "Number of plugs": "8",
                "Maximum charging power": "1000 kW",
                "Deployment year": "2026",
                "Details about deployment date": null,
                "Vehicle accessibility": "Built for trucks",
                "Description": "10 x MCS, 125 x 100kW chargers"
            }
        },
        {
            "type": "Feature",
            "geometry": {
                "type": "Point",
                "coordinates": [
                    4.566103,
                    51.869039
                ]
            },
            "properties": {
                "name": "Aral pulse - Rotterdam",
                "Country": "The Netherlands",
                "Type": "Plan - built for trucks - MCS",
                "CPO": "Aral pulse",
                "Total power": null,
                "Number of plugs": "6",
                "Maximum charging power": "1000 kW",
                "Deployment year": "TBC",
                "Details about deployment date": null,
                "Vehicle accessibility": null,
                "Description": null
            }
        },
        {
            "type": "Feature",
            "geometry": {
                "type": "Point",
                "coordinates": [
                    2.55212,
                    48.657237
                ]
            },
            "properties": {
                "name": "ENGIE COMBS LA VILLE",
                "Country": "France",
                "Type": "Plan - built for trucks",
                "CPO": "ENGIE",
                "Total power": null,
                "Number of plugs": null,
                "Maximum charging power": null,
                "Deployment year": null,
                "Details about deployment date": null,
                "Vehicle accessibility": null,
                "Description": null
            }
        },
        {
            "type": "Feature",
            "geometry": {
                "type": "Point",
                "coordinates": [
                    7.007156,
                    50.977064
                ]
            },
            "properties": {
                "name": "Aral Pulse - Köln",
                "Country": "Germany",
                "Type": "Plan - built for trucks",
                "CPO": "Aral Pulse",
                "Total power": "600 kW",
                "Number of plugs": "4",
                "Maximum charging power": "300 kW",
                "Deployment year": "tbd",
                "Details about deployment date": null,
                "Vehicle accessibility": null,
                "Description": null
            }
        },
        {
            "type": "Feature",
            "geometry": {
                "type": "Point",
                "coordinates": [
                    -1.471087,
                    53.772972
                ]
            },
            "properties": {
                "name": "Gridserve - Leeds Skelton Lake Services",
                "Country": "UK",
                "Type": "Plan - built for trucks",
                "CPO": "Gridserve",
                "Total power": null,
                "Number of plugs": null,
                "Maximum charging power": null,
                "Deployment year": "2026",
                "Details about deployment date": null,
                "Vehicle accessibility": null,
                "Description": null
            }
        },
        {
            "type": "Feature",
            "geometry": {
                "type": "Point",
                "coordinates": [
                    -2.802359,
                    53.268295
                ]
            },
            "properties": {
                "name": "Gridserve - Roadchef Chester",
                "Country": "UK",
                "Type": "Plan - built for trucks",
                "CPO": "Gridserve",
                "Total power": null,
                "Number of plugs": null,
                "Maximum charging power": null,
                "Deployment year": null,
                "Details about deployment date": null,
                "Vehicle accessibility": null,
                "Description": null
            }
        },
        {
            "type": "Feature",
            "geometry": {
                "type": "Point",
                "coordinates": [
                    -1.640828,
                    52.607525
                ]
            },
            "properties": {
                "name": "Gridserve - Moto Tamworth",
                "Country": "UK",
                "Type": "Plan - built for trucks",
                "CPO": "Gridserve",
                "Total power": null,
                "Number of plugs": null,
                "Maximum charging power": null,
                "Deployment year": null,
                "Details about deployment date": null,
                "Vehicle accessibility": null,
                "Description": null
            }
        },
        {
            "type": "Feature",
            "geometry": {
                "type": "Point",
                "coordinates": [
                    -2.15741,
                    52.064869
                ]
            },
            "properties": {
                "name": "Gridserve - Roadchef Strensham M5 Northbound",
                "Country": "UK",
                "Type": "Plan - built for trucks",
                "CPO": "Gridserve",
                "Total power": null,
                "Number of plugs": null,
                "Maximum charging power": null,
                "Deployment year": "2026",
                "Details about deployment date": null,
                "Vehicle accessibility": null,
                "Description": null
            }
        },
        {
            "type": "Feature",
            "geometry": {
                "type": "Point",
                "coordinates": [
                    0.271176,
                    51.492216
                ]
            },
            "properties": {
                "name": "Gridserve - Moto Thurrock",
                "Country": "UK",
                "Type": "Plan - built for trucks",
                "CPO": "Gridserve",
                "Total power": null,
                "Number of plugs": null,
                "Maximum charging power": null,
                "Deployment year": "2026",
                "Details about deployment date": null,
                "Vehicle accessibility": null,
                "Description": null
            }
        },
        {
            "type": "Feature",
            "geometry": {
                "type": "Point",
                "coordinates": [
                    9.36519,
                    54.854178
                ]
            },
            "properties": {
                "name": "Milence - Padborg",
                "Country": "Denmark",
                "Type": "Plan - built for trucks",
                "CPO": "Milence",
                "Total power": null,
                "Number of plugs": "4",
                "Maximum charging power": "400 kW",
                "Deployment year": null,
                "Details about deployment date": "2025",
                "Vehicle accessibility": null,
                "Description": null
            }
        },
        {
            "type": "Feature",
            "geometry": {
                "type": "Point",
                "coordinates": [
                    15.347483,
                    49.521804
                ]
            },
            "properties": {
                "name": "Nabíjecí stanice E.ON Drive",
                "Country": "Czech Republic",
                "Type": "Plan - built for trucks",
                "CPO": "E.ON",
                "Total power": null,
                "Number of plugs": null,
                "Maximum charging power": null,
                "Deployment year": "2026",
                "Details about deployment date": null,
                "Vehicle accessibility": null,
                "Description": null
            }
        },
        {
            "type": "Feature",
            "geometry": {
                "type": "Point",
                "coordinates": [
                    14.580556,
                    49.998333
                ]
            },
            "properties": {
                "name": "MAN Truck & Bus - Čestlice Public charging",
                "Country": "Czech Republic",
                "Type": "Plan - built for trucks",
                "CPO": "E.ON",
                "Total power": null,
                "Number of plugs": null,
                "Maximum charging power": null,
                "Deployment year": "2025/2026",
                "Details about deployment date": null,
                "Vehicle accessibility": null,
                "Description": null
            }
        },
        {
            "type": "Feature",
            "geometry": {
                "type": "Point",
                "coordinates": [
                    7.371692,
                    49.513833
                ]
            },
            "properties": {
                "name": "Aral Pulse / BP Konken",
                "Country": "Germany",
                "Type": "Plan - built for trucks",
                "CPO": "Aral Pulse",
                "Total power": "600kW",
                "Number of plugs": "4",
                "Maximum charging power": "300",
                "Deployment year": "tbc",
                "Details about deployment date": null,
                "Vehicle accessibility": null,
                "Description": null
            }
        },
        {
            "type": "Feature",
            "geometry": {
                "type": "Point",
                "coordinates": [
                    1.351255,
                    51.961726
                ]
            },
            "properties": {
                "name": "Fleete - Felixstowe",
                "Country": "UK",
                "Type": "Plan - built for trucks",
                "CPO": "Fleete",
                "Total power": "5MW",
                "Number of plugs": "TBC",
                "Maximum charging power": "400kW",
                "Deployment year": "Q3 2026",
                "Details about deployment date": null,
                "Vehicle accessibility": "HGV built",
                "Description": null
            }
        },
        {
            "type": "Feature",
            "geometry": {
                "type": "Point",
                "coordinates": [
                    0.174675,
                    51.480818
                ]
            },
            "properties": {
                "name": "Fleete - Erith",
                "Country": "UK",
                "Type": "Plan - built for trucks",
                "CPO": "Fleete",
                "Total power": "3MW",
                "Number of plugs": "TBC",
                "Maximum charging power": "400kW",
                "Deployment year": "Q3 2026",
                "Details about deployment date": null,
                "Vehicle accessibility": "Built for trucks",
                "Description": null
            }
        },
        {
            "type": "Feature",
            "geometry": {
                "type": "Point",
                "coordinates": [
                    -1.702139,
                    52.52604
                ]
            },
            "properties": {
                "name": "Fleete - Hams Hall",
                "Country": "UK",
                "Type": "Plan - built for trucks",
                "CPO": "Fleete",
                "Total power": "4.5MW",
                "Number of plugs": "TBC",
                "Maximum charging power": "400kW",
                "Deployment year": "Q3 2026",
                "Details about deployment date": null,
                "Vehicle accessibility": "Built for trucks",
                "Description": null
            }
        },
        {
            "type": "Feature",
            "geometry": {
                "type": "Point",
                "coordinates": [
                    -0.512854,
                    51.470197
                ]
            },
            "properties": {
                "name": "Fleete - Heathrow",
                "Country": "UK",
                "Type": "Plan - built for trucks",
                "CPO": "Fleete",
                "Total power": "3MW",
                "Number of plugs": "TBC",
                "Maximum charging power": "400kW",
                "Deployment year": "Q4 2026",
                "Details about deployment date": null,
                "Vehicle accessibility": "built for trucks",
                "Description": null
            }
        },
        {
            "type": "Feature",
            "geometry": {
                "type": "Point",
                "coordinates": [
                    -2.323057,
                    53.470724
                ]
            },
            "properties": {
                "name": "Fleete - Trafford Park",
                "Country": "UK",
                "Type": "Plan - built for trucks",
                "CPO": "Fleete",
                "Total power": "5MW",
                "Number of plugs": "TBC",
                "Maximum charging power": "400kW",
                "Deployment year": "Q4 2026",
                "Details about deployment date": null,
                "Vehicle accessibility": "built for trucks",
                "Description": null
            }
        },
        {
            "type": "Feature",
            "geometry": {
                "type": "Point",
                "coordinates": [
                    0.32011,
                    51.415951
                ]
            },
            "properties": {
                "name": "Fleete - Southfleet",
                "Country": "UK",
                "Type": "Plan - built for trucks",
                "CPO": "Fleete",
                "Total power": "5MW",
                "Number of plugs": "TBC",
                "Maximum charging power": "400kW",
                "Deployment year": "Q4 2026",
                "Details about deployment date": null,
                "Vehicle accessibility": "Built for trucks",
                "Description": null
            }
        },
        {
            "type": "Feature",
            "geometry": {
                "type": "Point",
                "coordinates": [
                    -4.223863,
                    55.865446
                ]
            },
            "properties": {
                "name": "Fleete - Glasgow",
                "Country": "UK",
                "Type": "Plan - built for trucks",
                "CPO": "Fleete",
                "Total power": "3MW",
                "Number of plugs": "TBC",
                "Maximum charging power": "400kW",
                "Deployment year": "Q4 2026",
                "Details about deployment date": null,
                "Vehicle accessibility": "Built for trucks",
                "Description": "This is an estimated location"
            }
        },
        {
            "type": "Feature",
            "geometry": {
                "type": "Point",
                "coordinates": [
                    -3.188267,
                    55.953252
                ]
            },
            "properties": {
                "name": "Fleete - Edinburgh",
                "Country": "UK",
                "Type": "Plan - built for trucks",
                "CPO": "Fleete",
                "Total power": "5MW",
                "Number of plugs": "TBC",
                "Maximum charging power": "400kW",
                "Deployment year": "Q1 2027",
                "Details about deployment date": "Estimated",
                "Vehicle accessibility": "Built for trucks",
                "Description": "Estimated location - actual site has not been disclosed"
            }
        },
        {
            "type": "Feature",
            "geometry": {
                "type": "Point",
                "coordinates": [
                    -1.635656,
                    52.589757
                ]
            },
            "properties": {
                "name": "Maritime Zero - Tamworth",
                "Country": "UK",
                "Type": "Plan - built for trucks",
                "CPO": "Maritime",
                "Total power": "1.8MW",
                "Number of plugs": "5",
                "Maximum charging power": "360",
                "Deployment year": "Q2 2026",
                "Details about deployment date": null,
                "Vehicle accessibility": "Built for trucks",
                "Description": "Access via agreement only"
            }
        },
        {
            "type": "Feature",
            "geometry": {
                "type": "Point",
                "coordinates": [
                    -2.3047,
                    53.463256
                ]
            },
            "properties": {
                "name": "Maritime Zero - Manchester",
                "Country": "UK",
                "Type": "Plan - built for trucks",
                "CPO": "Maritime Zero",
                "Total power": null,
                "Number of plugs": "5",
                "Maximum charging power": "360kW",
                "Deployment year": "Q2 2026",
                "Details about deployment date": null,
                "Vehicle accessibility": "Built for trucks",
                "Description": "Must have a Maritime account"
            }
        },
        {
            "type": "Feature",
            "geometry": {
                "type": "Point",
                "coordinates": [
                    0.352523,
                    51.469387
                ]
            },
            "properties": {
                "name": "Maritime Zero - Tilbury",
                "Country": "UK",
                "Type": "Plan - built for trucks",
                "CPO": "Maritime Zero",
                "Total power": "2.4MW",
                "Number of plugs": "6",
                "Maximum charging power": "400",
                "Deployment year": "Q2 2026",
                "Details about deployment date": null,
                "Vehicle accessibility": "Built for trucks",
                "Description": "Must have Maritime account - 12 bays"
            }
        },
        {
            "type": "Feature",
            "geometry": {
                "type": "Point",
                "coordinates": [
                    -1.399802,
                    53.710329
                ]
            },
            "properties": {
                "name": "Maritime Zero - Wakefield",
                "Country": "UK",
                "Type": "Plan - built for trucks",
                "CPO": "Maritime Zero",
                "Total power": "2.4MW",
                "Number of plugs": "6",
                "Maximum charging power": "400kW",
                "Deployment year": "Q2 2026",
                "Details about deployment date": null,
                "Vehicle accessibility": "Built for trucks",
                "Description": "Must have Maritime account - 12 bays"
            }
        },
        {
            "type": "Feature",
            "geometry": {
                "type": "Point",
                "coordinates": [
                    9.453542,
                    48.624307
                ]
            },
            "properties": {
                "name": "TruckCharge - Spedition Diez",
                "Country": "Germany",
                "Type": "Plan - built for trucks",
                "CPO": "TruckCharge",
                "Total power": "1200kW",
                "Number of plugs": "6",
                "Maximum charging power": "400",
                "Deployment year": "2025 (estimate October)",
                "Details about deployment date": "semi public charging; increasing number of plugs by 2027 to 15",
                "Vehicle accessibility": null,
                "Description": null
            }
        },
        {
            "type": "Feature",
            "geometry": {
                "type": "Point",
                "coordinates": [
                    -2.505074,
                    53.358886
                ]
            },
            "properties": {
                "name": "Aral Pulse - Moto Lymm",
                "Country": "UK",
                "Type": "Plan - built for trucks - MCS",
                "CPO": "BP Pulse",
                "Total power": "Unknown",
                "Number of plugs": "6",
                "Maximum charging power": "1000 kW",
                "Deployment year": "2026",
                "Details about deployment date": null,
                "Vehicle accessibility": "Built for Trucks",
                "Description": "Built in Moto Services areas"
            }
        },
        {
            "type": "Feature",
            "geometry": {
                "type": "Point",
                "coordinates": [
                    -0.503096,
                    51.947162
                ]
            },
            "properties": {
                "name": "Aral Pulse - Moto Toddington Northbound",
                "Country": "UK",
                "Type": "Plan - built for trucks - MCS",
                "CPO": "Aral Pulse",
                "Total power": "Unknown",
                "Number of plugs": "6",
                "Maximum charging power": "1000 kW",
                "Deployment year": "2026",
                "Details about deployment date": null,
                "Vehicle accessibility": "Built for trucks",
                "Description": "Built in moto services trucks area"
            }
        },
        {
            "type": "Feature",
            "geometry": {
                "type": "Point",
                "coordinates": [
                    -0.500999,
                    51.947585
                ]
            },
            "properties": {
                "name": "Aral Pulse - Moto Toddington M1 Southbound",
                "Country": "UK",
                "Type": "Plan - built for trucks - MCS",
                "CPO": "Aral Pulse",
                "Total power": "Unknown",
                "Number of plugs": "6",
                "Maximum charging power": "1000 kW",
                "Deployment year": "2026",
                "Details about deployment date": null,
                "Vehicle accessibility": "Built for trucks",
                "Description": "Built in truck parking areas"
            }
        },
        {
            "type": "Feature",
            "geometry": {
                "type": "Point",
                "coordinates": [
                    25.107332,
                    66.161652
                ]
            },
            "properties": {
                "name": "Teboil - Mäkipeura",
                "Country": "Finland",
                "Type": "Plan - built for trucks",
                "CPO": "Teboil",
                "Total power": null,
                "Number of plugs": null,
                "Maximum charging power": null,
                "Deployment year": null,
                "Details about deployment date": null,
                "Vehicle accessibility": null,
                "Description": null
            }
        },
        {
            "type": "Feature",
            "geometry": {
                "type": "Point",
                "coordinates": [
                    15.786114,
                    51.273688
                ]
            },
            "properties": {
                "name": "GreenWay Stacja ładowania",
                "Country": "Poland",
                "Type": "Plan - built for trucks",
                "CPO": "Geenway",
                "Total power": "800",
                "Number of plugs": "2",
                "Maximum charging power": "400",
                "Deployment year": "Q3 2026",
                "Details about deployment date": null,
                "Vehicle accessibility": "Dedicated for trucks",
                "Description": null
            }
        },
        {
            "type": "Feature",
            "geometry": {
                "type": "Point",
                "coordinates": [
                    2.079004,
                    47.243642
                ]
            },
            "properties": {
                "name": "VOLTIX Vierzon",
                "Country": "FRANCE",
                "Type": "Plan - built for trucks - MCS",
                "CPO": "VOLTIX",
                "Total power": null,
                "Number of plugs": "4",
                "Maximum charging power": "1000",
                "Deployment year": "2026",
                "Details about deployment date": "May",
                "Vehicle accessibility": null,
                "Description": "MCS"
            }
        },
        {
            "type": "Feature",
            "geometry": {
                "type": "Point",
                "coordinates": [
                    18.372142,
                    54.680932
                ]
            },
            "properties": {
                "name": "BeReady2GO 400kW Celbowo",
                "Country": "Poland",
                "Type": "Plan - built for trucks",
                "CPO": "BeReady2GO",
                "Total power": "400 kW",
                "Number of plugs": null,
                "Maximum charging power": "400 kW",
                "Deployment year": "2026",
                "Details about deployment date": "Iq",
                "Vehicle accessibility": null,
                "Description": "1 x 400kW charger with 4 plugs each"
            }
        },
        {
            "type": "Feature",
            "geometry": {
                "type": "Point",
                "coordinates": [
                    19.63757,
                    51.409428
                ]
            },
            "properties": {
                "name": "BeReady2GO 8x400kW A1 Piotrkow",
                "Country": "Poland",
                "Type": "Plan - built for trucks",
                "CPO": "BeReady2GO",
                "Total power": "3600 kW",
                "Number of plugs": null,
                "Maximum charging power": "400 kW",
                "Deployment year": "2026/2027",
                "Details about deployment date": "TBC",
                "Vehicle accessibility": null,
                "Description": "8 x 400kW chargers"
            }
        },
        {
            "type": "Feature",
            "geometry": {
                "type": "Point",
                "coordinates": [
                    19.67349,
                    51.442127
                ]
            },
            "properties": {
                "name": "BeReady2GO 400kW Piotrkow",
                "Country": "Poland",
                "Type": "Plan - built for trucks",
                "CPO": "BeReady2GO",
                "Total power": "400 kW",
                "Number of plugs": null,
                "Maximum charging power": "400 kW",
                "Deployment year": "2026",
                "Details about deployment date": "Iq/TBC",
                "Vehicle accessibility": null,
                "Description": "1 x 400kW charger with 2 plugs each"
            }
        },
        {
            "type": "Feature",
            "geometry": {
                "type": "Point",
                "coordinates": [
                    18.637059,
                    53.92797
                ]
            },
            "properties": {
                "name": "BeReady2GO 8x400kW Pelplin",
                "Country": "Poland",
                "Type": "Plan - built for trucks",
                "CPO": "BeReady2GO",
                "Total power": "3600 kW",
                "Number of plugs": null,
                "Maximum charging power": "400 kW",
                "Deployment year": "2026/2027",
                "Details about deployment date": "TBC",
                "Vehicle accessibility": null,
                "Description": "8 x 400kW chargers"
            }
        },
        {
            "type": "Feature",
            "geometry": {
                "type": "Point",
                "coordinates": [
                    14.614604,
                    52.323271
                ]
            },
            "properties": {
                "name": "BeReady2GO 8x400kW Swiecko",
                "Country": "Poland",
                "Type": "Plan - built for trucks",
                "CPO": "BeReady2GO",
                "Total power": "3600 kW",
                "Number of plugs": null,
                "Maximum charging power": "400 kW",
                "Deployment year": "2026/2027",
                "Details about deployment date": "TBC",
                "Vehicle accessibility": null,
                "Description": "8 x 400kW chargers"
            }
        },
        {
            "type": "Feature",
            "geometry": {
                "type": "Point",
                "coordinates": [
                    23.490419,
                    51.155465
                ]
            },
            "properties": {
                "name": "BeReady2GO 400kW Chelm",
                "Country": "Poland",
                "Type": "Plan - built for trucks",
                "CPO": "BeReady2GO",
                "Total power": "400 kW",
                "Number of plugs": null,
                "Maximum charging power": "400 kW",
                "Deployment year": "2026/2027",
                "Details about deployment date": "TBC",
                "Vehicle accessibility": null,
                "Description": "1 x 400kW charger with 2 plugs 800A each"
            }
        },
        {
            "type": "Feature",
            "geometry": {
                "type": "Point",
                "coordinates": [
                    15.962505,
                    51.600878
                ]
            },
            "properties": {
                "name": "BeReady2GO 8x400kW Radwanice",
                "Country": "Poland",
                "Type": "Plan - built for trucks",
                "CPO": "BeReady2GO",
                "Total power": "3600 kW",
                "Number of plugs": null,
                "Maximum charging power": "400 kW",
                "Deployment year": "2026/2027",
                "Details about deployment date": "TBC",
                "Vehicle accessibility": null,
                "Description": "8 x 400kW chargers"
            }
        },
        {
            "type": "Feature",
            "geometry": {
                "type": "Point",
                "coordinates": [
                    20.655564,
                    52.444612
                ]
            },
            "properties": {
                "name": "BeReady2GO 10x400kW Modlin Airport",
                "Country": "Poland",
                "Type": "Plan - built for trucks",
                "CPO": "BeReady2GO",
                "Total power": "3600 kW",
                "Number of plugs": null,
                "Maximum charging power": "400 kW",
                "Deployment year": "2026",
                "Details about deployment date": "Iq",
                "Vehicle accessibility": null,
                "Description": "10 x 400kW chargers"
            }
        },
        {
            "type": "Feature",
            "geometry": {
                "type": "Point",
                "coordinates": [
                    20.863843,
                    52.216255
                ]
            },
            "properties": {
                "name": "BeReady2GO 8x400kW Warszawa S8",
                "Country": "Poland",
                "Type": "Plan - built for trucks",
                "CPO": "BeReady2GO",
                "Total power": "3600 kW",
                "Number of plugs": null,
                "Maximum charging power": "400 kW",
                "Deployment year": "2027",
                "Details about deployment date": "TBC",
                "Vehicle accessibility": null,
                "Description": "8 x 400kW chargers"
            }
        },
        {
            "type": "Feature",
            "geometry": {
                "type": "Point",
                "coordinates": [
                    20.383154,
                    53.37304
                ]
            },
            "properties": {
                "name": "BeReady2GO 8x400kW Nidzica",
                "Country": "Poland",
                "Type": "Plan - built for trucks",
                "CPO": "BeReady2GO",
                "Total power": "3600 kW",
                "Number of plugs": null,
                "Maximum charging power": "400 kW",
                "Deployment year": "2027",
                "Details about deployment date": "TBC",
                "Vehicle accessibility": null,
                "Description": "8 x 400kW chargers"
            }
        },
        {
            "type": "Feature",
            "geometry": {
                "type": "Point",
                "coordinates": [
                    18.963325,
                    52.623896
                ]
            },
            "properties": {
                "name": "BeReady2GO 8x400kW A1 Wloc³awek",
                "Country": "Poland",
                "Type": "Plan - built for trucks",
                "CPO": "BeReady2GO",
                "Total power": "3600 kW",
                "Number of plugs": null,
                "Maximum charging power": "400 kW",
                "Deployment year": "2027",
                "Details about deployment date": "TBC",
                "Vehicle accessibility": null,
                "Description": "8 x 400kW chargers"
            }
        },
        {
            "type": "Feature",
            "geometry": {
                "type": "Point",
                "coordinates": [
                    14.625959,
                    53.260858
                ]
            },
            "properties": {
                "name": "BeReady2GO 8x400kW S3 Gardno",
                "Country": "Poland",
                "Type": "Plan - built for trucks",
                "CPO": "BeReady2GO",
                "Total power": "3600 kW",
                "Number of plugs": null,
                "Maximum charging power": "400 kW",
                "Deployment year": "2027",
                "Details about deployment date": "TBC",
                "Vehicle accessibility": null,
                "Description": "8 x 400kW chargers"
            }
        },
        {
            "type": "Feature",
            "geometry": {
                "type": "Point",
                "coordinates": [
                    14.697172,
                    53.375216
                ]
            },
            "properties": {
                "name": "BeReady2GO 8x400kW A6 Szczecin",
                "Country": "Poland",
                "Type": "Plan - built for trucks",
                "CPO": "BeReady2GO",
                "Total power": "3600 kW",
                "Number of plugs": null,
                "Maximum charging power": "400 kW",
                "Deployment year": "2027",
                "Details about deployment date": "TBC",
                "Vehicle accessibility": null,
                "Description": "8 x 400kW chargers"
            }
        },
        {
            "type": "Feature",
            "geometry": {
                "type": "Point",
                "coordinates": [
                    14.274769,
                    53.901296
                ]
            },
            "properties": {
                "name": "BeReady2GO 8x400kW S3 Swinoujscie",
                "Country": "Poland",
                "Type": "Plan - built for trucks",
                "CPO": "BeReady2GO",
                "Total power": "3600 kW",
                "Number of plugs": null,
                "Maximum charging power": "400 kW",
                "Deployment year": "2027",
                "Details about deployment date": "TBC",
                "Vehicle accessibility": null,
                "Description": "8 x 400kW chargers"
            }
        },
        {
            "type": "Feature",
            "geometry": {
                "type": "Point",
                "coordinates": [
                    17.081749,
                    54.451063
                ]
            },
            "properties": {
                "name": "BeReady2GO 400kW S6 Slupsk",
                "Country": "Poland",
                "Type": "Plan - built for trucks",
                "CPO": "BeReady2GO",
                "Total power": "400 kW",
                "Number of plugs": null,
                "Maximum charging power": "400 kW",
                "Deployment year": "2026/2027",
                "Details about deployment date": "TBC",
                "Vehicle accessibility": null,
                "Description": "1 x 400kW charger with 2 plugs 800A each"
            }
        },
        {
            "type": "Feature",
            "geometry": {
                "type": "Point",
                "coordinates": [
                    18.586128,
                    54.290299
                ]
            },
            "properties": {
                "name": "BeReady2GO 8x400kW S7 Gdansk",
                "Country": "Poland",
                "Type": "Plan - built for trucks",
                "CPO": "BeReady2GO",
                "Total power": "3600 kW",
                "Number of plugs": null,
                "Maximum charging power": "400 kW",
                "Deployment year": "2026/2027",
                "Details about deployment date": "TBC",
                "Vehicle accessibility": null,
                "Description": "8 x 400kW chargers"
            }
        },
        {
            "type": "Feature",
            "geometry": {
                "type": "Point",
                "coordinates": [
                    22.424351,
                    53.83537
                ]
            },
            "properties": {
                "name": "BeReady2GO 8x400kW Elk",
                "Country": "Poland",
                "Type": "Plan - built for trucks",
                "CPO": "BeReady2GO",
                "Total power": "3600 kW",
                "Number of plugs": null,
                "Maximum charging power": "400 kW",
                "Deployment year": "2026/2027",
                "Details about deployment date": "TBC",
                "Vehicle accessibility": null,
                "Description": "8 x 400kW chargers"
            }
        },
        {
            "type": "Feature",
            "geometry": {
                "type": "Point",
                "coordinates": [
                    22.869655,
                    54.091345
                ]
            },
            "properties": {
                "name": "BeReady2GO 8x400kW Suwalki",
                "Country": "Poland",
                "Type": "Plan - built for trucks",
                "CPO": "BeReady2GO",
                "Total power": "3600 kW",
                "Number of plugs": null,
                "Maximum charging power": "400 kW",
                "Deployment year": "2026/2027",
                "Details about deployment date": "TBC",
                "Vehicle accessibility": null,
                "Description": "8 x 400kW chargers"
            }
        },
        {
            "type": "Feature",
            "geometry": {
                "type": "Point",
                "coordinates": [
                    21.203504,
                    51.413997
                ]
            },
            "properties": {
                "name": "BeReady2GO 400kW Radom",
                "Country": "Poland",
                "Type": "Plan - built for trucks",
                "CPO": "BeReady2GO",
                "Total power": "400 kW",
                "Number of plugs": null,
                "Maximum charging power": "400 kW",
                "Deployment year": "2026/2027",
                "Details about deployment date": "TBC",
                "Vehicle accessibility": null,
                "Description": "1 x 400kW charger with 2 plugs 800A each"
            }
        },
        {
            "type": "Feature",
            "geometry": {
                "type": "Point",
                "coordinates": [
                    22.060871,
                    50.092497
                ]
            },
            "properties": {
                "name": "BeReady2GO 8x400kW Rzeszow",
                "Country": "Poland",
                "Type": "Plan - built for trucks",
                "CPO": "BeReady2GO",
                "Total power": "3600 kW",
                "Number of plugs": null,
                "Maximum charging power": "400 kW",
                "Deployment year": "2026/2027",
                "Details about deployment date": "TBC",
                "Vehicle accessibility": null,
                "Description": "8 x 400kW chargers"
            }
        },
        {
            "type": "Feature",
            "geometry": {
                "type": "Point",
                "coordinates": [
                    19.872129,
                    50.119669
                ]
            },
            "properties": {
                "name": "BeReady2GO 8x400kW S52 Krakow",
                "Country": "Poland",
                "Type": "Plan - built for trucks",
                "CPO": "BeReady2GO",
                "Total power": "3600 kW",
                "Number of plugs": null,
                "Maximum charging power": "400 kW",
                "Deployment year": "2026/2027",
                "Details about deployment date": "TBC",
                "Vehicle accessibility": null,
                "Description": "8 x 400kW chargers"
            }
        },
        {
            "type": "Feature",
            "geometry": {
                "type": "Point",
                "coordinates": [
                    19.428367,
                    50.147479
                ]
            },
            "properties": {
                "name": "BeReady2GO 8x400kW A4 Chrzanow",
                "Country": "Poland",
                "Type": "Plan - built for trucks",
                "CPO": "BeReady2GO",
                "Total power": "3600 kW",
                "Number of plugs": null,
                "Maximum charging power": "400 kW",
                "Deployment year": "2026/2027",
                "Details about deployment date": "TBC",
                "Vehicle accessibility": null,
                "Description": "8 x 400kW chargers"
            }
        },
        {
            "type": "Feature",
            "geometry": {
                "type": "Point",
                "coordinates": [
                    19.060274,
                    50.453636
                ]
            },
            "properties": {
                "name": "BeReady2GO 8x400kW A1/S1 Pyrzowice",
                "Country": "Poland",
                "Type": "Plan - built for trucks",
                "CPO": "BeReady2GO",
                "Total power": "3600 kW",
                "Number of plugs": null,
                "Maximum charging power": "400 kW",
                "Deployment year": "2026/2027",
                "Details about deployment date": "TBC",
                "Vehicle accessibility": null,
                "Description": "8 x 400kW chargers"
            }
        },
        {
            "type": "Feature",
            "geometry": {
                "type": "Point",
                "coordinates": [
                    0.578509,
                    49.138771
                ]
            },
            "properties": {
                "name": "ZUNDER Aire de Risle et Charentonne A28",
                "Country": "FRANCE",
                "Type": "Plan - built for trucks",
                "CPO": "ZUNDER",
                "Total power": null,
                "Number of plugs": null,
                "Maximum charging power": null,
                "Deployment year": "2026",
                "Details about deployment date": null,
                "Vehicle accessibility": null,
                "Description": null
            }
        },
        {
            "type": "Feature",
            "geometry": {
                "type": "Point",
                "coordinates": [
                    0.200172,
                    45.985606
                ]
            },
            "properties": {
                "name": "ZUNDER Aire de Groies N10",
                "Country": "FRANCE",
                "Type": "Plan - built for trucks",
                "CPO": "ZUNDER",
                "Total power": null,
                "Number of plugs": null,
                "Maximum charging power": null,
                "Deployment year": "2026",
                "Details about deployment date": null,
                "Vehicle accessibility": null,
                "Description": null
            }
        },
        {
            "type": "Feature",
            "geometry": {
                "type": "Point",
                "coordinates": [
                    2.073252,
                    48.096167
                ]
            },
            "properties": {
                "name": "ZUNDER Aire du Loiret A19",
                "Country": "FRANCE",
                "Type": "Plan - built for trucks",
                "CPO": "ZUNDER",
                "Total power": null,
                "Number of plugs": null,
                "Maximum charging power": null,
                "Deployment year": "2026",
                "Details about deployment date": null,
                "Vehicle accessibility": null,
                "Description": null
            }
        },
        {
            "type": "Feature",
            "geometry": {
                "type": "Point",
                "coordinates": [
                    18.657934,
                    50.261438
                ]
            },
            "properties": {
                "name": "EKOEN eHDV Gliwice",
                "Country": "Poland",
                "Type": "Plan - built for trucks",
                "CPO": "EKOEN",
                "Total power": "1400 kW",
                "Number of plugs": "4",
                "Maximum charging power": "350 kW",
                "Deployment year": "2026",
                "Details about deployment date": "Q4",
                "Vehicle accessibility": "suitable for HGVs long houl",
                "Description": "4x350kW chargers with CCS plugs"
            }
        },
        {
            "type": "Feature",
            "geometry": {
                "type": "Point",
                "coordinates": [
                    19.019194,
                    50.812017
                ]
            },
            "properties": {
                "name": "EKOEN MOP Gorzelanka Wsch鏚",
                "Country": "Poland",
                "Type": "Plan - built for trucks",
                "CPO": "EKOEN",
                "Total power": "4000 kW",
                "Number of plugs": "8",
                "Maximum charging power": "500 kW",
                "Deployment year": "2027",
                "Details about deployment date": null,
                "Vehicle accessibility": "suitable for HGVs long houl",
                "Description": "8x500kW chargers with CCS plugs"
            }
        },
        {
            "type": "Feature",
            "geometry": {
                "type": "Point",
                "coordinates": [
                    19.016576,
                    50.812841
                ]
            },
            "properties": {
                "name": "EKOEN MOP Gorzelanka Zach鏚",
                "Country": "Poland",
                "Type": "Plan - built for trucks",
                "CPO": "EKOEN",
                "Total power": "4000 kW",
                "Number of plugs": "8",
                "Maximum charging power": "500 kW",
                "Deployment year": "2027",
                "Details about deployment date": null,
                "Vehicle accessibility": "suitable for HGVs long houl",
                "Description": "8x500kW chargers with CCS plugs"
            }
        },
        {
            "type": "Feature",
            "geometry": {
                "type": "Point",
                "coordinates": [
                    19.057502,
                    50.689465
                ]
            },
            "properties": {
                "name": "EKOEN MOP Starcza Wsch鏚",
                "Country": "Poland",
                "Type": "Plan - built for trucks",
                "CPO": "EKOEN",
                "Total power": "4000 kW",
                "Number of plugs": "8",
                "Maximum charging power": "500 kW",
                "Deployment year": "2027",
                "Details about deployment date": null,
                "Vehicle accessibility": "suitable for HGVs long houl",
                "Description": "8x500kW chargers with CCS plugs"
            }
        },
        {
            "type": "Feature",
            "geometry": {
                "type": "Point",
                "coordinates": [
                    19.055165,
                    50.689813
                ]
            },
            "properties": {
                "name": "EKOEN MOP Starcza Zach鏚",
                "Country": "Poland",
                "Type": "Plan - built for trucks",
                "CPO": "EKOEN",
                "Total power": "4000 kW",
                "Number of plugs": "8",
                "Maximum charging power": "500 kW",
                "Deployment year": "2027",
                "Details about deployment date": null,
                "Vehicle accessibility": "suitable for HGVs long houl",
                "Description": "8x500kW chargers with CCS plugs"
            }
        },
        {
            "type": "Feature",
            "geometry": {
                "type": "Point",
                "coordinates": [
                    19.920819,
                    49.620305
                ]
            },
            "properties": {
                "name": "EKOEN MOP Zb鎩ecka G鏎a",
                "Country": "Poland",
                "Type": "Plan - built for trucks",
                "CPO": "EKOEN",
                "Total power": "4000 kW",
                "Number of plugs": "8",
                "Maximum charging power": "500 kW",
                "Deployment year": "2027",
                "Details about deployment date": null,
                "Vehicle accessibility": "suitable for HGVs long houl",
                "Description": "8x500kW chargers with CCS plugs"
            }
        },
        {
            "type": "Feature",
            "geometry": {
                "type": "Point",
                "coordinates": [
                    15.705186,
                    51.747456
                ]
            },
            "properties": {
                "name": "EKOEN MOP Lisiny Wsch鏚",
                "Country": "Poland",
                "Type": "Plan - built for trucks",
                "CPO": "EKOEN",
                "Total power": "4000 kW",
                "Number of plugs": "8",
                "Maximum charging power": "500 kW",
                "Deployment year": "2027",
                "Details about deployment date": null,
                "Vehicle accessibility": "suitable for HGVs long houl",
                "Description": "8x500kW chargers with CCS plugs"
            }
        },
        {
            "type": "Feature",
            "geometry": {
                "type": "Point",
                "coordinates": [
                    15.702221,
                    51.747749
                ]
            },
            "properties": {
                "name": "EKOEN MOP Lisiny Zach鏚",
                "Country": "Poland",
                "Type": "Plan - built for trucks",
                "CPO": "EKOEN",
                "Total power": "4000 kW",
                "Number of plugs": "8",
                "Maximum charging power": "500 kW",
                "Deployment year": "2027",
                "Details about deployment date": null,
                "Vehicle accessibility": "suitable for HGVs long houl",
                "Description": "8x500kW chargers with CCS plugs"
            }
        },
        {
            "type": "Feature",
            "geometry": {
                "type": "Point",
                "coordinates": [
                    19.409334,
                    51.919877
                ]
            },
            "properties": {
                "name": "EKOEN MOP Ciosny P馧noc",
                "Country": "Poland",
                "Type": "Plan - built for trucks",
                "CPO": "EKOEN",
                "Total power": "4000 kW",
                "Number of plugs": "8",
                "Maximum charging power": "500 kW",
                "Deployment year": "2027",
                "Details about deployment date": null,
                "Vehicle accessibility": "suitable for HGVs long houl",
                "Description": "8x500kW chargers with CCS plugs"
            }
        },
        {
            "type": "Feature",
            "geometry": {
                "type": "Point",
                "coordinates": [
                    19.407605,
                    51.918537
                ]
            },
            "properties": {
                "name": "EKOEN MOP Ciosny Po逝dnie",
                "Country": "Poland",
                "Type": "Plan - built for trucks",
                "CPO": "EKOEN",
                "Total power": "4000 kW",
                "Number of plugs": "8",
                "Maximum charging power": "500 kW",
                "Deployment year": "2027",
                "Details about deployment date": null,
                "Vehicle accessibility": "suitable for HGVs long houl",
                "Description": "8x500kW chargers with CCS plugs"
            }
        },
        {
            "type": "Feature",
            "geometry": {
                "type": "Point",
                "coordinates": [
                    17.862096,
                    50.569803
                ]
            },
            "properties": {
                "name": "EKOEN MOP Pr鏀zk闚",
                "Country": "Poland",
                "Type": "Plan - built for trucks",
                "CPO": "EKOEN",
                "Total power": "4000 kW",
                "Number of plugs": "8",
                "Maximum charging power": "500 kW",
                "Deployment year": "2027",
                "Details about deployment date": null,
                "Vehicle accessibility": "suitable for HGVs long houl",
                "Description": "8x500kW chargers with CCS plugs"
            }
        },
        {
            "type": "Feature",
            "geometry": {
                "type": "Point",
                "coordinates": [
                    18.242594,
                    51.310171
                ]
            },
            "properties": {
                "name": "EKOEN MOP Och璠zyn",
                "Country": "Poland",
                "Type": "Plan - built for trucks",
                "CPO": "EKOEN",
                "Total power": "4000 kW",
                "Number of plugs": "8",
                "Maximum charging power": "500 kW",
                "Deployment year": "2027",
                "Details about deployment date": null,
                "Vehicle accessibility": "suitable for HGVs long houl",
                "Description": "8x500kW chargers with CCS plugs"
            }
        },
        {
            "type": "Feature",
            "geometry": {
                "type": "Point",
                "coordinates": [
                    18.239997,
                    51.311435
                ]
            },
            "properties": {
                "name": "EKOEN MOP Niwiska",
                "Country": "Poland",
                "Type": "Plan - built for trucks",
                "CPO": "EKOEN",
                "Total power": "4000 kW",
                "Number of plugs": "8",
                "Maximum charging power": "500 kW",
                "Deployment year": "2027",
                "Details about deployment date": null,
                "Vehicle accessibility": "suitable for HGVs long houl",
                "Description": "8x500kW chargers with CCS plugs"
            }
        },
        {
            "type": "Feature",
            "geometry": {
                "type": "Point",
                "coordinates": [
                    22.11103,
                    50.285963
                ]
            },
            "properties": {
                "name": "EKOEN MOP Kamie� Zach鏚",
                "Country": "Poland",
                "Type": "Plan - built for trucks",
                "CPO": "EKOEN",
                "Total power": "4000 kW",
                "Number of plugs": "8",
                "Maximum charging power": "500 kW",
                "Deployment year": "2027",
                "Details about deployment date": null,
                "Vehicle accessibility": "suitable for HGVs long houl",
                "Description": "8x500kW chargers with CCS plugs"
            }
        },
        {
            "type": "Feature",
            "geometry": {
                "type": "Point",
                "coordinates": [
                    22.113855,
                    50.285756
                ]
            },
            "properties": {
                "name": "EKOEN MOP Kamie� Wsch鏚",
                "Country": "Poland",
                "Type": "Plan - built for trucks",
                "CPO": "EKOEN",
                "Total power": "4000 kW",
                "Number of plugs": "8",
                "Maximum charging power": "500 kW",
                "Deployment year": "2027",
                "Details about deployment date": null,
                "Vehicle accessibility": "suitable for HGVs long houl",
                "Description": "8x500kW chargers with CCS plugs"
            }
        },
        {
            "type": "Feature",
            "geometry": {
                "type": "Point",
                "coordinates": [
                    17.078062,
                    50.956408
                ]
            },
            "properties": {
                "name": "EKOEN MOP Krajk闚 P馧noc",
                "Country": "Poland",
                "Type": "Plan - built for trucks",
                "CPO": "EKOEN",
                "Total power": "4000 kW",
                "Number of plugs": "8",
                "Maximum charging power": "500 kW",
                "Deployment year": "2027",
                "Details about deployment date": null,
                "Vehicle accessibility": "suitable for HGVs long houl",
                "Description": "8x500kW chargers with CCS plugs"
            }
        },
        {
            "type": "Feature",
            "geometry": {
                "type": "Point",
                "coordinates": [
                    22.126808,
                    53.269398
                ]
            },
            "properties": {
                "name": "EKOEN MOP G鏎ki Wsch鏚",
                "Country": "Poland",
                "Type": "Plan - built for trucks",
                "CPO": "EKOEN",
                "Total power": "4000 kW",
                "Number of plugs": "8",
                "Maximum charging power": "500 kW",
                "Deployment year": "2027",
                "Details about deployment date": null,
                "Vehicle accessibility": "suitable for HGVs long houl",
                "Description": "8x500kW chargers with CCS plugs"
            }
        },
        {
            "type": "Feature",
            "geometry": {
                "type": "Point",
                "coordinates": [
                    22.125788,
                    53.270662
                ]
            },
            "properties": {
                "name": "EKOEN MOP G鏎ki Zach鏚",
                "Country": "Poland",
                "Type": "Plan - built for trucks",
                "CPO": "EKOEN",
                "Total power": "4000 kW",
                "Number of plugs": "8",
                "Maximum charging power": "500 kW",
                "Deployment year": "2027",
                "Details about deployment date": null,
                "Vehicle accessibility": "suitable for HGVs long houl",
                "Description": "8x500kW chargers with CCS plugs"
            }
        },
        {
            "type": "Feature",
            "geometry": {
                "type": "Point",
                "coordinates": [
                    22.383468,
                    50.718016
                ]
            },
            "properties": {
                "name": "EKOEN MOP Jan闚 Lubelski Wsch鏚",
                "Country": "Poland",
                "Type": "Plan - built for trucks",
                "CPO": "EKOEN",
                "Total power": "4000 kW",
                "Number of plugs": "8",
                "Maximum charging power": "500 kW",
                "Deployment year": "2027",
                "Details about deployment date": null,
                "Vehicle accessibility": "suitable for HGVs long houl",
                "Description": "8x500kW chargers with CCS plugs"
            }
        },
        {
            "type": "Feature",
            "geometry": {
                "type": "Point",
                "coordinates": [
                    22.382191,
                    50.716718
                ]
            },
            "properties": {
                "name": "EKOEN MOP Jan闚 Lubelski Zach鏚",
                "Country": "Poland",
                "Type": "Plan - built for trucks",
                "CPO": "EKOEN",
                "Total power": "4000 kW",
                "Number of plugs": "8",
                "Maximum charging power": "500 kW",
                "Deployment year": "2027",
                "Details about deployment date": null,
                "Vehicle accessibility": "suitable for HGVs long houl",
                "Description": "8x500kW chargers with CCS plugs"
            }
        },
        {
            "type": "Feature",
            "geometry": {
                "type": "Point",
                "coordinates": [
                    21.867651,
                    51.673989
                ]
            },
            "properties": {
                "name": "EKOEN MOP Niwa Babicka",
                "Country": "Poland",
                "Type": "Plan - built for trucks",
                "CPO": "EKOEN",
                "Total power": "4000 kW",
                "Number of plugs": "8",
                "Maximum charging power": "500 kW",
                "Deployment year": "2027",
                "Details about deployment date": null,
                "Vehicle accessibility": "suitable for HGVs long houl",
                "Description": "8x500kW chargers with CCS plugs"
            }
        },
        {
            "type": "Feature",
            "geometry": {
                "type": "Point",
                "coordinates": [
                    22.30202,
                    53.742281
                ]
            },
            "properties": {
                "name": "EKOEN MOP Niekrasy Wsch鏚",
                "Country": "Poland",
                "Type": "Plan - built for trucks",
                "CPO": "EKOEN",
                "Total power": "4000 kW",
                "Number of plugs": "8",
                "Maximum charging power": "500 kW",
                "Deployment year": "2027",
                "Details about deployment date": null,
                "Vehicle accessibility": "suitable for HGVs long houl",
                "Description": "8x500kW chargers with CCS plugs"
            }
        },
        {
            "type": "Feature",
            "geometry": {
                "type": "Point",
                "coordinates": [
                    22.299413,
                    53.744127
                ]
            },
            "properties": {
                "name": "EKOEN MOP Niekrasy Zach鏚",
                "Country": "Poland",
                "Type": "Plan - built for trucks",
                "CPO": "EKOEN",
                "Total power": "4000 kW",
                "Number of plugs": "8",
                "Maximum charging power": "500 kW",
                "Deployment year": "2027",
                "Details about deployment date": null,
                "Vehicle accessibility": "suitable for HGVs long houl",
                "Description": "8x500kW chargers with CCS plugs"
            }
        },
        {
            "type": "Feature",
            "geometry": {
                "type": "Point",
                "coordinates": [
                    21.522032,
                    50.096423
                ]
            },
            "properties": {
                "name": "EKOEN MOP Paszczyna Po逝dnie",
                "Country": "Poland",
                "Type": "Plan - built for trucks",
                "CPO": "EKOEN",
                "Total power": "4000 kW",
                "Number of plugs": "8",
                "Maximum charging power": "500 kW",
                "Deployment year": "2027",
                "Details about deployment date": null,
                "Vehicle accessibility": "suitable for HGVs long houl",
                "Description": "8x500kW chargers with CCS plugs"
            }
        },
        {
            "type": "Feature",
            "geometry": {
                "type": "Point",
                "coordinates": [
                    23.023161,
                    49.948687
                ]
            },
            "properties": {
                "name": "EKOEN MOP Chotyniec",
                "Country": "Poland",
                "Type": "Plan - built for trucks",
                "CPO": "EKOEN",
                "Total power": "4000 kW",
                "Number of plugs": "8",
                "Maximum charging power": "500 kW",
                "Deployment year": "2027",
                "Details about deployment date": null,
                "Vehicle accessibility": "suitable for HGVs long houl",
                "Description": "8x500kW chargers with CCS plugs"
            }
        },
        {
            "type": "Feature",
            "geometry": {
                "type": "Point",
                "coordinates": [
                    23.026015,
                    49.947914
                ]
            },
            "properties": {
                "name": "EKOEN MOP Hruszowice",
                "Country": "Poland",
                "Type": "Plan - built for trucks",
                "CPO": "EKOEN",
                "Total power": "4000 kW",
                "Number of plugs": "8",
                "Maximum charging power": "500 kW",
                "Deployment year": "2027",
                "Details about deployment date": null,
                "Vehicle accessibility": "suitable for HGVs long houl",
                "Description": "8x500kW chargers with CCS plugs"
            }
        },
        {
            "type": "Feature",
            "geometry": {
                "type": "Point",
                "coordinates": [
                    20.437938,
                    53.200997
                ]
            },
            "properties": {
                "name": "EKOEN MOP Pep這wo Wsch鏚",
                "Country": "Poland",
                "Type": "Plan - built for trucks",
                "CPO": "EKOEN",
                "Total power": "4000 kW",
                "Number of plugs": "8",
                "Maximum charging power": "500 kW",
                "Deployment year": "2027",
                "Details about deployment date": null,
                "Vehicle accessibility": "suitable for HGVs long houl",
                "Description": "8x500kW chargers with CCS plugs"
            }
        },
        {
            "type": "Feature",
            "geometry": {
                "type": "Point",
                "coordinates": [
                    20.434055,
                    53.201241
                ]
            },
            "properties": {
                "name": "EKOEN MOP Pep這wo Zach鏚",
                "Country": "Poland",
                "Type": "Plan - built for trucks",
                "CPO": "EKOEN",
                "Total power": "4000 kW",
                "Number of plugs": "8",
                "Maximum charging power": "500 kW",
                "Deployment year": "2027",
                "Details about deployment date": null,
                "Vehicle accessibility": "suitable for HGVs long houl",
                "Description": "8x500kW chargers with CCS plugs"
            }
        },
        {
            "type": "Feature",
            "geometry": {
                "type": "Point",
                "coordinates": [
                    14.782559,
                    53.767512
                ]
            },
            "properties": {
                "name": "EKOEN MOP Przybiern闚 Wsch鏚",
                "Country": "Poland",
                "Type": "Plan - built for trucks",
                "CPO": "EKOEN",
                "Total power": "4000 kW",
                "Number of plugs": "8",
                "Maximum charging power": "500 kW",
                "Deployment year": "2027",
                "Details about deployment date": null,
                "Vehicle accessibility": "suitable for HGVs long houl",
                "Description": "8x500kW chargers with CCS plugs"
            }
        },
        {
            "type": "Feature",
            "geometry": {
                "type": "Point",
                "coordinates": [
                    14.779286,
                    53.767302
                ]
            },
            "properties": {
                "name": "EKOEN MOP Przybiern闚 Zach鏚",
                "Country": "Poland",
                "Type": "Plan - built for trucks",
                "CPO": "EKOEN",
                "Total power": "4000 kW",
                "Number of plugs": "8",
                "Maximum charging power": "500 kW",
                "Deployment year": "2027",
                "Details about deployment date": null,
                "Vehicle accessibility": "suitable for HGVs long houl",
                "Description": "8x500kW chargers with CCS plugs"
            }
        },
        {
            "type": "Feature",
            "geometry": {
                "type": "Point",
                "coordinates": [
                    19.145321,
                    50.875981
                ]
            },
            "properties": {
                "name": "EKOEN MOP Wierzchowisko Wsch鏚",
                "Country": "Poland",
                "Type": "Plan - built for trucks",
                "CPO": "EKOEN",
                "Total power": "4000 kW",
                "Number of plugs": "8",
                "Maximum charging power": "500 kW",
                "Deployment year": "2027",
                "Details about deployment date": null,
                "Vehicle accessibility": "suitable for HGVs long houl",
                "Description": "8x500kW chargers with CCS plugs"
            }
        },
        {
            "type": "Feature",
            "geometry": {
                "type": "Point",
                "coordinates": [
                    19.143443,
                    50.878289
                ]
            },
            "properties": {
                "name": "EKOEN MOP Wierzchowisko Zach鏚",
                "Country": "Poland",
                "Type": "Plan - built for trucks",
                "CPO": "EKOEN",
                "Total power": "4000 kW",
                "Number of plugs": "8",
                "Maximum charging power": "500 kW",
                "Deployment year": "2027",
                "Details about deployment date": null,
                "Vehicle accessibility": "suitable for HGVs long houl",
                "Description": "8x500kW chargers with CCS plugs"
            }
        },
        {
            "type": "Feature",
            "geometry": {
                "type": "Point",
                "coordinates": [
                    19.438497,
                    51.634696
                ]
            },
            "properties": {
                "name": "EKOEN MOP MOP Guzew P馧noc",
                "Country": "Poland",
                "Type": "Plan - built for trucks",
                "CPO": "EKOEN",
                "Total power": "4000 kW",
                "Number of plugs": "8",
                "Maximum charging power": "500 kW",
                "Deployment year": "2027",
                "Details about deployment date": null,
                "Vehicle accessibility": "suitable for HGVs long houl",
                "Description": "8x500kW chargers with CCS plugs"
            }
        },
        {
            "type": "Feature",
            "geometry": {
                "type": "Point",
                "coordinates": [
                    19.438486,
                    51.632941
                ]
            },
            "properties": {
                "name": "EKOEN MOP MOP Jonas Po逝dnie",
                "Country": "Poland",
                "Type": "Plan - built for trucks",
                "CPO": "EKOEN",
                "Total power": "4000 kW",
                "Number of plugs": "8",
                "Maximum charging power": "500 kW",
                "Deployment year": "2027",
                "Details about deployment date": null,
                "Vehicle accessibility": "suitable for HGVs long houl",
                "Description": "8x500kW chargers with CCS plugs"
            }
        },
        {
            "type": "Feature",
            "geometry": {
                "type": "Point",
                "coordinates": [
                    20.238936,
                    52.074438
                ]
            },
            "properties": {
                "name": "EKOEN MOP MOP Mogi造",
                "Country": "Poland",
                "Type": "Plan - built for trucks",
                "CPO": "EKOEN",
                "Total power": "4000 kW",
                "Number of plugs": "8",
                "Maximum charging power": "500 kW",
                "Deployment year": "2027",
                "Details about deployment date": null,
                "Vehicle accessibility": "suitable for HGVs long houl",
                "Description": "8x500kW chargers with CCS plugs"
            }
        },
        {
            "type": "Feature",
            "geometry": {
                "type": "Point",
                "coordinates": [
                    20.234666,
                    52.075994
                ]
            },
            "properties": {
                "name": "EKOEN MOP MOP Bolim闚",
                "Country": "Poland",
                "Type": "Plan - built for trucks",
                "CPO": "EKOEN",
                "Total power": "4000 kW",
                "Number of plugs": "8",
                "Maximum charging power": "500 kW",
                "Deployment year": "2027",
                "Details about deployment date": null,
                "Vehicle accessibility": "suitable for HGVs long houl",
                "Description": "8x500kW chargers with CCS plugs"
            }
        },
        {
            "type": "Feature",
            "geometry": {
                "type": "Point",
                "coordinates": [
                    18.85639,
                    52.761418
                ]
            },
            "properties": {
                "name": "EKOEN MOP Ka喚czynek Wsch鏚",
                "Country": "Poland",
                "Type": "Plan - built for trucks",
                "CPO": "EKOEN",
                "Total power": "4000 kW",
                "Number of plugs": "8",
                "Maximum charging power": "500 kW",
                "Deployment year": "2027",
                "Details about deployment date": null,
                "Vehicle accessibility": "suitable for HGVs long houl",
                "Description": "8x500kW chargers with CCS plugs"
            }
        },
        {
            "type": "Feature",
            "geometry": {
                "type": "Point",
                "coordinates": [
                    18.854191,
                    52.761704
                ]
            },
            "properties": {
                "name": "EKOEN MOP Ka喚czynek Zach鏚",
                "Country": "Poland",
                "Type": "Plan - built for trucks",
                "CPO": "EKOEN",
                "Total power": "4000 kW",
                "Number of plugs": "8",
                "Maximum charging power": "500 kW",
                "Deployment year": "2027",
                "Details about deployment date": null,
                "Vehicle accessibility": "suitable for HGVs long houl",
                "Description": "8x500kW chargers with CCS plugs"
            }
        },
        {
            "type": "Feature",
            "geometry": {
                "type": "Point",
                "coordinates": [
                    19.359562,
                    52.341215
                ]
            },
            "properties": {
                "name": "EKOEN MOP Strzelce P馧noc",
                "Country": "Poland",
                "Type": "Plan - built for trucks",
                "CPO": "EKOEN",
                "Total power": "4000 kW",
                "Number of plugs": "8",
                "Maximum charging power": "500 kW",
                "Deployment year": "2027",
                "Details about deployment date": null,
                "Vehicle accessibility": "suitable for HGVs long houl",
                "Description": "8x500kW chargers with CCS plugs"
            }
        },
        {
            "type": "Feature",
            "geometry": {
                "type": "Point",
                "coordinates": [
                    19.356772,
                    52.339642
                ]
            },
            "properties": {
                "name": "EKOEN MOP Strzelce Po逝dnie",
                "Country": "Poland",
                "Type": "Plan - built for trucks",
                "CPO": "EKOEN",
                "Total power": "4000 kW",
                "Number of plugs": "8",
                "Maximum charging power": "500 kW",
                "Deployment year": "2027",
                "Details about deployment date": null,
                "Vehicle accessibility": "suitable for HGVs long houl",
                "Description": "8x500kW chargers with CCS plugs"
            }
        },
        {
            "type": "Feature",
            "geometry": {
                "type": "Point",
                "coordinates": [
                    15.120201,
                    52.786775
                ]
            },
            "properties": {
                "name": "EKOEN MOP Marwice Wsch鏚",
                "Country": "Poland",
                "Type": "Plan - built for trucks",
                "CPO": "EKOEN",
                "Total power": "4000 kW",
                "Number of plugs": "8",
                "Maximum charging power": "500 kW",
                "Deployment year": "2027",
                "Details about deployment date": null,
                "Vehicle accessibility": "suitable for HGVs long houl",
                "Description": "8x500kW chargers with CCS plugs"
            }
        },
        {
            "type": "Feature",
            "geometry": {
                "type": "Point",
                "coordinates": [
                    15.117862,
                    52.787109
                ]
            },
            "properties": {
                "name": "EKOEN MOP Marwice Zach鏚",
                "Country": "Poland",
                "Type": "Plan - built for trucks",
                "CPO": "EKOEN",
                "Total power": "4000 kW",
                "Number of plugs": "8",
                "Maximum charging power": "500 kW",
                "Deployment year": "2027",
                "Details about deployment date": null,
                "Vehicle accessibility": "suitable for HGVs long houl",
                "Description": "8x500kW chargers with CCS plugs"
            }
        },
        {
            "type": "Feature",
            "geometry": {
                "type": "Point",
                "coordinates": [
                    20.612126,
                    49.998038
                ]
            },
            "properties": {
                "name": "EKOEN MOP Mokrzyska",
                "Country": "Poland",
                "Type": "Plan - built for trucks",
                "CPO": "EKOEN",
                "Total power": "4000 kW",
                "Number of plugs": "8",
                "Maximum charging power": "500 kW",
                "Deployment year": "2027",
                "Details about deployment date": null,
                "Vehicle accessibility": "suitable for HGVs long houl",
                "Description": "8x500kW chargers with CCS plugs"
            }
        },
        {
            "type": "Feature",
            "geometry": {
                "type": "Point",
                "coordinates": [
                    20.623081,
                    49.998534
                ]
            },
            "properties": {
                "name": "EKOEN MOP Bagno",
                "Country": "Poland",
                "Type": "Plan - built for trucks",
                "CPO": "EKOEN",
                "Total power": "4000 kW",
                "Number of plugs": "8",
                "Maximum charging power": "500 kW",
                "Deployment year": "2027",
                "Details about deployment date": null,
                "Vehicle accessibility": "suitable for HGVs long houl",
                "Description": "8x500kW chargers with CCS plugs"
            }
        },
        {
            "type": "Feature",
            "geometry": {
                "type": "Point",
                "coordinates": [
                    19.660973,
                    51.841977
                ]
            },
            "properties": {
                "name": "EKOEN MOP Skoszewy Wsch鏚",
                "Country": "Poland",
                "Type": "Plan - built for trucks",
                "CPO": "EKOEN",
                "Total power": "4000 kW",
                "Number of plugs": "8",
                "Maximum charging power": "500 kW",
                "Deployment year": "2027",
                "Details about deployment date": null,
                "Vehicle accessibility": "suitable for HGVs long houl",
                "Description": "8x500kW chargers with CCS plugs"
            }
        },
        {
            "type": "Feature",
            "geometry": {
                "type": "Point",
                "coordinates": [
                    19.658458,
                    51.841984
                ]
            },
            "properties": {
                "name": "EKOEN MOP Skoszewy Zach鏚",
                "Country": "Poland",
                "Type": "Plan - built for trucks",
                "CPO": "EKOEN",
                "Total power": "4000 kW",
                "Number of plugs": "8",
                "Maximum charging power": "500 kW",
                "Deployment year": "2027",
                "Details about deployment date": null,
                "Vehicle accessibility": "suitable for HGVs long houl",
                "Description": "8x500kW chargers with CCS plugs"
            }
        },
        {
            "type": "Feature",
            "geometry": {
                "type": "Point",
                "coordinates": [
                    18.702865,
                    50.196372
                ]
            },
            "properties": {
                "name": "EKOEN MOP Knur闚 Wsch鏚",
                "Country": "Poland",
                "Type": "Plan - built for trucks",
                "CPO": "EKOEN",
                "Total power": "4000 kW",
                "Number of plugs": "8",
                "Maximum charging power": "500 kW",
                "Deployment year": "2027",
                "Details about deployment date": null,
                "Vehicle accessibility": "suitable for HGVs long houl",
                "Description": "8x500kW chargers with CCS plugs"
            }
        },
        {
            "type": "Feature",
            "geometry": {
                "type": "Point",
                "coordinates": [
                    18.701324,
                    50.196293
                ]
            },
            "properties": {
                "name": "EKOEN MOP Knur闚 Zach鏚",
                "Country": "Poland",
                "Type": "Plan - built for trucks",
                "CPO": "EKOEN",
                "Total power": "4000 kW",
                "Number of plugs": "8",
                "Maximum charging power": "500 kW",
                "Deployment year": "2027",
                "Details about deployment date": null,
                "Vehicle accessibility": "suitable for HGVs long houl",
                "Description": "8x500kW chargers with CCS plugs"
            }
        },
        {
            "type": "Feature",
            "geometry": {
                "type": "Point",
                "coordinates": [
                    22.755943,
                    49.917887
                ]
            },
            "properties": {
                "name": "EKOEN MOP Zamiech闚",
                "Country": "Poland",
                "Type": "Plan - built for trucks",
                "CPO": "EKOEN",
                "Total power": "4000 kW",
                "Number of plugs": "8",
                "Maximum charging power": "500 kW",
                "Deployment year": "2027",
                "Details about deployment date": null,
                "Vehicle accessibility": "suitable for HGVs long houl",
                "Description": "8x500kW chargers with CCS plugs"
            }
        },
        {
            "type": "Feature",
            "geometry": {
                "type": "Point",
                "coordinates": [
                    22.764138,
                    49.915869
                ]
            },
            "properties": {
                "name": "EKOEN MOP Kaszyce",
                "Country": "Poland",
                "Type": "Plan - built for trucks",
                "CPO": "EKOEN",
                "Total power": "4000 kW",
                "Number of plugs": "8",
                "Maximum charging power": "500 kW",
                "Deployment year": "2027",
                "Details about deployment date": null,
                "Vehicle accessibility": "suitable for HGVs long houl",
                "Description": "8x500kW chargers with CCS plugs"
            }
        },
        {
            "type": "Feature",
            "geometry": {
                "type": "Point",
                "coordinates": [
                    20.050102,
                    53.640133
                ]
            },
            "properties": {
                "name": "EKOEN MOP Grabin Wsch鏚",
                "Country": "Poland",
                "Type": "Plan - built for trucks",
                "CPO": "EKOEN",
                "Total power": "4000 kW",
                "Number of plugs": "8",
                "Maximum charging power": "500 kW",
                "Deployment year": "2027",
                "Details about deployment date": null,
                "Vehicle accessibility": "suitable for HGVs long houl",
                "Description": "8x500kW chargers with CCS plugs"
            }
        },
        {
            "type": "Feature",
            "geometry": {
                "type": "Point",
                "coordinates": [
                    20.043793,
                    53.639599
                ]
            },
            "properties": {
                "name": "EKOEN MOP Grabin Zach鏚",
                "Country": "Poland",
                "Type": "Plan - built for trucks",
                "CPO": "EKOEN",
                "Total power": "4000 kW",
                "Number of plugs": "8",
                "Maximum charging power": "500 kW",
                "Deployment year": "2027",
                "Details about deployment date": null,
                "Vehicle accessibility": "suitable for HGVs long houl",
                "Description": "8x500kW chargers with CCS plugs"
            }
        },
        {
            "type": "Feature",
            "geometry": {
                "type": "Point",
                "coordinates": [
                    22.168754,
                    52.947594
                ]
            },
            "properties": {
                "name": "EKOEN MOP Ostro積e",
                "Country": "Poland",
                "Type": "Plan - built for trucks",
                "CPO": "EKOEN",
                "Total power": "4000 kW",
                "Number of plugs": "8",
                "Maximum charging power": "500 kW",
                "Deployment year": "2027",
                "Details about deployment date": null,
                "Vehicle accessibility": "suitable for HGVs long houl",
                "Description": "8x500kW chargers with CCS plugs"
            }
        },
        {
            "type": "Feature",
            "geometry": {
                "type": "Point",
                "coordinates": [
                    21.849404,
                    50.111766
                ]
            },
            "properties": {
                "name": "EKOEN MOP Bratkowice",
                "Country": "Poland",
                "Type": "Plan - built for trucks",
                "CPO": "EKOEN",
                "Total power": "4000 kW",
                "Number of plugs": "8",
                "Maximum charging power": "500 kW",
                "Deployment year": "2027",
                "Details about deployment date": null,
                "Vehicle accessibility": "suitable for HGVs long houl",
                "Description": "8x500kW chargers with CCS plugs"
            }
        },
        {
            "type": "Feature",
            "geometry": {
                "type": "Point",
                "coordinates": [
                    21.846315,
                    50.109895
                ]
            },
            "properties": {
                "name": "EKOEN MOP D鉉ry",
                "Country": "Poland",
                "Type": "Plan - built for trucks",
                "CPO": "EKOEN",
                "Total power": "4000 kW",
                "Number of plugs": "8",
                "Maximum charging power": "500 kW",
                "Deployment year": "2027",
                "Details about deployment date": null,
                "Vehicle accessibility": "suitable for HGVs long houl",
                "Description": "8x500kW chargers with CCS plugs"
            }
        },
        {
            "type": "Feature",
            "geometry": {
                "type": "Point",
                "coordinates": [
                    18.775558,
                    52.098244
                ]
            },
            "properties": {
                "name": "EKOEN MOP Sob鏒ka",
                "Country": "Poland",
                "Type": "Plan - built for trucks",
                "CPO": "EKOEN",
                "Total power": "4000 kW",
                "Number of plugs": "8",
                "Maximum charging power": "500 kW",
                "Deployment year": "2027",
                "Details about deployment date": null,
                "Vehicle accessibility": "suitable for HGVs long houl",
                "Description": "8x500kW chargers with CCS plugs"
            }
        },
        {
            "type": "Feature",
            "geometry": {
                "type": "Point",
                "coordinates": [
                    18.775086,
                    52.09719
                ]
            },
            "properties": {
                "name": "EKOEN MOP Cichmiana",
                "Country": "Poland",
                "Type": "Plan - built for trucks",
                "CPO": "EKOEN",
                "Total power": "4000 kW",
                "Number of plugs": "8",
                "Maximum charging power": "500 kW",
                "Deployment year": "2027",
                "Details about deployment date": null,
                "Vehicle accessibility": "suitable for HGVs long houl",
                "Description": "8x500kW chargers with CCS plugs"
            }
        },
        {
            "type": "Feature",
            "geometry": {
                "type": "Point",
                "coordinates": [
                    14.37652,
                    50.247267
                ]
            },
            "properties": {
                "name": "eHUBS D8",
                "Country": "Czech Republic",
                "Type": "Plan - built for trucks",
                "CPO": "eHUBS",
                "Total power": null,
                "Number of plugs": null,
                "Maximum charging power": null,
                "Deployment year": "2026/2027",
                "Details about deployment date": null,
                "Vehicle accessibility": null,
                "Description": null
            }
        },
        {
            "type": "Feature",
            "geometry": {
                "type": "Point",
                "coordinates": [
                    18.097714,
                    49.755662
                ]
            },
            "properties": {
                "name": "eHUBS D1 342 km",
                "Country": "Czech Republic",
                "Type": "Plan - built for trucks",
                "CPO": "eHUBS",
                "Total power": null,
                "Number of plugs": null,
                "Maximum charging power": null,
                "Deployment year": "2026/2027",
                "Details about deployment date": null,
                "Vehicle accessibility": null,
                "Description": null
            }
        },
        {
            "type": "Feature",
            "geometry": {
                "type": "Point",
                "coordinates": [
                    13.817019,
                    49.842366
                ]
            },
            "properties": {
                "name": "eHUBS D5 41km",
                "Country": "Czech Republic",
                "Type": "Plan - built for trucks",
                "CPO": "eHUBS",
                "Total power": null,
                "Number of plugs": null,
                "Maximum charging power": null,
                "Deployment year": "2026/2027",
                "Details about deployment date": null,
                "Vehicle accessibility": null,
                "Description": null
            }
        },
        {
            "type": "Feature",
            "geometry": {
                "type": "Point",
                "coordinates": [
                    14.051678,
                    50.504604
                ]
            },
            "properties": {
                "name": "E.ON Sulejovice",
                "Country": "Czech Republic",
                "Type": "Plan - built for trucks",
                "CPO": "E.ON",
                "Total power": null,
                "Number of plugs": null,
                "Maximum charging power": null,
                "Deployment year": "2026/2027",
                "Details about deployment date": null,
                "Vehicle accessibility": null,
                "Description": null
            }
        },
        {
            "type": "Feature",
            "geometry": {
                "type": "Point",
                "coordinates": [
                    9.421853,
                    52.329641
                ]
            },
            "properties": {
                "name": "Milence - Barsinghausen-Bantorf",
                "Country": "Germany",
                "Type": "Plan - built for trucks",
                "CPO": "Milence",
                "Total power": "1600",
                "Number of plugs": "8",
                "Maximum charging power": "400",
                "Deployment year": "2026",
                "Details about deployment date": "Q1",
                "Vehicle accessibility": null,
                "Description": null
            }
        },
        {
            "type": "Feature",
            "geometry": {
                "type": "Point",
                "coordinates": [
                    0.460048,
                    51.303604
                ]
            },
            "properties": {
                "name": "Milence - Aylesford",
                "Country": "UK",
                "Type": "Plan - built for trucks",
                "CPO": null,
                "Total power": null,
                "Number of plugs": "4",
                "Maximum charging power": "400 kW",
                "Deployment year": "2026",
                "Details about deployment date": null,
                "Vehicle accessibility": null,
                "Description": "https://milence.com/location/aylesford/"
            }
        },
        {
            "type": "Feature",
            "geometry": {
                "type": "Point",
                "coordinates": [
                    5.447078,
                    51.905762
                ]
            },
            "properties": {
                "name": "Milence - Tiel",
                "Country": "Netherlands",
                "Type": "Plan - built for trucks",
                "CPO": "Milence",
                "Total power": null,
                "Number of plugs": "8",
                "Maximum charging power": "400 kW",
                "Deployment year": "2026",
                "Details about deployment date": null,
                "Vehicle accessibility": null,
                "Description": "https://milence.com/location/tiel/"
            }
        },
        {
            "type": "Feature",
            "geometry": {
                "type": "Point",
                "coordinates": [
                    0.540611111111111,
                    46.8409722222222
                ]
            },
            "properties": {
                "name": "VOLTIX - Châtellerault",
                "Country": "France",
                "Type": "Plan - built for trucks - MCS",
                "CPO": "VOLTIX",
                "Total power": null,
                "Number of plugs": "4",
                "Maximum charging power": "1000 kW",
                "Deployment year": "2026",
                "Details about deployment date": null,
                "Vehicle accessibility": null,
                "Description": null
            }
        },
        {
            "type": "Feature",
            "geometry": {
                "type": "Point",
                "coordinates": [
                    1.6402467,
                    46.8071496
                ]
            },
            "properties": {
                "name": "OREVE CHATEAUROUX",
                "Country": "FRANCE",
                "Type": "Plan - built for trucks",
                "CPO": "OREVE",
                "Total power": "800",
                "Number of plugs": "2",
                "Maximum charging power": "400",
                "Deployment year": "2026",
                "Details about deployment date": null,
                "Vehicle accessibility": null,
                "Description": "exact location to be precised"
            }
        },
        {
            "type": "Feature",
            "geometry": {
                "type": "Point",
                "coordinates": [
                    1.3988657,
                    43.5284829
                ]
            },
            "properties": {
                "name": "OREVE PORTET",
                "Country": "FRANCE",
                "Type": "Plan - built for trucks",
                "CPO": "OREVE",
                "Total power": "800",
                "Number of plugs": "2",
                "Maximum charging power": "400",
                "Deployment year": "2026",
                "Details about deployment date": null,
                "Vehicle accessibility": null,
                "Description": "exact location to be precised"
            }
        },
        {
            "type": "Feature",
            "geometry": {
                "type": "Point",
                "coordinates": [
                    2.9020884,
                    42.6911269
                ]
            },
            "properties": {
                "name": "OREVE PERPIGNAN",
                "Country": "FRANCE",
                "Type": "Plan - built for trucks",
                "CPO": "OREVE",
                "Total power": "800",
                "Number of plugs": "2",
                "Maximum charging power": "400",
                "Deployment year": "2026",
                "Details about deployment date": null,
                "Vehicle accessibility": null,
                "Description": "exact location to be precised"
            }
        },
        {
            "type": "Feature",
            "geometry": {
                "type": "Point",
                "coordinates": [
                    5.0368129,
                    43.8254561
                ]
            },
            "properties": {
                "name": "OREVE CAVAILLON",
                "Country": "FRANCE",
                "Type": "Plan - built for trucks",
                "CPO": "OREVE",
                "Total power": "800",
                "Number of plugs": "2",
                "Maximum charging power": "400",
                "Deployment year": "2026",
                "Details about deployment date": null,
                "Vehicle accessibility": null,
                "Description": "exact location to be precised"
            }
        },
        {
            "type": "Feature",
            "geometry": {
                "type": "Point",
                "coordinates": [
                    4.800988,
                    44.1305747
                ]
            },
            "properties": {
                "name": "OREVE ORANGE",
                "Country": "FRANCE",
                "Type": "Plan - built for trucks",
                "CPO": "OREVE",
                "Total power": "800",
                "Number of plugs": "2",
                "Maximum charging power": "400",
                "Deployment year": "2026",
                "Details about deployment date": null,
                "Vehicle accessibility": null,
                "Description": "exact location to be precised"
            }
        },
        {
            "type": "Feature",
            "geometry": {
                "type": "Point",
                "coordinates": [
                    4.7364071,
                    44.5337862
                ]
            },
            "properties": {
                "name": "OREVE MONTELIMAR",
                "Country": "FRANCE",
                "Type": "Plan - built for trucks",
                "CPO": "OREVE",
                "Total power": "800",
                "Number of plugs": "2",
                "Maximum charging power": "400",
                "Deployment year": "2026",
                "Details about deployment date": null,
                "Vehicle accessibility": null,
                "Description": "exact location to be precised"
            }
        },
        {
            "type": "Feature",
            "geometry": {
                "type": "Point",
                "coordinates": [
                    5.060943,
                    45.0260095
                ]
            },
            "properties": {
                "name": "OREVE BOURG DE PEAGE",
                "Country": "FRANCE",
                "Type": "Plan - built for trucks",
                "CPO": "OREVE",
                "Total power": "800",
                "Number of plugs": "2",
                "Maximum charging power": "400",
                "Deployment year": "2026",
                "Details about deployment date": null,
                "Vehicle accessibility": null,
                "Description": "exact location to be precised"
            }
        },
        {
            "type": "Feature",
            "geometry": {
                "type": "Point",
                "coordinates": [
                    3.5672866,
                    47.8102174
                ]
            },
            "properties": {
                "name": "OREVE AUXERRE",
                "Country": "FRANCE",
                "Type": "Plan - built for trucks - MCS",
                "CPO": "OREVE",
                "Total power": "800",
                "Number of plugs": "2",
                "Maximum charging power": "400",
                "Deployment year": "2026",
                "Details about deployment date": null,
                "Vehicle accessibility": null,
                "Description": "exact location to be precised"
            }
        },
        {
            "type": "Feature",
            "geometry": {
                "type": "Point",
                "coordinates": [
                    2.4530991,
                    48.5879326
                ]
            },
            "properties": {
                "name": "OREVE VILLABE",
                "Country": "FRANCE",
                "Type": "Plan - built for trucks",
                "CPO": "OREVE",
                "Total power": "800",
                "Number of plugs": "2",
                "Maximum charging power": "400",
                "Deployment year": "2026",
                "Details about deployment date": null,
                "Vehicle accessibility": null,
                "Description": "exact location to be precised"
            }
        },
        {
            "type": "Feature",
            "geometry": {
                "type": "Point",
                "coordinates": [
                    1.9792088,
                    48.7608196
                ]
            },
            "properties": {
                "name": "OREVE LA VERRIERE",
                "Country": "FRANCE",
                "Type": "Plan - built for trucks",
                "CPO": "OREVE",
                "Total power": "800",
                "Number of plugs": "2",
                "Maximum charging power": "400",
                "Deployment year": "2026",
                "Details about deployment date": null,
                "Vehicle accessibility": null,
                "Description": "exact location to be precised"
            }
        },
        {
            "type": "Feature",
            "geometry": {
                "type": "Point",
                "coordinates": [
                    5.1716079,
                    47.4213244
                ]
            },
            "properties": {
                "name": "e-Vadea  aire de Dijon Brognon",
                "Country": "FRANCE",
                "Type": "Plan - built for trucks",
                "CPO": "E VADEA",
                "Total power": null,
                "Number of plugs": "4",
                "Maximum charging power": "400 kW",
                "Deployment year": null,
                "Details about deployment date": null,
                "Vehicle accessibility": null,
                "Description": null
            }
        },
        {
            "type": "Feature",
            "geometry": {
                "type": "Point",
                "coordinates": [
                    6.1257914,
                    47.326445
                ]
            },
            "properties": {
                "name": "e-Vadea - aire de Besançon Marchaux",
                "Country": "FRANCE",
                "Type": "Plan - built for trucks",
                "CPO": "e-Vadea",
                "Total power": null,
                "Number of plugs": "4",
                "Maximum charging power": "400 kW",
                "Deployment year": "2026",
                "Details about deployment date": null,
                "Vehicle accessibility": null,
                "Description": null
            }
        },
        {
            "type": "Feature",
            "geometry": {
                "type": "Point",
                "coordinates": [
                    5.8639075,
                    48.2686463
                ]
            },
            "properties": {
                "name": "e-Vadea - Sandaucourt les Rappes",
                "Country": "France",
                "Type": "Plan - built for trucks",
                "CPO": "e-Vadea",
                "Total power": null,
                "Number of plugs": "4",
                "Maximum charging power": "400 kW",
                "Deployment year": "2026",
                "Details about deployment date": null,
                "Vehicle accessibility": null,
                "Description": null
            }
        },
        {
            "type": "Feature",
            "geometry": {
                "type": "Point",
                "coordinates": [
                    5.2937894,
                    46.2047304
                ]
            },
            "properties": {
                "name": "e-Vadea - aire de Bourg Teyssonge",
                "Country": "FRANCE",
                "Type": "Plan - built for trucks",
                "CPO": "e-Vadea",
                "Total power": null,
                "Number of plugs": "4",
                "Maximum charging power": "400 kW",
                "Deployment year": null,
                "Details about deployment date": null,
                "Vehicle accessibility": null,
                "Description": null
            }
        },
        {
            "type": "Feature",
            "geometry": {
                "type": "Point",
                "coordinates": [
                    4.4943067,
                    47.315849
                ]
            },
            "properties": {
                "name": "e-Vadea - aire de Chien Blanc",
                "Country": "France",
                "Type": "Plan - built for trucks",
                "CPO": "e-Vadea",
                "Total power": null,
                "Number of plugs": "4",
                "Maximum charging power": "400 kW",
                "Deployment year": "2026",
                "Details about deployment date": null,
                "Vehicle accessibility": null,
                "Description": null
            }
        },
        {
            "type": "Feature",
            "geometry": {
                "type": "Point",
                "coordinates": [
                    5.0005124,
                    47.21749
                ]
            },
            "properties": {
                "name": "MILENCE Gevrey",
                "Country": "FRANCE",
                "Type": "Plan - built for trucks",
                "CPO": "MILENCE",
                "Total power": "800",
                "Number of plugs": "2",
                "Maximum charging power": "400",
                "Deployment year": "2026",
                "Details about deployment date": null,
                "Vehicle accessibility": null,
                "Description": "4 trucks parking place"
            }
        },
        {
            "type": "Feature",
            "geometry": {
                "type": "Point",
                "coordinates": [
                    5.1736377,
                    47.4243474
                ]
            },
            "properties": {
                "name": "e-Vadea - Aire de Brogon vers Toul",
                "Country": "France",
                "Type": "Plan - built for trucks",
                "CPO": "e-Vadea",
                "Total power": null,
                "Number of plugs": "4",
                "Maximum charging power": "400 kW",
                "Deployment year": "2026",
                "Details about deployment date": null,
                "Vehicle accessibility": null,
                "Description": null
            }
        },
        {
            "type": "Feature",
            "geometry": {
                "type": "Point",
                "coordinates": [
                    6.1268336,
                    47.3288177
                ]
            },
            "properties": {
                "name": "e-Vadea - Aire de Champoux",
                "Country": "France",
                "Type": "Plan - built for trucks",
                "CPO": "e-Vadea",
                "Total power": null,
                "Number of plugs": "4",
                "Maximum charging power": "400 kW",
                "Deployment year": "2026",
                "Details about deployment date": null,
                "Vehicle accessibility": null,
                "Description": null
            }
        },
        {
            "type": "Feature",
            "geometry": {
                "type": "Point",
                "coordinates": [
                    -2.4024555,
                    53.301102
                ]
            },
            "properties": {
                "name": "Moto Knutsford M6 NORTHBOUND",
                "Country": "UK",
                "Type": "Plan - built for trucks",
                "CPO": "Gridserve",
                "Total power": "TBC",
                "Number of plugs": "TBC",
                "Maximum charging power": "TBC",
                "Deployment year": "2026/27",
                "Details about deployment date": null,
                "Vehicle accessibility": null,
                "Description": null
            }
        },
        {
            "type": "Feature",
            "geometry": {
                "type": "Point",
                "coordinates": [
                    0.607724,
                    51.341991
                ]
            },
            "properties": {
                "name": "GRIDSERVE Charging Station",
                "Country": "UK",
                "Type": "Plan - built for trucks",
                "CPO": "Gridserve",
                "Total power": "TBC",
                "Number of plugs": "TBC",
                "Maximum charging power": "TBC",
                "Deployment year": "2026/27",
                "Details about deployment date": null,
                "Vehicle accessibility": null,
                "Description": null
            }
        },
        {
            "type": "Feature",
            "geometry": {
                "type": "Point",
                "coordinates": [
                    -1.3334059,
                    53.2433521
                ]
            },
            "properties": {
                "name": "Gridserve Markham Vale Services M1",
                "Country": "UK",
                "Type": "Plan - built for trucks",
                "CPO": "Gridserve",
                "Total power": "TBC",
                "Number of plugs": "TBC",
                "Maximum charging power": "TBC",
                "Deployment year": "2026/2027",
                "Details about deployment date": null,
                "Vehicle accessibility": null,
                "Description": null
            }
        },
        {
            "type": "Feature",
            "geometry": {
                "type": "Point",
                "coordinates": [
                    0.2394928,
                    51.4622689
                ]
            },
            "properties": {
                "name": "Aegis Energy",
                "Country": "UK",
                "Type": "Plan - built for trucks",
                "CPO": "Aegis Energy",
                "Total power": "TBC",
                "Number of plugs": "TBC",
                "Maximum charging power": "TBC",
                "Deployment year": "2027",
                "Details about deployment date": null,
                "Vehicle accessibility": null,
                "Description": null
            }
        },
        {
            "type": "Feature",
            "geometry": {
                "type": "Point",
                "coordinates": [
                    -1.253028,
                    52.454783
                ]
            },
            "properties": {
                "name": "Magna Park",
                "Country": "UK",
                "Type": "Plan - built for trucks - MCS",
                "CPO": "GSIM - Keoma",
                "Total power": "12.8MW",
                "Number of plugs": "179",
                "Maximum charging power": "400",
                "Deployment year": "2026",
                "Details about deployment date": "32 MCS ready chargers, delivering up to 400kw per charge point, serving 179 HGV bays with pull-in bay design",
                "Vehicle accessibility": null,
                "Description": null
            }
        },
        {
            "type": "Feature",
            "geometry": {
                "type": "Point",
                "coordinates": [
                    12.2388032,
                    48.9945301
                ]
            },
            "properties": {
                "name": "Milence - Unterheising",
                "Country": "Germany",
                "Type": "Plan - built for trucks",
                "CPO": "Milence",
                "Total power": null,
                "Number of plugs": "8",
                "Maximum charging power": "400 kW",
                "Deployment year": "2026",
                "Details about deployment date": null,
                "Vehicle accessibility": null,
                "Description": null
            }
        },
        {
            "type": "Feature",
            "geometry": {
                "type": "Point",
                "coordinates": [
                    12.0647776,
                    48.9742571
                ]
            },
            "properties": {
                "name": "Dettendorfer Energy - Pentling",
                "Country": "Germany",
                "Type": "Plan - built for trucks - MCS",
                "CPO": "Energie Südbayern",
                "Total power": "1400kW",
                "Number of plugs": "6",
                "Maximum charging power": "1000kW",
                "Deployment year": "2026",
                "Details about deployment date": "Q2/26",
                "Vehicle accessibility": null,
                "Description": "Expansion of the existing passenger vehicle charging infrastructure by 1x MCS with up to 4 charging points and 1x 400 kW with up to 2 charging points, both Alpitronic charging stations"
            }
        }
    ]
}